{"type": "FeatureCollection", "name": "artifact", "features": [{"type": "Feature", "properties": {"LINK_ID": "1410092301", "F_NODE": "1410030604", "T_NODE": "1410030603", "LANES": 2, "ROAD_RANK": "104", "ROAD_TYPE": "000", "ROAD_NO": "-", "ROAD_NAME": "녹산산단27로", "ROAD_USE": "0", "MULTI_LINK": "0", "CONNECT": "0", "MAX_SPD": 50, "REST_VEH": "0", "REST_W": 0, "REST_H": 0, "C-ITS": "0", "LENGTH": 12.25061321636, "UPDATEDATE": "20250512", "REMARK": null, "HIST_TYPE": "LINK0001", "HISTREMARK": null, "link_stats_import_fid": null, "link_stats_import_vehicle_count": null, "link_stats_import_avg_speed": null, "link_stats_import_sum_weight_kg": null}, "geometry": {"type": "MultiLineString", "coordinates": [[[128.826849685469, 35.098797540817735], [128.82675560306365, 35.09871876092577]]]}}, {"type": "Feature", "properties": {"LINK_ID": "1410030300", "F_NODE": "1410013703", "T_NODE": "1410012004", "LANES": 3, "ROAD_RANK": "105", "ROAD_TYPE": "000", "ROAD_NO": "58", "ROAD_NAME": "가락대로", "ROAD_USE": "0", "MULTI_LINK": "0", "CONNECT": "0", "MAX_SPD": 60, "REST_VEH": "0", "REST_W": 0, "REST_H": 0, "C-ITS": "0", "LENGTH": 225.820915480808, "UPDATEDATE": "20250512", "REMARK": null, "HIST_TYPE": "LINK0003", "HISTREMARK": null, "link_stats_import_fid": 526, "link_stats_import_vehicle_count": 9.0, "link_stats_import_avg_speed": 11.22, "link_stats_import_sum_weight_kg": 4900.0}, "geometry": {"type": "MultiLineString", "coordinates": [[[128.83939815489364, 35.08777990147747], [128.83940382051335, 35.08574512896231]]]}}, {"type": "Feature", "properties": {"LINK_ID": "1410076101", "F_NODE": "1410025801", "T_NODE": "1410025804", "LANES": 2, "ROAD_RANK": "104", "ROAD_TYPE": "000", "ROAD_NO": "-", "ROAD_NAME": "가락대로", "ROAD_USE": "0", "MULTI_LINK": "0", "CONNECT": "0", "MAX_SPD": 60, "REST_VEH": "0", "REST_W": 0, "REST_H": 0, "C-ITS": "0", "LENGTH": 10.945961728655, "UPDATEDATE": "20250512", "REMARK": null, "HIST_TYPE": "LINK0001", "HISTREMARK": null, "link_stats_import_fid": null, "link_stats_import_vehicle_count": null, "link_stats_import_avg_speed": null, "link_stats_import_sum_weight_kg": null}, "geometry": {"type": "MultiLineString", "coordinates": [[[128.83812676168515, 35.09568412261176], [128.8380067582891, 35.09568381831986]]]}}, {"type": "Feature", "properties": {"LINK_ID": "4180083601", "F_NODE": "4180122404", "T_NODE": "4180122403", "LANES": 2, "ROAD_RANK": "107", "ROAD_TYPE": "000", "ROAD_NO": "-", "ROAD_NAME": "신항2로", "ROAD_USE": "0", "MULTI_LINK": "0", "CONNECT": "0", "MAX_SPD": 60, "REST_VEH": "0", "REST_W": 0, "REST_H": 0, "C-ITS": "0", "LENGTH": 11.827061416767, "UPDATEDATE": "20250512", "REMARK": null, "HIST_TYPE": "LINK0001", "HISTREMARK": null, "link_stats_import_fid": 1268, "link_stats_import_vehicle_count": 1.0, "link_stats_import_avg_speed": 5.8, "link_stats_import_sum_weight_kg": 0.0}, "geometry": {"type": "MultiLineString", "coordinates": [[[128.8207923766205, 35.09086959569717], [128.82070088421895, 35.09079408484821]]]}}, {"type": "Feature", "properties": {"LINK_ID": "4180068001", "F_NODE": "4180087801", "T_NODE": "4180087804", "LANES": 3, "ROAD_RANK": "107", "ROAD_TYPE": "000", "ROAD_NO": "-", "ROAD_NAME": "신항8로", "ROAD_USE": "0", "MULTI_LINK": "0", "CONNECT": "0", "MAX_SPD": 60, "REST_VEH": "0", "REST_W": 0, "REST_H": 0, "C-ITS": "0", "LENGTH": 11.999931351944, "UPDATEDATE": "20250512", "REMARK": null, "HIST_TYPE": "LINK0001", "HISTREMARK": null, "link_stats_import_fid": 439, "link_stats_import_vehicle_count": 13.0, "link_stats_import_avg_speed": 12.01, "link_stats_import_sum_weight_kg": 24300.0}, "geometry": {"type": "MultiLineString", "coordinates": [[[128.7652259555981, 35.08697433837256], [128.7650944071408, 35.0869742454201]]]}}, {"type": "Feature", "properties": {"LINK_ID": "4180075100", "F_NODE": "4180091301", "T_NODE": "4180091102", "LANES": 3, "ROAD_RANK": "107", "ROAD_TYPE": "000", "ROAD_NO": "-", "ROAD_NAME": "신항6로", "ROAD_USE": "0", "MULTI_LINK": "0", "CONNECT": "0", "MAX_SPD": 60, "REST_VEH": "0", "REST_W": 0, "REST_H": 0, "C-ITS": "0", "LENGTH": 231.447226376807, "UPDATEDATE": "20250512", "REMARK": null, "HIST_TYPE": "LINK0003", "HISTREMARK": null, "link_stats_import_fid": 327, "link_stats_import_vehicle_count": 22.0, "link_stats_import_avg_speed": 8.61, "link_stats_import_sum_weight_kg": 84114.0}, "geometry": {"type": "MultiLineString", "coordinates": [[[128.77442231215105, 35.08917237616524], [128.77440206231657, 35.091257832970626]]]}}, {"type": "Feature", "properties": {"LINK_ID": "4180066000", "F_NODE": "4180101702", "T_NODE": "4180102503", "LANES": 4, "ROAD_RANK": "107", "ROAD_TYPE": "000", "ROAD_NO": "-", "ROAD_NAME": "신항북로", "ROAD_USE": "0", "MULTI_LINK": "0", "CONNECT": "0", "MAX_SPD": 70, "REST_VEH": "0", "REST_W": 0, "REST_H": 0, "C-ITS": "0", "LENGTH": 305.644289672862, "UPDATEDATE": "20250512", "REMARK": null, "HIST_TYPE": "LINK0003", "HISTREMARK": null, "link_stats_import_fid": 71, "link_stats_import_vehicle_count": 232.0, "link_stats_import_avg_speed": 11.27, "link_stats_import_sum_weight_kg": 722638.0}, "geometry": {"type": "MultiLineString", "coordinates": [[[128.79750869257848, 35.08614411334973], [128.79788686551353, 35.086066002066104], [128.79811180294965, 35.086024678556896], [128.79839833981708, 35.08599183331696], [128.7986928398136, 35.08597267952575], [128.800838035972, 35.08594970909276]]]}}, {"type": "Feature", "properties": {"LINK_ID": "1410078000", "F_NODE": "1410026301", "T_NODE": "1410028302", "LANES": 2, "ROAD_RANK": "104", "ROAD_TYPE": "000", "ROAD_NO": "-", "ROAD_NAME": "녹산산단261로", "ROAD_USE": "0", "MULTI_LINK": "0", "CONNECT": "0", "MAX_SPD": 50, "REST_VEH": "0", "REST_W": 0, "REST_H": 0, "C-ITS": "0", "LENGTH": 113.098300610819, "UPDATEDATE": "20250512", "REMARK": null, "HIST_TYPE": "LINK0003", "HISTREMARK": null, "link_stats_import_fid": null, "link_stats_import_vehicle_count": null, "link_stats_import_avg_speed": null, "link_stats_import_sum_weight_kg": null}, "geometry": {"type": "MultiLineString", "coordinates": [[[128.8460808291758, 35.09570112422705], [128.84607814511372, 35.096720199257376]]]}}, {"type": "Feature", "properties": {"LINK_ID": "4180061901", "F_NODE": "4180109903", "T_NODE": "4180109902", "LANES": 3, "ROAD_RANK": "107", "ROAD_TYPE": "000", "ROAD_NO": "-", "ROAD_NAME": "신항로", "ROAD_USE": "0", "MULTI_LINK": "0", "CONNECT": "0", "MAX_SPD": 60, "REST_VEH": "0", "REST_W": 0, "REST_H": 0, "C-ITS": "0", "LENGTH": 11.993459661593, "UPDATEDATE": "20250512", "REMARK": null, "HIST_TYPE": "LINK0001", "HISTREMARK": null, "link_stats_import_fid": 193, "link_stats_import_vehicle_count": 62.0, "link_stats_import_avg_speed": 14.41, "link_stats_import_sum_weight_kg": 707044.0}, "geometry": {"type": "MultiLineString", "coordinates": [[[128.81223027844328, 35.083119372949675], [128.81236174750123, 35.08311945901778]]]}}, {"type": "Feature", "properties": {"LINK_ID": "4180075401", "F_NODE": "4180107001", "T_NODE": "4180107004", "LANES": 3, "ROAD_RANK": "107", "ROAD_TYPE": "000", "ROAD_NO": "-", "ROAD_NAME": "신항동로", "ROAD_USE": "0", "MULTI_LINK": "0", "CONNECT": "0", "MAX_SPD": 30, "REST_VEH": "0", "REST_W": 0, "REST_H": 0, "C-ITS": "0", "LENGTH": 12.003479107444, "UPDATEDATE": "20250512", "REMARK": null, "HIST_TYPE": "LINK0001", "HISTREMARK": null, "link_stats_import_fid": 870, "link_stats_import_vehicle_count": 3.0, "link_stats_import_avg_speed": 9.95, "link_stats_import_sum_weight_kg": 15700.0}, "geometry": {"type": "MultiLineString", "coordinates": [[[128.80727141024192, 35.08891588544837], [128.80713982174876, 35.088915875063606]]]}}, {"type": "Feature", "properties": {"LINK_ID": "1410001000", "F_NODE": "1410000404", "T_NODE": "1410000203", "LANES": 3, "ROAD_RANK": "103", "ROAD_TYPE": "000", "ROAD_NO": "2", "ROAD_NAME": "낙동남로", "ROAD_USE": "0", "MULTI_LINK": "0", "CONNECT": "0", "MAX_SPD": 70, "REST_VEH": "0", "REST_W": 0, "REST_H": 0, "C-ITS": "0", "LENGTH": 384.286364831027, "UPDATEDATE": "20250512", "REMARK": null, "HIST_TYPE": "LINK0003", "HISTREMARK": null, "link_stats_import_fid": 625, "link_stats_import_vehicle_count": 6.0, "link_stats_import_avg_speed": 13.1, "link_stats_import_sum_weight_kg": 14978.0}, "geometry": {"type": "MultiLineString", "coordinates": [[[128.8426606996023, 35.10535041768489], [128.84252898773215, 35.10526099231997], [128.84224298769624, 35.105061991311366], [128.8409979874581, 35.10415999124258], [128.840609987853, 35.10388199090111], [128.84010698803345, 35.10351799179258], [128.8395819874959, 35.103142991731225], [128.83948634838325, 35.10307360681051]]]}}, {"type": "Feature", "properties": {"LINK_ID": "4180061601", "F_NODE": "4180102701", "T_NODE": "4180102704", "LANES": 3, "ROAD_RANK": "107", "ROAD_TYPE": "000", "ROAD_NO": "-", "ROAD_NAME": "신항로", "ROAD_USE": "0", "MULTI_LINK": "0", "CONNECT": "0", "MAX_SPD": 60, "REST_VEH": "0", "REST_W": 0, "REST_H": 0, "C-ITS": "0", "LENGTH": 12.000463250458, "UPDATEDATE": "20250512", "REMARK": null, "HIST_TYPE": "LINK0001", "HISTREMARK": null, "link_stats_import_fid": 243, "link_stats_import_vehicle_count": 42.0, "link_stats_import_avg_speed": 12.04, "link_stats_import_sum_weight_kg": 500907.0}, "geometry": {"type": "MultiLineString", "coordinates": [[[128.80114052930003, 35.08321124911268], [128.80100898278036, 35.08321115930605]]]}}, {"type": "Feature", "properties": {"LINK_ID": "4180059902", "F_NODE": "4180225200", "T_NODE": "4180090603", "LANES": 4, "ROAD_RANK": "107", "ROAD_TYPE": "000", "ROAD_NO": "-", "ROAD_NAME": "신항로", "ROAD_USE": "0", "MULTI_LINK": "0", "CONNECT": "0", "MAX_SPD": 60, "REST_VEH": "0", "REST_W": 0, "REST_H": 0, "C-ITS": "0", "LENGTH": 427.281617442385, "UPDATEDATE": "20250512", "REMARK": null, "HIST_TYPE": "LINK1007", "HISTREMARK": "4180059900", "link_stats_import_fid": 9, "link_stats_import_vehicle_count": 540.0, "link_stats_import_avg_speed": 10.72, "link_stats_import_sum_weight_kg": 4274349.0}, "geometry": {"type": "MultiLineString", "coordinates": [[[128.76520642791775, 35.08308685456833], [128.76989023016571, 35.08307578862432]]]}}, {"type": "Feature", "properties": {"LINK_ID": "1410195400", "F_NODE": "1410071402", "T_NODE": "1410881200", "LANES": 2, "ROAD_RANK": "105", "ROAD_TYPE": "004", "ROAD_NO": "58", "ROAD_NAME": "거가대로", "ROAD_USE": "0", "MULTI_LINK": "0", "CONNECT": "0", "MAX_SPD": 80, "REST_VEH": "5", "REST_W": 0, "REST_H": 0, "C-ITS": "0", "LENGTH": 373.64177770687, "UPDATEDATE": "20250512", "REMARK": null, "HIST_TYPE": "LINK0003", "HISTREMARK": null, "link_stats_import_fid": 965, "link_stats_import_vehicle_count": 2.0, "link_stats_import_avg_speed": 21.33, "link_stats_import_sum_weight_kg": 0.0}, "geometry": {"type": "MultiLineString", "coordinates": [[[128.82602236802205, 35.048967387524854], [128.82646574149416, 35.04562042257724]]]}}, {"type": "Feature", "properties": {"LINK_ID": "4180138101", "F_NODE": "4180108001", "T_NODE": "4180108004", "LANES": 2, "ROAD_RANK": "107", "ROAD_TYPE": "000", "ROAD_NO": "-", "ROAD_NAME": "용재로", "ROAD_USE": "0", "MULTI_LINK": "0", "CONNECT": "0", "MAX_SPD": 60, "REST_VEH": "0", "REST_W": 0, "REST_H": 0, "C-ITS": "0", "LENGTH": 11.218438028959, "UPDATEDATE": "20250512", "REMARK": null, "HIST_TYPE": "LINK0001", "HISTREMARK": null, "link_stats_import_fid": null, "link_stats_import_vehicle_count": null, "link_stats_import_avg_speed": null, "link_stats_import_sum_weight_kg": null}, "geometry": {"type": "MultiLineString", "coordinates": [[[128.8104865169753, 35.10239571566382], [128.81036778408148, 35.10242211804745]]]}}, {"type": "Feature", "properties": {"LINK_ID": "1411030500", "F_NODE": "1410382103", "T_NODE": "1410382304", "LANES": 3, "ROAD_RANK": "104", "ROAD_TYPE": "000", "ROAD_NO": "-", "ROAD_NAME": "신항남로", "ROAD_USE": "0", "MULTI_LINK": "0", "CONNECT": "0", "MAX_SPD": 60, "REST_VEH": "0", "REST_W": 0, "REST_H": 0, "C-ITS": "0", "LENGTH": 471.045344383567, "UPDATEDATE": "20250512", "REMARK": null, "HIST_TYPE": "LINK0003", "HISTREMARK": null, "link_stats_import_fid": 3, "link_stats_import_vehicle_count": 668.0, "link_stats_import_avg_speed": 11.89, "link_stats_import_sum_weight_kg": 12315300.0}, "geometry": {"type": "MultiLineString", "coordinates": [[[128.83474244131108, 35.074157473947636], [128.83474038082474, 35.0707627686242], [128.8347170292975, 35.070071072009526], [128.8346900911283, 35.06991489334677]]]}}, {"type": "Feature", "properties": {"LINK_ID": "1410086500", "F_NODE": "1410029004", "T_NODE": "1410028901", "LANES": 2, "ROAD_RANK": "104", "ROAD_TYPE": "000", "ROAD_NO": "-", "ROAD_NAME": "녹산산업북로", "ROAD_USE": "0", "MULTI_LINK": "0", "CONNECT": "0", "MAX_SPD": 50, "REST_VEH": "0", "REST_W": 0, "REST_H": 0, "C-ITS": "0", "LENGTH": 132.713307924889, "UPDATEDATE": "20250512", "REMARK": null, "HIST_TYPE": "LINK0003", "HISTREMARK": null, "link_stats_import_fid": 247, "link_stats_import_vehicle_count": 39.0, "link_stats_import_avg_speed": 8.82, "link_stats_import_sum_weight_kg": 56322.0}, "geometry": {"type": "MultiLineString", "coordinates": [[[128.8342167011104, 35.098014201186594], [128.83276187171631, 35.09799480323564]]]}}, {"type": "Feature", "properties": {"LINK_ID": "4180064000", "F_NODE": "4180119504", "T_NODE": "4180311700", "LANES": 2, "ROAD_RANK": "107", "ROAD_TYPE": "000", "ROAD_NO": "-", "ROAD_NAME": "신항4로", "ROAD_USE": "0", "MULTI_LINK": "0", "CONNECT": "0", "MAX_SPD": 60, "REST_VEH": "0", "REST_W": 0, "REST_H": 0, "C-ITS": "0", "LENGTH": 266.691034123085, "UPDATEDATE": "20250512", "REMARK": null, "HIST_TYPE": "LINK0003", "HISTREMARK": null, "link_stats_import_fid": 333, "link_stats_import_vehicle_count": 21.0, "link_stats_import_avg_speed": 8.36, "link_stats_import_sum_weight_kg": 96010.0}, "geometry": {"type": "MultiLineString", "coordinates": [[[128.81821467283618, 35.084592188267806], [128.81765046865203, 35.084593892468675], [128.81715952254225, 35.0845953730739], [128.81529146933258, 35.08460098937307], [128.81529124871543, 35.08460099100768]]]}}, {"type": "Feature", "properties": {"LINK_ID": "4180060500", "F_NODE": "4180101204", "T_NODE": "4180220900", "LANES": 3, "ROAD_RANK": "107", "ROAD_TYPE": "000", "ROAD_NO": "-", "ROAD_NAME": "신항로", "ROAD_USE": "0", "MULTI_LINK": "0", "CONNECT": "0", "MAX_SPD": 60, "REST_VEH": "0", "REST_W": 0, "REST_H": 0, "C-ITS": "0", "LENGTH": 410.097975734641, "UPDATEDATE": "20250512", "REMARK": null, "HIST_TYPE": "LINK0003", "HISTREMARK": null, "link_stats_import_fid": 33, "link_stats_import_vehicle_count": 387.0, "link_stats_import_avg_speed": 13.34, "link_stats_import_sum_weight_kg": 4991084.0}, "geometry": {"type": "MultiLineString", "coordinates": [[[128.79625549532727, 35.08321195023358], [128.79384804430796, 35.08320998989485], [128.79176007728097, 35.08321126916516]]]}}, {"type": "Feature", "properties": {"LINK_ID": "4180067401", "F_NODE": "4180113404", "T_NODE": "4180113403", "LANES": 3, "ROAD_RANK": "107", "ROAD_TYPE": "000", "ROAD_NO": "-", "ROAD_NAME": "-", "ROAD_USE": "0", "MULTI_LINK": "0", "CONNECT": "0", "MAX_SPD": 70, "REST_VEH": "0", "REST_W": 0, "REST_H": 0, "C-ITS": "0", "LENGTH": 12.000002744265, "UPDATEDATE": "20250512", "REMARK": "도로명없음", "HIST_TYPE": "LINK0001", "HISTREMARK": null, "link_stats_import_fid": 578, "link_stats_import_vehicle_count": 8.0, "link_stats_import_avg_speed": 12.11, "link_stats_import_sum_weight_kg": 3000.0}, "geometry": {"type": "MultiLineString", "coordinates": [[[128.8142171995014, 35.0861071130333], [128.8142167129008, 35.08599898573479]]]}}, {"type": "Feature", "properties": {"LINK_ID": "4180034801", "F_NODE": "4180101202", "T_NODE": "4180101201", "LANES": 4, "ROAD_RANK": "107", "ROAD_TYPE": "000", "ROAD_NO": "-", "ROAD_NAME": "신항로", "ROAD_USE": "0", "MULTI_LINK": "0", "CONNECT": "0", "MAX_SPD": 60, "REST_VEH": "0", "REST_W": 0, "REST_H": 0, "C-ITS": "0", "LENGTH": 12.140727036903, "UPDATEDATE": "20250512", "REMARK": null, "HIST_TYPE": "LINK0001", "HISTREMARK": null, "link_stats_import_fid": 189, "link_stats_import_vehicle_count": 65.0, "link_stats_import_avg_speed": 9.58, "link_stats_import_sum_weight_kg": 661642.0}, "geometry": {"type": "MultiLineString", "coordinates": [[[128.7963721268092, 35.083103851313574], [128.79639236111444, 35.083211976310714]]]}}, {"type": "Feature", "properties": {"LINK_ID": "1410022202", "F_NODE": "1410009902", "T_NODE": "1410009901", "LANES": 2, "ROAD_RANK": "104", "ROAD_TYPE": "000", "ROAD_NO": "-", "ROAD_NAME": "녹산산단262로", "ROAD_USE": "0", "MULTI_LINK": "0", "CONNECT": "0", "MAX_SPD": 50, "REST_VEH": "0", "REST_W": 0, "REST_H": 0, "C-ITS": "0", "LENGTH": 13.317718263894, "UPDATEDATE": "20250512", "REMARK": null, "HIST_TYPE": "LINK0001", "HISTREMARK": null, "link_stats_import_fid": null, "link_stats_import_vehicle_count": null, "link_stats_import_avg_speed": null, "link_stats_import_sum_weight_kg": null}, "geometry": {"type": "MultiLineString", "coordinates": [[[128.84612336580523, 35.083598141669356], [128.8461229163809, 35.08371814124507]]]}}, {"type": "Feature", "properties": {"LINK_ID": "4180136701", "F_NODE": "4180123003", "T_NODE": "4180123002", "LANES": 3, "ROAD_RANK": "103", "ROAD_TYPE": "000", "ROAD_NO": "2", "ROAD_NAME": "진해대로", "ROAD_USE": "0", "MULTI_LINK": "0", "CONNECT": "0", "MAX_SPD": 70, "REST_VEH": "0", "REST_W": 0, "REST_H": 0, "C-ITS": "0", "LENGTH": 12.307093523577, "UPDATEDATE": "20250512", "REMARK": null, "HIST_TYPE": "LINK0001", "HISTREMARK": null, "link_stats_import_fid": null, "link_stats_import_vehicle_count": null, "link_stats_import_avg_speed": null, "link_stats_import_sum_weight_kg": null}, "geometry": {"type": "MultiLineString", "coordinates": [[[128.82223822623047, 35.101638263458646], [128.82237247290595, 35.10164946715388]]]}}, {"type": "Feature", "properties": {"LINK_ID": "1410029601", "F_NODE": "1410012001", "T_NODE": "1410012004", "LANES": 2, "ROAD_RANK": "104", "ROAD_TYPE": "000", "ROAD_NO": "-", "ROAD_NAME": "녹산산단232로", "ROAD_USE": "0", "MULTI_LINK": "0", "CONNECT": "0", "MAX_SPD": 60, "REST_VEH": "0", "REST_W": 0, "REST_H": 0, "C-ITS": "0", "LENGTH": 10.94724073249, "UPDATEDATE": "20250512", "REMARK": null, "HIST_TYPE": "LINK0001", "HISTREMARK": null, "link_stats_import_fid": null, "link_stats_import_vehicle_count": null, "link_stats_import_avg_speed": null, "link_stats_import_sum_weight_kg": null}, "geometry": {"type": "MultiLineString", "coordinates": [[[128.83952382354607, 35.085744900156016], [128.83940382051335, 35.08574512896231]]]}}, {"type": "Feature", "properties": {"LINK_ID": "4180132100", "F_NODE": "4180106303", "T_NODE": "4180106104", "LANES": 2, "ROAD_RANK": "107", "ROAD_TYPE": "000", "ROAD_NO": "-", "ROAD_NAME": "-", "ROAD_USE": "0", "MULTI_LINK": "0", "CONNECT": "0", "MAX_SPD": 30, "REST_VEH": "0", "REST_W": 0, "REST_H": 0, "C-ITS": "0", "LENGTH": 311.080881138291, "UPDATEDATE": "20250512", "REMARK": "도로명없음", "HIST_TYPE": "LINK0003", "HISTREMARK": null, "link_stats_import_fid": 1063, "link_stats_import_vehicle_count": 2.0, "link_stats_import_avg_speed": 7.88, "link_stats_import_sum_weight_kg": 62680.0}, "geometry": {"type": "MultiLineString", "coordinates": [[[128.8064602022665, 35.10410427429946], [128.80628853031516, 35.10130477970508]]]}}, {"type": "Feature", "properties": {"LINK_ID": "4180061301", "F_NODE": "4180101702", "T_NODE": "4180101701", "LANES": 2, "ROAD_RANK": "107", "ROAD_TYPE": "000", "ROAD_NO": "-", "ROAD_NAME": "-", "ROAD_USE": "0", "MULTI_LINK": "0", "CONNECT": "0", "MAX_SPD": 60, "REST_VEH": "0", "REST_W": 0, "REST_H": 0, "C-ITS": "0", "LENGTH": 12.004809197746, "UPDATEDATE": "20250512", "REMARK": "도로명없음", "HIST_TYPE": "LINK0001", "HISTREMARK": null, "link_stats_import_fid": 398, "link_stats_import_vehicle_count": 15.0, "link_stats_import_avg_speed": 6.82, "link_stats_import_sum_weight_kg": 37201.0}, "geometry": {"type": "MultiLineString", "coordinates": [[[128.79750869257848, 35.08614411334973], [128.79754437842377, 35.08624823229415]]]}}, {"type": "Feature", "properties": {"LINK_ID": "1410087501", "F_NODE": "1410029201", "T_NODE": "1410029204", "LANES": 3, "ROAD_RANK": "104", "ROAD_TYPE": "000", "ROAD_NO": "-", "ROAD_NAME": "녹산산업북로", "ROAD_USE": "0", "MULTI_LINK": "0", "CONNECT": "0", "MAX_SPD": 50, "REST_VEH": "0", "REST_W": 0, "REST_H": 0, "C-ITS": "0", "LENGTH": 10.947129780733, "UPDATEDATE": "20250512", "REMARK": null, "HIST_TYPE": "LINK0001", "HISTREMARK": null, "link_stats_import_fid": 700, "link_stats_import_vehicle_count": 5.0, "link_stats_import_avg_speed": 10.71, "link_stats_import_sum_weight_kg": 3000.0}, "geometry": {"type": "MultiLineString", "coordinates": [[[128.83811891378178, 35.09803507938804], [128.83799889376678, 35.09803489670606]]]}}, {"type": "Feature", "properties": {"LINK_ID": "4180108700", "F_NODE": "4180118202", "T_NODE": "4180120003", "LANES": 2, "ROAD_RANK": "107", "ROAD_TYPE": "000", "ROAD_NO": "-", "ROAD_NAME": "용원로", "ROAD_USE": "0", "MULTI_LINK": "0", "CONNECT": "0", "MAX_SPD": 50, "REST_VEH": "0", "REST_W": 0, "REST_H": 0, "C-ITS": "0", "LENGTH": 116.620098967866, "UPDATEDATE": "20250512", "REMARK": null, "HIST_TYPE": "LINK0003", "HISTREMARK": null, "link_stats_import_fid": 686, "link_stats_import_vehicle_count": 6.0, "link_stats_import_avg_speed": 9.39, "link_stats_import_sum_weight_kg": 11095.0}, "geometry": {"type": "MultiLineString", "coordinates": [[[128.81763454034626, 35.09887348178804], [128.8188756492508, 35.09862088307205]]]}}, {"type": "Feature", "properties": {"LINK_ID": "1410085601", "F_NODE": "1410030301", "T_NODE": "1410030304", "LANES": 2, "ROAD_RANK": "104", "ROAD_TYPE": "000", "ROAD_NO": "-", "ROAD_NAME": "녹산산업중로", "ROAD_USE": "0", "MULTI_LINK": "0", "CONNECT": "0", "MAX_SPD": 50, "REST_VEH": "0", "REST_W": 0, "REST_H": 0, "C-ITS": "0", "LENGTH": 12.2024422072, "UPDATEDATE": "20250512", "REMARK": null, "HIST_TYPE": "LINK0001", "HISTREMARK": null, "link_stats_import_fid": null, "link_stats_import_vehicle_count": null, "link_stats_import_avg_speed": null, "link_stats_import_sum_weight_kg": null}, "geometry": {"type": "MultiLineString", "coordinates": [[[128.82772630966127, 35.09809831448204], [128.82763028012937, 35.098174868402815]]]}}, {"type": "Feature", "properties": {"LINK_ID": "4180090601", "F_NODE": "4180120304", "T_NODE": "4180120303", "LANES": 2, "ROAD_RANK": "107", "ROAD_TYPE": "000", "ROAD_NO": "-", "ROAD_NAME": "용원동로", "ROAD_USE": "0", "MULTI_LINK": "0", "CONNECT": "0", "MAX_SPD": 50, "REST_VEH": "0", "REST_W": 0, "REST_H": 0, "C-ITS": "0", "LENGTH": 12.537025140838, "UPDATEDATE": "20250512", "REMARK": null, "HIST_TYPE": "LINK0001", "HISTREMARK": null, "link_stats_import_fid": null, "link_stats_import_vehicle_count": null, "link_stats_import_avg_speed": null, "link_stats_import_sum_weight_kg": null}, "geometry": {"type": "MultiLineString", "coordinates": [[[128.81900637077345, 35.0936585380325], [128.81895981716067, 35.0935522486718]]]}}, {"type": "Feature", "properties": {"LINK_ID": "1410036702", "F_NODE": "1410756900", "T_NODE": "1410014104", "LANES": 2, "ROAD_RANK": "104", "ROAD_TYPE": "000", "ROAD_NO": "-", "ROAD_NAME": "녹산산단262로", "ROAD_USE": "0", "MULTI_LINK": "0", "CONNECT": "0", "MAX_SPD": 50, "REST_VEH": "0", "REST_W": 0, "REST_H": 0, "C-ITS": "0", "LENGTH": 30.251023996699, "UPDATEDATE": "20250512", "REMARK": null, "HIST_TYPE": "LINK1007", "HISTREMARK": "1410036700", "link_stats_import_fid": 1099, "link_stats_import_vehicle_count": 1.0, "link_stats_import_avg_speed": 6.88, "link_stats_import_sum_weight_kg": 0.0}, "geometry": {"type": "MultiLineString", "coordinates": [[[128.84597939065122, 35.08818149816195], [128.84597988020892, 35.08790891986272]]]}}, {"type": "Feature", "properties": {"LINK_ID": "4180079601", "F_NODE": "4180118904", "T_NODE": "4180118903", "LANES": 3, "ROAD_RANK": "107", "ROAD_TYPE": "000", "ROAD_NO": "-", "ROAD_NAME": "신항4로", "ROAD_USE": "0", "MULTI_LINK": "0", "CONNECT": "0", "MAX_SPD": 50, "REST_VEH": "0", "REST_W": 0, "REST_H": 0, "C-ITS": "0", "LENGTH": 12.284596589721, "UPDATEDATE": "20250512", "REMARK": null, "HIST_TYPE": "LINK0001", "HISTREMARK": null, "link_stats_import_fid": null, "link_stats_import_vehicle_count": null, "link_stats_import_avg_speed": null, "link_stats_import_sum_weight_kg": null}, "geometry": {"type": "MultiLineString", "coordinates": [[[128.81821108539233, 35.090112400632506], [128.81821230690986, 35.090001713001165]]]}}, {"type": "Feature", "properties": {"LINK_ID": "1410064100", "F_NODE": "1410022604", "T_NODE": "1410022401", "LANES": 2, "ROAD_RANK": "104", "ROAD_TYPE": "000", "ROAD_NO": "-", "ROAD_NAME": "녹산산업중로", "ROAD_USE": "0", "MULTI_LINK": "0", "CONNECT": "0", "MAX_SPD": 50, "REST_VEH": "0", "REST_W": 0, "REST_H": 0, "C-ITS": "0", "LENGTH": 219.817316452728, "UPDATEDATE": "20250512", "REMARK": null, "HIST_TYPE": "LINK0003", "HISTREMARK": null, "link_stats_import_fid": null, "link_stats_import_vehicle_count": null, "link_stats_import_avg_speed": null, "link_stats_import_sum_weight_kg": null}, "geometry": {"type": "MultiLineString", "coordinates": [[[128.8380138003329, 35.093521920238956], [128.83560394010536, 35.093519062748356]]]}}, {"type": "Feature", "properties": {"LINK_ID": "4180141300", "F_NODE": "4180111302", "T_NODE": "4180114703", "LANES": 3, "ROAD_RANK": "103", "ROAD_TYPE": "000", "ROAD_NO": "2", "ROAD_NAME": "진해대로", "ROAD_USE": "0", "MULTI_LINK": "0", "CONNECT": "0", "MAX_SPD": 70, "REST_VEH": "0", "REST_W": 0, "REST_H": 450, "C-ITS": "0", "LENGTH": 147.3759944036, "UPDATEDATE": "20250512", "REMARK": null, "HIST_TYPE": "LINK0003", "HISTREMARK": null, "link_stats_import_fid": 428, "link_stats_import_vehicle_count": 14.0, "link_stats_import_avg_speed": 15.98, "link_stats_import_sum_weight_kg": 53917.0}, "geometry": {"type": "MultiLineString", "coordinates": [[[128.81385351309578, 35.10306248602854], [128.8154203546414, 35.10273780008771]]]}}, {"type": "Feature", "properties": {"LINK_ID": "4180076100", "F_NODE": "4180110202", "T_NODE": "4180112803", "LANES": 3, "ROAD_RANK": "107", "ROAD_TYPE": "000", "ROAD_NO": "-", "ROAD_NAME": "신항동로", "ROAD_USE": "0", "MULTI_LINK": "0", "CONNECT": "0", "MAX_SPD": 30, "REST_VEH": "0", "REST_W": 0, "REST_H": 0, "C-ITS": "0", "LENGTH": 122.298582933587, "UPDATEDATE": "20250512", "REMARK": null, "HIST_TYPE": "LINK0003", "HISTREMARK": null, "link_stats_import_fid": 1001, "link_stats_import_vehicle_count": 2.0, "link_stats_import_avg_speed": 6.64, "link_stats_import_sum_weight_kg": 0.0}, "geometry": {"type": "MultiLineString", "coordinates": [[[128.8128470431063, 35.0888414634007], [128.8141877372292, 35.08883901001853]]]}}, {"type": "Feature", "properties": {"LINK_ID": "1410122300", "F_NODE": "1410040801", "T_NODE": "1410040902", "LANES": 2, "ROAD_RANK": "104", "ROAD_TYPE": "000", "ROAD_NO": "-", "ROAD_NAME": "신항남로", "ROAD_USE": "0", "MULTI_LINK": "0", "CONNECT": "0", "MAX_SPD": 80, "REST_VEH": "0", "REST_W": 0, "REST_H": 0, "C-ITS": "0", "LENGTH": 485.32044073622, "UPDATEDATE": "20250512", "REMARK": null, "HIST_TYPE": "LINK0003", "HISTREMARK": null, "link_stats_import_fid": 82, "link_stats_import_vehicle_count": 200.0, "link_stats_import_avg_speed": 20.28, "link_stats_import_sum_weight_kg": 460575.0}, "geometry": {"type": "MultiLineString", "coordinates": [[[128.83458694466165, 35.09352112140356], [128.83456668990235, 35.09729081415108], [128.83459553510312, 35.09789364004269]]]}}, {"type": "Feature", "properties": {"LINK_ID": "4180143400", "F_NODE": "4180087901", "T_NODE": "4180088001", "LANES": 2, "ROAD_RANK": "101", "ROAD_TYPE": "000", "ROAD_NO": "105", "ROAD_NAME": "남해고속도로제3지선", "ROAD_USE": "0", "MULTI_LINK": "0", "CONNECT": "0", "MAX_SPD": 100, "REST_VEH": "5", "REST_W": 0, "REST_H": 0, "C-ITS": "0", "LENGTH": 47.097926616982, "UPDATEDATE": "20250512", "REMARK": null, "HIST_TYPE": "LINK0003", "HISTREMARK": null, "link_stats_import_fid": 562, "link_stats_import_vehicle_count": 9.0, "link_stats_import_avg_speed": 18.72, "link_stats_import_sum_weight_kg": 1000.0}, "geometry": {"type": "MultiLineString", "coordinates": [[[128.76626302787383, 35.104171321087236], [128.76634835476298, 35.104460932865656], [128.76638846358352, 35.104582970102605]]]}}, {"type": "Feature", "properties": {"LINK_ID": "1410702202", "F_NODE": "1410824000", "T_NODE": "1410277503", "LANES": 2, "ROAD_RANK": "104", "ROAD_TYPE": "000", "ROAD_NO": "-", "ROAD_NAME": "신항4로", "ROAD_USE": "0", "MULTI_LINK": "0", "CONNECT": "0", "MAX_SPD": 30, "REST_VEH": "0", "REST_W": 0, "REST_H": 0, "C-ITS": "0", "LENGTH": 92.582271551523, "UPDATEDATE": "20250512", "REMARK": null, "HIST_TYPE": "LINK1007", "HISTREMARK": "1410702200", "link_stats_import_fid": 272, "link_stats_import_vehicle_count": 32.0, "link_stats_import_avg_speed": 8.24, "link_stats_import_sum_weight_kg": 177542.0}, "geometry": {"type": "MultiLineString", "coordinates": [[[128.82338536423777, 35.08450702929597], [128.82440023038848, 35.084510503951535]]]}}, {"type": "Feature", "properties": {"LINK_ID": "1410028901", "F_NODE": "1410011703", "T_NODE": "1410011702", "LANES": 2, "ROAD_RANK": "104", "ROAD_TYPE": "000", "ROAD_NO": "-", "ROAD_NAME": "녹산산단232로", "ROAD_USE": "0", "MULTI_LINK": "0", "CONNECT": "0", "MAX_SPD": 60, "REST_VEH": "0", "REST_W": 0, "REST_H": 0, "C-ITS": "0", "LENGTH": 10.947228907358, "UPDATEDATE": "20250512", "REMARK": null, "HIST_TYPE": "LINK0001", "HISTREMARK": null, "link_stats_import_fid": null, "link_stats_import_vehicle_count": null, "link_stats_import_avg_speed": null, "link_stats_import_sum_weight_kg": null}, "geometry": {"type": "MultiLineString", "coordinates": [[[128.842677142758, 35.085619108636706], [128.8427971453697, 35.085619322363684]]]}}, {"type": "Feature", "properties": {"LINK_ID": "1410077001", "F_NODE": "1410029302", "T_NODE": "1410029301", "LANES": 3, "ROAD_RANK": "105", "ROAD_TYPE": "000", "ROAD_NO": "58", "ROAD_NAME": "가락대로", "ROAD_USE": "0", "MULTI_LINK": "0", "CONNECT": "0", "MAX_SPD": 60, "REST_VEH": "0", "REST_W": 0, "REST_H": 0, "C-ITS": "0", "LENGTH": 13.317661751093, "UPDATEDATE": "20250512", "REMARK": null, "HIST_TYPE": "LINK0001", "HISTREMARK": null, "link_stats_import_fid": 952, "link_stats_import_vehicle_count": 2.0, "link_stats_import_avg_speed": 6.8, "link_stats_import_sum_weight_kg": 0.0}, "geometry": {"type": "MultiLineString", "coordinates": [[[128.83948816518287, 35.09791706950732], [128.83948779935878, 35.09803706879724]]]}}, {"type": "Feature", "properties": {"LINK_ID": "4180113400", "F_NODE": "4180115704", "T_NODE": "4180113101", "LANES": 2, "ROAD_RANK": "107", "ROAD_TYPE": "000", "ROAD_NO": "-", "ROAD_NAME": "용원로", "ROAD_USE": "0", "MULTI_LINK": "0", "CONNECT": "0", "MAX_SPD": 60, "REST_VEH": "0", "REST_W": 0, "REST_H": 0, "C-ITS": "0", "LENGTH": 141.535616376806, "UPDATEDATE": "20250512", "REMARK": null, "HIST_TYPE": "LINK0003", "HISTREMARK": null, "link_stats_import_fid": 1341, "link_stats_import_vehicle_count": 1.0, "link_stats_import_avg_speed": 8.04, "link_stats_import_sum_weight_kg": 0.0}, "geometry": {"type": "MultiLineString", "coordinates": [[[128.81610914069418, 35.099290404305904], [128.81459860627203, 35.0995824970753]]]}}, {"type": "Feature", "properties": {"LINK_ID": "4180156301", "F_NODE": "4180107504", "T_NODE": "4180107503", "LANES": 3, "ROAD_RANK": "103", "ROAD_TYPE": "000", "ROAD_NO": "2", "ROAD_NAME": "진해대로", "ROAD_USE": "0", "MULTI_LINK": "0", "CONNECT": "0", "MAX_SPD": 70, "REST_VEH": "0", "REST_W": 0, "REST_H": 0, "C-ITS": "0", "LENGTH": 12.88579427917, "UPDATEDATE": "20250512", "REMARK": null, "HIST_TYPE": "LINK0001", "HISTREMARK": null, "link_stats_import_fid": null, "link_stats_import_vehicle_count": null, "link_stats_import_avg_speed": null, "link_stats_import_sum_weight_kg": null}, "geometry": {"type": "MultiLineString", "coordinates": [[[128.8089088223014, 35.105317600603605], [128.80897773862503, 35.10521624014554]]]}}, {"type": "Feature", "properties": {"LINK_ID": "4180142201", "F_NODE": "4180108102", "T_NODE": "4180108101", "LANES": 3, "ROAD_RANK": "103", "ROAD_TYPE": "000", "ROAD_NO": "2", "ROAD_NAME": "진해대로", "ROAD_USE": "0", "MULTI_LINK": "0", "CONNECT": "0", "MAX_SPD": 70, "REST_VEH": "0", "REST_W": 0, "REST_H": 0, "C-ITS": "0", "LENGTH": 8.722559857685, "UPDATEDATE": "20250512", "REMARK": null, "HIST_TYPE": "LINK0001", "HISTREMARK": null, "link_stats_import_fid": null, "link_stats_import_vehicle_count": null, "link_stats_import_avg_speed": null, "link_stats_import_sum_weight_kg": null}, "geometry": {"type": "MultiLineString", "coordinates": [[[128.81059893706907, 35.1039895428123], [128.81051736470772, 35.104030573070254]]]}}, {"type": "Feature", "properties": {"LINK_ID": "4180107001", "F_NODE": "4180103002", "T_NODE": "4180103001", "LANES": 2, "ROAD_RANK": "107", "ROAD_TYPE": "000", "ROAD_NO": "-", "ROAD_NAME": "안청로", "ROAD_USE": "0", "MULTI_LINK": "0", "CONNECT": "0", "MAX_SPD": 60, "REST_VEH": "0", "REST_W": 0, "REST_H": 0, "C-ITS": "0", "LENGTH": 13.356215550511, "UPDATEDATE": "20250512", "REMARK": null, "HIST_TYPE": "LINK0001", "HISTREMARK": null, "link_stats_import_fid": null, "link_stats_import_vehicle_count": null, "link_stats_import_avg_speed": null, "link_stats_import_sum_weight_kg": null}, "geometry": {"type": "MultiLineString", "coordinates": [[[128.80305728476984, 35.10005153688118], [128.8030606273848, 35.10017185417764]]]}}, {"type": "Feature", "properties": {"LINK_ID": "1411030702", "F_NODE": "1410550700", "T_NODE": "1410382401", "LANES": 3, "ROAD_RANK": "104", "ROAD_TYPE": "000", "ROAD_NO": "-", "ROAD_NAME": "신항남로", "ROAD_USE": "0", "MULTI_LINK": "0", "CONNECT": "0", "MAX_SPD": 30, "REST_VEH": "0", "REST_W": 0, "REST_H": 0, "C-ITS": "0", "LENGTH": 17.095894456066, "UPDATEDATE": "20250512", "REMARK": null, "HIST_TYPE": "LINK1007", "HISTREMARK": "1411030700", "link_stats_import_fid": 59, "link_stats_import_vehicle_count": 257.0, "link_stats_import_avg_speed": 6.03, "link_stats_import_sum_weight_kg": 2435020.0}, "geometry": {"type": "MultiLineString", "coordinates": [[[128.83381101424038, 35.06995037320042], [128.8336237053108, 35.06995427369539]]]}}, {"type": "Feature", "properties": {"LINK_ID": "1410036301", "F_NODE": "1410014004", "T_NODE": "1410014003", "LANES": 2, "ROAD_RANK": "104", "ROAD_TYPE": "000", "ROAD_NO": "-", "ROAD_NAME": "녹산산단232로", "ROAD_USE": "0", "MULTI_LINK": "0", "CONNECT": "0", "MAX_SPD": 50, "REST_VEH": "0", "REST_W": 0, "REST_H": 0, "C-ITS": "0", "LENGTH": 13.317832950202, "UPDATEDATE": "20250512", "REMARK": null, "HIST_TYPE": "LINK0001", "HISTREMARK": null, "link_stats_import_fid": null, "link_stats_import_vehicle_count": null, "link_stats_import_avg_speed": null, "link_stats_import_sum_weight_kg": null}, "geometry": {"type": "MultiLineString", "coordinates": [[[128.84267282372187, 35.08790487577922], [128.84267309640055, 35.08778487473301]]]}}, {"type": "Feature", "properties": {"LINK_ID": "4180061000", "F_NODE": "1410401602", "T_NODE": "1410401501", "LANES": 3, "ROAD_RANK": "103", "ROAD_TYPE": "000", "ROAD_NO": "2", "ROAD_NAME": "진해대로", "ROAD_USE": "0", "MULTI_LINK": "0", "CONNECT": "0", "MAX_SPD": 70, "REST_VEH": "0", "REST_W": 0, "REST_H": 0, "C-ITS": "0", "LENGTH": 14.39745576738, "UPDATEDATE": "20250512", "REMARK": null, "HIST_TYPE": "LINK0003", "HISTREMARK": null, "link_stats_import_fid": null, "link_stats_import_vehicle_count": null, "link_stats_import_avg_speed": null, "link_stats_import_sum_weight_kg": null}, "geometry": {"type": "MultiLineString", "coordinates": [[[128.82376175304648, 35.102056532360805], [128.8236101250602, 35.10202044945314]]]}}, {"type": "Feature", "properties": {"LINK_ID": "1411101801", "F_NODE": "1410383002", "T_NODE": "1410695200", "LANES": 3, "ROAD_RANK": "104", "ROAD_TYPE": "000", "ROAD_NO": "-", "ROAD_NAME": "신항남로", "ROAD_USE": "1", "MULTI_LINK": "0", "CONNECT": "0", "MAX_SPD": 60, "REST_VEH": "0", "REST_W": 0, "REST_H": 0, "C-ITS": "0", "LENGTH": 117.234653804496, "UPDATEDATE": "20250512", "REMARK": null, "HIST_TYPE": "LINK0003", "HISTREMARK": null, "link_stats_import_fid": 94, "link_stats_import_vehicle_count": 169.0, "link_stats_import_avg_speed": 12.18, "link_stats_import_sum_weight_kg": 6206230.0}, "geometry": {"type": "MultiLineString", "coordinates": [[[128.82287411595158, 35.06422849168242], [128.82262780162873, 35.06410924387112], [128.82241128492328, 35.06401684470176], [128.821711078124, 35.06378466505563]]]}}, {"type": "Feature", "properties": {"LINK_ID": "1410122200", "F_NODE": "1410040802", "T_NODE": "1410022403", "LANES": 2, "ROAD_RANK": "104", "ROAD_TYPE": "003", "ROAD_NO": "-", "ROAD_NAME": "녹산산업중로", "ROAD_USE": "0", "MULTI_LINK": "0", "CONNECT": "0", "MAX_SPD": 50, "REST_VEH": "0", "REST_W": 0, "REST_H": 0, "C-ITS": "0", "LENGTH": 81.814278069447, "UPDATEDATE": "20250512", "REMARK": null, "HIST_TYPE": "LINK0003", "HISTREMARK": null, "link_stats_import_fid": 703, "link_stats_import_vehicle_count": 5.0, "link_stats_import_avg_speed": 18.62, "link_stats_import_sum_weight_kg": 2000.0}, "geometry": {"type": "MultiLineString", "coordinates": [[[128.83458715357906, 35.093400092527936], [128.8354840839502, 35.093399061145824]]]}}, {"type": "Feature", "properties": {"LINK_ID": "4180081801", "F_NODE": "4180090304", "T_NODE": "4180090303", "LANES": 2, "ROAD_RANK": "107", "ROAD_TYPE": "000", "ROAD_NO": "-", "ROAD_NAME": "신항7로", "ROAD_USE": "0", "MULTI_LINK": "0", "CONNECT": "0", "MAX_SPD": 50, "REST_VEH": "0", "REST_W": 0, "REST_H": 0, "C-ITS": "0", "LENGTH": 12.000412050569, "UPDATEDATE": "20250512", "REMARK": null, "HIST_TYPE": "LINK0001", "HISTREMARK": null, "link_stats_import_fid": 1265, "link_stats_import_vehicle_count": 1.0, "link_stats_import_avg_speed": 6.07, "link_stats_import_sum_weight_kg": 6477.0}, "geometry": {"type": "MultiLineString", "coordinates": [[[128.76982997730389, 35.091389114254625], [128.76983065974773, 35.0912809823106]]]}}, {"type": "Feature", "properties": {"LINK_ID": "4180069501", "F_NODE": "4180091302", "T_NODE": "4180091301", "LANES": 3, "ROAD_RANK": "107", "ROAD_TYPE": "000", "ROAD_NO": "-", "ROAD_NAME": "신항6로", "ROAD_USE": "0", "MULTI_LINK": "0", "CONNECT": "0", "MAX_SPD": 60, "REST_VEH": "0", "REST_W": 0, "REST_H": 0, "C-ITS": "0", "LENGTH": 12.00085054914, "UPDATEDATE": "20250512", "REMARK": null, "HIST_TYPE": "LINK0001", "HISTREMARK": null, "link_stats_import_fid": 990, "link_stats_import_vehicle_count": 2.0, "link_stats_import_avg_speed": 9.65, "link_stats_import_sum_weight_kg": 1000.0}, "geometry": {"type": "MultiLineString", "coordinates": [[[128.77442223545617, 35.0890642389761], [128.77442231215105, 35.08917237616524]]]}}, {"type": "Feature", "properties": {"LINK_ID": "1410196300", "F_NODE": "1410071901", "T_NODE": "1410072001", "LANES": 2, "ROAD_RANK": "105", "ROAD_TYPE": "000", "ROAD_NO": "58", "ROAD_NAME": "거가대로", "ROAD_USE": "0", "MULTI_LINK": "0", "CONNECT": "0", "MAX_SPD": 80, "REST_VEH": "5", "REST_W": 0, "REST_H": 0, "C-ITS": "0", "LENGTH": 159.233294926383, "UPDATEDATE": "20250512", "REMARK": null, "HIST_TYPE": "LINK0003", "HISTREMARK": null, "link_stats_import_fid": 643, "link_stats_import_vehicle_count": 6.0, "link_stats_import_avg_speed": 22.2, "link_stats_import_sum_weight_kg": 2000.0}, "geometry": {"type": "MultiLineString", "coordinates": [[[128.83782157102695, 35.07258860631639], [128.8385167400544, 35.07390465992229]]]}}, {"type": "Feature", "properties": {"LINK_ID": "4180126000", "F_NODE": "4180107602", "T_NODE": "4180107803", "LANES": 2, "ROAD_RANK": "107", "ROAD_TYPE": "000", "ROAD_NO": "-", "ROAD_NAME": "용원로", "ROAD_USE": "0", "MULTI_LINK": "0", "CONNECT": "0", "MAX_SPD": 60, "REST_VEH": "0", "REST_W": 0, "REST_H": 0, "C-ITS": "0", "LENGTH": 52.63023808142, "UPDATEDATE": "20250512", "REMARK": null, "HIST_TYPE": "LINK0003", "HISTREMARK": null, "link_stats_import_fid": 737, "link_stats_import_vehicle_count": 5.0, "link_stats_import_avg_speed": 6.31, "link_stats_import_sum_weight_kg": 124036.0}, "geometry": {"type": "MultiLineString", "coordinates": [[[128.8095154933626, 35.10050254521082], [128.81007783325975, 35.100396180180624]]]}}, {"type": "Feature", "properties": {"LINK_ID": "1410081301", "F_NODE": "1410027301", "T_NODE": "1410027304", "LANES": 2, "ROAD_RANK": "104", "ROAD_TYPE": "000", "ROAD_NO": "-", "ROAD_NAME": "녹산산업북로", "ROAD_USE": "0", "MULTI_LINK": "0", "CONNECT": "0", "MAX_SPD": 50, "REST_VEH": "0", "REST_W": 0, "REST_H": 0, "C-ITS": "0", "LENGTH": 12.258933660695, "UPDATEDATE": "20250512", "REMARK": null, "HIST_TYPE": "LINK0001", "HISTREMARK": null, "link_stats_import_fid": 828, "link_stats_import_vehicle_count": 3.0, "link_stats_import_avg_speed": 6.86, "link_stats_import_sum_weight_kg": 1000.0}, "geometry": {"type": "MultiLineString", "coordinates": [[[128.82958541589926, 35.096616353322936], [128.8294884215995, 35.096539889893016]]]}}, {"type": "Feature", "properties": {"LINK_ID": "1410036700", "F_NODE": "1410015403", "T_NODE": "1410756900", "LANES": 2, "ROAD_RANK": "104", "ROAD_TYPE": "000", "ROAD_NO": "-", "ROAD_NAME": "녹산산단262로", "ROAD_USE": "0", "MULTI_LINK": "0", "CONNECT": "0", "MAX_SPD": 50, "REST_VEH": "0", "REST_W": 0, "REST_H": 0, "C-ITS": "0", "LENGTH": 80.06814994082, "UPDATEDATE": "20250512", "REMARK": null, "HIST_TYPE": "LINK0003", "HISTREMARK": null, "link_stats_import_fid": 693, "link_stats_import_vehicle_count": 5.0, "link_stats_import_avg_speed": 11.22, "link_stats_import_sum_weight_kg": 22400.0}, "geometry": {"type": "MultiLineString", "coordinates": [[[128.8459780950791, 35.08890295600258], [128.84597939065122, 35.08818149816195]]]}}, {"type": "Feature", "properties": {"LINK_ID": "4180126400", "F_NODE": "4180107601", "T_NODE": "4180107702", "LANES": 2, "ROAD_RANK": "107", "ROAD_TYPE": "000", "ROAD_NO": "-", "ROAD_NAME": "안골로", "ROAD_USE": "0", "MULTI_LINK": "0", "CONNECT": "0", "MAX_SPD": 50, "REST_VEH": "0", "REST_W": 0, "REST_H": 0, "C-ITS": "0", "LENGTH": 200.400279430589, "UPDATEDATE": "20250512", "REMARK": null, "HIST_TYPE": "LINK0003", "HISTREMARK": null, "link_stats_import_fid": 1058, "link_stats_import_vehicle_count": 2.0, "link_stats_import_avg_speed": 7.88, "link_stats_import_sum_weight_kg": 16670.0}, "geometry": {"type": "MultiLineString", "coordinates": [[[128.8095784669512, 35.10061279549308], [128.80982101886835, 35.10148422872753], [128.81006842154943, 35.102373068274446]]]}}, {"type": "Feature", "properties": {"LINK_ID": "4180074800", "F_NODE": "4180090303", "T_NODE": "4180090404", "LANES": 2, "ROAD_RANK": "107", "ROAD_TYPE": "000", "ROAD_NO": "-", "ROAD_NAME": "신항7로", "ROAD_USE": "0", "MULTI_LINK": "0", "CONNECT": "0", "MAX_SPD": 50, "REST_VEH": "0", "REST_W": 0, "REST_H": 0, "C-ITS": "0", "LENGTH": 233.403228728583, "UPDATEDATE": "20250512", "REMARK": null, "HIST_TYPE": "LINK0003", "HISTREMARK": null, "link_stats_import_fid": 421, "link_stats_import_vehicle_count": 14.0, "link_stats_import_avg_speed": 9.5, "link_stats_import_sum_weight_kg": 43684.0}, "geometry": {"type": "MultiLineString", "coordinates": [[[128.76983065974773, 35.0912809823106], [128.76984394153502, 35.08917785879824]]]}}, {"type": "Feature", "properties": {"LINK_ID": "4180062700", "F_NODE": "4180119601", "T_NODE": "4180119502", "LANES": 3, "ROAD_RANK": "107", "ROAD_TYPE": "000", "ROAD_NO": "-", "ROAD_NAME": "신항4로", "ROAD_USE": "0", "MULTI_LINK": "0", "CONNECT": "0", "MAX_SPD": 60, "REST_VEH": "0", "REST_W": 0, "REST_H": 0, "C-ITS": "0", "LENGTH": 138.245515611582, "UPDATEDATE": "20250512", "REMARK": null, "HIST_TYPE": "LINK0003", "HISTREMARK": null, "link_stats_import_fid": 103, "link_stats_import_vehicle_count": 150.0, "link_stats_import_avg_speed": 7.42, "link_stats_import_sum_weight_kg": 473137.0}, "geometry": {"type": "MultiLineString", "coordinates": [[[128.81834040268862, 35.08323863638847], [128.81834051590286, 35.08333313436045], [128.81834558792804, 35.084484311724204]]]}}, {"type": "Feature", "properties": {"LINK_ID": "4180068901", "F_NODE": "4180090402", "T_NODE": "4180090401", "LANES": 2, "ROAD_RANK": "107", "ROAD_TYPE": "000", "ROAD_NO": "-", "ROAD_NAME": "신항7로", "ROAD_USE": "0", "MULTI_LINK": "0", "CONNECT": "0", "MAX_SPD": 50, "REST_VEH": "0", "REST_W": 0, "REST_H": 0, "C-ITS": "0", "LENGTH": 12.000257802234, "UPDATEDATE": "20250512", "REMARK": null, "HIST_TYPE": "LINK0001", "HISTREMARK": null, "link_stats_import_fid": null, "link_stats_import_vehicle_count": null, "link_stats_import_avg_speed": null, "link_stats_import_sum_weight_kg": null}, "geometry": {"type": "MultiLineString", "coordinates": [[[128.7699761758491, 35.08907028945741], [128.76997549300307, 35.08917842004161]]]}}, {"type": "Feature", "properties": {"LINK_ID": "1410040300", "F_NODE": "1410015202", "T_NODE": "1410015303", "LANES": 3, "ROAD_RANK": "104", "ROAD_TYPE": "000", "ROAD_NO": "-", "ROAD_NAME": "녹산산업대로", "ROAD_USE": "0", "MULTI_LINK": "0", "CONNECT": "0", "MAX_SPD": 70, "REST_VEH": "0", "REST_W": 0, "REST_H": 0, "C-ITS": "0", "LENGTH": 287.802353729609, "UPDATEDATE": "20250512", "REMARK": null, "HIST_TYPE": "LINK0003", "HISTREMARK": null, "link_stats_import_fid": 144, "link_stats_import_vehicle_count": 95.0, "link_stats_import_avg_speed": 12.48, "link_stats_import_sum_weight_kg": 302315.0}, "geometry": {"type": "MultiLineString", "coordinates": [[[128.83951514817687, 35.088899028406374], [128.84267014852955, 35.08890095449712]]]}}, {"type": "Feature", "properties": {"LINK_ID": "1410063501", "F_NODE": "1410024307", "T_NODE": "1410022308", "LANES": 3, "ROAD_RANK": "104", "ROAD_TYPE": "000", "ROAD_NO": "-", "ROAD_NAME": "녹산산업대로", "ROAD_USE": "0", "MULTI_LINK": "0", "CONNECT": "0", "MAX_SPD": 70, "REST_VEH": "0", "REST_W": 0, "REST_H": 0, "C-ITS": "0", "LENGTH": 52.247258939124, "UPDATEDATE": "20250512", "REMARK": null, "HIST_TYPE": "LINK0003", "HISTREMARK": null, "link_stats_import_fid": 392, "link_stats_import_vehicle_count": 15.0, "link_stats_import_avg_speed": 11.3, "link_stats_import_sum_weight_kg": 36425.0}, "geometry": {"type": "MultiLineString", "coordinates": [[[128.8267908853966, 35.09417507320601], [128.8267959876557, 35.09417099154505], [128.82719981586857, 35.09384542179882]]]}}, {"type": "Feature", "properties": {"LINK_ID": "4180060001", "F_NODE": "4180091402", "T_NODE": "4180091401", "LANES": 3, "ROAD_RANK": "107", "ROAD_TYPE": "000", "ROAD_NO": "-", "ROAD_NAME": "신항6로", "ROAD_USE": "0", "MULTI_LINK": "0", "CONNECT": "0", "MAX_SPD": 60, "REST_VEH": "0", "REST_W": 0, "REST_H": 0, "C-ITS": "0", "LENGTH": 12.000102833952, "UPDATEDATE": "20250512", "REMARK": null, "HIST_TYPE": "LINK0001", "HISTREMARK": null, "link_stats_import_fid": 652, "link_stats_import_vehicle_count": 6.0, "link_stats_import_avg_speed": 6.38, "link_stats_import_sum_weight_kg": 5000.0}, "geometry": {"type": "MultiLineString", "coordinates": [[[128.77439955239154, 35.086906258708176], [128.77439991444024, 35.08701438880623]]]}}, {"type": "Feature", "properties": {"LINK_ID": "1410081601", "F_NODE": "1410027501", "T_NODE": "1410027504", "LANES": 2, "ROAD_RANK": "104", "ROAD_TYPE": "000", "ROAD_NO": "-", "ROAD_NAME": "녹산산단165로", "ROAD_USE": "0", "MULTI_LINK": "0", "CONNECT": "0", "MAX_SPD": 60, "REST_VEH": "0", "REST_W": 0, "REST_H": 0, "C-ITS": "0", "LENGTH": 10.945328532369, "UPDATEDATE": "20250512", "REMARK": null, "HIST_TYPE": "LINK0001", "HISTREMARK": null, "link_stats_import_fid": null, "link_stats_import_vehicle_count": null, "link_stats_import_avg_speed": null, "link_stats_import_sum_weight_kg": null}, "geometry": {"type": "MultiLineString", "coordinates": [[[128.83812279925667, 35.09674846251907], [128.83800280106232, 35.09674821057173]]]}}, {"type": "Feature", "properties": {"LINK_ID": "1410039304", "F_NODE": "1410278005", "T_NODE": "1410019601", "LANES": 3, "ROAD_RANK": "104", "ROAD_TYPE": "000", "ROAD_NO": "-", "ROAD_NAME": "녹산산업대로", "ROAD_USE": "0", "MULTI_LINK": "0", "CONNECT": "0", "MAX_SPD": 70, "REST_VEH": "0", "REST_W": 0, "REST_H": 0, "C-ITS": "0", "LENGTH": 234.522016448876, "UPDATEDATE": "20250512", "REMARK": null, "HIST_TYPE": "LINK0003", "HISTREMARK": null, "link_stats_import_fid": 628, "link_stats_import_vehicle_count": 6.0, "link_stats_import_avg_speed": 12.9, "link_stats_import_sum_weight_kg": 5000.0}, "geometry": {"type": "MultiLineString", "coordinates": [[[128.83298209447727, 35.08930206149534], [128.83296440401594, 35.08931353442525], [128.83291401628776, 35.08934713921733], [128.8328696450596, 35.08937870459639], [128.83116876003, 35.09079924794791]]]}}, {"type": "Feature", "properties": {"LINK_ID": "4180111501", "F_NODE": "4180118203", "T_NODE": "4180118202", "LANES": 2, "ROAD_RANK": "107", "ROAD_TYPE": "000", "ROAD_NO": "-", "ROAD_NAME": "용원로", "ROAD_USE": "0", "MULTI_LINK": "0", "CONNECT": "0", "MAX_SPD": 50, "REST_VEH": "0", "REST_W": 0, "REST_H": 0, "C-ITS": "0", "LENGTH": 10.991129597976, "UPDATEDATE": "20250512", "REMARK": null, "HIST_TYPE": "LINK0001", "HISTREMARK": null, "link_stats_import_fid": 1334, "link_stats_import_vehicle_count": 1.0, "link_stats_import_avg_speed": 9.78, "link_stats_import_sum_weight_kg": 0.0}, "geometry": {"type": "MultiLineString", "coordinates": [[[128.81751743734637, 35.09889684744169], [128.81763454034626, 35.09887348178804]]]}}, {"type": "Feature", "properties": {"LINK_ID": "4180089901", "F_NODE": "4180093001", "T_NODE": "4180093004", "LANES": 3, "ROAD_RANK": "107", "ROAD_TYPE": "000", "ROAD_NO": "-", "ROAD_NAME": "신항북로", "ROAD_USE": "0", "MULTI_LINK": "0", "CONNECT": "0", "MAX_SPD": 80, "REST_VEH": "0", "REST_W": 0, "REST_H": 0, "C-ITS": "0", "LENGTH": 12.000097448497, "UPDATEDATE": "20250512", "REMARK": null, "HIST_TYPE": "LINK0001", "HISTREMARK": null, "link_stats_import_fid": 1020, "link_stats_import_vehicle_count": 2.0, "link_stats_import_avg_speed": 6.78, "link_stats_import_sum_weight_kg": 0.0}, "geometry": {"type": "MultiLineString", "coordinates": [[[128.77882346503637, 35.0942176580295], [128.77869190371976, 35.09421766730167]]]}}, {"type": "Feature", "properties": {"LINK_ID": "1410094600", "F_NODE": "1410031304", "T_NODE": "1410032301", "LANES": 2, "ROAD_RANK": "104", "ROAD_TYPE": "000", "ROAD_NO": "-", "ROAD_NAME": "녹산산업중로", "ROAD_USE": "0", "MULTI_LINK": "0", "CONNECT": "0", "MAX_SPD": 50, "REST_VEH": "0", "REST_W": 0, "REST_H": 0, "C-ITS": "0", "LENGTH": 163.756685091042, "UPDATEDATE": "20250512", "REMARK": null, "HIST_TYPE": "LINK0003", "HISTREMARK": null, "link_stats_import_fid": null, "link_stats_import_vehicle_count": null, "link_stats_import_avg_speed": null, "link_stats_import_sum_weight_kg": null}, "geometry": {"type": "MultiLineString", "coordinates": [[[128.82610182783952, 35.0993911243575], [128.82531798723033, 35.0999689921436], [128.82512498778263, 35.100093991199564], [128.82511998773836, 35.10009799127188], [128.82510898831205, 35.10010199156308], [128.82493998752335, 35.10017399093763], [128.82467040504642, 35.100255682912895]]]}}, {"type": "Feature", "properties": {"LINK_ID": "1410737200", "F_NODE": "1410287401", "T_NODE": "1410401502", "LANES": 2, "ROAD_RANK": "104", "ROAD_TYPE": "000", "ROAD_NO": "-", "ROAD_NAME": "만금로", "ROAD_USE": "0", "MULTI_LINK": "0", "CONNECT": "0", "MAX_SPD": 40, "REST_VEH": "0", "REST_W": 0, "REST_H": 0, "C-ITS": "0", "LENGTH": 149.254530226601, "UPDATEDATE": "20250512", "REMARK": null, "HIST_TYPE": "LINK0003", "HISTREMARK": null, "link_stats_import_fid": 449, "link_stats_import_vehicle_count": 12.0, "link_stats_import_avg_speed": 19.56, "link_stats_import_sum_weight_kg": 45121.0}, "geometry": {"type": "MultiLineString", "coordinates": [[[128.82325385754487, 35.10060236824642], [128.82365001375055, 35.10190724062848]]]}}, {"type": "Feature", "properties": {"LINK_ID": "4180062701", "F_NODE": "4180119502", "T_NODE": "4180119501", "LANES": 3, "ROAD_RANK": "107", "ROAD_TYPE": "000", "ROAD_NO": "-", "ROAD_NAME": "신항4로", "ROAD_USE": "0", "MULTI_LINK": "0", "CONNECT": "0", "MAX_SPD": 60, "REST_VEH": "0", "REST_W": 0, "REST_H": 0, "C-ITS": "0", "LENGTH": 12.0010416928, "UPDATEDATE": "20250512", "REMARK": null, "HIST_TYPE": "LINK0001", "HISTREMARK": null, "link_stats_import_fid": 539, "link_stats_import_vehicle_count": 9.0, "link_stats_import_avg_speed": 7.08, "link_stats_import_sum_weight_kg": 12550.0}, "geometry": {"type": "MultiLineString", "coordinates": [[[128.81834558792804, 35.084484311724204], [128.8183462200525, 35.084592447735275]]]}}, {"type": "Feature", "properties": {"LINK_ID": "1410036200", "F_NODE": "1410014001", "T_NODE": "1410015302", "LANES": 2, "ROAD_RANK": "104", "ROAD_TYPE": "000", "ROAD_NO": "-", "ROAD_NAME": "녹산산단232로", "ROAD_USE": "0", "MULTI_LINK": "0", "CONNECT": "0", "MAX_SPD": 50, "REST_VEH": "0", "REST_W": 0, "REST_H": 0, "C-ITS": "0", "LENGTH": 110.532918304746, "UPDATEDATE": "20250512", "REMARK": null, "HIST_TYPE": "LINK0003", "HISTREMARK": null, "link_stats_import_fid": 528, "link_stats_import_vehicle_count": 9.0, "link_stats_import_avg_speed": 11.07, "link_stats_import_sum_weight_kg": 1000.0}, "geometry": {"type": "MultiLineString", "coordinates": [[[128.84279282631618, 35.08790506548936], [128.84279014804736, 35.088901027435135]]]}}, {"type": "Feature", "properties": {"LINK_ID": "4180058400", "F_NODE": "4180000302", "T_NODE": "4180000402", "LANES": 2, "ROAD_RANK": "107", "ROAD_TYPE": "004", "ROAD_NO": "-", "ROAD_NAME": "신항남로", "ROAD_USE": "0", "MULTI_LINK": "0", "CONNECT": "0", "MAX_SPD": 80, "REST_VEH": "0", "REST_W": 0, "REST_H": 0, "C-ITS": "0", "LENGTH": 341.004156612342, "UPDATEDATE": "20250512", "REMARK": null, "HIST_TYPE": "LINK0003", "HISTREMARK": null, "link_stats_import_fid": 376, "link_stats_import_vehicle_count": 17.0, "link_stats_import_avg_speed": 18.86, "link_stats_import_sum_weight_kg": 60978.0}, "geometry": {"type": "MultiLineString", "coordinates": [[[128.83623625421532, 35.10526909749716], [128.83594078414936, 35.10466932603268], [128.83556719984105, 35.10371620448204], [128.83504247266538, 35.10235881971477]]]}}, {"type": "Feature", "properties": {"LINK_ID": "1410736600", "F_NODE": "1410287301", "T_NODE": "1410287402", "LANES": 2, "ROAD_RANK": "104", "ROAD_TYPE": "000", "ROAD_NO": "-", "ROAD_NAME": "만금로", "ROAD_USE": "0", "MULTI_LINK": "0", "CONNECT": "0", "MAX_SPD": 40, "REST_VEH": "0", "REST_W": 0, "REST_H": 0, "C-ITS": "0", "LENGTH": 167.064696738054, "UPDATEDATE": "20250512", "REMARK": null, "HIST_TYPE": "LINK0003", "HISTREMARK": null, "link_stats_import_fid": 167, "link_stats_import_vehicle_count": 77.0, "link_stats_import_avg_speed": 15.42, "link_stats_import_sum_weight_kg": 206228.0}, "geometry": {"type": "MultiLineString", "coordinates": [[[128.82266950592975, 35.09906204416048], [128.8232181485092, 35.100498285354156]]]}}, {"type": "Feature", "properties": {"LINK_ID": "4180118200", "F_NODE": "4180111704", "T_NODE": "4180110101", "LANES": 2, "ROAD_RANK": "107", "ROAD_TYPE": "000", "ROAD_NO": "-", "ROAD_NAME": "용원로", "ROAD_USE": "0", "MULTI_LINK": "0", "CONNECT": "0", "MAX_SPD": 60, "REST_VEH": "0", "REST_W": 0, "REST_H": 0, "C-ITS": "0", "LENGTH": 81.232222320497, "UPDATEDATE": "20250512", "REMARK": null, "HIST_TYPE": "LINK0003", "HISTREMARK": null, "link_stats_import_fid": 911, "link_stats_import_vehicle_count": 3.0, "link_stats_import_avg_speed": 10.66, "link_stats_import_sum_weight_kg": 32220.0}, "geometry": {"type": "MultiLineString", "coordinates": [[[128.8138085122693, 35.09973627718203], [128.8129439795933, 35.099912159514254]]]}}, {"type": "Feature", "properties": {"LINK_ID": "4180142500", "F_NODE": "4180086602", "T_NODE": "4180086803", "LANES": 2, "ROAD_RANK": "107", "ROAD_TYPE": "000", "ROAD_NO": "-", "ROAD_NAME": "남영로", "ROAD_USE": "0", "MULTI_LINK": "0", "CONNECT": "0", "MAX_SPD": 60, "REST_VEH": "0", "REST_W": 0, "REST_H": 0, "C-ITS": "0", "LENGTH": 261.754370793763, "UPDATEDATE": "20250512", "REMARK": null, "HIST_TYPE": "LINK0003", "HISTREMARK": null, "link_stats_import_fid": null, "link_stats_import_vehicle_count": null, "link_stats_import_avg_speed": null, "link_stats_import_sum_weight_kg": null}, "geometry": {"type": "MultiLineString", "coordinates": [[[128.7559130029198, 35.1050350244019], [128.75848981563206, 35.10399635621644]]]}}, {"type": "Feature", "properties": {"LINK_ID": "4180138400", "F_NODE": "4180107702", "T_NODE": "4180108003", "LANES": 2, "ROAD_RANK": "107", "ROAD_TYPE": "000", "ROAD_NO": "-", "ROAD_NAME": "용재로", "ROAD_USE": "0", "MULTI_LINK": "0", "CONNECT": "0", "MAX_SPD": 60, "REST_VEH": "0", "REST_W": 0, "REST_H": 0, "C-ITS": "0", "LENGTH": 24.58513425676, "UPDATEDATE": "20250512", "REMARK": null, "HIST_TYPE": "LINK0003", "HISTREMARK": null, "link_stats_import_fid": null, "link_stats_import_vehicle_count": null, "link_stats_import_avg_speed": null, "link_stats_import_sum_weight_kg": null}, "geometry": {"type": "MultiLineString", "coordinates": [[[128.81006842154943, 35.102373068274446], [128.81032659743994, 35.10230937160995]]]}}, {"type": "Feature", "properties": {"LINK_ID": "1410065301", "F_NODE": "1410022701", "T_NODE": "1410022704", "LANES": 2, "ROAD_RANK": "104", "ROAD_TYPE": "000", "ROAD_NO": "-", "ROAD_NAME": "녹산산업중로", "ROAD_USE": "0", "MULTI_LINK": "0", "CONNECT": "0", "MAX_SPD": 50, "REST_VEH": "0", "REST_W": 0, "REST_H": 0, "C-ITS": "0", "LENGTH": 10.945846216527, "UPDATEDATE": "20250512", "REMARK": null, "HIST_TYPE": "LINK0001", "HISTREMARK": null, "link_stats_import_fid": null, "link_stats_import_vehicle_count": null, "link_stats_import_avg_speed": null, "link_stats_import_sum_weight_kg": null}, "geometry": {"type": "MultiLineString", "coordinates": [[[128.83950082111983, 35.093523034969564], [128.83938082169652, 35.09352294753222]]]}}, {"type": "Feature", "properties": {"LINK_ID": "1410053300", "F_NODE": "1410019001", "T_NODE": "1410020102", "LANES": 2, "ROAD_RANK": "104", "ROAD_TYPE": "000", "ROAD_NO": "-", "ROAD_NAME": "녹산산단261로", "ROAD_USE": "0", "MULTI_LINK": "0", "CONNECT": "0", "MAX_SPD": 50, "REST_VEH": "0", "REST_W": 0, "REST_H": 0, "C-ITS": "0", "LENGTH": 85.011282811386, "UPDATEDATE": "20250512", "REMARK": null, "HIST_TYPE": "LINK0003", "HISTREMARK": null, "link_stats_import_fid": null, "link_stats_import_vehicle_count": null, "link_stats_import_avg_speed": null, "link_stats_import_sum_weight_kg": null}, "geometry": {"type": "MultiLineString", "coordinates": [[[128.84609485174315, 35.09016008715913], [128.8460931245149, 35.09092608457698]]]}}, {"type": "Feature", "properties": {"LINK_ID": "4180068100", "F_NODE": "4180087801", "T_NODE": "4180087702", "LANES": 4, "ROAD_RANK": "107", "ROAD_TYPE": "000", "ROAD_NO": "-", "ROAD_NAME": "신항배후로", "ROAD_USE": "0", "MULTI_LINK": "0", "CONNECT": "0", "MAX_SPD": 80, "REST_VEH": "0", "REST_W": 0, "REST_H": 0, "C-ITS": "0", "LENGTH": 477.87255096546, "UPDATEDATE": "20250512", "REMARK": null, "HIST_TYPE": "LINK0003", "HISTREMARK": null, "link_stats_import_fid": 159, "link_stats_import_vehicle_count": 84.0, "link_stats_import_avg_speed": 12.31, "link_stats_import_sum_weight_kg": 125282.0}, "geometry": {"type": "MultiLineString", "coordinates": [[[128.7652259555981, 35.08697433837256], [128.76522146083465, 35.0912803628712]]]}}, {"type": "Feature", "properties": {"LINK_ID": "4180076400", "F_NODE": "4180117304", "T_NODE": "4180112801", "LANES": 3, "ROAD_RANK": "107", "ROAD_TYPE": "000", "ROAD_NO": "-", "ROAD_NAME": "신항동로", "ROAD_USE": "0", "MULTI_LINK": "0", "CONNECT": "0", "MAX_SPD": 30, "REST_VEH": "0", "REST_W": 0, "REST_H": 0, "C-ITS": "0", "LENGTH": 226.202607071951, "UPDATEDATE": "20250512", "REMARK": null, "HIST_TYPE": "LINK0003", "HISTREMARK": null, "link_stats_import_fid": 458, "link_stats_import_vehicle_count": 12.0, "link_stats_import_avg_speed": 11.99, "link_stats_import_sum_weight_kg": 20060.0}, "geometry": {"type": "MultiLineString", "coordinates": [[[128.81679863928403, 35.08895308909364], [128.81431890362265, 35.088947174278175]]]}}, {"type": "Feature", "properties": {"LINK_ID": "4180081000", "F_NODE": "4180090304", "T_NODE": "4180088901", "LANES": 4, "ROAD_RANK": "107", "ROAD_TYPE": "000", "ROAD_NO": "-", "ROAD_NAME": "신항10로", "ROAD_USE": "0", "MULTI_LINK": "0", "CONNECT": "0", "MAX_SPD": 80, "REST_VEH": "0", "REST_W": 0, "REST_H": 0, "C-ITS": "0", "LENGTH": 232.472980065587, "UPDATEDATE": "20250512", "REMARK": null, "HIST_TYPE": "LINK0003", "HISTREMARK": null, "link_stats_import_fid": 320, "link_stats_import_vehicle_count": 23.0, "link_stats_import_avg_speed": 8.99, "link_stats_import_sum_weight_kg": 37240.0}, "geometry": {"type": "MultiLineString", "coordinates": [[[128.76982997730389, 35.091389114254625], [128.76939225727867, 35.09139027307658], [128.76858045105323, 35.09139241745274], [128.76743176489197, 35.09139771044128], [128.76728139907672, 35.09139840245418]]]}}, {"type": "Feature", "properties": {"LINK_ID": "4180131701", "F_NODE": "4180116201", "T_NODE": "4180116204", "LANES": 2, "ROAD_RANK": "107", "ROAD_TYPE": "000", "ROAD_NO": "-", "ROAD_NAME": "용재로", "ROAD_USE": "0", "MULTI_LINK": "0", "CONNECT": "0", "MAX_SPD": 60, "REST_VEH": "0", "REST_W": 0, "REST_H": 0, "C-ITS": "0", "LENGTH": 11.074511631214, "UPDATEDATE": "20250512", "REMARK": null, "HIST_TYPE": "LINK0001", "HISTREMARK": null, "link_stats_import_fid": null, "link_stats_import_vehicle_count": null, "link_stats_import_avg_speed": null, "link_stats_import_sum_weight_kg": null}, "geometry": {"type": "MultiLineString", "coordinates": [[[128.81646949801188, 35.101186890126776], [128.8163515527618, 35.101210600026135]]]}}, {"type": "Feature", "properties": {"LINK_ID": "4180075201", "F_NODE": "4180091304", "T_NODE": "4180091303", "LANES": 3, "ROAD_RANK": "107", "ROAD_TYPE": "000", "ROAD_NO": "-", "ROAD_NAME": "신항6로", "ROAD_USE": "0", "MULTI_LINK": "0", "CONNECT": "0", "MAX_SPD": 60, "REST_VEH": "0", "REST_W": 0, "REST_H": 0, "C-ITS": "0", "LENGTH": 11.999994535984, "UPDATEDATE": "20250512", "REMARK": null, "HIST_TYPE": "LINK0001", "HISTREMARK": null, "link_stats_import_fid": 1242, "link_stats_import_vehicle_count": 1.0, "link_stats_import_avg_speed": 5.28, "link_stats_import_sum_weight_kg": 0.0}, "geometry": {"type": "MultiLineString", "coordinates": [[[128.77429074859717, 35.08917310100854], [128.77429068629235, 35.08906497152137]]]}}, {"type": "Feature", "properties": {"LINK_ID": "4180081001", "F_NODE": "4180088901", "T_NODE": "4180088904", "LANES": 4, "ROAD_RANK": "107", "ROAD_TYPE": "000", "ROAD_NO": "-", "ROAD_NAME": "신항10로", "ROAD_USE": "0", "MULTI_LINK": "0", "CONNECT": "0", "MAX_SPD": 80, "REST_VEH": "0", "REST_W": 0, "REST_H": 0, "C-ITS": "0", "LENGTH": 12.000071659232, "UPDATEDATE": "20250512", "REMARK": null, "HIST_TYPE": "LINK0001", "HISTREMARK": null, "link_stats_import_fid": 671, "link_stats_import_vehicle_count": 6.0, "link_stats_import_avg_speed": 8.34, "link_stats_import_sum_weight_kg": 2300.0}, "geometry": {"type": "MultiLineString", "coordinates": [[[128.76728139907672, 35.09139840245418], [128.76714984408378, 35.09139900793979]]]}}, {"type": "Feature", "properties": {"LINK_ID": "4180066600", "F_NODE": "4180113404", "T_NODE": "4180110701", "LANES": 4, "ROAD_RANK": "107", "ROAD_TYPE": "000", "ROAD_NO": "-", "ROAD_NAME": "신항북로", "ROAD_USE": "0", "MULTI_LINK": "0", "CONNECT": "0", "MAX_SPD": 70, "REST_VEH": "0", "REST_W": 0, "REST_H": 0, "C-ITS": "0", "LENGTH": 124.7007184313, "UPDATEDATE": "20250512", "REMARK": null, "HIST_TYPE": "LINK0003", "HISTREMARK": null, "link_stats_import_fid": 130, "link_stats_import_vehicle_count": 110.0, "link_stats_import_avg_speed": 14.2, "link_stats_import_sum_weight_kg": 322672.0}, "geometry": {"type": "MultiLineString", "coordinates": [[[128.8142171995014, 35.0861071130333], [128.81285022358415, 35.086111261402664]]]}}, {"type": "Feature", "properties": {"LINK_ID": "4180067301", "F_NODE": "4180113202", "T_NODE": "4180113201", "LANES": 3, "ROAD_RANK": "107", "ROAD_TYPE": "000", "ROAD_NO": "-", "ROAD_NAME": "-", "ROAD_USE": "0", "MULTI_LINK": "0", "CONNECT": "0", "MAX_SPD": 70, "REST_VEH": "0", "REST_W": 0, "REST_H": 0, "C-ITS": "0", "LENGTH": 11.999992558729, "UPDATEDATE": "20250512", "REMARK": "도로명없음", "HIST_TYPE": "LINK0001", "HISTREMARK": null, "link_stats_import_fid": null, "link_stats_import_vehicle_count": null, "link_stats_import_avg_speed": null, "link_stats_import_sum_weight_kg": null}, "geometry": {"type": "MultiLineString", "coordinates": [[[128.81434359345093, 35.08687613302194], [128.81434202312954, 35.08698425324409]]]}}, {"type": "Feature", "properties": {"LINK_ID": "4180090501", "F_NODE": "4180120602", "T_NODE": "4180120601", "LANES": 2, "ROAD_RANK": "107", "ROAD_TYPE": "000", "ROAD_NO": "-", "ROAD_NAME": "용원동로", "ROAD_USE": "0", "MULTI_LINK": "0", "CONNECT": "0", "MAX_SPD": 50, "REST_VEH": "0", "REST_W": 0, "REST_H": 0, "C-ITS": "0", "LENGTH": 13.60205822116, "UPDATEDATE": "20250512", "REMARK": null, "HIST_TYPE": "LINK0001", "HISTREMARK": null, "link_stats_import_fid": null, "link_stats_import_vehicle_count": null, "link_stats_import_avg_speed": null, "link_stats_import_sum_weight_kg": null}, "geometry": {"type": "MultiLineString", "coordinates": [[[128.81915170269417, 35.09368407288323], [128.81919640597772, 35.093800999313636]]]}}, {"type": "Feature", "properties": {"LINK_ID": "1410055201", "F_NODE": "1410020401", "T_NODE": "1410020404", "LANES": 3, "ROAD_RANK": "104", "ROAD_TYPE": "000", "ROAD_NO": "-", "ROAD_NAME": "녹산산업대로", "ROAD_USE": "0", "MULTI_LINK": "0", "CONNECT": "0", "MAX_SPD": 70, "REST_VEH": "0", "REST_W": 0, "REST_H": 0, "C-ITS": "0", "LENGTH": 12.24945838211, "UPDATEDATE": "20250512", "REMARK": null, "HIST_TYPE": "LINK0001", "HISTREMARK": null, "link_stats_import_fid": null, "link_stats_import_vehicle_count": null, "link_stats_import_avg_speed": null, "link_stats_import_sum_weight_kg": null}, "geometry": {"type": "MultiLineString", "coordinates": [[[128.8295193053393, 35.09212981201394], [128.82942342550584, 35.09220709290934]]]}}, {"type": "Feature", "properties": {"LINK_ID": "4180107501", "F_NODE": "4180106701", "T_NODE": "4180106704", "LANES": 2, "ROAD_RANK": "107", "ROAD_TYPE": "000", "ROAD_NO": "-", "ROAD_NAME": "안골로", "ROAD_USE": "0", "MULTI_LINK": "0", "CONNECT": "0", "MAX_SPD": 30, "REST_VEH": "0", "REST_W": 0, "REST_H": 0, "C-ITS": "0", "LENGTH": 11.951167183667, "UPDATEDATE": "20250512", "REMARK": null, "HIST_TYPE": "LINK0001", "HISTREMARK": null, "link_stats_import_fid": null, "link_stats_import_vehicle_count": null, "link_stats_import_avg_speed": null, "link_stats_import_sum_weight_kg": null}, "geometry": {"type": "MultiLineString", "coordinates": [[[128.806683346123, 35.09889764059663], [128.806578232332, 35.09883334566264]]]}}, {"type": "Feature", "properties": {"LINK_ID": "4180076900", "F_NODE": "4180119002", "T_NODE": "4180122802", "LANES": 3, "ROAD_RANK": "107", "ROAD_TYPE": "000", "ROAD_NO": "-", "ROAD_NAME": "신항동로", "ROAD_USE": "0", "MULTI_LINK": "0", "CONNECT": "0", "MAX_SPD": 50, "REST_VEH": "0", "REST_W": 0, "REST_H": 0, "C-ITS": "0", "LENGTH": 354.118337366787, "UPDATEDATE": "20250512", "REMARK": null, "HIST_TYPE": "LINK0003", "HISTREMARK": null, "link_stats_import_fid": 163, "link_stats_import_vehicle_count": 82.0, "link_stats_import_avg_speed": 10.85, "link_stats_import_sum_weight_kg": 181921.0}, "geometry": {"type": "MultiLineString", "coordinates": [[[128.8183473456639, 35.08884764799134], [128.81908878858295, 35.08883827790811], [128.8195787125872, 35.08884236222273], [128.8199605532433, 35.08888376894899], [128.8203315454192, 35.08897274396995], [128.82092772111034, 35.08923276730021], [128.82118999187404, 35.08941363211176], [128.82178332624832, 35.08992722110547]]]}}, {"type": "Feature", "properties": {"LINK_ID": "1410065300", "F_NODE": "1410022804", "T_NODE": "1410022701", "LANES": 2, "ROAD_RANK": "104", "ROAD_TYPE": "000", "ROAD_NO": "-", "ROAD_NAME": "녹산산업중로", "ROAD_USE": "0", "MULTI_LINK": "0", "CONNECT": "0", "MAX_SPD": 50, "REST_VEH": "0", "REST_W": 0, "REST_H": 0, "C-ITS": "0", "LENGTH": 114.733982631101, "UPDATEDATE": "20250512", "REMARK": null, "HIST_TYPE": "LINK0003", "HISTREMARK": null, "link_stats_import_fid": 948, "link_stats_import_vehicle_count": 2.0, "link_stats_import_avg_speed": 9.99, "link_stats_import_sum_weight_kg": 1000.0}, "geometry": {"type": "MultiLineString", "coordinates": [[[128.8407586506224, 35.093523947601454], [128.83950082111983, 35.093523034969564]]]}}, {"type": "Feature", "properties": {"LINK_ID": "4180080601", "F_NODE": "4180087701", "T_NODE": "4180087704", "LANES": 4, "ROAD_RANK": "107", "ROAD_TYPE": "000", "ROAD_NO": "-", "ROAD_NAME": "신항10로", "ROAD_USE": "0", "MULTI_LINK": "0", "CONNECT": "0", "MAX_SPD": 80, "REST_VEH": "0", "REST_W": 0, "REST_H": 0, "C-ITS": "0", "LENGTH": 12.000027507056, "UPDATEDATE": "20250512", "REMARK": null, "HIST_TYPE": "LINK0001", "HISTREMARK": null, "link_stats_import_fid": 489, "link_stats_import_vehicle_count": 11.0, "link_stats_import_avg_speed": 9.34, "link_stats_import_sum_weight_kg": 34166.0}, "geometry": {"type": "MultiLineString", "coordinates": [[[128.7652208960544, 35.09138849534354], [128.7650893432843, 35.0913876646322]]]}}, {"type": "Feature", "properties": {"LINK_ID": "4180071301", "F_NODE": "4180123502", "T_NODE": "4180123501", "LANES": 3, "ROAD_RANK": "107", "ROAD_TYPE": "000", "ROAD_NO": "-", "ROAD_NAME": "신항3로", "ROAD_USE": "0", "MULTI_LINK": "0", "CONNECT": "0", "MAX_SPD": 70, "REST_VEH": "0", "REST_W": 0, "REST_H": 0, "C-ITS": "0", "LENGTH": 12.002182435492, "UPDATEDATE": "20250512", "REMARK": null, "HIST_TYPE": "LINK0001", "HISTREMARK": null, "link_stats_import_fid": 992, "link_stats_import_vehicle_count": 2.0, "link_stats_import_avg_speed": 10.45, "link_stats_import_sum_weight_kg": 27317.0}, "geometry": {"type": "MultiLineString", "coordinates": [[[128.82438870241108, 35.08798738623805], [128.8243897787756, 35.08809552985405]]]}}, {"type": "Feature", "properties": {"LINK_ID": "4180126002", "F_NODE": "4180107803", "T_NODE": "4180107802", "LANES": 2, "ROAD_RANK": "107", "ROAD_TYPE": "000", "ROAD_NO": "-", "ROAD_NAME": "용원로", "ROAD_USE": "0", "MULTI_LINK": "0", "CONNECT": "0", "MAX_SPD": 60, "REST_VEH": "0", "REST_W": 0, "REST_H": 0, "C-ITS": "0", "LENGTH": 10.904218909512, "UPDATEDATE": "20250512", "REMARK": null, "HIST_TYPE": "LINK0001", "HISTREMARK": null, "link_stats_import_fid": null, "link_stats_import_vehicle_count": null, "link_stats_import_avg_speed": null, "link_stats_import_sum_weight_kg": null}, "geometry": {"type": "MultiLineString", "coordinates": [[[128.81007783325975, 35.100396180180624], [128.8101939190077, 35.10037268422245]]]}}, {"type": "Feature", "properties": {"LINK_ID": "1410074301", "F_NODE": "1410025204", "T_NODE": "1410025203", "LANES": 2, "ROAD_RANK": "104", "ROAD_TYPE": "000", "ROAD_NO": "-", "ROAD_NAME": "녹산산단27로", "ROAD_USE": "0", "MULTI_LINK": "0", "CONNECT": "0", "MAX_SPD": 50, "REST_VEH": "0", "REST_W": 0, "REST_H": 0, "C-ITS": "0", "LENGTH": 12.128242757938, "UPDATEDATE": "20250512", "REMARK": null, "HIST_TYPE": "LINK0001", "HISTREMARK": null, "link_stats_import_fid": null, "link_stats_import_vehicle_count": null, "link_stats_import_avg_speed": null, "link_stats_import_sum_weight_kg": null}, "geometry": {"type": "MultiLineString", "coordinates": [[[128.83202805614306, 35.094612149074266], [128.83193414228924, 35.09453478750033]]]}}, {"type": "Feature", "properties": {"LINK_ID": "4180114801", "F_NODE": "4180106802", "T_NODE": "4180106801", "LANES": 2, "ROAD_RANK": "107", "ROAD_TYPE": "000", "ROAD_NO": "-", "ROAD_NAME": "안청남로", "ROAD_USE": "0", "MULTI_LINK": "0", "CONNECT": "0", "MAX_SPD": 30, "REST_VEH": "0", "REST_W": 0, "REST_H": 0, "C-ITS": "0", "LENGTH": 12.491672837446, "UPDATEDATE": "20250512", "REMARK": null, "HIST_TYPE": "LINK0001", "HISTREMARK": null, "link_stats_import_fid": null, "link_stats_import_vehicle_count": null, "link_stats_import_avg_speed": null, "link_stats_import_sum_weight_kg": null}, "geometry": {"type": "MultiLineString", "coordinates": [[[128.80712481541107, 35.10045606447024], [128.80704409831156, 35.10054699793814]]]}}, {"type": "Feature", "properties": {"LINK_ID": "4180093600", "F_NODE": "4180090004", "T_NODE": "4180219100", "LANES": 2, "ROAD_RANK": "107", "ROAD_TYPE": "000", "ROAD_NO": "-", "ROAD_NAME": "신항8로", "ROAD_USE": "0", "MULTI_LINK": "0", "CONNECT": "0", "MAX_SPD": 60, "REST_VEH": "0", "REST_W": 0, "REST_H": 0, "C-ITS": "0", "LENGTH": 294.179035297273, "UPDATEDATE": "20250512", "REMARK": null, "HIST_TYPE": "LINK0003", "HISTREMARK": null, "link_stats_import_fid": 1028, "link_stats_import_vehicle_count": 2.0, "link_stats_import_avg_speed": 7.28, "link_stats_import_sum_weight_kg": 1000.0}, "geometry": {"type": "MultiLineString", "coordinates": [[[128.76980276891686, 35.097011535662105], [128.76657746063793, 35.097007895528314]]]}}, {"type": "Feature", "properties": {"LINK_ID": "1410196401", "F_NODE": "1410868500", "T_NODE": "1410072002", "LANES": 2, "ROAD_RANK": "105", "ROAD_TYPE": "003", "ROAD_NO": "58", "ROAD_NAME": "거가대로", "ROAD_USE": "0", "MULTI_LINK": "0", "CONNECT": "0", "MAX_SPD": 80, "REST_VEH": "5", "REST_W": 0, "REST_H": 0, "C-ITS": "0", "LENGTH": 452.38712844567, "UPDATEDATE": "20250512", "REMARK": null, "HIST_TYPE": "LINK1007", "HISTREMARK": "1410196400", "link_stats_import_fid": null, "link_stats_import_vehicle_count": null, "link_stats_import_avg_speed": null, "link_stats_import_sum_weight_kg": null}, "geometry": {"type": "MultiLineString", "coordinates": [[[128.83942364195485, 35.07787378816956], [128.83942802345697, 35.07757126763391], [128.83944449603715, 35.077039312877204], [128.8393949052737, 35.076480773359364], [128.83928938341134, 35.0758144509588], [128.8390860183326, 35.07522993502708], [128.8383845526812, 35.073952373361344]]]}}, {"type": "Feature", "properties": {"LINK_ID": "1410087700", "F_NODE": "1410029504", "T_NODE": "1410029301", "LANES": 2, "ROAD_RANK": "104", "ROAD_TYPE": "000", "ROAD_NO": "-", "ROAD_NAME": "녹산산업북로", "ROAD_USE": "0", "MULTI_LINK": "0", "CONNECT": "0", "MAX_SPD": 50, "REST_VEH": "0", "REST_W": 0, "REST_H": 0, "C-ITS": "0", "LENGTH": 288.410599406249, "UPDATEDATE": "20250512", "REMARK": null, "HIST_TYPE": "LINK0003", "HISTREMARK": null, "link_stats_import_fid": 471, "link_stats_import_vehicle_count": 11.0, "link_stats_import_avg_speed": 7.16, "link_stats_import_sum_weight_kg": 7768.0}, "geometry": {"type": "MultiLineString", "coordinates": [[[128.84264981303238, 35.09804285275689], [128.8409809875414, 35.09803899203162], [128.83948779935878, 35.09803706879724]]]}}, {"type": "Feature", "properties": {"LINK_ID": "4180114802", "F_NODE": "4180107402", "T_NODE": "4180107401", "LANES": 2, "ROAD_RANK": "107", "ROAD_TYPE": "000", "ROAD_NO": "-", "ROAD_NAME": "안청남로", "ROAD_USE": "0", "MULTI_LINK": "0", "CONNECT": "0", "MAX_SPD": 30, "REST_VEH": "0", "REST_W": 0, "REST_H": 0, "C-ITS": "0", "LENGTH": 12.520376314005, "UPDATEDATE": "20250512", "REMARK": null, "HIST_TYPE": "LINK0001", "HISTREMARK": null, "link_stats_import_fid": null, "link_stats_import_vehicle_count": null, "link_stats_import_avg_speed": null, "link_stats_import_sum_weight_kg": null}, "geometry": {"type": "MultiLineString", "coordinates": [[[128.80796613949119, 35.09951331387602], [128.80788192118501, 35.099602403926205]]]}}, {"type": "Feature", "properties": {"LINK_ID": "1410084401", "F_NODE": "1410029602", "T_NODE": "1410029601", "LANES": 2, "ROAD_RANK": "104", "ROAD_TYPE": "000", "ROAD_NO": "-", "ROAD_NAME": "녹산산단261로", "ROAD_USE": "0", "MULTI_LINK": "0", "CONNECT": "0", "MAX_SPD": 50, "REST_VEH": "0", "REST_W": 0, "REST_H": 0, "C-ITS": "0", "LENGTH": 13.317752677181, "UPDATEDATE": "20250512", "REMARK": null, "HIST_TYPE": "LINK0001", "HISTREMARK": null, "link_stats_import_fid": null, "link_stats_import_vehicle_count": null, "link_stats_import_avg_speed": null, "link_stats_import_sum_weight_kg": null}, "geometry": {"type": "MultiLineString", "coordinates": [[[128.846075135611, 35.09793214252501], [128.84607498747326, 35.09805214265045]]]}}, {"type": "Feature", "properties": {"LINK_ID": "1410195900", "F_NODE": "1410071701", "T_NODE": "1410071801", "LANES": 2, "ROAD_RANK": "105", "ROAD_TYPE": "000", "ROAD_NO": "58", "ROAD_NAME": "거가대로", "ROAD_USE": "0", "MULTI_LINK": "0", "CONNECT": "0", "MAX_SPD": 80, "REST_VEH": "5", "REST_W": 0, "REST_H": 0, "C-ITS": "0", "LENGTH": 535.726329814095, "UPDATEDATE": "20250512", "REMARK": null, "HIST_TYPE": "LINK0003", "HISTREMARK": null, "link_stats_import_fid": 642, "link_stats_import_vehicle_count": 6.0, "link_stats_import_avg_speed": 21.67, "link_stats_import_sum_weight_kg": 2000.0}, "geometry": {"type": "MultiLineString", "coordinates": [[[128.83028176261425, 35.060045829446246], [128.8310059976118, 35.06130905135867], [128.83138476012195, 35.061901393250686], [128.83218560279542, 35.0630316898575], [128.83319321580313, 35.064225796070716]]]}}, {"type": "Feature", "properties": {"LINK_ID": "1410737701", "F_NODE": "1410032303", "T_NODE": "1410032302", "LANES": 2, "ROAD_RANK": "104", "ROAD_TYPE": "000", "ROAD_NO": "-", "ROAD_NAME": "녹산산업중로", "ROAD_USE": "0", "MULTI_LINK": "0", "CONNECT": "0", "MAX_SPD": 50, "REST_VEH": "0", "REST_W": 0, "REST_H": 0, "C-ITS": "0", "LENGTH": 11.194072667108, "UPDATEDATE": "20250512", "REMARK": null, "HIST_TYPE": "LINK0001", "HISTREMARK": null, "link_stats_import_fid": 1186, "link_stats_import_vehicle_count": 1.0, "link_stats_import_avg_speed": 8.45, "link_stats_import_sum_weight_kg": 29425.0}, "geometry": {"type": "MultiLineString", "coordinates": [[[128.82451106469034, 35.100180706799854], [128.82462559062347, 35.10014444504961]]]}}, {"type": "Feature", "properties": {"LINK_ID": "4180058200", "F_NODE": "4180000202", "T_NODE": "4180000302", "LANES": 2, "ROAD_RANK": "107", "ROAD_TYPE": "000", "ROAD_NO": "-", "ROAD_NAME": "신항남로", "ROAD_USE": "0", "MULTI_LINK": "0", "CONNECT": "0", "MAX_SPD": 80, "REST_VEH": "0", "REST_W": 0, "REST_H": 0, "C-ITS": "0", "LENGTH": 493.338702997173, "UPDATEDATE": "20250512", "REMARK": null, "HIST_TYPE": "LINK0003", "HISTREMARK": null, "link_stats_import_fid": 97, "link_stats_import_vehicle_count": 164.0, "link_stats_import_avg_speed": 18.72, "link_stats_import_sum_weight_kg": 784656.0}, "geometry": {"type": "MultiLineString", "coordinates": [[[128.84029397990534, 35.107910228211324], [128.8398998356091, 35.10783445412508], [128.83924433891113, 35.107662880683804], [128.83868350582577, 35.107497420506654], [128.8381359332362, 35.10721230850147], [128.8377293902779, 35.10695770991214], [128.8373327207266, 35.10663905907037], [128.83684492793262, 35.10616319313772], [128.83644417625712, 35.10564395578073], [128.83623625421532, 35.10526909749716]]]}}, {"type": "Feature", "properties": {"LINK_ID": "4180074900", "F_NODE": "4180091302", "T_NODE": "4180224500", "LANES": 2, "ROAD_RANK": "107", "ROAD_TYPE": "000", "ROAD_NO": "-", "ROAD_NAME": "신항9로", "ROAD_USE": "0", "MULTI_LINK": "0", "CONNECT": "0", "MAX_SPD": 60, "REST_VEH": "0", "REST_W": 0, "REST_H": 0, "C-ITS": "0", "LENGTH": 281.700215124398, "UPDATEDATE": "20250512", "REMARK": null, "HIST_TYPE": "LINK0003", "HISTREMARK": null, "link_stats_import_fid": 867, "link_stats_import_vehicle_count": 3.0, "link_stats_import_avg_speed": 7.07, "link_stats_import_sum_weight_kg": 54574.0}, "geometry": {"type": "MultiLineString", "coordinates": [[[128.77442223545617, 35.0890642389761], [128.7770807336171, 35.089037882019085], [128.77750553482844, 35.08908993632203]]]}}, {"type": "Feature", "properties": {"LINK_ID": "1411030701", "F_NODE": "1410382301", "T_NODE": "1410382304", "LANES": 3, "ROAD_RANK": "104", "ROAD_TYPE": "000", "ROAD_NO": "-", "ROAD_NAME": "신항남로", "ROAD_USE": "0", "MULTI_LINK": "0", "CONNECT": "0", "MAX_SPD": 30, "REST_VEH": "0", "REST_W": 0, "REST_H": 0, "C-ITS": "0", "LENGTH": 12.000046815329, "UPDATEDATE": "20250512", "REMARK": null, "HIST_TYPE": "LINK0001", "HISTREMARK": null, "link_stats_import_fid": 234, "link_stats_import_vehicle_count": 45.0, "link_stats_import_avg_speed": 9.5, "link_stats_import_sum_weight_kg": 786450.0}, "geometry": {"type": "MultiLineString", "coordinates": [[[128.83482030744324, 35.06989971244042], [128.8346900911283, 35.06991489334677]]]}}, {"type": "Feature", "properties": {"LINK_ID": "1411032500", "F_NODE": "1410382002", "T_NODE": "1410382104", "LANES": 3, "ROAD_RANK": "104", "ROAD_TYPE": "000", "ROAD_NO": "-", "ROAD_NAME": "신항남로", "ROAD_USE": "0", "MULTI_LINK": "0", "CONNECT": "0", "MAX_SPD": 60, "REST_VEH": "0", "REST_W": 0, "REST_H": 0, "C-ITS": "0", "LENGTH": 51.73800582037, "UPDATEDATE": "20250512", "REMARK": null, "HIST_TYPE": "LINK0003", "HISTREMARK": null, "link_stats_import_fid": 50, "link_stats_import_vehicle_count": 313.0, "link_stats_import_avg_speed": 14.13, "link_stats_import_sum_weight_kg": 5616269.0}, "geometry": {"type": "MultiLineString", "coordinates": [[[128.8347422602312, 35.0747317959879], [128.8347424523801, 35.0742656047645]]]}}, {"type": "Feature", "properties": {"LINK_ID": "1410702302", "F_NODE": "1410867500", "T_NODE": "4180119601", "LANES": 3, "ROAD_RANK": "104", "ROAD_TYPE": "000", "ROAD_NO": "-", "ROAD_NAME": "신항로", "ROAD_USE": "0", "MULTI_LINK": "0", "CONNECT": "0", "MAX_SPD": 60, "REST_VEH": "0", "REST_W": 0, "REST_H": 0, "C-ITS": "0", "LENGTH": 276.076633328713, "UPDATEDATE": "20250512", "REMARK": null, "HIST_TYPE": "LINK1007", "HISTREMARK": "1410702300", "link_stats_import_fid": 37, "link_stats_import_vehicle_count": 353.0, "link_stats_import_avg_speed": 13.38, "link_stats_import_sum_weight_kg": 4322514.0}, "geometry": {"type": "MultiLineString", "coordinates": [[[128.82136667428657, 35.083241917988815], [128.81834040268862, 35.08323863638847]]]}}, {"type": "Feature", "properties": {"LINK_ID": "4180066100", "F_NODE": "4180107101", "T_NODE": "4180190500", "LANES": 3, "ROAD_RANK": "107", "ROAD_TYPE": "000", "ROAD_NO": "-", "ROAD_NAME": "신항5로", "ROAD_USE": "0", "MULTI_LINK": "0", "CONNECT": "0", "MAX_SPD": 50, "REST_VEH": "0", "REST_W": 0, "REST_H": 0, "C-ITS": "0", "LENGTH": 108.702206085587, "UPDATEDATE": "20250512", "REMARK": null, "HIST_TYPE": "LINK0003", "HISTREMARK": null, "link_stats_import_fid": 354, "link_stats_import_vehicle_count": 19.0, "link_stats_import_avg_speed": 8.96, "link_stats_import_sum_weight_kg": 77627.0}, "geometry": {"type": "MultiLineString", "coordinates": [[[128.8072781876219, 35.086060788194644], [128.80728896342043, 35.08679770708053], [128.8072888917394, 35.0868069642055], [128.8072870856342, 35.08704021196354]]]}}, {"type": "Feature", "properties": {"LINK_ID": "1410122706", "F_NODE": "1410432500", "T_NODE": "1410432300", "LANES": 2, "ROAD_RANK": "104", "ROAD_TYPE": "003", "ROAD_NO": "-", "ROAD_NAME": "신항남로", "ROAD_USE": "0", "MULTI_LINK": "0", "CONNECT": "0", "MAX_SPD": 80, "REST_VEH": "0", "REST_W": 0, "REST_H": 0, "C-ITS": "0", "LENGTH": 229.178287824883, "UPDATEDATE": "20250512", "REMARK": null, "HIST_TYPE": "LINK1007", "HISTREMARK": "1410122702", "link_stats_import_fid": 60, "link_stats_import_vehicle_count": 255.0, "link_stats_import_avg_speed": 17.15, "link_stats_import_sum_weight_kg": 762916.0}, "geometry": {"type": "MultiLineString", "coordinates": [[[128.83477379230703, 35.08631847515712], [128.83474573638134, 35.0868127650421], [128.83470567930286, 35.087375568376], [128.834633730854, 35.08814802120617], [128.83462588004767, 35.088379657946184]]]}}, {"type": "Feature", "properties": {"LINK_ID": "4180141201", "F_NODE": "4180111301", "T_NODE": "4180111304", "LANES": 3, "ROAD_RANK": "103", "ROAD_TYPE": "000", "ROAD_NO": "2", "ROAD_NAME": "진해대로", "ROAD_USE": "0", "MULTI_LINK": "0", "CONNECT": "0", "MAX_SPD": 70, "REST_VEH": "0", "REST_W": 0, "REST_H": 0, "C-ITS": "0", "LENGTH": 11.099747255567, "UPDATEDATE": "20250512", "REMARK": null, "HIST_TYPE": "LINK0001", "HISTREMARK": null, "link_stats_import_fid": null, "link_stats_import_vehicle_count": null, "link_stats_import_avg_speed": null, "link_stats_import_sum_weight_kg": null}, "geometry": {"type": "MultiLineString", "coordinates": [[[128.81388458593065, 35.103179020396034], [128.81376648776913, 35.103203180123145]]]}}, {"type": "Feature", "properties": {"LINK_ID": "1410075501", "F_NODE": "1410025604", "T_NODE": "1410025603", "LANES": 2, "ROAD_RANK": "104", "ROAD_TYPE": "000", "ROAD_NO": "-", "ROAD_NAME": "녹산산업북로", "ROAD_USE": "0", "MULTI_LINK": "0", "CONNECT": "0", "MAX_SPD": 50, "REST_VEH": "0", "REST_W": 0, "REST_H": 0, "C-ITS": "0", "LENGTH": 12.23654529022, "UPDATEDATE": "20250512", "REMARK": null, "HIST_TYPE": "LINK0001", "HISTREMARK": null, "link_stats_import_fid": 824, "link_stats_import_vehicle_count": 3.0, "link_stats_import_avg_speed": 9.17, "link_stats_import_sum_weight_kg": 0.0}, "geometry": {"type": "MultiLineString", "coordinates": [[[128.82769684579716, 35.09507396856227], [128.82760177610677, 35.09499617647137]]]}}, {"type": "Feature", "properties": {"LINK_ID": "4180082400", "F_NODE": "4180094504", "T_NODE": "4180093101", "LANES": 4, "ROAD_RANK": "107", "ROAD_TYPE": "000", "ROAD_NO": "-", "ROAD_NAME": "신항10로", "ROAD_USE": "0", "MULTI_LINK": "0", "CONNECT": "0", "MAX_SPD": 60, "REST_VEH": "0", "REST_W": 0, "REST_H": 0, "C-ITS": "0", "LENGTH": 220.269674471924, "UPDATEDATE": "20250512", "REMARK": null, "HIST_TYPE": "LINK0003", "HISTREMARK": null, "link_stats_import_fid": 617, "link_stats_import_vehicle_count": 7.0, "link_stats_import_avg_speed": 10.08, "link_stats_import_sum_weight_kg": 3000.0}, "geometry": {"type": "MultiLineString", "coordinates": [[[128.7812476982552, 35.09138671983136], [128.77883294579743, 35.09140042061962]]]}}, {"type": "Feature", "properties": {"LINK_ID": "1410085501", "F_NODE": "1410028604", "T_NODE": "1410028603", "LANES": 2, "ROAD_RANK": "104", "ROAD_TYPE": "000", "ROAD_NO": "-", "ROAD_NAME": "녹산산단27로", "ROAD_USE": "0", "MULTI_LINK": "0", "CONNECT": "0", "MAX_SPD": 50, "REST_VEH": "0", "REST_W": 0, "REST_H": 0, "C-ITS": "0", "LENGTH": 12.156412733822, "UPDATEDATE": "20250512", "REMARK": null, "HIST_TYPE": "LINK0001", "HISTREMARK": null, "link_stats_import_fid": null, "link_stats_import_vehicle_count": null, "link_stats_import_avg_speed": null, "link_stats_import_sum_weight_kg": null}, "geometry": {"type": "MultiLineString", "coordinates": [[[128.825001292276, 35.09724924163336], [128.8249080104388, 35.09717100664857]]]}}, {"type": "Feature", "properties": {"LINK_ID": "4180064003", "F_NODE": "4180311700", "T_NODE": "4180109801", "LANES": 2, "ROAD_RANK": "107", "ROAD_TYPE": "000", "ROAD_NO": "-", "ROAD_NAME": "신항4로", "ROAD_USE": "0", "MULTI_LINK": "0", "CONNECT": "0", "MAX_SPD": 60, "REST_VEH": "0", "REST_W": 0, "REST_H": 0, "C-ITS": "0", "LENGTH": 266.691034123081, "UPDATEDATE": "20250512", "REMARK": null, "HIST_TYPE": "LINK1007", "HISTREMARK": "4180064000", "link_stats_import_fid": 452, "link_stats_import_vehicle_count": 12.0, "link_stats_import_avg_speed": 9.36, "link_stats_import_sum_weight_kg": 120111.0}, "geometry": {"type": "MultiLineString", "coordinates": [[[128.81529124871543, 35.08460099100768], [128.81503081526387, 35.08460292034291], [128.81412338393028, 35.08460227526767], [128.81312317208187, 35.08460155636389], [128.81236786055243, 35.084594584615346]]]}}, {"type": "Feature", "properties": {"LINK_ID": "4180075700", "F_NODE": "4180107001", "T_NODE": "4180106902", "LANES": 2, "ROAD_RANK": "107", "ROAD_TYPE": "000", "ROAD_NO": "-", "ROAD_NAME": "신항5로", "ROAD_USE": "0", "MULTI_LINK": "0", "CONNECT": "0", "MAX_SPD": 50, "REST_VEH": "0", "REST_W": 0, "REST_H": 250, "C-ITS": "0", "LENGTH": 86.409409017645, "UPDATEDATE": "20250512", "REMARK": null, "HIST_TYPE": "LINK0003", "HISTREMARK": null, "link_stats_import_fid": 614, "link_stats_import_vehicle_count": 7.0, "link_stats_import_avg_speed": 7.91, "link_stats_import_sum_weight_kg": 41684.0}, "geometry": {"type": "MultiLineString", "coordinates": [[[128.80727141024192, 35.08891588544837], [128.8072528627749, 35.08954796744204], [128.80725875025402, 35.089653380613406], [128.80726836363039, 35.08969342658549]]]}}, {"type": "Feature", "properties": {"LINK_ID": "1410065601", "F_NODE": "1410022903", "T_NODE": "1410022902", "LANES": 2, "ROAD_RANK": "104", "ROAD_TYPE": "000", "ROAD_NO": "-", "ROAD_NAME": "녹산산업중로", "ROAD_USE": "0", "MULTI_LINK": "0", "CONNECT": "0", "MAX_SPD": 50, "REST_VEH": "0", "REST_W": 0, "REST_H": 0, "C-ITS": "0", "LENGTH": 10.945961771197, "UPDATEDATE": "20250512", "REMARK": null, "HIST_TYPE": "LINK0001", "HISTREMARK": null, "link_stats_import_fid": null, "link_stats_import_vehicle_count": null, "link_stats_import_avg_speed": null, "link_stats_import_sum_weight_kg": null}, "geometry": {"type": "MultiLineString", "coordinates": [[[128.8426601224917, 35.093405928376036], [128.84278012282329, 35.09340604630836]]]}}, {"type": "Feature", "properties": {"LINK_ID": "4180130800", "F_NODE": "4180116602", "T_NODE": "4180118503", "LANES": 2, "ROAD_RANK": "107", "ROAD_TYPE": "000", "ROAD_NO": "-", "ROAD_NAME": "용재로", "ROAD_USE": "0", "MULTI_LINK": "0", "CONNECT": "0", "MAX_SPD": 60, "REST_VEH": "0", "REST_W": 0, "REST_H": 0, "C-ITS": "0", "LENGTH": 120.539181767457, "UPDATEDATE": "20250512", "REMARK": null, "HIST_TYPE": "LINK0006", "HISTREMARK": null, "link_stats_import_fid": 1395, "link_stats_import_vehicle_count": 1.0, "link_stats_import_avg_speed": 9.18, "link_stats_import_sum_weight_kg": 0.0}, "geometry": {"type": "MultiLineString", "coordinates": [[[128.8167525467347, 35.10100808154315], [128.81698348635823, 35.10096453737259], [128.81711095743148, 35.100940063074205], [128.81803960433732, 35.100761379942156]]]}}, {"type": "Feature", "properties": {"LINK_ID": "1410070901", "F_NODE": "1410024309", "T_NODE": "1410024308", "LANES": 2, "ROAD_RANK": "104", "ROAD_TYPE": "000", "ROAD_NO": "-", "ROAD_NAME": "녹산산업북로", "ROAD_USE": "0", "MULTI_LINK": "0", "CONNECT": "0", "MAX_SPD": 50, "REST_VEH": "0", "REST_W": 0, "REST_H": 0, "C-ITS": "0", "LENGTH": 12.236823307111, "UPDATEDATE": "20250512", "REMARK": null, "HIST_TYPE": "LINK0001", "HISTREMARK": null, "link_stats_import_fid": 565, "link_stats_import_vehicle_count": 8.0, "link_stats_import_avg_speed": 6.34, "link_stats_import_sum_weight_kg": 6000.0}, "geometry": {"type": "MultiLineString", "coordinates": [[[128.82678880695167, 35.09433093857321], [128.82669686521103, 35.094250644036094]]]}}, {"type": "Feature", "properties": {"LINK_ID": "1410097800", "F_NODE": "1410032801", "T_NODE": "1410033002", "LANES": 3, "ROAD_RANK": "105", "ROAD_TYPE": "000", "ROAD_NO": "58", "ROAD_NAME": "가락대로", "ROAD_USE": "0", "MULTI_LINK": "0", "CONNECT": "0", "MAX_SPD": 60, "REST_VEH": "0", "REST_W": 0, "REST_H": 0, "C-ITS": "0", "LENGTH": 16.716229621036, "UPDATEDATE": "20250512", "REMARK": null, "HIST_TYPE": "LINK0003", "HISTREMARK": null, "link_stats_import_fid": 837, "link_stats_import_vehicle_count": 3.0, "link_stats_import_avg_speed": 7.55, "link_stats_import_sum_weight_kg": 0.0}, "geometry": {"type": "MultiLineString", "coordinates": [[[128.8394764823712, 35.10189620950047], [128.83947602995954, 35.1020468316337]]]}}, {"type": "Feature", "properties": {"LINK_ID": "4180129801", "F_NODE": "4180116901", "T_NODE": "4180116904", "LANES": 2, "ROAD_RANK": "107", "ROAD_TYPE": "000", "ROAD_NO": "-", "ROAD_NAME": "용재로", "ROAD_USE": "0", "MULTI_LINK": "0", "CONNECT": "0", "MAX_SPD": 60, "REST_VEH": "0", "REST_W": 0, "REST_H": 0, "C-ITS": "0", "LENGTH": 12.00006262555, "UPDATEDATE": "20250512", "REMARK": null, "HIST_TYPE": "LINK0001", "HISTREMARK": null, "link_stats_import_fid": null, "link_stats_import_vehicle_count": null, "link_stats_import_avg_speed": null, "link_stats_import_sum_weight_kg": null}, "geometry": {"type": "MultiLineString", "coordinates": [[[128.81714497498737, 35.101059473988144], [128.81701694915313, 35.101084402347595]]]}}, {"type": "Feature", "properties": {"LINK_ID": "1411031901", "F_NODE": "1410913300", "T_NODE": "1410383002", "LANES": 3, "ROAD_RANK": "104", "ROAD_TYPE": "000", "ROAD_NO": "-", "ROAD_NAME": "신항남로", "ROAD_USE": "0", "MULTI_LINK": "0", "CONNECT": "0", "MAX_SPD": 60, "REST_VEH": "0", "REST_W": 0, "REST_H": 450, "C-ITS": "0", "LENGTH": 437.837590658234, "UPDATEDATE": "20250512", "REMARK": null, "HIST_TYPE": "LINK1007", "HISTREMARK": "1411031900", "link_stats_import_fid": 104, "link_stats_import_vehicle_count": 149.0, "link_stats_import_avg_speed": 15.18, "link_stats_import_sum_weight_kg": 5123925.0}, "geometry": {"type": "MultiLineString", "coordinates": [[[128.82673682954615, 35.06649280648944], [128.82584720127548, 35.06619507042817], [128.8251451116473, 35.06587723338473], [128.8244562298048, 35.06546679796116], [128.82390857585978, 35.06501662375385], [128.82348711747744, 35.06466664637718], [128.82287411595158, 35.06422849168242]]]}}, {"type": "Feature", "properties": {"LINK_ID": "1410066000", "F_NODE": "1410022902", "T_NODE": "1410023003", "LANES": 2, "ROAD_RANK": "104", "ROAD_TYPE": "000", "ROAD_NO": "-", "ROAD_NAME": "녹산산업중로", "ROAD_USE": "0", "MULTI_LINK": "0", "CONNECT": "0", "MAX_SPD": 50, "REST_VEH": "0", "REST_W": 0, "REST_H": 0, "C-ITS": "0", "LENGTH": 290.620678829209, "UPDATEDATE": "20250512", "REMARK": null, "HIST_TYPE": "LINK0003", "HISTREMARK": null, "link_stats_import_fid": null, "link_stats_import_vehicle_count": null, "link_stats_import_avg_speed": null, "link_stats_import_sum_weight_kg": null}, "geometry": {"type": "MultiLineString", "coordinates": [[[128.84278012282329, 35.09340604630836], [128.8459661891622, 35.09340893804421]]]}}, {"type": "Feature", "properties": {"LINK_ID": "1410094700", "F_NODE": "1410032302", "T_NODE": "1410031303", "LANES": 2, "ROAD_RANK": "104", "ROAD_TYPE": "000", "ROAD_NO": "-", "ROAD_NAME": "녹산산업중로", "ROAD_USE": "0", "MULTI_LINK": "0", "CONNECT": "0", "MAX_SPD": 50, "REST_VEH": "0", "REST_W": 0, "REST_H": 0, "C-ITS": "0", "LENGTH": 157.988738319474, "UPDATEDATE": "20250512", "REMARK": null, "HIST_TYPE": "LINK0003", "HISTREMARK": null, "link_stats_import_fid": 835, "link_stats_import_vehicle_count": 3.0, "link_stats_import_avg_speed": 8.6, "link_stats_import_sum_weight_kg": 29425.0}, "geometry": {"type": "MultiLineString", "coordinates": [[[128.82462559062347, 35.10014444504961], [128.82490098747832, 35.100060991140325], [128.82506098771415, 35.09999299174998], [128.82524798690503, 35.09987199171455], [128.826007240004, 35.09931156877702]]]}}, {"type": "Feature", "properties": {"LINK_ID": "4180139800", "F_NODE": "4180123301", "T_NODE": "4180222500", "LANES": 2, "ROAD_RANK": "107", "ROAD_TYPE": "004", "ROAD_NO": "-", "ROAD_NAME": "-", "ROAD_USE": "0", "MULTI_LINK": "0", "CONNECT": "0", "MAX_SPD": 80, "REST_VEH": "0", "REST_W": 0, "REST_H": 0, "C-ITS": "0", "LENGTH": 436.855448867995, "UPDATEDATE": "20250512", "REMARK": "도로명없음", "HIST_TYPE": "LINK0003", "HISTREMARK": null, "link_stats_import_fid": 495, "link_stats_import_vehicle_count": 11.0, "link_stats_import_avg_speed": 16.28, "link_stats_import_sum_weight_kg": 43220.0}, "geometry": {"type": "MultiLineString", "coordinates": [[[128.82387586820303, 35.10237127788807], [128.82393511905443, 35.103103827891076], [128.82395404384113, 35.10368770879117], [128.82393315029722, 35.10418551931857], [128.82387395598045, 35.10470860481559], [128.82372140200914, 35.1054141747518], [128.82350136615682, 35.1060471019738], [128.82341454148795, 35.10625495547765]]]}}, {"type": "Feature", "properties": {"LINK_ID": "1410063504", "F_NODE": "1410022308", "T_NODE": "1410022307", "LANES": 3, "ROAD_RANK": "104", "ROAD_TYPE": "000", "ROAD_NO": "-", "ROAD_NAME": "녹산산업대로", "ROAD_USE": "0", "MULTI_LINK": "0", "CONNECT": "0", "MAX_SPD": 70, "REST_VEH": "0", "REST_W": 0, "REST_H": 0, "C-ITS": "0", "LENGTH": 12.002992465221, "UPDATEDATE": "20250512", "REMARK": null, "HIST_TYPE": "LINK0001", "HISTREMARK": null, "link_stats_import_fid": null, "link_stats_import_vehicle_count": null, "link_stats_import_avg_speed": null, "link_stats_import_sum_weight_kg": null}, "geometry": {"type": "MultiLineString", "coordinates": [[[128.82719981586857, 35.09384542179882], [128.82729375639957, 35.093769685649136]]]}}, {"type": "Feature", "properties": {"LINK_ID": "4180064101", "F_NODE": "4180119402", "T_NODE": "4180119401", "LANES": 3, "ROAD_RANK": "107", "ROAD_TYPE": "000", "ROAD_NO": "-", "ROAD_NAME": "신항4로", "ROAD_USE": "0", "MULTI_LINK": "0", "CONNECT": "0", "MAX_SPD": 60, "REST_VEH": "0", "REST_W": 0, "REST_H": 0, "C-ITS": "0", "LENGTH": 12.000930670373, "UPDATEDATE": "20250512", "REMARK": null, "HIST_TYPE": "LINK0001", "HISTREMARK": null, "link_stats_import_fid": 453, "link_stats_import_vehicle_count": 12.0, "link_stats_import_avg_speed": 8.83, "link_stats_import_sum_weight_kg": 57386.0}, "geometry": {"type": "MultiLineString", "coordinates": [[[128.81835643687046, 35.08600223748689], [128.8183571730576, 35.086110372026596]]]}}, {"type": "Feature", "properties": {"LINK_ID": "1411060300", "F_NODE": "4180124002", "T_NODE": "1410277903", "LANES": 2, "ROAD_RANK": "107", "ROAD_TYPE": "000", "ROAD_NO": "-", "ROAD_NAME": "신항2로", "ROAD_USE": "0", "MULTI_LINK": "0", "CONNECT": "0", "MAX_SPD": 30, "REST_VEH": "0", "REST_W": 0, "REST_H": 0, "C-ITS": "0", "LENGTH": 486.916362252167, "UPDATEDATE": "20250512", "REMARK": null, "HIST_TYPE": "LINK0003", "HISTREMARK": null, "link_stats_import_fid": 300, "link_stats_import_vehicle_count": 26.0, "link_stats_import_avg_speed": 10.48, "link_stats_import_sum_weight_kg": 4000.0}, "geometry": {"type": "MultiLineString", "coordinates": [[[128.82725975628748, 35.09022706852349], [128.8281226653538, 35.089537109318655], [128.8309853089546, 35.08722885355678], [128.83107369310557, 35.08715756692433]]]}}, {"type": "Feature", "properties": {"LINK_ID": "4180082000", "F_NODE": "4180090903", "T_NODE": "4180091104", "LANES": 3, "ROAD_RANK": "107", "ROAD_TYPE": "000", "ROAD_NO": "-", "ROAD_NAME": "신항6로", "ROAD_USE": "0", "MULTI_LINK": "0", "CONNECT": "0", "MAX_SPD": 60, "REST_VEH": "0", "REST_W": 0, "REST_H": 0, "C-ITS": "0", "LENGTH": 300.458902330782, "UPDATEDATE": "20250512", "REMARK": null, "HIST_TYPE": "LINK0003", "HISTREMARK": null, "link_stats_import_fid": 360, "link_stats_import_vehicle_count": 19.0, "link_stats_import_avg_speed": 8.82, "link_stats_import_sum_weight_kg": 82006.0}, "geometry": {"type": "MultiLineString", "coordinates": [[[128.77425423208177, 35.094073398240674], [128.77426967106598, 35.09136605569532]]]}}, {"type": "Feature", "properties": {"LINK_ID": "1410081200", "F_NODE": "1410027302", "T_NODE": "1410028903", "LANES": 2, "ROAD_RANK": "104", "ROAD_TYPE": "000", "ROAD_NO": "-", "ROAD_NAME": "녹산산업북로", "ROAD_USE": "0", "MULTI_LINK": "0", "CONNECT": "0", "MAX_SPD": 50, "REST_VEH": "0", "REST_W": 0, "REST_H": 0, "C-ITS": "0", "LENGTH": 325.753887667217, "UPDATEDATE": "20250512", "REMARK": null, "HIST_TYPE": "LINK0003", "HISTREMARK": null, "link_stats_import_fid": 231, "link_stats_import_vehicle_count": 45.0, "link_stats_import_avg_speed": 9.93, "link_stats_import_sum_weight_kg": 67090.0}, "geometry": {"type": "MultiLineString", "coordinates": [[[128.82968120367022, 35.09653843119529], [128.83148798778382, 35.097857991893655], [128.83264218143142, 35.097873191115674]]]}}, {"type": "Feature", "properties": {"LINK_ID": "4180116601", "F_NODE": "4180111701", "T_NODE": "4180111704", "LANES": 2, "ROAD_RANK": "107", "ROAD_TYPE": "000", "ROAD_NO": "-", "ROAD_NAME": "용원로", "ROAD_USE": "0", "MULTI_LINK": "0", "CONNECT": "0", "MAX_SPD": 60, "REST_VEH": "0", "REST_W": 0, "REST_H": 0, "C-ITS": "0", "LENGTH": 11.048320860178, "UPDATEDATE": "20250512", "REMARK": null, "HIST_TYPE": "LINK0001", "HISTREMARK": null, "link_stats_import_fid": null, "link_stats_import_vehicle_count": null, "link_stats_import_avg_speed": null, "link_stats_import_sum_weight_kg": null}, "geometry": {"type": "MultiLineString", "coordinates": [[[128.81392621196665, 35.09971274255653], [128.8138085122693, 35.09973627718203]]]}}, {"type": "Feature", "properties": {"LINK_ID": "1410123004", "F_NODE": "1410432200", "T_NODE": "1410432400", "LANES": 2, "ROAD_RANK": "104", "ROAD_TYPE": "003", "ROAD_NO": "-", "ROAD_NAME": "신항남로", "ROAD_USE": "0", "MULTI_LINK": "0", "CONNECT": "0", "MAX_SPD": 80, "REST_VEH": "0", "REST_W": 0, "REST_H": 0, "C-ITS": "0", "LENGTH": 229.403546219566, "UPDATEDATE": "20250512", "REMARK": null, "HIST_TYPE": "LINK1007", "HISTREMARK": "1410123001", "link_stats_import_fid": 55, "link_stats_import_vehicle_count": 288.0, "link_stats_import_avg_speed": 18.18, "link_stats_import_sum_weight_kg": 1053750.0}, "geometry": {"type": "MultiLineString", "coordinates": [[[128.83449441302838, 35.08837664722581], [128.8345023751618, 35.08814183065246], [128.83457442641637, 35.087368283153765], [128.8346143691069, 35.08680708754049], [128.83464239015882, 35.086313435803284]]]}}, {"type": "Feature", "properties": {"LINK_ID": "4180065300", "F_NODE": "4180102501", "T_NODE": "4180194100", "LANES": 3, "ROAD_RANK": "107", "ROAD_TYPE": "000", "ROAD_NO": "-", "ROAD_NAME": "신항동로", "ROAD_USE": "0", "MULTI_LINK": "0", "CONNECT": "0", "MAX_SPD": 50, "REST_VEH": "0", "REST_W": 0, "REST_H": 0, "C-ITS": "0", "LENGTH": 85.960338535884, "UPDATEDATE": "20250512", "REMARK": null, "HIST_TYPE": "LINK0003", "HISTREMARK": null, "link_stats_import_fid": 1221, "link_stats_import_vehicle_count": 1.0, "link_stats_import_avg_speed": 7.02, "link_stats_import_sum_weight_kg": 0.0}, "geometry": {"type": "MultiLineString", "coordinates": [[[128.8009713005598, 35.08605714914235], [128.80096775149158, 35.08683170745564]]]}}, {"type": "Feature", "properties": {"LINK_ID": "4180135300", "F_NODE": "4180111004", "T_NODE": "4180110501", "LANES": 2, "ROAD_RANK": "107", "ROAD_TYPE": "000", "ROAD_NO": "-", "ROAD_NAME": "용재로", "ROAD_USE": "0", "MULTI_LINK": "0", "CONNECT": "0", "MAX_SPD": 60, "REST_VEH": "0", "REST_W": 0, "REST_H": 0, "C-ITS": "0", "LENGTH": 23.290872013022, "UPDATEDATE": "20250512", "REMARK": null, "HIST_TYPE": "LINK0003", "HISTREMARK": null, "link_stats_import_fid": null, "link_stats_import_vehicle_count": null, "link_stats_import_avg_speed": null, "link_stats_import_sum_weight_kg": null}, "geometry": {"type": "MultiLineString", "coordinates": [[[128.81340323105076, 35.10181061406889], [128.81315469449729, 35.1018588269464]]]}}, {"type": "Feature", "properties": {"LINK_ID": "4180062500", "F_NODE": "4180109901", "T_NODE": "4180109802", "LANES": 3, "ROAD_RANK": "107", "ROAD_TYPE": "000", "ROAD_NO": "-", "ROAD_NAME": "-", "ROAD_USE": "0", "MULTI_LINK": "0", "CONNECT": "0", "MAX_SPD": 60, "REST_VEH": "0", "REST_W": 0, "REST_H": 0, "C-ITS": "0", "LENGTH": 139.722192490195, "UPDATEDATE": "20250512", "REMARK": "도로명없음", "HIST_TYPE": "LINK0003", "HISTREMARK": null, "link_stats_import_fid": 399, "link_stats_import_vehicle_count": 15.0, "link_stats_import_avg_speed": 8.96, "link_stats_import_sum_weight_kg": 124000.0}, "geometry": {"type": "MultiLineString", "coordinates": [[[128.8123617471838, 35.083227587749434], [128.81236770601416, 35.08333196006183], [128.81236933806727, 35.084486463654926]]]}}, {"type": "Feature", "properties": {"LINK_ID": "4180136201", "F_NODE": "4180108901", "T_NODE": "4180108904", "LANES": 2, "ROAD_RANK": "107", "ROAD_TYPE": "000", "ROAD_NO": "-", "ROAD_NAME": "용재로", "ROAD_USE": "0", "MULTI_LINK": "0", "CONNECT": "0", "MAX_SPD": 60, "REST_VEH": "0", "REST_W": 0, "REST_H": 0, "C-ITS": "0", "LENGTH": 11.23667037539, "UPDATEDATE": "20250512", "REMARK": null, "HIST_TYPE": "LINK0001", "HISTREMARK": null, "link_stats_import_fid": null, "link_stats_import_vehicle_count": null, "link_stats_import_avg_speed": null, "link_stats_import_sum_weight_kg": null}, "geometry": {"type": "MultiLineString", "coordinates": [[[128.81183423404164, 35.10212236350382], [128.81171453657765, 35.10214634110375]]]}}, {"type": "Feature", "properties": {"LINK_ID": "4180082701", "F_NODE": "4180119202", "T_NODE": "4180119201", "LANES": 3, "ROAD_RANK": "107", "ROAD_TYPE": "000", "ROAD_NO": "-", "ROAD_NAME": "신항4로", "ROAD_USE": "0", "MULTI_LINK": "0", "CONNECT": "0", "MAX_SPD": 50, "REST_VEH": "0", "REST_W": 0, "REST_H": 0, "C-ITS": "0", "LENGTH": 15.363586338826, "UPDATEDATE": "20250512", "REMARK": null, "HIST_TYPE": "LINK0001", "HISTREMARK": null, "link_stats_import_fid": null, "link_stats_import_vehicle_count": null, "link_stats_import_avg_speed": null, "link_stats_import_sum_weight_kg": null}, "geometry": {"type": "MultiLineString", "coordinates": [[[128.81846236528085, 35.091966623240694], [128.81850305681917, 35.09210095824024]]]}}, {"type": "Feature", "properties": {"LINK_ID": "1410121001", "F_NODE": "1410040603", "T_NODE": "1410040602", "LANES": 3, "ROAD_RANK": "104", "ROAD_TYPE": "000", "ROAD_NO": "-", "ROAD_NAME": "녹산산업대로", "ROAD_USE": "0", "MULTI_LINK": "0", "CONNECT": "0", "MAX_SPD": 70, "REST_VEH": "0", "REST_W": 0, "REST_H": 0, "C-ITS": "0", "LENGTH": 12.001521688583, "UPDATEDATE": "20250512", "REMARK": null, "HIST_TYPE": "LINK0001", "HISTREMARK": null, "link_stats_import_fid": 290, "link_stats_import_vehicle_count": 28.0, "link_stats_import_avg_speed": 15.16, "link_stats_import_sum_weight_kg": 94163.0}, "geometry": {"type": "MultiLineString", "coordinates": [[[128.83447680533263, 35.08889592589275], [128.83460837029426, 35.08889627873938]]]}}, {"type": "Feature", "properties": {"LINK_ID": "4180063903", "F_NODE": "4180315200", "T_NODE": "4180119503", "LANES": 2, "ROAD_RANK": "107", "ROAD_TYPE": "000", "ROAD_NO": "-", "ROAD_NAME": "신항4로", "ROAD_USE": "0", "MULTI_LINK": "0", "CONNECT": "0", "MAX_SPD": 60, "REST_VEH": "0", "REST_W": 0, "REST_H": 0, "C-ITS": "0", "LENGTH": 266.595287057304, "UPDATEDATE": "20250512", "REMARK": null, "HIST_TYPE": "LINK1007", "HISTREMARK": "4180063900", "link_stats_import_fid": 576, "link_stats_import_vehicle_count": 8.0, "link_stats_import_avg_speed": 8.03, "link_stats_import_sum_weight_kg": 60936.0}, "geometry": {"type": "MultiLineString", "coordinates": [[[128.8152916728328, 35.08449286000998], [128.8171587376496, 35.0844872461511], [128.81764998568923, 35.0844857646369], [128.81821404353758, 35.08448406126623]]]}}, {"type": "Feature", "properties": {"LINK_ID": "4180079500", "F_NODE": "4180118901", "T_NODE": "4180118801", "LANES": 3, "ROAD_RANK": "107", "ROAD_TYPE": "000", "ROAD_NO": "-", "ROAD_NAME": "신항4로", "ROAD_USE": "0", "MULTI_LINK": "0", "CONNECT": "0", "MAX_SPD": 50, "REST_VEH": "0", "REST_W": 0, "REST_H": 0, "C-ITS": "0", "LENGTH": 68.852752204051, "UPDATEDATE": "20250512", "REMARK": null, "HIST_TYPE": "LINK0003", "HISTREMARK": null, "link_stats_import_fid": 670, "link_stats_import_vehicle_count": 6.0, "link_stats_import_avg_speed": 9.09, "link_stats_import_sum_weight_kg": 89463.0}, "geometry": {"type": "MultiLineString", "coordinates": [[[128.8183426371136, 35.09011223026285], [128.81834382642586, 35.090732637391824]]]}}, {"type": "Feature", "properties": {"LINK_ID": "1410091100", "F_NODE": "1410030602", "T_NODE": "1410030303", "LANES": 2, "ROAD_RANK": "104", "ROAD_TYPE": "000", "ROAD_NO": "-", "ROAD_NAME": "녹산산업중로", "ROAD_USE": "0", "MULTI_LINK": "0", "CONNECT": "0", "MAX_SPD": 50, "REST_VEH": "0", "REST_W": 0, "REST_H": 0, "C-ITS": "0", "LENGTH": 87.18247725924, "UPDATEDATE": "20250512", "REMARK": null, "HIST_TYPE": "LINK0003", "HISTREMARK": null, "link_stats_import_fid": 701, "link_stats_import_vehicle_count": 5.0, "link_stats_import_avg_speed": 7.65, "link_stats_import_sum_weight_kg": 30425.0}, "geometry": {"type": "MultiLineString", "coordinates": [[[128.8268513277641, 35.0986424469442], [128.82753764400525, 35.0980956757594]]]}}, {"type": "Feature", "properties": {"LINK_ID": "1410024600", "F_NODE": "1410010501", "T_NODE": "1410011702", "LANES": 2, "ROAD_RANK": "104", "ROAD_TYPE": "000", "ROAD_NO": "-", "ROAD_NAME": "녹산산단232로", "ROAD_USE": "0", "MULTI_LINK": "0", "CONNECT": "0", "MAX_SPD": 50, "REST_VEH": "0", "REST_W": 0, "REST_H": 0, "C-ITS": "0", "LENGTH": 113.01329158583, "UPDATEDATE": "20250512", "REMARK": null, "HIST_TYPE": "LINK0003", "HISTREMARK": null, "link_stats_import_fid": null, "link_stats_import_vehicle_count": null, "link_stats_import_avg_speed": null, "link_stats_import_sum_weight_kg": null}, "geometry": {"type": "MultiLineString", "coordinates": [[[128.84279982911025, 35.08460101027965], [128.84279853951423, 35.08509030724616], [128.8427971453697, 35.085619322363684]]]}}, {"type": "Feature", "properties": {"LINK_ID": "1410122600", "F_NODE": "1410040803", "T_NODE": "1410040604", "LANES": 2, "ROAD_RANK": "104", "ROAD_TYPE": "000", "ROAD_NO": "-", "ROAD_NAME": "신항남로", "ROAD_USE": "0", "MULTI_LINK": "0", "CONNECT": "0", "MAX_SPD": 80, "REST_VEH": "0", "REST_W": 0, "REST_H": 0, "C-ITS": "0", "LENGTH": 486.826367712496, "UPDATEDATE": "20250512", "REMARK": null, "HIST_TYPE": "LINK0003", "HISTREMARK": null, "link_stats_import_fid": 64, "link_stats_import_vehicle_count": 240.0, "link_stats_import_avg_speed": 19.96, "link_stats_import_sum_weight_kg": 874974.0}, "geometry": {"type": "MultiLineString", "coordinates": [[[128.83444913620787, 35.09340011747714], [128.8344496333154, 35.08931930835678], [128.83447052464768, 35.08901400606842]]]}}, {"type": "Feature", "properties": {"LINK_ID": "1410039402", "F_NODE": "1410278007", "T_NODE": "1410014902", "LANES": 3, "ROAD_RANK": "104", "ROAD_TYPE": "000", "ROAD_NO": "-", "ROAD_NAME": "녹산산업대로", "ROAD_USE": "0", "MULTI_LINK": "0", "CONNECT": "0", "MAX_SPD": 70, "REST_VEH": "0", "REST_W": 0, "REST_H": 0, "C-ITS": "0", "LENGTH": 93.670105788229, "UPDATEDATE": "20250512", "REMARK": null, "HIST_TYPE": "LINK0003", "HISTREMARK": null, "link_stats_import_fid": 120, "link_stats_import_vehicle_count": 125.0, "link_stats_import_avg_speed": 8.24, "link_stats_import_sum_weight_kg": 376223.0}, "geometry": {"type": "MultiLineString", "coordinates": [[[128.8333638902596, 35.088994960540504], [128.83338731280332, 35.088986967822116], [128.83346397164829, 35.08896266884097], [128.83355388090706, 35.08894013853787], [128.83364501641822, 35.0889248290589], [128.83374499676862, 35.08891314286687], [128.83388172653727, 35.0889048569547], [128.83425079965437, 35.088896453098265], [128.8343758051527, 35.088895342645074]]]}}, {"type": "Feature", "properties": {"LINK_ID": "4180069402", "F_NODE": "4180223700", "T_NODE": "4180310000", "LANES": 2, "ROAD_RANK": "107", "ROAD_TYPE": "000", "ROAD_NO": "-", "ROAD_NAME": "신항8로", "ROAD_USE": "0", "MULTI_LINK": "0", "CONNECT": "0", "MAX_SPD": 60, "REST_VEH": "0", "REST_W": 0, "REST_H": 0, "C-ITS": "0", "LENGTH": 291.563545163776, "UPDATEDATE": "20250512", "REMARK": null, "HIST_TYPE": "LINK0006", "HISTREMARK": null, "link_stats_import_fid": null, "link_stats_import_vehicle_count": null, "link_stats_import_avg_speed": null, "link_stats_import_sum_weight_kg": null}, "geometry": {"type": "MultiLineString", "coordinates": [[[128.77993747265475, 35.088436259623215], [128.77973150337914, 35.08819185407206], [128.77897176556624, 35.08727163171696], [128.77880524716022, 35.0871230043271], [128.77861545876775, 35.08704671313486], [128.778408794005, 35.08700891618284], [128.7775960620072, 35.08700419577404]]]}}, {"type": "Feature", "properties": {"LINK_ID": "1410077500", "F_NODE": "1410026304", "T_NODE": "1410026201", "LANES": 2, "ROAD_RANK": "104", "ROAD_TYPE": "000", "ROAD_NO": "-", "ROAD_NAME": "녹산산단261로73번길", "ROAD_USE": "0", "MULTI_LINK": "0", "CONNECT": "0", "MAX_SPD": 70, "REST_VEH": "0", "REST_W": 0, "REST_H": 0, "C-ITS": "0", "LENGTH": 290.602601760628, "UPDATEDATE": "20250512", "REMARK": null, "HIST_TYPE": "LINK0003", "HISTREMARK": null, "link_stats_import_fid": 953, "link_stats_import_vehicle_count": 2.0, "link_stats_import_avg_speed": 5.94, "link_stats_import_sum_weight_kg": 28694.0}, "geometry": {"type": "MultiLineString", "coordinates": [[[128.84596083048106, 35.09570086557129], [128.84277488181098, 35.09569411916407]]]}}, {"type": "Feature", "properties": {"LINK_ID": "1411101807", "F_NODE": "1410695200", "T_NODE": "1410588200", "LANES": 3, "ROAD_RANK": "104", "ROAD_TYPE": "000", "ROAD_NO": "-", "ROAD_NAME": "신항남로", "ROAD_USE": "1", "MULTI_LINK": "0", "CONNECT": "0", "MAX_SPD": 60, "REST_VEH": "0", "REST_W": 0, "REST_H": 0, "C-ITS": "0", "LENGTH": 59.101110293213, "UPDATEDATE": "20250512", "REMARK": null, "HIST_TYPE": "LINK1007", "HISTREMARK": "1411101801", "link_stats_import_fid": 91, "link_stats_import_vehicle_count": 171.0, "link_stats_import_avg_speed": 13.76, "link_stats_import_sum_weight_kg": 5770059.0}, "geometry": {"type": "MultiLineString", "coordinates": [[[128.821711078124, 35.06378466505563], [128.82111039396537, 35.06358548151333]]]}}, {"type": "Feature", "properties": {"LINK_ID": "4180141701", "F_NODE": "4180087103", "T_NODE": "4180087102", "LANES": 2, "ROAD_RANK": "107", "ROAD_TYPE": "000", "ROAD_NO": "-", "ROAD_NAME": "남영로", "ROAD_USE": "0", "MULTI_LINK": "0", "CONNECT": "0", "MAX_SPD": 60, "REST_VEH": "0", "REST_W": 0, "REST_H": 0, "C-ITS": "0", "LENGTH": 12.78985314592, "UPDATEDATE": "20250512", "REMARK": null, "HIST_TYPE": "LINK0001", "HISTREMARK": null, "link_stats_import_fid": null, "link_stats_import_vehicle_count": null, "link_stats_import_avg_speed": null, "link_stats_import_sum_weight_kg": null}, "geometry": {"type": "MultiLineString", "coordinates": [[[128.75961030827526, 35.103633312338076], [128.75974926738016, 35.10364883395027]]]}}, {"type": "Feature", "properties": {"LINK_ID": "4180083902", "F_NODE": "4180193400", "T_NODE": "4180122901", "LANES": 3, "ROAD_RANK": "107", "ROAD_TYPE": "000", "ROAD_NO": "-", "ROAD_NAME": "신항3로", "ROAD_USE": "0", "MULTI_LINK": "0", "CONNECT": "0", "MAX_SPD": 70, "REST_VEH": "0", "REST_W": 0, "REST_H": 0, "C-ITS": "0", "LENGTH": 51.242667124695, "UPDATEDATE": "20250512", "REMARK": null, "HIST_TYPE": "LINK1007", "HISTREMARK": "4180083900", "link_stats_import_fid": null, "link_stats_import_vehicle_count": null, "link_stats_import_avg_speed": null, "link_stats_import_sum_weight_kg": null}, "geometry": {"type": "MultiLineString", "coordinates": [[[128.8224210810144, 35.091420118319874], [128.8220186005242, 35.09174223443232]]]}}, {"type": "Feature", "properties": {"LINK_ID": "1410052100", "F_NODE": "1410018701", "T_NODE": "1410022702", "LANES": 3, "ROAD_RANK": "105", "ROAD_TYPE": "000", "ROAD_NO": "58", "ROAD_NAME": "가락대로", "ROAD_USE": "0", "MULTI_LINK": "0", "CONNECT": "0", "MAX_SPD": 60, "REST_VEH": "0", "REST_W": 0, "REST_H": 0, "C-ITS": "0", "LENGTH": 361.127639782481, "UPDATEDATE": "20250512", "REMARK": null, "HIST_TYPE": "LINK0003", "HISTREMARK": null, "link_stats_import_fid": 383, "link_stats_import_vehicle_count": 16.0, "link_stats_import_avg_speed": 13.26, "link_stats_import_sum_weight_kg": 7000.0}, "geometry": {"type": "MultiLineString", "coordinates": [[[128.83951080892905, 35.09014907756109], [128.83950116528786, 35.09340303538183]]]}}, {"type": "Feature", "properties": {"LINK_ID": "1410000900", "F_NODE": "1410000204", "T_NODE": "1410000403", "LANES": 3, "ROAD_RANK": "103", "ROAD_TYPE": "000", "ROAD_NO": "2", "ROAD_NAME": "낙동남로", "ROAD_USE": "0", "MULTI_LINK": "0", "CONNECT": "0", "MAX_SPD": 70, "REST_VEH": "0", "REST_W": 0, "REST_H": 0, "C-ITS": "0", "LENGTH": 396.194572837047, "UPDATEDATE": "20250512", "REMARK": null, "HIST_TYPE": "LINK0003", "HISTREMARK": null, "link_stats_import_fid": 299, "link_stats_import_vehicle_count": 26.0, "link_stats_import_avg_speed": 10.03, "link_stats_import_sum_weight_kg": 55582.0}, "geometry": {"type": "MultiLineString", "coordinates": [[[128.83947309212803, 35.10291608137816], [128.83965198732542, 35.103044991535526], [128.84017698752058, 35.1034199913088], [128.84067998703617, 35.103783991042164], [128.84106798748522, 35.10406199115409], [128.84231298803812, 35.10496399142384], [128.84259898735402, 35.10516399172405], [128.8427458220165, 35.105263435334365]]]}}, {"type": "Feature", "properties": {"LINK_ID": "4180065001", "F_NODE": "4180102501", "T_NODE": "4180102504", "LANES": 4, "ROAD_RANK": "107", "ROAD_TYPE": "000", "ROAD_NO": "-", "ROAD_NAME": "신항북로", "ROAD_USE": "0", "MULTI_LINK": "0", "CONNECT": "0", "MAX_SPD": 70, "REST_VEH": "0", "REST_W": 0, "REST_H": 0, "C-ITS": "0", "LENGTH": 12.000566958029, "UPDATEDATE": "20250512", "REMARK": null, "HIST_TYPE": "LINK0001", "HISTREMARK": null, "link_stats_import_fid": 657, "link_stats_import_vehicle_count": 6.0, "link_stats_import_avg_speed": 12.64, "link_stats_import_sum_weight_kg": 3000.0}, "geometry": {"type": "MultiLineString", "coordinates": [[[128.8009713005598, 35.08605714914235], [128.80083975087064, 35.08605782815188]]]}}, {"type": "Feature", "properties": {"LINK_ID": "1410123005", "F_NODE": "1410432400", "T_NODE": "1410278104", "LANES": 2, "ROAD_RANK": "104", "ROAD_TYPE": "000", "ROAD_NO": "-", "ROAD_NAME": "신항남로", "ROAD_USE": "0", "MULTI_LINK": "0", "CONNECT": "0", "MAX_SPD": 80, "REST_VEH": "0", "REST_W": 0, "REST_H": 0, "C-ITS": "0", "LENGTH": 340.270056914024, "UPDATEDATE": "20250512", "REMARK": null, "HIST_TYPE": "LINK1007", "HISTREMARK": "1410123001", "link_stats_import_fid": 58, "link_stats_import_vehicle_count": 269.0, "link_stats_import_avg_speed": 12.06, "link_stats_import_sum_weight_kg": 1073742.0}, "geometry": {"type": "MultiLineString", "coordinates": [[[128.83464239015882, 35.086313435803284], [128.83464831710126, 35.08620901936763], [128.83467726870154, 35.08521370280811], [128.83466928459268, 35.08479450196614], [128.8346652786099, 35.08421065238828], [128.83467427590426, 35.083741844063574], [128.83466794122486, 35.08333360845721], [128.83466792332686, 35.083247948436544]]]}}, {"type": "Feature", "properties": {"LINK_ID": "4180061602", "F_NODE": "4180226800", "T_NODE": "4180102701", "LANES": 3, "ROAD_RANK": "107", "ROAD_TYPE": "000", "ROAD_NO": "-", "ROAD_NAME": "신항로", "ROAD_USE": "0", "MULTI_LINK": "0", "CONNECT": "0", "MAX_SPD": 60, "REST_VEH": "0", "REST_W": 0, "REST_H": 0, "C-ITS": "0", "LENGTH": 275.221476693728, "UPDATEDATE": "20250512", "REMARK": null, "HIST_TYPE": "LINK1007", "HISTREMARK": "4180061600", "link_stats_import_fid": 52, "link_stats_import_vehicle_count": 302.0, "link_stats_import_avg_speed": 13.51, "link_stats_import_sum_weight_kg": 4177024.0}, "geometry": {"type": "MultiLineString", "coordinates": [[[128.80415744261157, 35.083215859179525], [128.80114052930003, 35.08321124911268]]]}}, {"type": "Feature", "properties": {"LINK_ID": "4180067800", "F_NODE": "4180119303", "T_NODE": "4180119404", "LANES": 3, "ROAD_RANK": "107", "ROAD_TYPE": "000", "ROAD_NO": "-", "ROAD_NAME": "신항4로", "ROAD_USE": "0", "MULTI_LINK": "0", "CONNECT": "0", "MAX_SPD": 50, "REST_VEH": "0", "REST_W": 0, "REST_H": 0, "C-ITS": "0", "LENGTH": 87.840635568982, "UPDATEDATE": "20250512", "REMARK": null, "HIST_TYPE": "LINK0003", "HISTREMARK": null, "link_stats_import_fid": 141, "link_stats_import_vehicle_count": 99.0, "link_stats_import_avg_speed": 7.54, "link_stats_import_sum_weight_kg": 324651.0}, "geometry": {"type": "MultiLineString", "coordinates": [[[128.81823066210197, 35.08690154605133], [128.8182256242699, 35.086110055335254]]]}}, {"type": "Feature", "properties": {"LINK_ID": "4180059200", "F_NODE": "4180090601", "T_NODE": "4180090502", "LANES": 2, "ROAD_RANK": "107", "ROAD_TYPE": "000", "ROAD_NO": "-", "ROAD_NAME": "신항7로", "ROAD_USE": "0", "MULTI_LINK": "0", "CONNECT": "0", "MAX_SPD": 50, "REST_VEH": "0", "REST_W": 0, "REST_H": 0, "C-ITS": "0", "LENGTH": 410.861418020872, "UPDATEDATE": "20250512", "REMARK": null, "HIST_TYPE": "LINK0003", "HISTREMARK": null, "link_stats_import_fid": 450, "link_stats_import_vehicle_count": 12.0, "link_stats_import_avg_speed": 7.84, "link_stats_import_sum_weight_kg": 32544.0}, "geometry": {"type": "MultiLineString", "coordinates": [[[128.77002215879602, 35.08318376701157], [128.77002085994917, 35.0833336443704], [128.77001486267653, 35.08402607463942], [128.76999614150802, 35.086187634666494], [128.76999009404187, 35.08688586963058]]]}}, {"type": "Feature", "properties": {"LINK_ID": "1410736200", "F_NODE": "1410401302", "T_NODE": "1410287503", "LANES": 2, "ROAD_RANK": "104", "ROAD_TYPE": "000", "ROAD_NO": "-", "ROAD_NAME": "녹산산업대로", "ROAD_USE": "0", "MULTI_LINK": "0", "CONNECT": "0", "MAX_SPD": 70, "REST_VEH": "0", "REST_W": 0, "REST_H": 0, "C-ITS": "0", "LENGTH": 138.077516703088, "UPDATEDATE": "20250512", "REMARK": null, "HIST_TYPE": "LINK0003", "HISTREMARK": null, "link_stats_import_fid": 283, "link_stats_import_vehicle_count": 29.0, "link_stats_import_avg_speed": 7.82, "link_stats_import_sum_weight_kg": 83277.0}, "geometry": {"type": "MultiLineString", "coordinates": [[[128.8221120987286, 35.09794696649042], [128.82319310410324, 35.097075980209894]]]}}, {"type": "Feature", "properties": {"LINK_ID": "1410030900", "F_NODE": "1410012302", "T_NODE": "1410012203", "LANES": 2, "ROAD_RANK": "104", "ROAD_TYPE": "000", "ROAD_NO": "-", "ROAD_NAME": "녹산산단178로", "ROAD_USE": "0", "MULTI_LINK": "0", "CONNECT": "0", "MAX_SPD": 60, "REST_VEH": "0", "REST_W": 0, "REST_H": 0, "C-ITS": "0", "LENGTH": 93.722252127933, "UPDATEDATE": "20250512", "REMARK": null, "HIST_TYPE": "LINK0003", "HISTREMARK": null, "link_stats_import_fid": null, "link_stats_import_vehicle_count": null, "link_stats_import_avg_speed": null, "link_stats_import_sum_weight_kg": null}, "geometry": {"type": "MultiLineString", "coordinates": [[[128.83706196616654, 35.08563074398485], [128.83808934136562, 35.08562814543735]]]}}, {"type": "Feature", "properties": {"LINK_ID": "1411101804", "F_NODE": "1410588200", "T_NODE": "1410662400", "LANES": 3, "ROAD_RANK": "104", "ROAD_TYPE": "000", "ROAD_NO": "-", "ROAD_NAME": "신항남로", "ROAD_USE": "1", "MULTI_LINK": "0", "CONNECT": "0", "MAX_SPD": 60, "REST_VEH": "0", "REST_W": 0, "REST_H": 0, "C-ITS": "0", "LENGTH": 494.99762517784, "UPDATEDATE": "20250512", "REMARK": null, "HIST_TYPE": "LINK1007", "HISTREMARK": "1411101801", "link_stats_import_fid": 63, "link_stats_import_vehicle_count": 243.0, "link_stats_import_avg_speed": 15.02, "link_stats_import_sum_weight_kg": 14029675.0}, "geometry": {"type": "MultiLineString", "coordinates": [[[128.82111039396537, 35.06358548151333], [128.8211075269794, 35.06358453082704], [128.81983188090064, 35.06335346905857], [128.81974090686438, 35.06333699007919], [128.8158158161194, 35.06270339878037], [128.81579408891892, 35.0626996667716]]]}}, {"type": "Feature", "properties": {"LINK_ID": "4180138902", "F_NODE": "4180108101", "T_NODE": "4180108104", "LANES": 2, "ROAD_RANK": "107", "ROAD_TYPE": "000", "ROAD_NO": "-", "ROAD_NAME": "안골로", "ROAD_USE": "0", "MULTI_LINK": "0", "CONNECT": "0", "MAX_SPD": 50, "REST_VEH": "0", "REST_W": 0, "REST_H": 0, "C-ITS": "0", "LENGTH": 12.222062544921, "UPDATEDATE": "20250512", "REMARK": null, "HIST_TYPE": "LINK0001", "HISTREMARK": null, "link_stats_import_fid": null, "link_stats_import_vehicle_count": null, "link_stats_import_avg_speed": null, "link_stats_import_sum_weight_kg": null}, "geometry": {"type": "MultiLineString", "coordinates": [[[128.81051736470772, 35.104030573070254], [128.81042912187527, 35.103947690649]]]}}, {"type": "Feature", "properties": {"LINK_ID": "4180063601", "F_NODE": "4180107201", "T_NODE": "4180107204", "LANES": 2, "ROAD_RANK": "107", "ROAD_TYPE": "000", "ROAD_NO": "-", "ROAD_NAME": "신항4로", "ROAD_USE": "0", "MULTI_LINK": "0", "CONNECT": "0", "MAX_SPD": 60, "REST_VEH": "0", "REST_W": 0, "REST_H": 0, "C-ITS": "0", "LENGTH": 11.999976322084, "UPDATEDATE": "20250512", "REMARK": null, "HIST_TYPE": "LINK0001", "HISTREMARK": null, "link_stats_import_fid": 854, "link_stats_import_vehicle_count": 3.0, "link_stats_import_avg_speed": 6.94, "link_stats_import_sum_weight_kg": 27000.0}, "geometry": {"type": "MultiLineString", "coordinates": [[[128.80729671262822, 35.08459971991026], [128.80716517623742, 35.08459862315432]]]}}, {"type": "Feature", "properties": {"LINK_ID": "4180098201", "F_NODE": "4180104404", "T_NODE": "4180104403", "LANES": 2, "ROAD_RANK": "107", "ROAD_TYPE": "000", "ROAD_NO": "-", "ROAD_NAME": "안청로", "ROAD_USE": "0", "MULTI_LINK": "0", "CONNECT": "0", "MAX_SPD": 60, "REST_VEH": "0", "REST_W": 0, "REST_H": 0, "C-ITS": "0", "LENGTH": 12.434107744696, "UPDATEDATE": "20250512", "REMARK": null, "HIST_TYPE": "LINK0001", "HISTREMARK": null, "link_stats_import_fid": null, "link_stats_import_vehicle_count": null, "link_stats_import_avg_speed": null, "link_stats_import_sum_weight_kg": null}, "geometry": {"type": "MultiLineString", "coordinates": [[[128.80445959584023, 35.09749321420129], [128.8045443932575, 35.097405487786205]]]}}, {"type": "Feature", "properties": {"LINK_ID": "4180066501", "F_NODE": "4180113403", "T_NODE": "4180113402", "LANES": 4, "ROAD_RANK": "107", "ROAD_TYPE": "000", "ROAD_NO": "-", "ROAD_NAME": "신항북로", "ROAD_USE": "0", "MULTI_LINK": "0", "CONNECT": "0", "MAX_SPD": 70, "REST_VEH": "0", "REST_W": 0, "REST_H": 0, "C-ITS": "0", "LENGTH": 12.081830629652, "UPDATEDATE": "20250512", "REMARK": null, "HIST_TYPE": "LINK0001", "HISTREMARK": null, "link_stats_import_fid": 377, "link_stats_import_vehicle_count": 17.0, "link_stats_import_avg_speed": 10.78, "link_stats_import_sum_weight_kg": 35100.0}, "geometry": {"type": "MultiLineString", "coordinates": [[[128.8142167129008, 35.08599898573479], [128.81434915525227, 35.085998950871556]]]}}, {"type": "Feature", "properties": {"LINK_ID": "4180062302", "F_NODE": "4180226600", "T_NODE": "4180119603", "LANES": 3, "ROAD_RANK": "107", "ROAD_TYPE": "000", "ROAD_NO": "-", "ROAD_NAME": "신항로", "ROAD_USE": "0", "MULTI_LINK": "0", "CONNECT": "0", "MAX_SPD": 60, "REST_VEH": "0", "REST_W": 0, "REST_H": 0, "C-ITS": "0", "LENGTH": 266.734995256036, "UPDATEDATE": "20250512", "REMARK": null, "HIST_TYPE": "LINK1007", "HISTREMARK": "4180062300", "link_stats_import_fid": 26, "link_stats_import_vehicle_count": 406.0, "link_stats_import_avg_speed": 13.46, "link_stats_import_sum_weight_kg": 4576014.0}, "geometry": {"type": "MultiLineString", "coordinates": [[[128.81528562357792, 35.083119429604814], [128.81537139859728, 35.08311942767686], [128.81820946646636, 35.083130189088614]]]}}, {"type": "Feature", "properties": {"LINK_ID": "4180072601", "F_NODE": "4180112804", "T_NODE": "4180112803", "LANES": 3, "ROAD_RANK": "107", "ROAD_TYPE": "000", "ROAD_NO": "-", "ROAD_NAME": "-", "ROAD_USE": "0", "MULTI_LINK": "0", "CONNECT": "0", "MAX_SPD": 70, "REST_VEH": "0", "REST_W": 0, "REST_H": 0, "C-ITS": "0", "LENGTH": 12.000023533066, "UPDATEDATE": "20250512", "REMARK": "도로명없음", "HIST_TYPE": "LINK0001", "HISTREMARK": null, "link_stats_import_fid": 996, "link_stats_import_vehicle_count": 2.0, "link_stats_import_avg_speed": 11.4, "link_stats_import_sum_weight_kg": 2300.0}, "geometry": {"type": "MultiLineString", "coordinates": [[[128.81418803096022, 35.08894713792759], [128.8141877372292, 35.08883901001853]]]}}, {"type": "Feature", "properties": {"LINK_ID": "1411060601", "F_NODE": "1410401304", "T_NODE": "1410401303", "LANES": 2, "ROAD_RANK": "104", "ROAD_TYPE": "000", "ROAD_NO": "-", "ROAD_NAME": "만금로", "ROAD_USE": "0", "MULTI_LINK": "0", "CONNECT": "0", "MAX_SPD": 40, "REST_VEH": "0", "REST_W": 0, "REST_H": 0, "C-ITS": "0", "LENGTH": 12.058519805545, "UPDATEDATE": "20250512", "REMARK": null, "HIST_TYPE": "LINK0001", "HISTREMARK": null, "link_stats_import_fid": 978, "link_stats_import_vehicle_count": 2.0, "link_stats_import_avg_speed": 5.78, "link_stats_import_sum_weight_kg": 20600.0}, "geometry": {"type": "MultiLineString", "coordinates": [[[128.82208703188851, 35.098075575816885], [128.82205292318832, 35.09797059944959]]]}}, {"type": "Feature", "properties": {"LINK_ID": "4180071001", "F_NODE": "4180119304", "T_NODE": "4180119303", "LANES": 3, "ROAD_RANK": "107", "ROAD_TYPE": "000", "ROAD_NO": "-", "ROAD_NAME": "신항4로", "ROAD_USE": "0", "MULTI_LINK": "0", "CONNECT": "0", "MAX_SPD": 50, "REST_VEH": "0", "REST_W": 0, "REST_H": 0, "C-ITS": "0", "LENGTH": 12.000108258234, "UPDATEDATE": "20250512", "REMARK": null, "HIST_TYPE": "LINK0001", "HISTREMARK": null, "link_stats_import_fid": 663, "link_stats_import_vehicle_count": 6.0, "link_stats_import_avg_speed": 8.01, "link_stats_import_sum_weight_kg": 6100.0}, "geometry": {"type": "MultiLineString", "coordinates": [[[128.81823081083735, 35.087009674794466], [128.81823066210197, 35.08690154605133]]]}}, {"type": "Feature", "properties": {"LINK_ID": "1410738402", "F_NODE": "1410024303", "T_NODE": "1410024308", "LANES": 2, "ROAD_RANK": "104", "ROAD_TYPE": "000", "ROAD_NO": "-", "ROAD_NAME": "녹산산업대로", "ROAD_USE": "0", "MULTI_LINK": "0", "CONNECT": "0", "MAX_SPD": 70, "REST_VEH": "0", "REST_W": 0, "REST_H": 0, "C-ITS": "0", "LENGTH": 144.883741745206, "UPDATEDATE": "20250512", "REMARK": null, "HIST_TYPE": "LINK0003", "HISTREMARK": null, "link_stats_import_fid": 156, "link_stats_import_vehicle_count": 84.0, "link_stats_import_avg_speed": 8.99, "link_stats_import_sum_weight_kg": 200406.0}, "geometry": {"type": "MultiLineString", "coordinates": [[[128.82556317598792, 35.095165033445674], [128.82669686521103, 35.094250644036094]]]}}, {"type": "Feature", "properties": {"LINK_ID": "1410078001", "F_NODE": "1410028302", "T_NODE": "1410028301", "LANES": 2, "ROAD_RANK": "104", "ROAD_TYPE": "000", "ROAD_NO": "-", "ROAD_NAME": "녹산산단261로", "ROAD_USE": "0", "MULTI_LINK": "0", "CONNECT": "0", "MAX_SPD": 50, "REST_VEH": "0", "REST_W": 0, "REST_H": 0, "C-ITS": "0", "LENGTH": 13.317698907516, "UPDATEDATE": "20250512", "REMARK": null, "HIST_TYPE": "LINK0001", "HISTREMARK": null, "link_stats_import_fid": null, "link_stats_import_vehicle_count": null, "link_stats_import_avg_speed": null, "link_stats_import_sum_weight_kg": null}, "geometry": {"type": "MultiLineString", "coordinates": [[[128.84607814511372, 35.096720199257376], [128.84607783859423, 35.09684019871829]]]}}, {"type": "Feature", "properties": {"LINK_ID": "4180063901", "F_NODE": "4180119503", "T_NODE": "4180119502", "LANES": 2, "ROAD_RANK": "107", "ROAD_TYPE": "000", "ROAD_NO": "-", "ROAD_NAME": "신항4로", "ROAD_USE": "0", "MULTI_LINK": "0", "CONNECT": "0", "MAX_SPD": 60, "REST_VEH": "0", "REST_W": 0, "REST_H": 0, "C-ITS": "0", "LENGTH": 12.000187064489, "UPDATEDATE": "20250512", "REMARK": null, "HIST_TYPE": "LINK0001", "HISTREMARK": null, "link_stats_import_fid": 307, "link_stats_import_vehicle_count": 25.0, "link_stats_import_avg_speed": 7.7, "link_stats_import_sum_weight_kg": 38548.0}, "geometry": {"type": "MultiLineString", "coordinates": [[[128.81821404353758, 35.08448406126623], [128.81834558792804, 35.084484311724204]]]}}, {"type": "Feature", "properties": {"LINK_ID": "1410074201", "F_NODE": "1410025202", "T_NODE": "1410025201", "LANES": 2, "ROAD_RANK": "104", "ROAD_TYPE": "000", "ROAD_NO": "-", "ROAD_NAME": "녹산산단27로", "ROAD_USE": "0", "MULTI_LINK": "0", "CONNECT": "0", "MAX_SPD": 50, "REST_VEH": "0", "REST_W": 0, "REST_H": 0, "C-ITS": "0", "LENGTH": 12.128980539149, "UPDATEDATE": "20250512", "REMARK": null, "HIST_TYPE": "LINK0001", "HISTREMARK": null, "link_stats_import_fid": null, "link_stats_import_vehicle_count": null, "link_stats_import_avg_speed": null, "link_stats_import_sum_weight_kg": null}, "geometry": {"type": "MultiLineString", "coordinates": [[[128.83202877618388, 35.09445714112383], [128.83212275816342, 35.09453445611072]]]}}, {"type": "Feature", "properties": {"LINK_ID": "1410065201", "F_NODE": "1410022803", "T_NODE": "1410022802", "LANES": 2, "ROAD_RANK": "104", "ROAD_TYPE": "000", "ROAD_NO": "-", "ROAD_NAME": "녹산산업중로", "ROAD_USE": "0", "MULTI_LINK": "0", "CONNECT": "0", "MAX_SPD": 50, "REST_VEH": "0", "REST_W": 0, "REST_H": 0, "C-ITS": "0", "LENGTH": 10.946465691274, "UPDATEDATE": "20250512", "REMARK": null, "HIST_TYPE": "LINK0001", "HISTREMARK": null, "link_stats_import_fid": null, "link_stats_import_vehicle_count": null, "link_stats_import_avg_speed": null, "link_stats_import_sum_weight_kg": null}, "geometry": {"type": "MultiLineString", "coordinates": [[[128.84075937863082, 35.09340394776253], [128.8408793845857, 35.093404054342535]]]}}, {"type": "Feature", "properties": {"LINK_ID": "1410024601", "F_NODE": "1410010502", "T_NODE": "1410010501", "LANES": 2, "ROAD_RANK": "104", "ROAD_TYPE": "000", "ROAD_NO": "-", "ROAD_NAME": "녹산산단232로", "ROAD_USE": "0", "MULTI_LINK": "0", "CONNECT": "0", "MAX_SPD": 50, "REST_VEH": "0", "REST_W": 0, "REST_H": 0, "C-ITS": "0", "LENGTH": 13.317673663302, "UPDATEDATE": "20250512", "REMARK": null, "HIST_TYPE": "LINK0001", "HISTREMARK": null, "link_stats_import_fid": null, "link_stats_import_vehicle_count": null, "link_stats_import_avg_speed": null, "link_stats_import_sum_weight_kg": null}, "geometry": {"type": "MultiLineString", "coordinates": [[[128.842799885157, 35.08448101041188], [128.84279982911025, 35.08460101027965]]]}}, {"type": "Feature", "properties": {"LINK_ID": "1411061202", "F_NODE": "1410401504", "T_NODE": "1410401503", "LANES": 2, "ROAD_RANK": "104", "ROAD_TYPE": "000", "ROAD_NO": "-", "ROAD_NAME": "만금로", "ROAD_USE": "0", "MULTI_LINK": "0", "CONNECT": "0", "MAX_SPD": 40, "REST_VEH": "0", "REST_W": 0, "REST_H": 0, "C-ITS": "0", "LENGTH": 13.247669585114, "UPDATEDATE": "20250512", "REMARK": null, "HIST_TYPE": "LINK0001", "HISTREMARK": null, "link_stats_import_fid": null, "link_stats_import_vehicle_count": null, "link_stats_import_avg_speed": null, "link_stats_import_sum_weight_kg": null}, "geometry": {"type": "MultiLineString", "coordinates": [[[128.82347170207146, 35.10199294919899], [128.8235051660906, 35.1018767907628]]]}}, {"type": "Feature", "properties": {"LINK_ID": "1410087401", "F_NODE": "1410029303", "T_NODE": "1410029302", "LANES": 3, "ROAD_RANK": "104", "ROAD_TYPE": "000", "ROAD_NO": "-", "ROAD_NAME": "녹산산업북로", "ROAD_USE": "0", "MULTI_LINK": "0", "CONNECT": "0", "MAX_SPD": 50, "REST_VEH": "0", "REST_W": 0, "REST_H": 0, "C-ITS": "0", "LENGTH": 10.945466068018, "UPDATEDATE": "20250512", "REMARK": null, "HIST_TYPE": "LINK0001", "HISTREMARK": null, "link_stats_import_fid": null, "link_stats_import_vehicle_count": null, "link_stats_import_avg_speed": null, "link_stats_import_sum_weight_kg": null}, "geometry": {"type": "MultiLineString", "coordinates": [[[128.83936816360506, 35.09791690457639], [128.83948816518287, 35.09791706950732]]]}}, {"type": "Feature", "properties": {"LINK_ID": "4180090600", "F_NODE": "4180120603", "T_NODE": "4180120304", "LANES": 2, "ROAD_RANK": "107", "ROAD_TYPE": "000", "ROAD_NO": "-", "ROAD_NAME": "용원동로", "ROAD_USE": "0", "MULTI_LINK": "0", "CONNECT": "0", "MAX_SPD": 50, "REST_VEH": "0", "REST_W": 0, "REST_H": 0, "C-ITS": "0", "LENGTH": 6.855818756871, "UPDATEDATE": "20250512", "REMARK": null, "HIST_TYPE": "LINK0003", "HISTREMARK": null, "link_stats_import_fid": null, "link_stats_import_vehicle_count": null, "link_stats_import_avg_speed": null, "link_stats_import_sum_weight_kg": null}, "geometry": {"type": "MultiLineString", "coordinates": [[[128.81903288040633, 35.09371634336248], [128.81900637077345, 35.0936585380325]]]}}, {"type": "Feature", "properties": {"LINK_ID": "4180074300", "F_NODE": "4180123501", "T_NODE": "4180123402", "LANES": 3, "ROAD_RANK": "107", "ROAD_TYPE": "000", "ROAD_NO": "-", "ROAD_NAME": "신항3로", "ROAD_USE": "0", "MULTI_LINK": "0", "CONNECT": "0", "MAX_SPD": 70, "REST_VEH": "0", "REST_W": 0, "REST_H": 0, "C-ITS": "0", "LENGTH": 95.515651897952, "UPDATEDATE": "20250512", "REMARK": null, "HIST_TYPE": "LINK0003", "HISTREMARK": null, "link_stats_import_fid": 224, "link_stats_import_vehicle_count": 49.0, "link_stats_import_avg_speed": 10.92, "link_stats_import_sum_weight_kg": 148310.0}, "geometry": {"type": "MultiLineString", "coordinates": [[[128.8243897787756, 35.08809552985405], [128.8243977787818, 35.08859090103695], [128.82439134061153, 35.088877555151505], [128.82438354492893, 35.088955831753]]]}}, {"type": "Feature", "properties": {"LINK_ID": "4180062702", "F_NODE": "4180119602", "T_NODE": "4180119601", "LANES": 3, "ROAD_RANK": "107", "ROAD_TYPE": "000", "ROAD_NO": "-", "ROAD_NAME": "신항4로", "ROAD_USE": "0", "MULTI_LINK": "0", "CONNECT": "0", "MAX_SPD": 60, "REST_VEH": "0", "REST_W": 0, "REST_H": 0, "C-ITS": "0", "LENGTH": 12.000019418801, "UPDATEDATE": "20250512", "REMARK": null, "HIST_TYPE": "LINK0001", "HISTREMARK": null, "link_stats_import_fid": 241, "link_stats_import_vehicle_count": 43.0, "link_stats_import_avg_speed": 9.29, "link_stats_import_sum_weight_kg": 444840.0}, "geometry": {"type": "MultiLineString", "coordinates": [[[128.81834057821555, 35.08313050841346], [128.81834040268862, 35.08323863638847]]]}}, {"type": "Feature", "properties": {"LINK_ID": "1410077201", "F_NODE": "1410026203", "T_NODE": "1410026202", "LANES": 2, "ROAD_RANK": "104", "ROAD_TYPE": "000", "ROAD_NO": "-", "ROAD_NAME": "녹산산단261로73번길", "ROAD_USE": "0", "MULTI_LINK": "0", "CONNECT": "0", "MAX_SPD": 70, "REST_VEH": "0", "REST_W": 0, "REST_H": 0, "C-ITS": "0", "LENGTH": 10.945662174266, "UPDATEDATE": "20250512", "REMARK": null, "HIST_TYPE": "LINK0001", "HISTREMARK": null, "link_stats_import_fid": null, "link_stats_import_vehicle_count": null, "link_stats_import_avg_speed": null, "link_stats_import_sum_weight_kg": null}, "geometry": {"type": "MultiLineString", "coordinates": [[[128.8426551298464, 35.09557386723319], [128.8427751297639, 35.09557411996873]]]}}, {"type": "Feature", "properties": {"LINK_ID": "1410024602", "F_NODE": "1410011702", "T_NODE": "1410011701", "LANES": 2, "ROAD_RANK": "104", "ROAD_TYPE": "000", "ROAD_NO": "-", "ROAD_NAME": "녹산산단232로", "ROAD_USE": "0", "MULTI_LINK": "0", "CONNECT": "0", "MAX_SPD": 50, "REST_VEH": "0", "REST_W": 0, "REST_H": 0, "C-ITS": "0", "LENGTH": 13.310681377506, "UPDATEDATE": "20250512", "REMARK": null, "HIST_TYPE": "LINK0001", "HISTREMARK": null, "link_stats_import_fid": null, "link_stats_import_vehicle_count": null, "link_stats_import_avg_speed": null, "link_stats_import_sum_weight_kg": null}, "geometry": {"type": "MultiLineString", "coordinates": [[[128.8427971453697, 35.085619322363684], [128.8427968767922, 35.08573925901136]]]}}, {"type": "Feature", "properties": {"LINK_ID": "4180149403", "F_NODE": "4180201100", "T_NODE": "4180106303", "LANES": 2, "ROAD_RANK": "107", "ROAD_TYPE": "000", "ROAD_NO": "-", "ROAD_NAME": "안청북로", "ROAD_USE": "0", "MULTI_LINK": "0", "CONNECT": "0", "MAX_SPD": 30, "REST_VEH": "0", "REST_W": 0, "REST_H": 0, "C-ITS": "0", "LENGTH": 191.695730725106, "UPDATEDATE": "20250512", "REMARK": null, "HIST_TYPE": "LINK1007", "HISTREMARK": "4180149400", "link_stats_import_fid": 1074, "link_stats_import_vehicle_count": 2.0, "link_stats_import_avg_speed": 12.49, "link_stats_import_sum_weight_kg": 62680.0}, "geometry": {"type": "MultiLineString", "coordinates": [[[128.80436046029132, 35.10418184449081], [128.8049222774618, 35.10416109300766], [128.8064602022665, 35.10410427429946]]]}}, {"type": "Feature", "properties": {"LINK_ID": "1410088300", "F_NODE": "1410029604", "T_NODE": "1410029501", "LANES": 2, "ROAD_RANK": "104", "ROAD_TYPE": "000", "ROAD_NO": "-", "ROAD_NAME": "녹산산업북로", "ROAD_USE": "0", "MULTI_LINK": "0", "CONNECT": "0", "MAX_SPD": 50, "REST_VEH": "0", "REST_W": 0, "REST_H": 0, "C-ITS": "0", "LENGTH": 290.524380504899, "UPDATEDATE": "20250512", "REMARK": null, "HIST_TYPE": "LINK0003", "HISTREMARK": null, "link_stats_import_fid": 1157, "link_stats_import_vehicle_count": 1.0, "link_stats_import_avg_speed": 6.87, "link_stats_import_sum_weight_kg": 2000.0}, "geometry": {"type": "MultiLineString", "coordinates": [[[128.84595498733356, 35.098051828816885], [128.84276981167193, 35.09804315524656]]]}}, {"type": "Feature", "properties": {"LINK_ID": "4180060601", "F_NODE": "4180098002", "T_NODE": "4180098001", "LANES": 2, "ROAD_RANK": "107", "ROAD_TYPE": "000", "ROAD_NO": "-", "ROAD_NAME": "안골로108번길", "ROAD_USE": "0", "MULTI_LINK": "0", "CONNECT": "0", "MAX_SPD": 60, "REST_VEH": "0", "REST_W": 0, "REST_H": 0, "C-ITS": "0", "LENGTH": 12.279581115875, "UPDATEDATE": "20250512", "REMARK": null, "HIST_TYPE": "LINK0001", "HISTREMARK": null, "link_stats_import_fid": 769, "link_stats_import_vehicle_count": 4.0, "link_stats_import_avg_speed": 8.81, "link_stats_import_sum_weight_kg": 131524.0}, "geometry": {"type": "MultiLineString", "coordinates": [[[128.78724968875648, 35.084421194502866], [128.78722360986333, 35.08452974643359]]]}}, {"type": "Feature", "properties": {"LINK_ID": "1410094701", "F_NODE": "1410031303", "T_NODE": "1410031302", "LANES": 2, "ROAD_RANK": "104", "ROAD_TYPE": "000", "ROAD_NO": "-", "ROAD_NAME": "녹산산업중로", "ROAD_USE": "0", "MULTI_LINK": "0", "CONNECT": "0", "MAX_SPD": 50, "REST_VEH": "0", "REST_W": 0, "REST_H": 0, "C-ITS": "0", "LENGTH": 12.164077445004, "UPDATEDATE": "20250512", "REMARK": null, "HIST_TYPE": "LINK0001", "HISTREMARK": null, "link_stats_import_fid": null, "link_stats_import_vehicle_count": null, "link_stats_import_avg_speed": null, "link_stats_import_sum_weight_kg": null}, "geometry": {"type": "MultiLineString", "coordinates": [[[128.826007240004, 35.09931156877702], [128.82610539044907, 35.099237362174335]]]}}, {"type": "Feature", "properties": {"LINK_ID": "4180126500", "F_NODE": "4180107703", "T_NODE": "4180201600", "LANES": 2, "ROAD_RANK": "107", "ROAD_TYPE": "000", "ROAD_NO": "-", "ROAD_NAME": "안골로", "ROAD_USE": "0", "MULTI_LINK": "0", "CONNECT": "0", "MAX_SPD": 50, "REST_VEH": "0", "REST_W": 0, "REST_H": 0, "C-ITS": "0", "LENGTH": 101.191014151928, "UPDATEDATE": "20250512", "REMARK": null, "HIST_TYPE": "LINK0003", "HISTREMARK": null, "link_stats_import_fid": null, "link_stats_import_vehicle_count": null, "link_stats_import_avg_speed": null, "link_stats_import_sum_weight_kg": null}, "geometry": {"type": "MultiLineString", "coordinates": [[[128.80994972593618, 35.10239538195405], [128.8097023234425, 35.101506542234354]]]}}, {"type": "Feature", "properties": {"LINK_ID": "1410099402", "F_NODE": "1410033307", "T_NODE": "1410000703", "LANES": 3, "ROAD_RANK": "104", "ROAD_TYPE": "000", "ROAD_NO": "-", "ROAD_NAME": "-", "ROAD_USE": "1", "MULTI_LINK": "0", "CONNECT": "1", "MAX_SPD": 50, "REST_VEH": "0", "REST_W": 0, "REST_H": 0, "C-ITS": "0", "LENGTH": 204.510113953338, "UPDATEDATE": "20250512", "REMARK": "도로명없음", "HIST_TYPE": "LINK0003", "HISTREMARK": null, "link_stats_import_fid": 962, "link_stats_import_vehicle_count": 2.0, "link_stats_import_avg_speed": 8.06, "link_stats_import_sum_weight_kg": 2000.0}, "geometry": {"type": "MultiLineString", "coordinates": [[[128.84426788796677, 35.10662008270366], [128.84456898746035, 35.106527991911726], [128.84493998769534, 35.10663899164037], [128.84531998766477, 35.10675099140717], [128.84632498721143, 35.107044990977705], [128.84638076827687, 35.107046756271174]]]}}, {"type": "Feature", "properties": {"LINK_ID": "1410074001", "F_NODE": "1410025901", "T_NODE": "1410025904", "LANES": 2, "ROAD_RANK": "104", "ROAD_TYPE": "000", "ROAD_NO": "-", "ROAD_NAME": "녹산산업중로", "ROAD_USE": "0", "MULTI_LINK": "0", "CONNECT": "0", "MAX_SPD": 50, "REST_VEH": "0", "REST_W": 0, "REST_H": 0, "C-ITS": "0", "LENGTH": 12.162330921775, "UPDATEDATE": "20250512", "REMARK": null, "HIST_TYPE": "LINK0001", "HISTREMARK": null, "link_stats_import_fid": null, "link_stats_import_vehicle_count": null, "link_stats_import_avg_speed": null, "link_stats_import_sum_weight_kg": null}, "geometry": {"type": "MultiLineString", "coordinates": [[[128.8307944026533, 35.0956254740762], [128.830700057368, 35.095702916599414]]]}}, {"type": "Feature", "properties": {"LINK_ID": "4180134500", "F_NODE": "4180111204", "T_NODE": "4180111001", "LANES": 2, "ROAD_RANK": "107", "ROAD_TYPE": "000", "ROAD_NO": "-", "ROAD_NAME": "용재로", "ROAD_USE": "0", "MULTI_LINK": "0", "CONNECT": "0", "MAX_SPD": 60, "REST_VEH": "0", "REST_W": 0, "REST_H": 0, "C-ITS": "0", "LENGTH": 16.626250645088, "UPDATEDATE": "20250512", "REMARK": null, "HIST_TYPE": "LINK0003", "HISTREMARK": null, "link_stats_import_fid": null, "link_stats_import_vehicle_count": null, "link_stats_import_avg_speed": null, "link_stats_import_sum_weight_kg": null}, "geometry": {"type": "MultiLineString", "coordinates": [[[128.81369834735472, 35.1017527708818], [128.8135210890487, 35.101787740176604]]]}}, {"type": "Feature", "properties": {"LINK_ID": "1410092001", "F_NODE": "1410031301", "T_NODE": "1410031304", "LANES": 2, "ROAD_RANK": "104", "ROAD_TYPE": "000", "ROAD_NO": "-", "ROAD_NAME": "녹산산업중로", "ROAD_USE": "0", "MULTI_LINK": "0", "CONNECT": "0", "MAX_SPD": 50, "REST_VEH": "0", "REST_W": 0, "REST_H": 0, "C-ITS": "0", "LENGTH": 12.162476319637, "UPDATEDATE": "20250512", "REMARK": null, "HIST_TYPE": "LINK0001", "HISTREMARK": null, "link_stats_import_fid": null, "link_stats_import_vehicle_count": null, "link_stats_import_avg_speed": null, "link_stats_import_sum_weight_kg": null}, "geometry": {"type": "MultiLineString", "coordinates": [[[128.82619926605526, 35.09931630751724], [128.82610182783952, 35.0993911243575]]]}}, {"type": "Feature", "properties": {"LINK_ID": "4180074500", "F_NODE": "4180090402", "T_NODE": "4180091303", "LANES": 2, "ROAD_RANK": "107", "ROAD_TYPE": "000", "ROAD_NO": "-", "ROAD_NAME": "신항9로", "ROAD_USE": "0", "MULTI_LINK": "0", "CONNECT": "0", "MAX_SPD": 60, "REST_VEH": "0", "REST_W": 0, "REST_H": 0, "C-ITS": "0", "LENGTH": 393.563530758531, "UPDATEDATE": "20250512", "REMARK": null, "HIST_TYPE": "LINK0003", "HISTREMARK": null, "link_stats_import_fid": 665, "link_stats_import_vehicle_count": 6.0, "link_stats_import_avg_speed": 7.28, "link_stats_import_sum_weight_kg": 51450.0}, "geometry": {"type": "MultiLineString", "coordinates": [[[128.7699761758491, 35.08907028945741], [128.7728312856997, 35.089066787652484], [128.77429068629235, 35.08906497152137]]]}}, {"type": "Feature", "properties": {"LINK_ID": "4180089301", "F_NODE": "4180090002", "T_NODE": "4180090001", "LANES": 2, "ROAD_RANK": "107", "ROAD_TYPE": "000", "ROAD_NO": "-", "ROAD_NAME": "신항7로", "ROAD_USE": "0", "MULTI_LINK": "0", "CONNECT": "0", "MAX_SPD": 50, "REST_VEH": "0", "REST_W": 0, "REST_H": 0, "C-ITS": "0", "LENGTH": 12.000006134473, "UPDATEDATE": "20250512", "REMARK": null, "HIST_TYPE": "LINK0001", "HISTREMARK": null, "link_stats_import_fid": null, "link_stats_import_vehicle_count": null, "link_stats_import_avg_speed": null, "link_stats_import_sum_weight_kg": null}, "geometry": {"type": "MultiLineString", "coordinates": [[[128.76993451211914, 35.09690355319049], [128.76993433375475, 35.09701168273261]]]}}, {"type": "Feature", "properties": {"LINK_ID": "1410028802", "F_NODE": "1410011701", "T_NODE": "1410011704", "LANES": 2, "ROAD_RANK": "104", "ROAD_TYPE": "000", "ROAD_NO": "-", "ROAD_NAME": "녹산산단232로", "ROAD_USE": "0", "MULTI_LINK": "0", "CONNECT": "0", "MAX_SPD": 60, "REST_VEH": "0", "REST_W": 0, "REST_H": 0, "C-ITS": "0", "LENGTH": 10.947171525472, "UPDATEDATE": "20250512", "REMARK": null, "HIST_TYPE": "LINK0001", "HISTREMARK": null, "link_stats_import_fid": null, "link_stats_import_vehicle_count": null, "link_stats_import_avg_speed": null, "link_stats_import_sum_weight_kg": null}, "geometry": {"type": "MultiLineString", "coordinates": [[[128.8427968767922, 35.08573925901136], [128.84267687449045, 35.0857391091663]]]}}, {"type": "Feature", "properties": {"LINK_ID": "4180125602", "F_NODE": "4180200100", "T_NODE": "4180106102", "LANES": 2, "ROAD_RANK": "107", "ROAD_TYPE": "000", "ROAD_NO": "-", "ROAD_NAME": "안청남로", "ROAD_USE": "0", "MULTI_LINK": "0", "CONNECT": "0", "MAX_SPD": 30, "REST_VEH": "0", "REST_W": 0, "REST_H": 0, "C-ITS": "0", "LENGTH": 52.31124365411, "UPDATEDATE": "20250512", "REMARK": null, "HIST_TYPE": "LINK1007", "HISTREMARK": "4180125600", "link_stats_import_fid": null, "link_stats_import_vehicle_count": null, "link_stats_import_avg_speed": null, "link_stats_import_sum_weight_kg": null}, "geometry": {"type": "MultiLineString", "coordinates": [[[128.80682095262284, 35.10079807914452], [128.8064826611627, 35.101178717547036]]]}}, {"type": "Feature", "properties": {"LINK_ID": "4180062602", "F_NODE": "4180109804", "T_NODE": "4180109803", "LANES": 3, "ROAD_RANK": "107", "ROAD_TYPE": "000", "ROAD_NO": "-", "ROAD_NAME": "-", "ROAD_USE": "0", "MULTI_LINK": "0", "CONNECT": "0", "MAX_SPD": 60, "REST_VEH": "0", "REST_W": 0, "REST_H": 0, "C-ITS": "0", "LENGTH": 11.999941955789, "UPDATEDATE": "20250512", "REMARK": "도로명없음", "HIST_TYPE": "LINK0001", "HISTREMARK": null, "link_stats_import_fid": null, "link_stats_import_vehicle_count": null, "link_stats_import_avg_speed": null, "link_stats_import_sum_weight_kg": null}, "geometry": {"type": "MultiLineString", "coordinates": [[[128.81223926246577, 35.08459458185511], [128.81223779459086, 35.08448646099176]]]}}, {"type": "Feature", "properties": {"LINK_ID": "1411061101", "F_NODE": "1410423100", "T_NODE": "1410901500", "LANES": 3, "ROAD_RANK": "103", "ROAD_TYPE": "000", "ROAD_NO": "2", "ROAD_NAME": "진해대로", "ROAD_USE": "0", "MULTI_LINK": "0", "CONNECT": "0", "MAX_SPD": 70, "REST_VEH": "0", "REST_W": 0, "REST_H": 0, "C-ITS": "0", "LENGTH": 352.176443052343, "UPDATEDATE": "20250512", "REMARK": null, "HIST_TYPE": "LINK1007", "HISTREMARK": "1411061100", "link_stats_import_fid": 157, "link_stats_import_vehicle_count": 84.0, "link_stats_import_avg_speed": 19.78, "link_stats_import_sum_weight_kg": 361480.0}, "geometry": {"type": "MultiLineString", "coordinates": [[[128.83513377608514, 35.1014256977756], [128.835016987842, 35.10143199151074], [128.83469698802296, 35.10147499143339], [128.83420598680405, 35.10164499153287], [128.8338699874525, 35.10173699142095], [128.83290598770287, 35.10207399183213], [128.832085987347, 35.102341991349356], [128.83192398702823, 35.10239699149191], [128.83191998703603, 35.10239799101326], [128.83191598816018, 35.102398991418816], [128.83166098832604, 35.10245599165342], [128.83165598711852, 35.102456990976705], [128.83165098702722, 35.1024579911841], [128.83150709967668, 35.102471501960125]]]}}, {"type": "Feature", "properties": {"LINK_ID": "4180132200", "F_NODE": "4180103102", "T_NODE": "4180103503", "LANES": 2, "ROAD_RANK": "107", "ROAD_TYPE": "000", "ROAD_NO": "-", "ROAD_NAME": "안청남로", "ROAD_USE": "0", "MULTI_LINK": "0", "CONNECT": "0", "MAX_SPD": 60, "REST_VEH": "0", "REST_W": 0, "REST_H": 0, "C-ITS": "0", "LENGTH": 31.321748811088, "UPDATEDATE": "20250512", "REMARK": null, "HIST_TYPE": "LINK0003", "HISTREMARK": null, "link_stats_import_fid": null, "link_stats_import_vehicle_count": null, "link_stats_import_avg_speed": null, "link_stats_import_sum_weight_kg": null}, "geometry": {"type": "MultiLineString", "coordinates": [[[128.8031465162513, 35.10129835195293], [128.80348898801589, 35.10127741536495]]]}}, {"type": "Feature", "properties": {"LINK_ID": "4180150500", "F_NODE": "4180106204", "T_NODE": "4180214900", "LANES": 2, "ROAD_RANK": "107", "ROAD_TYPE": "000", "ROAD_NO": "-", "ROAD_NAME": "안청로", "ROAD_USE": "0", "MULTI_LINK": "0", "CONNECT": "0", "MAX_SPD": 60, "REST_VEH": "0", "REST_W": 0, "REST_H": 0, "C-ITS": "0", "LENGTH": 439.172070787136, "UPDATEDATE": "20250512", "REMARK": null, "HIST_TYPE": "LINK0003", "HISTREMARK": null, "link_stats_import_fid": 739, "link_stats_import_vehicle_count": 5.0, "link_stats_import_avg_speed": 8.83, "link_stats_import_sum_weight_kg": 52420.0}, "geometry": {"type": "MultiLineString", "coordinates": [[[128.80642246622514, 35.10849425260125], [128.80511898703944, 35.10750799073037], [128.80389998751312, 35.106445991577864], [128.803563987188, 35.10618399102132], [128.80354998761382, 35.106166991551575], [128.8034049871729, 35.105955992034005], [128.8032629869967, 35.10565799121853], [128.8032207806663, 35.105588387356526]]]}}, {"type": "Feature", "properties": {"LINK_ID": "4180099901", "F_NODE": "4180103402", "T_NODE": "4180103401", "LANES": 2, "ROAD_RANK": "107", "ROAD_TYPE": "000", "ROAD_NO": "-", "ROAD_NAME": "안청로", "ROAD_USE": "0", "MULTI_LINK": "0", "CONNECT": "0", "MAX_SPD": 60, "REST_VEH": "0", "REST_W": 0, "REST_H": 0, "C-ITS": "0", "LENGTH": 12.596022259461, "UPDATEDATE": "20250512", "REMARK": null, "HIST_TYPE": "LINK0001", "HISTREMARK": null, "link_stats_import_fid": null, "link_stats_import_vehicle_count": null, "link_stats_import_avg_speed": null, "link_stats_import_sum_weight_kg": null}, "geometry": {"type": "MultiLineString", "coordinates": [[[128.80348556502003, 35.0986882089252], [128.8034061934089, 35.098781089416335]]]}}, {"type": "Feature", "properties": {"LINK_ID": "4180072600", "F_NODE": "4180112803", "T_NODE": "4180113004", "LANES": 3, "ROAD_RANK": "107", "ROAD_TYPE": "000", "ROAD_NO": "-", "ROAD_NAME": "-", "ROAD_USE": "0", "MULTI_LINK": "0", "CONNECT": "0", "MAX_SPD": 70, "REST_VEH": "0", "REST_W": 0, "REST_H": 0, "C-ITS": "0", "LENGTH": 86.91883724971, "UPDATEDATE": "20250512", "REMARK": "도로명없음", "HIST_TYPE": "LINK0003", "HISTREMARK": null, "link_stats_import_fid": 782, "link_stats_import_vehicle_count": 4.0, "link_stats_import_avg_speed": 8.6, "link_stats_import_sum_weight_kg": 1000.0}, "geometry": {"type": "MultiLineString", "coordinates": [[[128.8141877372292, 35.08883901001853], [128.81418773722748, 35.08805581353647]]]}}, {"type": "Feature", "properties": {"LINK_ID": "1411060201", "F_NODE": "4180124001", "T_NODE": "4180124004", "LANES": 2, "ROAD_RANK": "107", "ROAD_TYPE": "000", "ROAD_NO": "-", "ROAD_NAME": "신항2로", "ROAD_USE": "0", "MULTI_LINK": "0", "CONNECT": "0", "MAX_SPD": 30, "REST_VEH": "0", "REST_W": 0, "REST_H": 0, "C-ITS": "0", "LENGTH": 11.999924319037, "UPDATEDATE": "20250512", "REMARK": null, "HIST_TYPE": "LINK0001", "HISTREMARK": null, "link_stats_import_fid": 1198, "link_stats_import_vehicle_count": 1.0, "link_stats_import_avg_speed": 9.79, "link_stats_import_sum_weight_kg": 0.0}, "geometry": {"type": "MultiLineString", "coordinates": [[[128.82735148434958, 35.09030457342621], [128.82725718919227, 35.09037996831094]]]}}, {"type": "Feature", "properties": {"LINK_ID": "4180132801", "F_NODE": "4180114101", "T_NODE": "4180114104", "LANES": 2, "ROAD_RANK": "107", "ROAD_TYPE": "000", "ROAD_NO": "-", "ROAD_NAME": "용재로", "ROAD_USE": "0", "MULTI_LINK": "0", "CONNECT": "0", "MAX_SPD": 60, "REST_VEH": "0", "REST_W": 0, "REST_H": 0, "C-ITS": "0", "LENGTH": 10.999609712606, "UPDATEDATE": "20250512", "REMARK": null, "HIST_TYPE": "LINK0001", "HISTREMARK": null, "link_stats_import_fid": null, "link_stats_import_vehicle_count": null, "link_stats_import_avg_speed": null, "link_stats_import_sum_weight_kg": null}, "geometry": {"type": "MultiLineString", "coordinates": [[[128.81516298601568, 35.10145104519872], [128.81504591938466, 35.10147486636229]]]}}, {"type": "Feature", "properties": {"LINK_ID": "1410001601", "F_NODE": "1410000401", "T_NODE": "1410000404", "LANES": 3, "ROAD_RANK": "103", "ROAD_TYPE": "000", "ROAD_NO": "2", "ROAD_NAME": "낙동남로", "ROAD_USE": "0", "MULTI_LINK": "0", "CONNECT": "0", "MAX_SPD": 70, "REST_VEH": "0", "REST_W": 0, "REST_H": 0, "C-ITS": "0", "LENGTH": 11.882661871772, "UPDATEDATE": "20250512", "REMARK": null, "HIST_TYPE": "LINK0001", "HISTREMARK": null, "link_stats_import_fid": null, "link_stats_import_vehicle_count": null, "link_stats_import_avg_speed": null, "link_stats_import_sum_weight_kg": null}, "geometry": {"type": "MultiLineString", "coordinates": [[[128.842761726469, 35.1054180275838], [128.8426606996023, 35.10535041768489]]]}}, {"type": "Feature", "properties": {"LINK_ID": "4180077701", "F_NODE": "4180123201", "T_NODE": "4180123204", "LANES": 3, "ROAD_RANK": "107", "ROAD_TYPE": "000", "ROAD_NO": "-", "ROAD_NAME": "신항3로", "ROAD_USE": "0", "MULTI_LINK": "0", "CONNECT": "0", "MAX_SPD": 70, "REST_VEH": "0", "REST_W": 0, "REST_H": 0, "C-ITS": "0", "LENGTH": 12.000119481445, "UPDATEDATE": "20250512", "REMARK": null, "HIST_TYPE": "LINK0001", "HISTREMARK": null, "link_stats_import_fid": 785, "link_stats_import_vehicle_count": 4.0, "link_stats_import_avg_speed": 11.22, "link_stats_import_sum_weight_kg": 3600.0}, "geometry": {"type": "MultiLineString", "coordinates": [[[128.82301198525667, 35.090946953905544], [128.8229178794011, 35.0910225117911]]]}}, {"type": "Feature", "properties": {"LINK_ID": "4180089401", "F_NODE": "4180090004", "T_NODE": "4180090003", "LANES": 2, "ROAD_RANK": "107", "ROAD_TYPE": "000", "ROAD_NO": "-", "ROAD_NAME": "신항7로", "ROAD_USE": "0", "MULTI_LINK": "0", "CONNECT": "0", "MAX_SPD": 50, "REST_VEH": "0", "REST_W": 0, "REST_H": 0, "C-ITS": "0", "LENGTH": 11.999992883298, "UPDATEDATE": "20250512", "REMARK": null, "HIST_TYPE": "LINK0001", "HISTREMARK": null, "link_stats_import_fid": null, "link_stats_import_vehicle_count": null, "link_stats_import_avg_speed": null, "link_stats_import_sum_weight_kg": null}, "geometry": {"type": "MultiLineString", "coordinates": [[[128.76980276891686, 35.097011535662105], [128.76980294745778, 35.09690340623444]]]}}, {"type": "Feature", "properties": {"LINK_ID": "1410087400", "F_NODE": "1410029202", "T_NODE": "1410029303", "LANES": 3, "ROAD_RANK": "104", "ROAD_TYPE": "000", "ROAD_NO": "-", "ROAD_NAME": "녹산산업북로", "ROAD_USE": "0", "MULTI_LINK": "0", "CONNECT": "0", "MAX_SPD": 50, "REST_VEH": "0", "REST_W": 0, "REST_H": 0, "C-ITS": "0", "LENGTH": 113.921585435913, "UPDATEDATE": "20250512", "REMARK": null, "HIST_TYPE": "LINK0003", "HISTREMARK": null, "link_stats_import_fid": 349, "link_stats_import_vehicle_count": 19.0, "link_stats_import_avg_speed": 7.69, "link_stats_import_sum_weight_kg": 11768.0}, "geometry": {"type": "MultiLineString", "coordinates": [[[128.83811917422514, 35.097915079996234], [128.83936816360506, 35.09791690457639]]]}}, {"type": "Feature", "properties": {"LINK_ID": "1411061201", "F_NODE": "1410287404", "T_NODE": "1410287403", "LANES": 2, "ROAD_RANK": "104", "ROAD_TYPE": "000", "ROAD_NO": "-", "ROAD_NAME": "만금로", "ROAD_USE": "0", "MULTI_LINK": "0", "CONNECT": "0", "MAX_SPD": 40, "REST_VEH": "0", "REST_W": 0, "REST_H": 0, "C-ITS": "0", "LENGTH": 11.28582681487, "UPDATEDATE": "20250512", "REMARK": null, "HIST_TYPE": "LINK0001", "HISTREMARK": null, "link_stats_import_fid": 979, "link_stats_import_vehicle_count": 2.0, "link_stats_import_avg_speed": 18.47, "link_stats_import_sum_weight_kg": 0.0}, "geometry": {"type": "MultiLineString", "coordinates": [[[128.8231262029198, 35.10062854376313], [128.8230926225452, 35.10053066784988]]]}}, {"type": "Feature", "properties": {"LINK_ID": "4180083300", "F_NODE": "4180098404", "T_NODE": "4180220600", "LANES": 3, "ROAD_RANK": "107", "ROAD_TYPE": "003", "ROAD_NO": "-", "ROAD_NAME": "신항북로", "ROAD_USE": "0", "MULTI_LINK": "0", "CONNECT": "0", "MAX_SPD": 80, "REST_VEH": "0", "REST_W": 0, "REST_H": 0, "C-ITS": "0", "LENGTH": 284.084703227998, "UPDATEDATE": "20250512", "REMARK": null, "HIST_TYPE": "LINK0003", "HISTREMARK": null, "link_stats_import_fid": 90, "link_stats_import_vehicle_count": 172.0, "link_stats_import_avg_speed": 19.25, "link_stats_import_sum_weight_kg": 732728.0}, "geometry": {"type": "MultiLineString", "coordinates": [[[128.7877273933358, 35.09127288266348], [128.78530247037756, 35.09287919258441]]]}}, {"type": "Feature", "properties": {"LINK_ID": "1410706001", "F_NODE": "1410278007", "T_NODE": "1410278006", "LANES": 4, "ROAD_RANK": "104", "ROAD_TYPE": "000", "ROAD_NO": "-", "ROAD_NAME": "신항북로", "ROAD_USE": "0", "MULTI_LINK": "0", "CONNECT": "0", "MAX_SPD": 50, "REST_VEH": "0", "REST_W": 0, "REST_H": 0, "C-ITS": "0", "LENGTH": 12.00001600652, "UPDATEDATE": "20250512", "REMARK": null, "HIST_TYPE": "LINK0001", "HISTREMARK": null, "link_stats_import_fid": 598, "link_stats_import_vehicle_count": 7.0, "link_stats_import_avg_speed": 8.61, "link_stats_import_sum_weight_kg": 1000.0}, "geometry": {"type": "MultiLineString", "coordinates": [[[128.8333638902596, 35.088994960540504], [128.83341432879564, 35.089094824196245]]]}}, {"type": "Feature", "properties": {"LINK_ID": "4180124800", "F_NODE": "4180122504", "T_NODE": "4180120901", "LANES": 2, "ROAD_RANK": "107", "ROAD_TYPE": "000", "ROAD_NO": "-", "ROAD_NAME": "용재로", "ROAD_USE": "0", "MULTI_LINK": "0", "CONNECT": "0", "MAX_SPD": 60, "REST_VEH": "0", "REST_W": 0, "REST_H": 0, "C-ITS": "0", "LENGTH": 133.330392071204, "UPDATEDATE": "20250512", "REMARK": null, "HIST_TYPE": "LINK0003", "HISTREMARK": null, "link_stats_import_fid": null, "link_stats_import_vehicle_count": null, "link_stats_import_avg_speed": null, "link_stats_import_sum_weight_kg": null}, "geometry": {"type": "MultiLineString", "coordinates": [[[128.8209866317562, 35.10029168546126], [128.8195633206313, 35.10056568180399]]]}}, {"type": "Feature", "properties": {"LINK_ID": "4180131001", "F_NODE": "4180106103", "T_NODE": "4180106102", "LANES": 2, "ROAD_RANK": "107", "ROAD_TYPE": "000", "ROAD_NO": "-", "ROAD_NAME": "안청남로", "ROAD_USE": "0", "MULTI_LINK": "0", "CONNECT": "0", "MAX_SPD": 60, "REST_VEH": "0", "REST_W": 0, "REST_H": 0, "C-ITS": "0", "LENGTH": 15.114449229489, "UPDATEDATE": "20250512", "REMARK": null, "HIST_TYPE": "LINK0001", "HISTREMARK": null, "link_stats_import_fid": null, "link_stats_import_vehicle_count": null, "link_stats_import_avg_speed": null, "link_stats_import_sum_weight_kg": null}, "geometry": {"type": "MultiLineString", "coordinates": [[[128.80631705843814, 35.101183784930534], [128.8064826611627, 35.101178717547036]]]}}, {"type": "Feature", "properties": {"LINK_ID": "4180060502", "F_NODE": "4180220900", "T_NODE": "4180098201", "LANES": 3, "ROAD_RANK": "107", "ROAD_TYPE": "000", "ROAD_NO": "-", "ROAD_NAME": "신항로", "ROAD_USE": "0", "MULTI_LINK": "0", "CONNECT": "0", "MAX_SPD": 60, "REST_VEH": "0", "REST_W": 0, "REST_H": 0, "C-ITS": "0", "LENGTH": 402.857313594819, "UPDATEDATE": "20250512", "REMARK": null, "HIST_TYPE": "LINK1007", "HISTREMARK": "4180060500", "link_stats_import_fid": 20, "link_stats_import_vehicle_count": 416.0, "link_stats_import_avg_speed": 12.39, "link_stats_import_sum_weight_kg": 4738515.0}, "geometry": {"type": "MultiLineString", "coordinates": [[[128.79176007728097, 35.08321126916516], [128.7917497560564, 35.083211275399485], [128.78813116548022, 35.08318598597701], [128.78734428679763, 35.08317404381412]]]}}, {"type": "Feature", "properties": {"LINK_ID": "4180150402", "F_NODE": "4180214800", "T_NODE": "4180106203", "LANES": 2, "ROAD_RANK": "107", "ROAD_TYPE": "000", "ROAD_NO": "-", "ROAD_NAME": "안청로", "ROAD_USE": "0", "MULTI_LINK": "0", "CONNECT": "0", "MAX_SPD": 60, "REST_VEH": "0", "REST_W": 0, "REST_H": 0, "C-ITS": "0", "LENGTH": 434.439123993063, "UPDATEDATE": "20250512", "REMARK": null, "HIST_TYPE": "LINK1007", "HISTREMARK": "4180150400", "link_stats_import_fid": 738, "link_stats_import_vehicle_count": 5.0, "link_stats_import_avg_speed": 9.44, "link_stats_import_sum_weight_kg": 76620.0}, "geometry": {"type": "MultiLineString", "coordinates": [[[128.80333342774264, 35.10554228217411], [128.80336698806994, 35.105597990924906], [128.80350898740923, 35.10589599162929], [128.8036459876913, 35.10609499144058], [128.8039759874843, 35.1063519919304], [128.8051949876239, 35.107413991231006], [128.80651116312274, 35.10840986000143]]]}}, {"type": "Feature", "properties": {"LINK_ID": "1411101705", "F_NODE": "1410625400", "T_NODE": "1410588300", "LANES": 3, "ROAD_RANK": "104", "ROAD_TYPE": "000", "ROAD_NO": "-", "ROAD_NAME": "신항남로", "ROAD_USE": "1", "MULTI_LINK": "0", "CONNECT": "0", "MAX_SPD": 60, "REST_VEH": "0", "REST_W": 0, "REST_H": 0, "C-ITS": "0", "LENGTH": 122.834003365295, "UPDATEDATE": "20250512", "REMARK": null, "HIST_TYPE": "LINK1007", "HISTREMARK": "1411101701", "link_stats_import_fid": 76, "link_stats_import_vehicle_count": 211.0, "link_stats_import_avg_speed": 14.58, "link_stats_import_sum_weight_kg": 6771710.0}, "geometry": {"type": "MultiLineString", "coordinates": [[[128.81990137449185, 35.06312538542452], [128.82118949349677, 35.06340236677587], [128.8212029682837, 35.063407202983655]]]}}, {"type": "Feature", "properties": {"LINK_ID": "4180137301", "F_NODE": "4180108903", "T_NODE": "4180108902", "LANES": 2, "ROAD_RANK": "107", "ROAD_TYPE": "000", "ROAD_NO": "-", "ROAD_NAME": "용재로", "ROAD_USE": "0", "MULTI_LINK": "0", "CONNECT": "0", "MAX_SPD": 60, "REST_VEH": "0", "REST_W": 0, "REST_H": 0, "C-ITS": "0", "LENGTH": 11.258813100514, "UPDATEDATE": "20250512", "REMARK": null, "HIST_TYPE": "LINK0001", "HISTREMARK": null, "link_stats_import_fid": null, "link_stats_import_vehicle_count": null, "link_stats_import_avg_speed": null, "link_stats_import_sum_weight_kg": null}, "geometry": {"type": "MultiLineString", "coordinates": [[[128.81168002285534, 35.10203045572797], [128.81179995178485, 35.10200641658938]]]}}, {"type": "Feature", "properties": {"LINK_ID": "4180065402", "F_NODE": "4180203600", "T_NODE": "4180312700", "LANES": 3, "ROAD_RANK": "107", "ROAD_TYPE": "000", "ROAD_NO": "-", "ROAD_NAME": "신항동로", "ROAD_USE": "0", "MULTI_LINK": "0", "CONNECT": "0", "MAX_SPD": 50, "REST_VEH": "0", "REST_W": 0, "REST_H": 0, "C-ITS": "0", "LENGTH": 250.029757515912, "UPDATEDATE": "20250512", "REMARK": null, "HIST_TYPE": "LINK1007", "HISTREMARK": "4180065400", "link_stats_import_fid": 437, "link_stats_import_vehicle_count": 13.0, "link_stats_import_avg_speed": 11.62, "link_stats_import_sum_weight_kg": 59754.0}, "geometry": {"type": "MultiLineString", "coordinates": [[[128.80351182306654, 35.088919613334134], [128.80232740219134, 35.08891808107946], [128.8020901527253, 35.08889950772858], [128.8018927759258, 35.08885171584901], [128.80168505401082, 35.08877614054843], [128.801546265486, 35.08869988380824], [128.8013686473212, 35.08859218094587], [128.80123271723144, 35.088474072053295], [128.80110839221996, 35.088353724080356], [128.8010526621949, 35.088277925385434]]]}}, {"type": "Feature", "properties": {"LINK_ID": "4180071300", "F_NODE": "4180123601", "T_NODE": "4180123502", "LANES": 3, "ROAD_RANK": "107", "ROAD_TYPE": "000", "ROAD_NO": "-", "ROAD_NAME": "신항3로", "ROAD_USE": "0", "MULTI_LINK": "0", "CONNECT": "0", "MAX_SPD": 70, "REST_VEH": "0", "REST_W": 0, "REST_H": 0, "C-ITS": "0", "LENGTH": 108.432248253667, "UPDATEDATE": "20250512", "REMARK": null, "HIST_TYPE": "LINK0003", "HISTREMARK": null, "link_stats_import_fid": 220, "link_stats_import_vehicle_count": 51.0, "link_stats_import_avg_speed": 10.42, "link_stats_import_sum_weight_kg": 157619.0}, "geometry": {"type": "MultiLineString", "coordinates": [[[128.8243852802838, 35.087010347245084], [128.82438870241108, 35.08798738623805]]]}}, {"type": "Feature", "properties": {"LINK_ID": "1410737700", "F_NODE": "1410287402", "T_NODE": "1410032303", "LANES": 2, "ROAD_RANK": "104", "ROAD_TYPE": "000", "ROAD_NO": "-", "ROAD_NAME": "녹산산업중로", "ROAD_USE": "0", "MULTI_LINK": "0", "CONNECT": "0", "MAX_SPD": 50, "REST_VEH": "0", "REST_W": 0, "REST_H": 0, "C-ITS": "0", "LENGTH": 123.078192595349, "UPDATEDATE": "20250512", "REMARK": null, "HIST_TYPE": "LINK0003", "HISTREMARK": null, "link_stats_import_fid": 969, "link_stats_import_vehicle_count": 2.0, "link_stats_import_avg_speed": 6.92, "link_stats_import_sum_weight_kg": 58850.0}, "geometry": {"type": "MultiLineString", "coordinates": [[[128.8232181485092, 35.100498285354156], [128.82451106469034, 35.100180706799854]]]}}, {"type": "Feature", "properties": {"LINK_ID": "1410196501", "F_NODE": "1410868400", "T_NODE": "1410072201", "LANES": 2, "ROAD_RANK": "105", "ROAD_TYPE": "003", "ROAD_NO": "58", "ROAD_NAME": "거가대로", "ROAD_USE": "0", "MULTI_LINK": "0", "CONNECT": "0", "MAX_SPD": 80, "REST_VEH": "5", "REST_W": 0, "REST_H": 0, "C-ITS": "0", "LENGTH": 458.945025909267, "UPDATEDATE": "20250512", "REMARK": null, "HIST_TYPE": "LINK1007", "HISTREMARK": "1410196500", "link_stats_import_fid": 597, "link_stats_import_vehicle_count": 7.0, "link_stats_import_avg_speed": 12.54, "link_stats_import_sum_weight_kg": 113462.0}, "geometry": {"type": "MultiLineString", "coordinates": [[[128.83961343650395, 35.07787559369202], [128.8395825755991, 35.08201088171241]]]}}, {"type": "Feature", "properties": {"LINK_ID": "1410091800", "F_NODE": "1410030504", "T_NODE": "1410031801", "LANES": 2, "ROAD_RANK": "104", "ROAD_TYPE": "000", "ROAD_NO": "-", "ROAD_NAME": "녹산산단27로", "ROAD_USE": "0", "MULTI_LINK": "0", "CONNECT": "0", "MAX_SPD": 50, "REST_VEH": "0", "REST_W": 0, "REST_H": 0, "C-ITS": "0", "LENGTH": 158.311596417892, "UPDATEDATE": "20250512", "REMARK": null, "HIST_TYPE": "LINK0003", "HISTREMARK": null, "link_stats_import_fid": null, "link_stats_import_vehicle_count": null, "link_stats_import_avg_speed": null, "link_stats_import_sum_weight_kg": null}, "geometry": {"type": "MultiLineString", "coordinates": [[[128.8324268641108, 35.09875878996847], [128.83119275206857, 35.09976185492815]]]}}, {"type": "Feature", "properties": {"LINK_ID": "1410024702", "F_NODE": "1410471100", "T_NODE": "1410010504", "LANES": 2, "ROAD_RANK": "104", "ROAD_TYPE": "000", "ROAD_NO": "-", "ROAD_NAME": "녹산산단232로", "ROAD_USE": "0", "MULTI_LINK": "0", "CONNECT": "0", "MAX_SPD": 50, "REST_VEH": "0", "REST_W": 0, "REST_H": 0, "C-ITS": "0", "LENGTH": 54.315611942649, "UPDATEDATE": "20250512", "REMARK": null, "HIST_TYPE": "LINK1007", "HISTREMARK": "1410024700", "link_stats_import_fid": null, "link_stats_import_vehicle_count": null, "link_stats_import_avg_speed": null, "link_stats_import_sum_weight_kg": null}, "geometry": {"type": "MultiLineString", "coordinates": [[[128.84267853865356, 35.08509009338303], [128.84267983017673, 35.08460067972502]]]}}, {"type": "Feature", "properties": {"LINK_ID": "4180061200", "F_NODE": "4180102704", "T_NODE": "4180101201", "LANES": 3, "ROAD_RANK": "107", "ROAD_TYPE": "000", "ROAD_NO": "-", "ROAD_NAME": "신항로", "ROAD_USE": "0", "MULTI_LINK": "0", "CONNECT": "0", "MAX_SPD": 60, "REST_VEH": "0", "REST_W": 0, "REST_H": 0, "C-ITS": "0", "LENGTH": 421.155437687584, "UPDATEDATE": "20250512", "REMARK": null, "HIST_TYPE": "LINK0003", "HISTREMARK": null, "link_stats_import_fid": 45, "link_stats_import_vehicle_count": 328.0, "link_stats_import_avg_speed": 13.42, "link_stats_import_sum_weight_kg": 4738490.0}, "geometry": {"type": "MultiLineString", "coordinates": [[[128.80100898278036, 35.08321115930605], [128.79639236111444, 35.083211976310714]]]}}, {"type": "Feature", "properties": {"LINK_ID": "4180074601", "F_NODE": "4180090401", "T_NODE": "4180090404", "LANES": 2, "ROAD_RANK": "107", "ROAD_TYPE": "000", "ROAD_NO": "-", "ROAD_NAME": "신항9로", "ROAD_USE": "0", "MULTI_LINK": "0", "CONNECT": "0", "MAX_SPD": 60, "REST_VEH": "0", "REST_W": 0, "REST_H": 0, "C-ITS": "0", "LENGTH": 12.000060837155, "UPDATEDATE": "20250512", "REMARK": null, "HIST_TYPE": "LINK0001", "HISTREMARK": null, "link_stats_import_fid": 866, "link_stats_import_vehicle_count": 3.0, "link_stats_import_avg_speed": 10.13, "link_stats_import_sum_weight_kg": 0.0}, "geometry": {"type": "MultiLineString", "coordinates": [[[128.76997549300307, 35.08917842004161], [128.76984394153502, 35.08917785879824]]]}}, {"type": "Feature", "properties": {"LINK_ID": "4180085501", "F_NODE": "4180123803", "T_NODE": "4180123802", "LANES": 2, "ROAD_RANK": "107", "ROAD_TYPE": "000", "ROAD_NO": "-", "ROAD_NAME": "신항2로", "ROAD_USE": "0", "MULTI_LINK": "0", "CONNECT": "0", "MAX_SPD": 60, "REST_VEH": "0", "REST_W": 0, "REST_H": 0, "C-ITS": "0", "LENGTH": 12.001834627683, "UPDATEDATE": "20250512", "REMARK": null, "HIST_TYPE": "LINK0001", "HISTREMARK": null, "link_stats_import_fid": 405, "link_stats_import_vehicle_count": 15.0, "link_stats_import_avg_speed": 9.16, "link_stats_import_sum_weight_kg": 24719.0}, "geometry": {"type": "MultiLineString", "coordinates": [[[128.82454640982286, 35.09239630450428], [128.8246408277066, 35.092320986634036]]]}}, {"type": "Feature", "properties": {"LINK_ID": "4180059500", "F_NODE": "4180092402", "T_NODE": "4180091501", "LANES": 2, "ROAD_RANK": "107", "ROAD_TYPE": "000", "ROAD_NO": "-", "ROAD_NAME": "신항로", "ROAD_USE": "0", "MULTI_LINK": "0", "CONNECT": "0", "MAX_SPD": 60, "REST_VEH": "0", "REST_W": 0, "REST_H": 0, "C-ITS": "0", "LENGTH": 290.814755761815, "UPDATEDATE": "20250512", "REMARK": null, "HIST_TYPE": "LINK0003", "HISTREMARK": null, "link_stats_import_fid": 35, "link_stats_import_vehicle_count": 362.0, "link_stats_import_avg_speed": 11.56, "link_stats_import_sum_weight_kg": 2931757.0}, "geometry": {"type": "MultiLineString", "coordinates": [[[128.77760438267532, 35.08316812715596], [128.77441696474386, 35.08321269020167]]]}}, {"type": "Feature", "properties": {"LINK_ID": "1410057601", "F_NODE": "1410021102", "T_NODE": "1410021101", "LANES": 2, "ROAD_RANK": "104", "ROAD_TYPE": "000", "ROAD_NO": "-", "ROAD_NAME": "녹산산단261로", "ROAD_USE": "0", "MULTI_LINK": "0", "CONNECT": "0", "MAX_SPD": 50, "REST_VEH": "0", "REST_W": 0, "REST_H": 0, "C-ITS": "0", "LENGTH": 13.317810607475, "UPDATEDATE": "20250512", "REMARK": null, "HIST_TYPE": "LINK0001", "HISTREMARK": null, "link_stats_import_fid": null, "link_stats_import_vehicle_count": null, "link_stats_import_avg_speed": null, "link_stats_import_sum_weight_kg": null}, "geometry": {"type": "MultiLineString", "coordinates": [[[128.84608907093545, 35.09251699197856], [128.84608878512032, 35.09263699255898]]]}}, {"type": "Feature", "properties": {"LINK_ID": "4180107000", "F_NODE": "4180103401", "T_NODE": "4180103002", "LANES": 2, "ROAD_RANK": "107", "ROAD_TYPE": "000", "ROAD_NO": "-", "ROAD_NAME": "안청로", "ROAD_USE": "0", "MULTI_LINK": "0", "CONNECT": "0", "MAX_SPD": 60, "REST_VEH": "0", "REST_W": 0, "REST_H": 0, "C-ITS": "0", "LENGTH": 148.192950795875, "UPDATEDATE": "20250512", "REMARK": null, "HIST_TYPE": "LINK0003", "HISTREMARK": null, "link_stats_import_fid": 1332, "link_stats_import_vehicle_count": 1.0, "link_stats_import_avg_speed": 10.0, "link_stats_import_sum_weight_kg": 1000.0}, "geometry": {"type": "MultiLineString", "coordinates": [[[128.8034061934089, 35.098781089416335], [128.80314598676577, 35.09914199153547], [128.8030679874859, 35.09946999146858], [128.80305728476984, 35.10005153688118]]]}}, {"type": "Feature", "properties": {"LINK_ID": "1410057700", "F_NODE": "1410021103", "T_NODE": "1410020304", "LANES": 2, "ROAD_RANK": "104", "ROAD_TYPE": "000", "ROAD_NO": "-", "ROAD_NAME": "녹산산단261로", "ROAD_USE": "0", "MULTI_LINK": "0", "CONNECT": "0", "MAX_SPD": 50, "REST_VEH": "0", "REST_W": 0, "REST_H": 0, "C-ITS": "0", "LENGTH": 66.041839481544, "UPDATEDATE": "20250512", "REMARK": null, "HIST_TYPE": "LINK0003", "HISTREMARK": null, "link_stats_import_fid": 945, "link_stats_import_vehicle_count": 2.0, "link_stats_import_avg_speed": 13.25, "link_stats_import_sum_weight_kg": 3960.0}, "geometry": {"type": "MultiLineString", "coordinates": [[[128.84596907156873, 35.09251697421888], [128.84596990367442, 35.091921901195505]]]}}, {"type": "Feature", "properties": {"LINK_ID": "1410086600", "F_NODE": "1410028901", "T_NODE": "1410030501", "LANES": 2, "ROAD_RANK": "104", "ROAD_TYPE": "000", "ROAD_NO": "-", "ROAD_NAME": "녹산산단27로", "ROAD_USE": "0", "MULTI_LINK": "0", "CONNECT": "0", "MAX_SPD": 50, "REST_VEH": "0", "REST_W": 0, "REST_H": 0, "C-ITS": "0", "LENGTH": 85.129018888946, "UPDATEDATE": "20250512", "REMARK": null, "HIST_TYPE": "LINK0003", "HISTREMARK": null, "link_stats_import_fid": 829, "link_stats_import_vehicle_count": 3.0, "link_stats_import_avg_speed": 8.73, "link_stats_import_sum_weight_kg": 0.0}, "geometry": {"type": "MultiLineString", "coordinates": [[[128.83276187171631, 35.09799480323564], [128.83276098681523, 35.098459991482464], [128.83275198743598, 35.09848899155768], [128.83273798668003, 35.09850599192786], [128.8325204379343, 35.098682749862604]]]}}, {"type": "Feature", "properties": {"LINK_ID": "1410065500", "F_NODE": "1410026003", "T_NODE": "1410022704", "LANES": 3, "ROAD_RANK": "105", "ROAD_TYPE": "000", "ROAD_NO": "58", "ROAD_NAME": "가락대로", "ROAD_USE": "0", "MULTI_LINK": "0", "CONNECT": "0", "MAX_SPD": 60, "REST_VEH": "0", "REST_W": 0, "REST_H": 0, "C-ITS": "0", "LENGTH": 226.835575580962, "UPDATEDATE": "20250512", "REMARK": null, "HIST_TYPE": "LINK0003", "HISTREMARK": null, "link_stats_import_fid": 340, "link_stats_import_vehicle_count": 20.0, "link_stats_import_avg_speed": 14.53, "link_stats_import_sum_weight_kg": 47778.0}, "geometry": {"type": "MultiLineString", "coordinates": [[[128.83937515105097, 35.09556686026582], [128.83938082169652, 35.09352294753222]]]}}, {"type": "Feature", "properties": {"LINK_ID": "1410022201", "F_NODE": "1410010602", "T_NODE": "1410010601", "LANES": 2, "ROAD_RANK": "104", "ROAD_TYPE": "000", "ROAD_NO": "-", "ROAD_NAME": "녹산산단262로", "ROAD_USE": "0", "MULTI_LINK": "0", "CONNECT": "0", "MAX_SPD": 50, "REST_VEH": "0", "REST_W": 0, "REST_H": 0, "C-ITS": "0", "LENGTH": 13.318052401879, "UPDATEDATE": "20250512", "REMARK": null, "HIST_TYPE": "LINK0001", "HISTREMARK": null, "link_stats_import_fid": null, "link_stats_import_vehicle_count": null, "link_stats_import_avg_speed": null, "link_stats_import_sum_weight_kg": null}, "geometry": {"type": "MultiLineString", "coordinates": [[[128.84610909083793, 35.08448201189904], [128.8461078424447, 35.08460201065062]]]}}, {"type": "Feature", "properties": {"LINK_ID": "1410119801", "F_NODE": "1410040901", "T_NODE": "1410040904", "LANES": 2, "ROAD_RANK": "104", "ROAD_TYPE": "000", "ROAD_NO": "-", "ROAD_NAME": "녹산산업북로", "ROAD_USE": "0", "MULTI_LINK": "0", "CONNECT": "0", "MAX_SPD": 50, "REST_VEH": "0", "REST_W": 0, "REST_H": 0, "C-ITS": "0", "LENGTH": 11.776874503671, "UPDATEDATE": "20250512", "REMARK": null, "HIST_TYPE": "LINK0001", "HISTREMARK": null, "link_stats_import_fid": 535, "link_stats_import_vehicle_count": 9.0, "link_stats_import_avg_speed": 15.2, "link_stats_import_sum_weight_kg": 1000.0}, "geometry": {"type": "MultiLineString", "coordinates": [[[128.8346013420216, 35.09801779540208], [128.83447223547148, 35.098016421444726]]]}}, {"type": "Feature", "properties": {"LINK_ID": "1410736601", "F_NODE": "1410287402", "T_NODE": "1410287401", "LANES": 2, "ROAD_RANK": "104", "ROAD_TYPE": "000", "ROAD_NO": "-", "ROAD_NAME": "만금로", "ROAD_USE": "0", "MULTI_LINK": "0", "CONNECT": "0", "MAX_SPD": 40, "REST_VEH": "0", "REST_W": 0, "REST_H": 0, "C-ITS": "0", "LENGTH": 12.001516612656, "UPDATEDATE": "20250512", "REMARK": null, "HIST_TYPE": "LINK0001", "HISTREMARK": null, "link_stats_import_fid": null, "link_stats_import_vehicle_count": null, "link_stats_import_avg_speed": null, "link_stats_import_sum_weight_kg": null}, "geometry": {"type": "MultiLineString", "coordinates": [[[128.8232181485092, 35.100498285354156], [128.82325385754487, 35.10060236824642]]]}}, {"type": "Feature", "properties": {"LINK_ID": "4180076101", "F_NODE": "4180112803", "T_NODE": "4180112802", "LANES": 3, "ROAD_RANK": "107", "ROAD_TYPE": "000", "ROAD_NO": "-", "ROAD_NAME": "신항동로", "ROAD_USE": "0", "MULTI_LINK": "0", "CONNECT": "0", "MAX_SPD": 30, "REST_VEH": "0", "REST_W": 0, "REST_H": 0, "C-ITS": "0", "LENGTH": 11.999991132417, "UPDATEDATE": "20250512", "REMARK": null, "HIST_TYPE": "LINK0001", "HISTREMARK": null, "link_stats_import_fid": 1245, "link_stats_import_vehicle_count": 1.0, "link_stats_import_avg_speed": 5.71, "link_stats_import_sum_weight_kg": 0.0}, "geometry": {"type": "MultiLineString", "coordinates": [[[128.8141877372292, 35.08883901001853], [128.8143192870107, 35.08883904719783]]]}}, {"type": "Feature", "properties": {"LINK_ID": "4180147101", "F_NODE": "4180229100", "T_NODE": "4180088002", "LANES": 2, "ROAD_RANK": "101", "ROAD_TYPE": "004", "ROAD_NO": "105", "ROAD_NAME": "남해고속도로제3지선", "ROAD_USE": "0", "MULTI_LINK": "0", "CONNECT": "0", "MAX_SPD": 100, "REST_VEH": "5", "REST_W": 0, "REST_H": 0, "C-ITS": "0", "LENGTH": 684.845089635944, "UPDATEDATE": "20250512", "REMARK": null, "HIST_TYPE": "LINK1007", "HISTREMARK": "4180147100", "link_stats_import_fid": null, "link_stats_import_vehicle_count": null, "link_stats_import_avg_speed": null, "link_stats_import_sum_weight_kg": null}, "geometry": {"type": "MultiLineString", "coordinates": [[[128.76819919228583, 35.11057317693486], [128.76629333415792, 35.104706923789415], [128.76626146703128, 35.10461125308348], [128.76626143973598, 35.10461117006767]]]}}, {"type": "Feature", "properties": {"LINK_ID": "1410196101", "F_NODE": "1410909600", "T_NODE": "1410071901", "LANES": 2, "ROAD_RANK": "105", "ROAD_TYPE": "003", "ROAD_NO": "58", "ROAD_NAME": "거가대로", "ROAD_USE": "0", "MULTI_LINK": "0", "CONNECT": "0", "MAX_SPD": 80, "REST_VEH": "5", "REST_W": 0, "REST_H": 0, "C-ITS": "0", "LENGTH": 512.518698988181, "UPDATEDATE": "20250512", "REMARK": null, "HIST_TYPE": "LINK1007", "HISTREMARK": "1410196100", "link_stats_import_fid": 595, "link_stats_import_vehicle_count": 7.0, "link_stats_import_avg_speed": 20.37, "link_stats_import_sum_weight_kg": 2000.0}, "geometry": {"type": "MultiLineString", "coordinates": [[[128.83595797420892, 35.06823211026863], [128.8359888490272, 35.06829686428983], [128.83782157102695, 35.07258860631639]]]}}, {"type": "Feature", "properties": {"LINK_ID": "4180126101", "F_NODE": "4180107601", "T_NODE": "4180107604", "LANES": 2, "ROAD_RANK": "107", "ROAD_TYPE": "000", "ROAD_NO": "-", "ROAD_NAME": "용원로", "ROAD_USE": "0", "MULTI_LINK": "0", "CONNECT": "0", "MAX_SPD": 60, "REST_VEH": "0", "REST_W": 0, "REST_H": 0, "C-ITS": "0", "LENGTH": 11.10543920472, "UPDATEDATE": "20250512", "REMARK": null, "HIST_TYPE": "LINK0001", "HISTREMARK": null, "link_stats_import_fid": null, "link_stats_import_vehicle_count": null, "link_stats_import_avg_speed": null, "link_stats_import_sum_weight_kg": null}, "geometry": {"type": "MultiLineString", "coordinates": [[[128.8095784669512, 35.10061279549308], [128.80945980799885, 35.100635239212956]]]}}, {"type": "Feature", "properties": {"LINK_ID": "4180082900", "F_NODE": "4180095101", "T_NODE": "4180220000", "LANES": 2, "ROAD_RANK": "107", "ROAD_TYPE": "000", "ROAD_NO": "-", "ROAD_NAME": "신항8로", "ROAD_USE": "0", "MULTI_LINK": "0", "CONNECT": "0", "MAX_SPD": 60, "REST_VEH": "0", "REST_W": 0, "REST_H": 0, "C-ITS": "0", "LENGTH": 259.480696963487, "UPDATEDATE": "20250512", "REMARK": null, "HIST_TYPE": "LINK0003", "HISTREMARK": null, "link_stats_import_fid": 672, "link_stats_import_vehicle_count": 6.0, "link_stats_import_avg_speed": 10.15, "link_stats_import_sum_weight_kg": 5000.0}, "geometry": {"type": "MultiLineString", "coordinates": [[[128.78247049668414, 35.09130261347677], [128.78314984413765, 35.092091955342845], [128.78326289531356, 35.09230185197973], [128.78346461914597, 35.09282918661974], [128.7834770710605, 35.09307895147685], [128.78349395441919, 35.09341761070669]]]}}, {"type": "Feature", "properties": {"LINK_ID": "4180069403", "F_NODE": "4180310000", "T_NODE": "4180091401", "LANES": 2, "ROAD_RANK": "107", "ROAD_TYPE": "000", "ROAD_NO": "-", "ROAD_NAME": "신항8로", "ROAD_USE": "0", "MULTI_LINK": "0", "CONNECT": "0", "MAX_SPD": 60, "REST_VEH": "0", "REST_W": 0, "REST_H": 0, "C-ITS": "0", "LENGTH": 291.563545163774, "UPDATEDATE": "20250512", "REMARK": null, "HIST_TYPE": "LINK1007", "HISTREMARK": "4180069400", "link_stats_import_fid": 513, "link_stats_import_vehicle_count": 10.0, "link_stats_import_avg_speed": 7.58, "link_stats_import_sum_weight_kg": 89108.0}, "geometry": {"type": "MultiLineString", "coordinates": [[[128.7775960620072, 35.08700419577404], [128.77679266934865, 35.086999524249904], [128.77675620360628, 35.08699975127675], [128.77662465473327, 35.087000569891956], [128.77572391511302, 35.087006169287264], [128.77439991444024, 35.08701438880623]]]}}, {"type": "Feature", "properties": {"LINK_ID": "1410704701", "F_NODE": "4180123804", "T_NODE": "4180123803", "LANES": 3, "ROAD_RANK": "104", "ROAD_TYPE": "000", "ROAD_NO": "-", "ROAD_NAME": "신항동로", "ROAD_USE": "0", "MULTI_LINK": "0", "CONNECT": "0", "MAX_SPD": 50, "REST_VEH": "0", "REST_W": 0, "REST_H": 0, "C-ITS": "0", "LENGTH": 12.000173098901, "UPDATEDATE": "20250512", "REMARK": null, "HIST_TYPE": "LINK0001", "HISTREMARK": null, "link_stats_import_fid": 410, "link_stats_import_vehicle_count": 14.0, "link_stats_import_avg_speed": 11.54, "link_stats_import_sum_weight_kg": 7300.0}, "geometry": {"type": "MultiLineString", "coordinates": [[[128.82463842365294, 35.09247358535599], [128.82454640982286, 35.09239630450428]]]}}, {"type": "Feature", "properties": {"LINK_ID": "4180064902", "F_NODE": "4180229500", "T_NODE": "4180107103", "LANES": 4, "ROAD_RANK": "107", "ROAD_TYPE": "000", "ROAD_NO": "-", "ROAD_NAME": "신항북로", "ROAD_USE": "0", "MULTI_LINK": "0", "CONNECT": "0", "MAX_SPD": 70, "REST_VEH": "0", "REST_W": 0, "REST_H": 0, "C-ITS": "0", "LENGTH": 281.654590875915, "UPDATEDATE": "20250512", "REMARK": null, "HIST_TYPE": "LINK1007", "HISTREMARK": "4180064900", "link_stats_import_fid": 136, "link_stats_import_vehicle_count": 103.0, "link_stats_import_avg_speed": 14.29, "link_stats_import_sum_weight_kg": 269414.0}, "geometry": {"type": "MultiLineString", "coordinates": [[[128.80405904096452, 35.085950556380354], [128.8071465772491, 35.08595201308511]]]}}, {"type": "Feature", "properties": {"LINK_ID": "1410057801", "F_NODE": "1410022302", "T_NODE": "1410022305", "LANES": 3, "ROAD_RANK": "104", "ROAD_TYPE": "000", "ROAD_NO": "-", "ROAD_NAME": "녹산산업대로", "ROAD_USE": "0", "MULTI_LINK": "0", "CONNECT": "0", "MAX_SPD": 70, "REST_VEH": "0", "REST_W": 0, "REST_H": 0, "C-ITS": "0", "LENGTH": 12.161727082204, "UPDATEDATE": "20250512", "REMARK": null, "HIST_TYPE": "LINK0001", "HISTREMARK": null, "link_stats_import_fid": null, "link_stats_import_vehicle_count": null, "link_stats_import_avg_speed": null, "link_stats_import_sum_weight_kg": null}, "geometry": {"type": "MultiLineString", "coordinates": [[[128.82804600035462, 35.0933180104347], [128.82795109967518, 35.093394983412324]]]}}, {"type": "Feature", "properties": {"LINK_ID": "4180068200", "F_NODE": "4180087703", "T_NODE": "4180087804", "LANES": 4, "ROAD_RANK": "107", "ROAD_TYPE": "000", "ROAD_NO": "-", "ROAD_NAME": "신항배후로", "ROAD_USE": "0", "MULTI_LINK": "0", "CONNECT": "0", "MAX_SPD": 80, "REST_VEH": "0", "REST_W": 0, "REST_H": 0, "C-ITS": "0", "LENGTH": 477.872550965453, "UPDATEDATE": "20250512", "REMARK": null, "HIST_TYPE": "LINK0003", "HISTREMARK": null, "link_stats_import_fid": 126, "link_stats_import_vehicle_count": 118.0, "link_stats_import_avg_speed": 12.97, "link_stats_import_sum_weight_kg": 112840.0}, "geometry": {"type": "MultiLineString", "coordinates": [[[128.76508990504752, 35.0912802701185], [128.7650944071408, 35.0869742454201]]]}}, {"type": "Feature", "properties": {"LINK_ID": "4180138900", "F_NODE": "4180108104", "T_NODE": "4180196900", "LANES": 2, "ROAD_RANK": "107", "ROAD_TYPE": "000", "ROAD_NO": "-", "ROAD_NAME": "안골로", "ROAD_USE": "0", "MULTI_LINK": "0", "CONNECT": "0", "MAX_SPD": 50, "REST_VEH": "0", "REST_W": 0, "REST_H": 0, "C-ITS": "0", "LENGTH": 101.506669764662, "UPDATEDATE": "20250512", "REMARK": null, "HIST_TYPE": "LINK0003", "HISTREMARK": null, "link_stats_import_fid": null, "link_stats_import_vehicle_count": null, "link_stats_import_avg_speed": null, "link_stats_import_sum_weight_kg": null}, "geometry": {"type": "MultiLineString", "coordinates": [[[128.81042912187527, 35.103947690649], [128.81015442564208, 35.10306134541448]]]}}, {"type": "Feature", "properties": {"LINK_ID": "4180078901", "F_NODE": "4180122402", "T_NODE": "4180122401", "LANES": 2, "ROAD_RANK": "107", "ROAD_TYPE": "000", "ROAD_NO": "-", "ROAD_NAME": "신항2로", "ROAD_USE": "0", "MULTI_LINK": "0", "CONNECT": "0", "MAX_SPD": 60, "REST_VEH": "0", "REST_W": 0, "REST_H": 0, "C-ITS": "0", "LENGTH": 12.001018424043, "UPDATEDATE": "20250512", "REMARK": null, "HIST_TYPE": "LINK0001", "HISTREMARK": null, "link_stats_import_fid": null, "link_stats_import_vehicle_count": null, "link_stats_import_avg_speed": null, "link_stats_import_sum_weight_kg": null}, "geometry": {"type": "MultiLineString", "coordinates": [[[128.82079341300064, 35.09071722426751], [128.82088625133093, 35.09079384550156]]]}}, {"type": "Feature", "properties": {"LINK_ID": "4180089700", "F_NODE": "4180090902", "T_NODE": "4180093003", "LANES": 4, "ROAD_RANK": "107", "ROAD_TYPE": "000", "ROAD_NO": "-", "ROAD_NAME": "신항북로", "ROAD_USE": "0", "MULTI_LINK": "0", "CONNECT": "0", "MAX_SPD": 80, "REST_VEH": "0", "REST_W": 0, "REST_H": 0, "C-ITS": "0", "LENGTH": 392.826422869054, "UPDATEDATE": "20250512", "REMARK": null, "HIST_TYPE": "LINK0003", "HISTREMARK": null, "link_stats_import_fid": 258, "link_stats_import_vehicle_count": 36.0, "link_stats_import_avg_speed": 12.54, "link_stats_import_sum_weight_kg": 126227.0}, "geometry": {"type": "MultiLineString", "coordinates": [[[128.7743857869403, 35.09407447161114], [128.7786922676646, 35.09410953489061]]]}}, {"type": "Feature", "properties": {"LINK_ID": "1410052201", "F_NODE": "1410018704", "T_NODE": "1410018703", "LANES": 3, "ROAD_RANK": "105", "ROAD_TYPE": "000", "ROAD_NO": "58", "ROAD_NAME": "가락대로", "ROAD_USE": "0", "MULTI_LINK": "0", "CONNECT": "0", "MAX_SPD": 60, "REST_VEH": "0", "REST_W": 0, "REST_H": 0, "C-ITS": "0", "LENGTH": 13.317631042957, "UPDATEDATE": "20250512", "REMARK": null, "HIST_TYPE": "LINK0001", "HISTREMARK": null, "link_stats_import_fid": 821, "link_stats_import_vehicle_count": 3.0, "link_stats_import_avg_speed": 7.78, "link_stats_import_sum_weight_kg": 1000.0}, "geometry": {"type": "MultiLineString", "coordinates": [[[128.8393908094748, 35.090148859390766], [128.83939119982855, 35.090028860277116]]]}}, {"type": "Feature", "properties": {"LINK_ID": "1410000702", "F_NODE": "1410000211", "T_NODE": "4180124101", "LANES": 4, "ROAD_RANK": "105", "ROAD_TYPE": "000", "ROAD_NO": "58", "ROAD_NAME": "가락대로", "ROAD_USE": "0", "MULTI_LINK": "0", "CONNECT": "0", "MAX_SPD": 60, "REST_VEH": "0", "REST_W": 0, "REST_H": 0, "C-ITS": "0", "LENGTH": 109.472373718215, "UPDATEDATE": "20250512", "REMARK": null, "HIST_TYPE": "LINK0003", "HISTREMARK": null, "link_stats_import_fid": null, "link_stats_import_vehicle_count": null, "link_stats_import_avg_speed": null, "link_stats_import_sum_weight_kg": null}, "geometry": {"type": "MultiLineString", "coordinates": [[[128.83957231703508, 35.10408003758305], [128.83955398708846, 35.104299991933374], [128.83955798768244, 35.10464399129604], [128.83961588153772, 35.10506322264173]]]}}, {"type": "Feature", "properties": {"LINK_ID": "1410086701", "F_NODE": "1410028904", "T_NODE": "1410028903", "LANES": 2, "ROAD_RANK": "104", "ROAD_TYPE": "000", "ROAD_NO": "-", "ROAD_NAME": "녹산산단27로", "ROAD_USE": "0", "MULTI_LINK": "0", "CONNECT": "0", "MAX_SPD": 50, "REST_VEH": "0", "REST_W": 0, "REST_H": 0, "C-ITS": "0", "LENGTH": 13.321365831037, "UPDATEDATE": "20250512", "REMARK": null, "HIST_TYPE": "LINK0001", "HISTREMARK": null, "link_stats_import_fid": 699, "link_stats_import_vehicle_count": 5.0, "link_stats_import_avg_speed": 7.95, "link_stats_import_sum_weight_kg": 4000.0}, "geometry": {"type": "MultiLineString", "coordinates": [[[128.8326418684452, 35.097993224192344], [128.83264218143142, 35.097873191115674]]]}}, {"type": "Feature", "properties": {"LINK_ID": "1410097900", "F_NODE": "1410033003", "T_NODE": "1410032804", "LANES": 3, "ROAD_RANK": "105", "ROAD_TYPE": "000", "ROAD_NO": "58", "ROAD_NAME": "가락대로", "ROAD_USE": "0", "MULTI_LINK": "0", "CONNECT": "0", "MAX_SPD": 60, "REST_VEH": "0", "REST_W": 0, "REST_H": 0, "C-ITS": "0", "LENGTH": 16.716259229573, "UPDATEDATE": "20250512", "REMARK": null, "HIST_TYPE": "LINK0003", "HISTREMARK": null, "link_stats_import_fid": null, "link_stats_import_vehicle_count": null, "link_stats_import_avg_speed": null, "link_stats_import_sum_weight_kg": null}, "geometry": {"type": "MultiLineString", "coordinates": [[[128.83935603051495, 35.10204658841219], [128.83935648265248, 35.1018959660048]]]}}, {"type": "Feature", "properties": {"LINK_ID": "1410121400", "F_NODE": "1410029002", "T_NODE": "1410040903", "LANES": 2, "ROAD_RANK": "104", "ROAD_TYPE": "003", "ROAD_NO": "-", "ROAD_NAME": "녹산산업북로", "ROAD_USE": "0", "MULTI_LINK": "0", "CONNECT": "0", "MAX_SPD": 50, "REST_VEH": "0", "REST_W": 0, "REST_H": 0, "C-ITS": "0", "LENGTH": 11.771770132937, "UPDATEDATE": "20250512", "REMARK": null, "HIST_TYPE": "LINK0003", "HISTREMARK": null, "link_stats_import_fid": 702, "link_stats_import_vehicle_count": 5.0, "link_stats_import_avg_speed": 14.4, "link_stats_import_sum_weight_kg": 2000.0}, "geometry": {"type": "MultiLineString", "coordinates": [[[128.83433728389906, 35.09789448425982], [128.83446633812147, 35.09789337947665]]]}}, {"type": "Feature", "properties": {"LINK_ID": "4180069000", "F_NODE": "4180090403", "T_NODE": "4180090504", "LANES": 2, "ROAD_RANK": "107", "ROAD_TYPE": "000", "ROAD_NO": "-", "ROAD_NAME": "신항7로", "ROAD_USE": "0", "MULTI_LINK": "0", "CONNECT": "0", "MAX_SPD": 50, "REST_VEH": "0", "REST_W": 0, "REST_H": 0, "C-ITS": "0", "LENGTH": 230.439769791016, "UPDATEDATE": "20250512", "REMARK": null, "HIST_TYPE": "LINK0003", "HISTREMARK": null, "link_stats_import_fid": 372, "link_stats_import_vehicle_count": 18.0, "link_stats_import_avg_speed": 8.46, "link_stats_import_sum_weight_kg": 65215.0}, "geometry": {"type": "MultiLineString", "coordinates": [[[128.76984462444983, 35.08906972823132], [128.76984579008385, 35.0888851609214], [128.76985225623721, 35.08786129130784], [128.7698577383524, 35.086993306817924]]]}}, {"type": "Feature", "properties": {"LINK_ID": "1410095500", "F_NODE": "1410032201", "T_NODE": "1410031803", "LANES": 2, "ROAD_RANK": "104", "ROAD_TYPE": "000", "ROAD_NO": "-", "ROAD_NAME": "녹산산단27로", "ROAD_USE": "0", "MULTI_LINK": "0", "CONNECT": "0", "MAX_SPD": 50, "REST_VEH": "0", "REST_W": 0, "REST_H": 0, "C-ITS": "0", "LENGTH": 288.814586872255, "UPDATEDATE": "20250512", "REMARK": null, "HIST_TYPE": "LINK0003", "HISTREMARK": null, "link_stats_import_fid": null, "link_stats_import_vehicle_count": null, "link_stats_import_avg_speed": null, "link_stats_import_sum_weight_kg": null}, "geometry": {"type": "MultiLineString", "coordinates": [[[128.82860945075006, 35.10008209585383], [128.82928698712234, 35.100627991254164], [128.82960198736214, 35.100741991042085], [128.82986798836367, 35.10068399097244], [128.83100480342335, 35.09976062745386]]]}}, {"type": "Feature", "properties": {"LINK_ID": "1410022200", "F_NODE": "1410009901", "T_NODE": "1410010602", "LANES": 2, "ROAD_RANK": "104", "ROAD_TYPE": "000", "ROAD_NO": "-", "ROAD_NAME": "녹산산단262로", "ROAD_USE": "0", "MULTI_LINK": "0", "CONNECT": "0", "MAX_SPD": 50, "REST_VEH": "0", "REST_W": 0, "REST_H": 0, "C-ITS": "0", "LENGTH": 84.784403405772, "UPDATEDATE": "20250512", "REMARK": null, "HIST_TYPE": "LINK0003", "HISTREMARK": null, "link_stats_import_fid": 811, "link_stats_import_vehicle_count": 3.0, "link_stats_import_avg_speed": 5.93, "link_stats_import_sum_weight_kg": 0.0}, "geometry": {"type": "MultiLineString", "coordinates": [[[128.8461229163809, 35.08371814124507], [128.84610909083793, 35.08448201189904]]]}}, {"type": "Feature", "properties": {"LINK_ID": "1410084500", "F_NODE": "1410029603", "T_NODE": "1410028304", "LANES": 2, "ROAD_RANK": "104", "ROAD_TYPE": "000", "ROAD_NO": "-", "ROAD_NAME": "녹산산단261로", "ROAD_USE": "0", "MULTI_LINK": "0", "CONNECT": "0", "MAX_SPD": 50, "REST_VEH": "0", "REST_W": 0, "REST_H": 0, "C-ITS": "0", "LENGTH": 121.197670694641, "UPDATEDATE": "20250512", "REMARK": null, "HIST_TYPE": "LINK0003", "HISTREMARK": null, "link_stats_import_fid": 1153, "link_stats_import_vehicle_count": 1.0, "link_stats_import_avg_speed": 8.51, "link_stats_import_sum_weight_kg": 0.0}, "geometry": {"type": "MultiLineString", "coordinates": [[[128.84595513391398, 35.097931828728484], [128.84595783961365, 35.096839773979724]]]}}, {"type": "Feature", "properties": {"LINK_ID": "4180081901", "F_NODE": "4180090902", "T_NODE": "4180090901", "LANES": 3, "ROAD_RANK": "107", "ROAD_TYPE": "000", "ROAD_NO": "-", "ROAD_NAME": "신항6로", "ROAD_USE": "0", "MULTI_LINK": "0", "CONNECT": "0", "MAX_SPD": 60, "REST_VEH": "0", "REST_W": 0, "REST_H": 0, "C-ITS": "0", "LENGTH": 12.000027131513, "UPDATEDATE": "20250512", "REMARK": null, "HIST_TYPE": "LINK0001", "HISTREMARK": null, "link_stats_import_fid": null, "link_stats_import_vehicle_count": null, "link_stats_import_avg_speed": null, "link_stats_import_sum_weight_kg": null}, "geometry": {"type": "MultiLineString", "coordinates": [[[128.7743857869403, 35.09407447161114], [128.77438448086417, 35.094182595986666]]]}}, {"type": "Feature", "properties": {"LINK_ID": "4180089000", "F_NODE": "4180090904", "T_NODE": "4180090201", "LANES": 4, "ROAD_RANK": "107", "ROAD_TYPE": "000", "ROAD_NO": "-", "ROAD_NAME": "신항북로", "ROAD_USE": "0", "MULTI_LINK": "0", "CONNECT": "0", "MAX_SPD": 80, "REST_VEH": "0", "REST_W": 0, "REST_H": 0, "C-ITS": "0", "LENGTH": 393.023313587593, "UPDATEDATE": "20250512", "REMARK": null, "HIST_TYPE": "LINK0003", "HISTREMARK": null, "link_stats_import_fid": 191, "link_stats_import_vehicle_count": 65.0, "link_stats_import_avg_speed": 12.07, "link_stats_import_sum_weight_kg": 120765.0}, "geometry": {"type": "MultiLineString", "coordinates": [[[128.77425292583413, 35.09418152251576], [128.76994427780832, 35.09414628330616]]]}}, {"type": "Feature", "properties": {"LINK_ID": "1410030001", "F_NODE": "1410012201", "T_NODE": "1410012204", "LANES": 2, "ROAD_RANK": "104", "ROAD_TYPE": "000", "ROAD_NO": "-", "ROAD_NAME": "녹산산단232로", "ROAD_USE": "0", "MULTI_LINK": "0", "CONNECT": "0", "MAX_SPD": 60, "REST_VEH": "0", "REST_W": 0, "REST_H": 0, "C-ITS": "0", "LENGTH": 10.947083631771, "UPDATEDATE": "20250512", "REMARK": null, "HIST_TYPE": "LINK0001", "HISTREMARK": null, "link_stats_import_fid": null, "link_stats_import_vehicle_count": null, "link_stats_import_avg_speed": null, "link_stats_import_sum_weight_kg": null}, "geometry": {"type": "MultiLineString", "coordinates": [[[128.83820979251573, 35.08574785551807], [128.83808979133326, 35.08574814443574]]]}}, {"type": "Feature", "properties": {"LINK_ID": "1410705701", "F_NODE": "1410277601", "T_NODE": "1410277604", "LANES": 3, "ROAD_RANK": "104", "ROAD_TYPE": "000", "ROAD_NO": "-", "ROAD_NAME": "신항로", "ROAD_USE": "0", "MULTI_LINK": "0", "CONNECT": "0", "MAX_SPD": 60, "REST_VEH": "0", "REST_W": 0, "REST_H": 0, "C-ITS": "0", "LENGTH": 12.000145514558, "UPDATEDATE": "20250512", "REMARK": null, "HIST_TYPE": "LINK0001", "HISTREMARK": null, "link_stats_import_fid": 212, "link_stats_import_vehicle_count": 54.0, "link_stats_import_avg_speed": 10.67, "link_stats_import_sum_weight_kg": 587655.0}, "geometry": {"type": "MultiLineString", "coordinates": [[[128.82452448350094, 35.08324558534142], [128.82439294270378, 35.08324512401012]]]}}, {"type": "Feature", "properties": {"LINK_ID": "1410064801", "F_NODE": "1410022703", "T_NODE": "1410022702", "LANES": 2, "ROAD_RANK": "104", "ROAD_TYPE": "000", "ROAD_NO": "-", "ROAD_NAME": "녹산산업중로", "ROAD_USE": "0", "MULTI_LINK": "0", "CONNECT": "0", "MAX_SPD": 50, "REST_VEH": "0", "REST_W": 0, "REST_H": 0, "C-ITS": "0", "LENGTH": 10.945853465795, "UPDATEDATE": "20250512", "REMARK": null, "HIST_TYPE": "LINK0001", "HISTREMARK": null, "link_stats_import_fid": null, "link_stats_import_vehicle_count": null, "link_stats_import_avg_speed": null, "link_stats_import_sum_weight_kg": null}, "geometry": {"type": "MultiLineString", "coordinates": [[[128.83938116596102, 35.09340294796693], [128.83950116528786, 35.09340303538183]]]}}, {"type": "Feature", "properties": {"LINK_ID": "1411101710", "F_NODE": "1410946600", "T_NODE": "1410734700", "LANES": 3, "ROAD_RANK": "104", "ROAD_TYPE": "000", "ROAD_NO": "-", "ROAD_NAME": "신항남로", "ROAD_USE": "1", "MULTI_LINK": "0", "CONNECT": "0", "MAX_SPD": 60, "REST_VEH": "0", "REST_W": 0, "REST_H": 0, "C-ITS": "0", "LENGTH": 345.061654652265, "UPDATEDATE": "20250512", "REMARK": null, "HIST_TYPE": "LINK1007", "HISTREMARK": "1411101701", "link_stats_import_fid": 66, "link_stats_import_vehicle_count": 236.0, "link_stats_import_avg_speed": 15.0, "link_stats_import_sum_weight_kg": 10115021.0}, "geometry": {"type": "MultiLineString", "coordinates": [[[128.8062714288108, 35.06101275590162], [128.8065609226191, 35.06101367197011], [128.80713653178051, 35.061007469086526], [128.8076917953482, 35.061100665881895], [128.80999658821617, 35.06147615130644]]]}}, {"type": "Feature", "properties": {"LINK_ID": "4180107100", "F_NODE": "4180103003", "T_NODE": "4180103404", "LANES": 2, "ROAD_RANK": "107", "ROAD_TYPE": "000", "ROAD_NO": "-", "ROAD_NAME": "안청로", "ROAD_USE": "0", "MULTI_LINK": "0", "CONNECT": "0", "MAX_SPD": 60, "REST_VEH": "0", "REST_W": 0, "REST_H": 0, "C-ITS": "0", "LENGTH": 154.792099179388, "UPDATEDATE": "20250512", "REMARK": null, "HIST_TYPE": "LINK0003", "HISTREMARK": null, "link_stats_import_fid": 685, "link_stats_import_vehicle_count": 6.0, "link_stats_import_avg_speed": 8.12, "link_stats_import_sum_weight_kg": 62560.0}, "geometry": {"type": "MultiLineString", "coordinates": [[[128.8029369653954, 35.10005687230188], [128.80294798702315, 35.0994579915512], [128.80303098739796, 35.09910899195214], [128.80303898794082, 35.099084991607825], [128.8030419876852, 35.09907999119585], [128.80329630391327, 35.098727533308335]]]}}, {"type": "Feature", "properties": {"LINK_ID": "4180141400", "F_NODE": "4180086401", "T_NODE": "4180086602", "LANES": 2, "ROAD_RANK": "107", "ROAD_TYPE": "000", "ROAD_NO": "-", "ROAD_NAME": "웅천동로", "ROAD_USE": "0", "MULTI_LINK": "0", "CONNECT": "0", "MAX_SPD": 30, "REST_VEH": "0", "REST_W": 0, "REST_H": 0, "C-ITS": "0", "LENGTH": 165.779737596744, "UPDATEDATE": "20250512", "REMARK": null, "HIST_TYPE": "LINK0003", "HISTREMARK": null, "link_stats_import_fid": null, "link_stats_import_vehicle_count": null, "link_stats_import_avg_speed": null, "link_stats_import_sum_weight_kg": null}, "geometry": {"type": "MultiLineString", "coordinates": [[[128.75488414576537, 35.103803524311076], [128.7559130029198, 35.1050350244019]]]}}, {"type": "Feature", "properties": {"LINK_ID": "1410041001", "F_NODE": "1410015304", "T_NODE": "1410015303", "LANES": 2, "ROAD_RANK": "104", "ROAD_TYPE": "000", "ROAD_NO": "-", "ROAD_NAME": "녹산산단231로", "ROAD_USE": "0", "MULTI_LINK": "0", "CONNECT": "0", "MAX_SPD": 50, "REST_VEH": "0", "REST_W": 0, "REST_H": 0, "C-ITS": "0", "LENGTH": 13.317878428562, "UPDATEDATE": "20250512", "REMARK": null, "HIST_TYPE": "LINK0001", "HISTREMARK": null, "link_stats_import_fid": 631, "link_stats_import_vehicle_count": 6.0, "link_stats_import_avg_speed": 14.66, "link_stats_import_sum_weight_kg": 32100.0}, "geometry": {"type": "MultiLineString", "coordinates": [[[128.84266988148846, 35.089020955940846], [128.84267014852955, 35.08890095449712]]]}}, {"type": "Feature", "properties": {"LINK_ID": "4180064301", "F_NODE": "4180096902", "T_NODE": "4180096901", "LANES": 2, "ROAD_RANK": "107", "ROAD_TYPE": "000", "ROAD_NO": "-", "ROAD_NAME": "안골로108번길", "ROAD_USE": "0", "MULTI_LINK": "0", "CONNECT": "0", "MAX_SPD": 50, "REST_VEH": "0", "REST_W": 0, "REST_H": 0, "C-ITS": "0", "LENGTH": 12.017434822598, "UPDATEDATE": "20250512", "REMARK": null, "HIST_TYPE": "LINK0001", "HISTREMARK": null, "link_stats_import_fid": null, "link_stats_import_vehicle_count": null, "link_stats_import_avg_speed": null, "link_stats_import_sum_weight_kg": null}, "geometry": {"type": "MultiLineString", "coordinates": [[[128.78534219001918, 35.08660319174967], [128.785428716357, 35.08668484643499]]]}}, {"type": "Feature", "properties": {"LINK_ID": "4180059600", "F_NODE": "4180092401", "T_NODE": "4180228500", "LANES": 3, "ROAD_RANK": "107", "ROAD_TYPE": "003", "ROAD_NO": "-", "ROAD_NAME": "신항로", "ROAD_USE": "0", "MULTI_LINK": "0", "CONNECT": "0", "MAX_SPD": 60, "REST_VEH": "0", "REST_W": 0, "REST_H": 0, "C-ITS": "0", "LENGTH": 426.112355487213, "UPDATEDATE": "20250512", "REMARK": null, "HIST_TYPE": "LINK0003", "HISTREMARK": null, "link_stats_import_fid": 49, "link_stats_import_vehicle_count": 321.0, "link_stats_import_avg_speed": 16.52, "link_stats_import_sum_weight_kg": 4056604.0}, "geometry": {"type": "MultiLineString", "coordinates": [[[128.7776021631968, 35.08306001257276], [128.77760287145716, 35.083060002865814], [128.7798221096162, 35.083068192609225], [128.7822731089775, 35.08307505535483]]]}}, {"type": "Feature", "properties": {"LINK_ID": "4180082700", "F_NODE": "4180118801", "T_NODE": "4180119202", "LANES": 3, "ROAD_RANK": "107", "ROAD_TYPE": "003", "ROAD_NO": "-", "ROAD_NAME": "신항4로", "ROAD_USE": "0", "MULTI_LINK": "0", "CONNECT": "0", "MAX_SPD": 50, "REST_VEH": "0", "REST_W": 4500, "REST_H": 0, "C-ITS": "0", "LENGTH": 137.883847177664, "UPDATEDATE": "20250512", "REMARK": null, "HIST_TYPE": "LINK0003", "HISTREMARK": null, "link_stats_import_fid": 587, "link_stats_import_vehicle_count": 8.0, "link_stats_import_avg_speed": 8.63, "link_stats_import_sum_weight_kg": 31220.0}, "geometry": {"type": "MultiLineString", "coordinates": [[[128.81834382642586, 35.090732637391824], [128.81834382651266, 35.09073263712348], [128.81834472144516, 35.09119899422243], [128.81834692395935, 35.091336010706726], [128.81835543011516, 35.09146927640013], [128.81836995246596, 35.09158604252439], [128.8183906493437, 35.09169245118421], [128.81841028922278, 35.091774020194876], [128.81846236528085, 35.091966623240694]]]}}, {"type": "Feature", "properties": {"LINK_ID": "1410076000", "F_NODE": "1410025802", "T_NODE": "1410026003", "LANES": 2, "ROAD_RANK": "104", "ROAD_TYPE": "000", "ROAD_NO": "-", "ROAD_NAME": "가락대로", "ROAD_USE": "0", "MULTI_LINK": "0", "CONNECT": "0", "MAX_SPD": 60, "REST_VEH": "0", "REST_W": 0, "REST_H": 0, "C-ITS": "0", "LENGTH": 113.831137570892, "UPDATEDATE": "20250512", "REMARK": null, "HIST_TYPE": "LINK0003", "HISTREMARK": null, "link_stats_import_fid": null, "link_stats_import_vehicle_count": null, "link_stats_import_avg_speed": null, "link_stats_import_sum_weight_kg": null}, "geometry": {"type": "MultiLineString", "coordinates": [[[128.8381271916162, 35.095564124599235], [128.83937515105097, 35.09556686026582]]]}}, {"type": "Feature", "properties": {"LINK_ID": "1410705702", "F_NODE": "1410278101", "T_NODE": "1410278104", "LANES": 3, "ROAD_RANK": "104", "ROAD_TYPE": "000", "ROAD_NO": "-", "ROAD_NAME": "신항로", "ROAD_USE": "0", "MULTI_LINK": "0", "CONNECT": "0", "MAX_SPD": 60, "REST_VEH": "0", "REST_W": 0, "REST_H": 0, "C-ITS": "0", "LENGTH": 11.999970416213, "UPDATEDATE": "20250512", "REMARK": null, "HIST_TYPE": "LINK0001", "HISTREMARK": null, "link_stats_import_fid": 226, "link_stats_import_vehicle_count": 48.0, "link_stats_import_avg_speed": 6.92, "link_stats_import_sum_weight_kg": 244954.0}, "geometry": {"type": "MultiLineString", "coordinates": [[[128.83479946289725, 35.08324792923161], [128.83466792332686, 35.083247948436544]]]}}, {"type": "Feature", "properties": {"LINK_ID": "4180113501", "F_NODE": "4180115703", "T_NODE": "4180115702", "LANES": 2, "ROAD_RANK": "107", "ROAD_TYPE": "000", "ROAD_NO": "-", "ROAD_NAME": "용원로", "ROAD_USE": "0", "MULTI_LINK": "0", "CONNECT": "0", "MAX_SPD": 60, "REST_VEH": "0", "REST_W": 0, "REST_H": 0, "C-ITS": "0", "LENGTH": 11.105130359174, "UPDATEDATE": "20250512", "REMARK": null, "HIST_TYPE": "LINK0001", "HISTREMARK": null, "link_stats_import_fid": null, "link_stats_import_vehicle_count": null, "link_stats_import_avg_speed": null, "link_stats_import_sum_weight_kg": null}, "geometry": {"type": "MultiLineString", "coordinates": [[[128.81607663186037, 35.099174436585095], [128.81619516146156, 35.09915155650928]]]}}, {"type": "Feature", "properties": {"LINK_ID": "1410035401", "F_NODE": "1410015202", "T_NODE": "1410015201", "LANES": 3, "ROAD_RANK": "105", "ROAD_TYPE": "000", "ROAD_NO": "58", "ROAD_NAME": "가락대로", "ROAD_USE": "0", "MULTI_LINK": "0", "CONNECT": "0", "MAX_SPD": 60, "REST_VEH": "0", "REST_W": 0, "REST_H": 0, "C-ITS": "0", "LENGTH": 13.317788150651, "UPDATEDATE": "20250512", "REMARK": null, "HIST_TYPE": "LINK0001", "HISTREMARK": null, "link_stats_import_fid": 564, "link_stats_import_vehicle_count": 8.0, "link_stats_import_avg_speed": 8.59, "link_stats_import_sum_weight_kg": 1000.0}, "geometry": {"type": "MultiLineString", "coordinates": [[[128.83951514817687, 35.088899028406374], [128.8395147748611, 35.089019028987906]]]}}, {"type": "Feature", "properties": {"LINK_ID": "1410001700", "F_NODE": "1410000601", "T_NODE": "1410000702", "LANES": 3, "ROAD_RANK": "103", "ROAD_TYPE": "000", "ROAD_NO": "2", "ROAD_NAME": "낙동남로", "ROAD_USE": "0", "MULTI_LINK": "0", "CONNECT": "0", "MAX_SPD": 70, "REST_VEH": "0", "REST_W": 0, "REST_H": 0, "C-ITS": "0", "LENGTH": 174.178975436615, "UPDATEDATE": "20250512", "REMARK": null, "HIST_TYPE": "LINK0003", "HISTREMARK": null, "link_stats_import_fid": 807, "link_stats_import_vehicle_count": 3.0, "link_stats_import_avg_speed": 18.85, "link_stats_import_sum_weight_kg": 6768.0}, "geometry": {"type": "MultiLineString", "coordinates": [[[128.84469865084142, 35.10628183561669], [128.84629098732458, 35.10689099146526], [128.8464335604555, 35.1069375241123]]]}}, {"type": "Feature", "properties": {"LINK_ID": "1410702101", "F_NODE": "4180119501", "T_NODE": "4180119504", "LANES": 2, "ROAD_RANK": "104", "ROAD_TYPE": "000", "ROAD_NO": "-", "ROAD_NAME": "신항4로", "ROAD_USE": "0", "MULTI_LINK": "0", "CONNECT": "0", "MAX_SPD": 30, "REST_VEH": "0", "REST_W": 0, "REST_H": 0, "C-ITS": "0", "LENGTH": 12.000431367537, "UPDATEDATE": "20250512", "REMARK": null, "HIST_TYPE": "LINK0001", "HISTREMARK": null, "link_stats_import_fid": 306, "link_stats_import_vehicle_count": 25.0, "link_stats_import_avg_speed": 7.14, "link_stats_import_sum_weight_kg": 58326.0}, "geometry": {"type": "MultiLineString", "coordinates": [[[128.8183462200525, 35.084592447735275], [128.81821467283618, 35.084592188267806]]]}}, {"type": "Feature", "properties": {"LINK_ID": "1410081400", "F_NODE": "1410027401", "T_NODE": "1410028902", "LANES": 2, "ROAD_RANK": "104", "ROAD_TYPE": "000", "ROAD_NO": "-", "ROAD_NAME": "녹산산단27로", "ROAD_USE": "0", "MULTI_LINK": "0", "CONNECT": "0", "MAX_SPD": 50, "REST_VEH": "0", "REST_W": 0, "REST_H": 0, "C-ITS": "0", "LENGTH": 125.920778828586, "UPDATEDATE": "20250512", "REMARK": null, "HIST_TYPE": "LINK0003", "HISTREMARK": null, "link_stats_import_fid": null, "link_stats_import_vehicle_count": null, "link_stats_import_avg_speed": null, "link_stats_import_sum_weight_kg": null}, "geometry": {"type": "MultiLineString", "coordinates": [[[128.83276579275616, 35.09674016456006], [128.83276217612183, 35.097874781109255]]]}}, {"type": "Feature", "properties": {"LINK_ID": "4180065700", "F_NODE": "4180107102", "T_NODE": "4180310200", "LANES": 4, "ROAD_RANK": "107", "ROAD_TYPE": "000", "ROAD_NO": "-", "ROAD_NAME": "신항북로", "ROAD_USE": "0", "MULTI_LINK": "0", "CONNECT": "0", "MAX_SPD": 70, "REST_VEH": "0", "REST_W": 0, "REST_H": 0, "C-ITS": "0", "LENGTH": 316.496286948477, "UPDATEDATE": "20250512", "REMARK": null, "HIST_TYPE": "LINK0006", "HISTREMARK": null, "link_stats_import_fid": 137, "link_stats_import_vehicle_count": 103.0, "link_stats_import_avg_speed": 15.25, "link_stats_import_sum_weight_kg": 235427.0}, "geometry": {"type": "MultiLineString", "coordinates": [[[128.80727812222275, 35.0859526529794], [128.81074737698836, 35.08598461474812]]]}}, {"type": "Feature", "properties": {"LINK_ID": "4180063701", "F_NODE": "4180107102", "T_NODE": "4180107101", "LANES": 3, "ROAD_RANK": "107", "ROAD_TYPE": "000", "ROAD_NO": "-", "ROAD_NAME": "신항5로", "ROAD_USE": "0", "MULTI_LINK": "0", "CONNECT": "0", "MAX_SPD": 60, "REST_VEH": "0", "REST_W": 0, "REST_H": 0, "C-ITS": "0", "LENGTH": 12.000769739724, "UPDATEDATE": "20250512", "REMARK": null, "HIST_TYPE": "LINK0001", "HISTREMARK": null, "link_stats_import_fid": 712, "link_stats_import_vehicle_count": 5.0, "link_stats_import_avg_speed": 10.19, "link_stats_import_sum_weight_kg": 10891.0}, "geometry": {"type": "MultiLineString", "coordinates": [[[128.80727812222275, 35.0859526529794], [128.8072781876219, 35.086060788194644]]]}}, {"type": "Feature", "properties": {"LINK_ID": "1410000203", "F_NODE": "1410000207", "T_NODE": "1410000210", "LANES": 3, "ROAD_RANK": "103", "ROAD_TYPE": "000", "ROAD_NO": "2", "ROAD_NAME": "낙동남로", "ROAD_USE": "0", "MULTI_LINK": "0", "CONNECT": "0", "MAX_SPD": 70, "REST_VEH": "0", "REST_W": 0, "REST_H": 0, "C-ITS": "0", "LENGTH": 51.336879882768, "UPDATEDATE": "20250512", "REMARK": null, "HIST_TYPE": "LINK0001", "HISTREMARK": null, "link_stats_import_fid": null, "link_stats_import_vehicle_count": null, "link_stats_import_avg_speed": null, "link_stats_import_sum_weight_kg": null}, "geometry": {"type": "MultiLineString", "coordinates": [[[128.83798773387306, 35.102031495664676], [128.83750141585978, 35.10179859697501]]]}}, {"type": "Feature", "properties": {"LINK_ID": "4180081500", "F_NODE": "4180091102", "T_NODE": "4180093103", "LANES": 4, "ROAD_RANK": "107", "ROAD_TYPE": "000", "ROAD_NO": "-", "ROAD_NAME": "신항10로", "ROAD_USE": "0", "MULTI_LINK": "0", "CONNECT": "0", "MAX_SPD": 80, "REST_VEH": "0", "REST_W": 0, "REST_H": 0, "C-ITS": "0", "LENGTH": 392.27549356528, "UPDATEDATE": "20250512", "REMARK": null, "HIST_TYPE": "LINK0003", "HISTREMARK": null, "link_stats_import_fid": 188, "link_stats_import_vehicle_count": 66.0, "link_stats_import_avg_speed": 7.14, "link_stats_import_sum_weight_kg": 400818.0}, "geometry": {"type": "MultiLineString", "coordinates": [[[128.77440206231657, 35.091257832970626], [128.77736207370646, 35.09126918927603], [128.77870225728347, 35.0912915639599]]]}}, {"type": "Feature", "properties": {"LINK_ID": "4180125701", "F_NODE": "4180106804", "T_NODE": "4180106803", "LANES": 2, "ROAD_RANK": "107", "ROAD_TYPE": "000", "ROAD_NO": "-", "ROAD_NAME": "안청남로", "ROAD_USE": "0", "MULTI_LINK": "0", "CONNECT": "0", "MAX_SPD": 60, "REST_VEH": "0", "REST_W": 0, "REST_H": 0, "C-ITS": "0", "LENGTH": 12.480037149332, "UPDATEDATE": "20250512", "REMARK": null, "HIST_TYPE": "LINK0001", "HISTREMARK": null, "link_stats_import_fid": null, "link_stats_import_vehicle_count": null, "link_stats_import_avg_speed": null, "link_stats_import_sum_weight_kg": null}, "geometry": {"type": "MultiLineString", "coordinates": [[[128.8069390432371, 35.10048393711841], [128.80701970532928, 35.10039310048382]]]}}, {"type": "Feature", "properties": {"LINK_ID": "1410704500", "F_NODE": "1410277503", "T_NODE": "1410277604", "LANES": 3, "ROAD_RANK": "104", "ROAD_TYPE": "000", "ROAD_NO": "-", "ROAD_NAME": "신항로", "ROAD_USE": "0", "MULTI_LINK": "0", "CONNECT": "0", "MAX_SPD": 30, "REST_VEH": "0", "REST_W": 0, "REST_H": 0, "C-ITS": "0", "LENGTH": 140.433470433792, "UPDATEDATE": "20250512", "REMARK": null, "HIST_TYPE": "LINK0003", "HISTREMARK": null, "link_stats_import_fid": 166, "link_stats_import_vehicle_count": 78.0, "link_stats_import_avg_speed": 7.94, "link_stats_import_sum_weight_kg": 500125.0}, "geometry": {"type": "MultiLineString", "coordinates": [[[128.82440023038848, 35.084510503951535], [128.82439299430462, 35.083333409062824], [128.82439294270378, 35.08324512401012]]]}}, {"type": "Feature", "properties": {"LINK_ID": "1410195200", "F_NODE": "1410071607", "T_NODE": "1410862700", "LANES": 2, "ROAD_RANK": "105", "ROAD_TYPE": "000", "ROAD_NO": "58", "ROAD_NAME": "거가대로", "ROAD_USE": "0", "MULTI_LINK": "0", "CONNECT": "0", "MAX_SPD": 80, "REST_VEH": "5", "REST_W": 0, "REST_H": 0, "C-ITS": "0", "LENGTH": 325.754326382874, "UPDATEDATE": "20250512", "REMARK": null, "HIST_TYPE": "LINK0003", "HISTREMARK": null, "link_stats_import_fid": null, "link_stats_import_vehicle_count": null, "link_stats_import_avg_speed": null, "link_stats_import_sum_weight_kg": null}, "geometry": {"type": "MultiLineString", "coordinates": [[[128.82673172169117, 35.05470952596805], [128.82653846486514, 35.05424538902747], [128.8262688407958, 35.053598200427736], [128.8260302877631, 35.05277051314856], [128.8259125849257, 35.051969044499515], [128.82590688694714, 35.051866494907266]]]}}, {"type": "Feature", "properties": {"LINK_ID": "1411030801", "F_NODE": "1410382302", "T_NODE": "1410382301", "LANES": 3, "ROAD_RANK": "104", "ROAD_TYPE": "000", "ROAD_NO": "-", "ROAD_NAME": "신항남로", "ROAD_USE": "0", "MULTI_LINK": "0", "CONNECT": "0", "MAX_SPD": 60, "REST_VEH": "0", "REST_W": 0, "REST_H": 0, "C-ITS": "0", "LENGTH": 13.669982937779, "UPDATEDATE": "20250512", "REMARK": null, "HIST_TYPE": "LINK0001", "HISTREMARK": null, "link_stats_import_fid": 174, "link_stats_import_vehicle_count": 74.0, "link_stats_import_avg_speed": 12.15, "link_stats_import_sum_weight_kg": 637283.0}, "geometry": {"type": "MultiLineString", "coordinates": [[[128.8347885028208, 35.069779344802356], [128.83482030744324, 35.06989971244042]]]}}, {"type": "Feature", "properties": {"LINK_ID": "1410195300", "F_NODE": "1410071401", "T_NODE": "1410862600", "LANES": 2, "ROAD_RANK": "105", "ROAD_TYPE": "000", "ROAD_NO": "58", "ROAD_NAME": "거가대로", "ROAD_USE": "0", "MULTI_LINK": "0", "CONNECT": "0", "MAX_SPD": 80, "REST_VEH": "5", "REST_W": 0, "REST_H": 0, "C-ITS": "0", "LENGTH": 320.357679277134, "UPDATEDATE": "20250512", "REMARK": null, "HIST_TYPE": "LINK0003", "HISTREMARK": null, "link_stats_import_fid": 964, "link_stats_import_vehicle_count": 2.0, "link_stats_import_avg_speed": 22.91, "link_stats_import_sum_weight_kg": 0.0}, "geometry": {"type": "MultiLineString", "coordinates": [[[128.8261679558358, 35.04898003023477], [128.82604685770056, 35.050066113606626], [128.82601392309192, 35.05114805316801], [128.8260497141444, 35.051861168136696]]]}}, {"type": "Feature", "properties": {"LINK_ID": "4180124101", "F_NODE": "4180122703", "T_NODE": "4180122702", "LANES": 2, "ROAD_RANK": "107", "ROAD_TYPE": "000", "ROAD_NO": "-", "ROAD_NAME": "용재로", "ROAD_USE": "0", "MULTI_LINK": "0", "CONNECT": "0", "MAX_SPD": 60, "REST_VEH": "0", "REST_W": 0, "REST_H": 0, "C-ITS": "0", "LENGTH": 11.229153850997, "UPDATEDATE": "20250512", "REMARK": null, "HIST_TYPE": "LINK0001", "HISTREMARK": null, "link_stats_import_fid": null, "link_stats_import_vehicle_count": null, "link_stats_import_avg_speed": null, "link_stats_import_sum_weight_kg": null}, "geometry": {"type": "MultiLineString", "coordinates": [[[128.82156548839083, 35.100048726039624], [128.8216824496989, 35.100017134864494]]]}}, {"type": "Feature", "properties": {"LINK_ID": "1410092100", "F_NODE": "1410031302", "T_NODE": "1410030603", "LANES": 2, "ROAD_RANK": "104", "ROAD_TYPE": "000", "ROAD_NO": "-", "ROAD_NAME": "녹산산업중로", "ROAD_USE": "0", "MULTI_LINK": "0", "CONNECT": "0", "MAX_SPD": 50, "REST_VEH": "0", "REST_W": 0, "REST_H": 0, "C-ITS": "0", "LENGTH": 82.641725759319, "UPDATEDATE": "20250512", "REMARK": null, "HIST_TYPE": "LINK0003", "HISTREMARK": null, "link_stats_import_fid": 834, "link_stats_import_vehicle_count": 3.0, "link_stats_import_avg_speed": 8.4, "link_stats_import_sum_weight_kg": 29425.0}, "geometry": {"type": "MultiLineString", "coordinates": [[[128.82610539044907, 35.099237362174335], [128.82675560306365, 35.09871876092577]]]}}, {"type": "Feature", "properties": {"LINK_ID": "1410040200", "F_NODE": "1410015204", "T_NODE": "1410015001", "LANES": 3, "ROAD_RANK": "104", "ROAD_TYPE": "000", "ROAD_NO": "-", "ROAD_NAME": "녹산산업대로", "ROAD_USE": "0", "MULTI_LINK": "0", "CONNECT": "0", "MAX_SPD": 70, "REST_VEH": "0", "REST_W": 0, "REST_H": 0, "C-ITS": "0", "LENGTH": 345.347450863851, "UPDATEDATE": "20250512", "REMARK": null, "HIST_TYPE": "LINK0006", "HISTREMARK": null, "link_stats_import_fid": 168, "link_stats_import_vehicle_count": 76.0, "link_stats_import_avg_speed": 12.18, "link_stats_import_sum_weight_kg": 203084.0}, "geometry": {"type": "MultiLineString", "coordinates": [[[128.83939477555919, 35.08901894430568], [128.837006171124, 35.08901704082612], [128.83688618317302, 35.089016949629965], [128.83560893372834, 35.08901603423517]]]}}, {"type": "Feature", "properties": {"LINK_ID": "1410035501", "F_NODE": "1410013704", "T_NODE": "1410013703", "LANES": 3, "ROAD_RANK": "105", "ROAD_TYPE": "000", "ROAD_NO": "58", "ROAD_NAME": "가락대로", "ROAD_USE": "0", "MULTI_LINK": "0", "CONNECT": "0", "MAX_SPD": 60, "REST_VEH": "0", "REST_W": 0, "REST_H": 0, "C-ITS": "0", "LENGTH": 13.317551336314, "UPDATEDATE": "20250512", "REMARK": null, "HIST_TYPE": "LINK0001", "HISTREMARK": null, "link_stats_import_fid": null, "link_stats_import_vehicle_count": null, "link_stats_import_avg_speed": null, "link_stats_import_sum_weight_kg": null}, "geometry": {"type": "MultiLineString", "coordinates": [[[128.8393978269941, 35.08789990004114], [128.83939815489364, 35.08777990147747]]]}}, {"type": "Feature", "properties": {"LINK_ID": "4180142300", "F_NODE": "4180108103", "T_NODE": "4180111303", "LANES": 3, "ROAD_RANK": "103", "ROAD_TYPE": "000", "ROAD_NO": "2", "ROAD_NAME": "진해대로", "ROAD_USE": "0", "MULTI_LINK": "0", "CONNECT": "0", "MAX_SPD": 70, "REST_VEH": "0", "REST_W": 0, "REST_H": 450, "C-ITS": "0", "LENGTH": 306.010112830935, "UPDATEDATE": "20250512", "REMARK": null, "HIST_TYPE": "LINK0003", "HISTREMARK": null, "link_stats_import_fid": 445, "link_stats_import_vehicle_count": 13.0, "link_stats_import_avg_speed": 15.83, "link_stats_import_sum_weight_kg": 52917.0}, "geometry": {"type": "MultiLineString", "coordinates": [[[128.81053557122533, 35.10388732599166], [128.8108659876638, 35.1037489914545], [128.8113509875275, 35.103594992015665], [128.81135898683064, 35.10359199128141], [128.8117199880047, 35.10350299160818], [128.8122849876273, 35.10337899171396], [128.81373595106191, 35.103086497910674]]]}}, {"type": "Feature", "properties": {"LINK_ID": "1410024700", "F_NODE": "1410011703", "T_NODE": "1410471100", "LANES": 2, "ROAD_RANK": "104", "ROAD_TYPE": "000", "ROAD_NO": "-", "ROAD_NAME": "녹산산단232로", "ROAD_USE": "0", "MULTI_LINK": "0", "CONNECT": "0", "MAX_SPD": 50, "REST_VEH": "0", "REST_W": 0, "REST_H": 0, "C-ITS": "0", "LENGTH": 58.710640834583, "UPDATEDATE": "20250512", "REMARK": null, "HIST_TYPE": "LINK0003", "HISTREMARK": null, "link_stats_import_fid": null, "link_stats_import_vehicle_count": null, "link_stats_import_avg_speed": null, "link_stats_import_sum_weight_kg": null}, "geometry": {"type": "MultiLineString", "coordinates": [[[128.842677142758, 35.085619108636706], [128.84267853865356, 35.08509009338303]]]}}, {"type": "Feature", "properties": {"LINK_ID": "1410735801", "F_NODE": "1410401301", "T_NODE": "1410287301", "LANES": 2, "ROAD_RANK": "104", "ROAD_TYPE": "000", "ROAD_NO": "-", "ROAD_NAME": "만금로", "ROAD_USE": "0", "MULTI_LINK": "0", "CONNECT": "0", "MAX_SPD": 40, "REST_VEH": "0", "REST_W": 0, "REST_H": 450, "C-ITS": "0", "LENGTH": 122.752424824415, "UPDATEDATE": "20250512", "REMARK": null, "HIST_TYPE": "LINK0006", "HISTREMARK": null, "link_stats_import_fid": 411, "link_stats_import_vehicle_count": 14.0, "link_stats_import_avg_speed": 12.12, "link_stats_import_sum_weight_kg": 16900.0}, "geometry": {"type": "MultiLineString", "coordinates": [[[128.82220420077869, 35.09802417929194], [128.82255836870124, 35.098814154205805], [128.82260389374522, 35.09891569721386], [128.82266950592975, 35.09906204416048]]]}}, {"type": "Feature", "properties": {"LINK_ID": "4180130900", "F_NODE": "4180116904", "T_NODE": "4180116601", "LANES": 2, "ROAD_RANK": "107", "ROAD_TYPE": "000", "ROAD_NO": "-", "ROAD_NAME": "용재로", "ROAD_USE": "0", "MULTI_LINK": "0", "CONNECT": "0", "MAX_SPD": 60, "REST_VEH": "0", "REST_W": 0, "REST_H": 0, "C-ITS": "0", "LENGTH": 21.277154774117, "UPDATEDATE": "20250512", "REMARK": null, "HIST_TYPE": "LINK0003", "HISTREMARK": null, "link_stats_import_fid": null, "link_stats_import_vehicle_count": null, "link_stats_import_avg_speed": null, "link_stats_import_sum_weight_kg": null}, "geometry": {"type": "MultiLineString", "coordinates": [[[128.81701694915313, 35.101084402347595], [128.81678880754362, 35.101124440307125]]]}}, {"type": "Feature", "properties": {"LINK_ID": "4180083301", "F_NODE": "4180220600", "T_NODE": "4180095201", "LANES": 3, "ROAD_RANK": "107", "ROAD_TYPE": "003", "ROAD_NO": "-", "ROAD_NAME": "신항북로", "ROAD_USE": "0", "MULTI_LINK": "0", "CONNECT": "0", "MAX_SPD": 80, "REST_VEH": "0", "REST_W": 0, "REST_H": 0, "C-ITS": "0", "LENGTH": 284.08470322807, "UPDATEDATE": "20250512", "REMARK": null, "HIST_TYPE": "LINK1007", "HISTREMARK": "4180083300", "link_stats_import_fid": 192, "link_stats_import_vehicle_count": 64.0, "link_stats_import_avg_speed": 18.39, "link_stats_import_sum_weight_kg": 188482.0}, "geometry": {"type": "MultiLineString", "coordinates": [[[128.78530247037756, 35.09287919258441], [128.78491661586227, 35.0931347790228], [128.7847801426751, 35.093208620282596], [128.78463096140402, 35.09328389577951], [128.78446507257775, 35.09336747576719], [128.78430816022967, 35.09344304493003], [128.78415241783452, 35.093513443495674], [128.78400255716863, 35.09357676273153], [128.78384607979882, 35.09363972133919], [128.7836953681172, 35.093697519232464], [128.7835540141543, 35.09374758196498], [128.7833830541329, 35.09380437784774], [128.78320900023138, 35.093858990289114], [128.7830404285691, 35.09390765850152], [128.78287467168238, 35.093950446074444], [128.78271744841481, 35.093987377057736], [128.782546953361, 35.094024329976655], [128.78254657268593, 35.09402440851296]]]}}, {"type": "Feature", "properties": {"LINK_ID": "1410039407", "F_NODE": "1410278008", "T_NODE": "1410278007", "LANES": 3, "ROAD_RANK": "104", "ROAD_TYPE": "000", "ROAD_NO": "-", "ROAD_NAME": "녹산산업대로", "ROAD_USE": "0", "MULTI_LINK": "0", "CONNECT": "0", "MAX_SPD": 70, "REST_VEH": "0", "REST_W": 0, "REST_H": 0, "C-ITS": "0", "LENGTH": 12.565051618154, "UPDATEDATE": "20250512", "REMARK": null, "HIST_TYPE": "LINK0001", "HISTREMARK": null, "link_stats_import_fid": 529, "link_stats_import_vehicle_count": 9.0, "link_stats_import_avg_speed": 6.94, "link_stats_import_sum_weight_kg": 18978.0}, "geometry": {"type": "MultiLineString", "coordinates": [[[128.8332374716728, 35.08903991790719], [128.8333638902596, 35.088994960540504]]]}}, {"type": "Feature", "properties": {"LINK_ID": "1410705000", "F_NODE": "4180123502", "T_NODE": "4180184000", "LANES": 2, "ROAD_RANK": "104", "ROAD_TYPE": "000", "ROAD_NO": "-", "ROAD_NAME": "-", "ROAD_USE": "0", "MULTI_LINK": "0", "CONNECT": "0", "MAX_SPD": 30, "REST_VEH": "0", "REST_W": 0, "REST_H": 0, "C-ITS": "0", "LENGTH": 66.949509220719, "UPDATEDATE": "20250512", "REMARK": "도로명없음", "HIST_TYPE": "LINK0003", "HISTREMARK": null, "link_stats_import_fid": 1181, "link_stats_import_vehicle_count": 1.0, "link_stats_import_avg_speed": 11.88, "link_stats_import_sum_weight_kg": 30200.0}, "geometry": {"type": "MultiLineString", "coordinates": [[[128.82438870241108, 35.08798738623805], [128.8251225803314, 35.087994063766885]]]}}, {"type": "Feature", "properties": {"LINK_ID": "4180127401", "F_NODE": "4180118501", "T_NODE": "4180118504", "LANES": 2, "ROAD_RANK": "107", "ROAD_TYPE": "000", "ROAD_NO": "-", "ROAD_NAME": "용재로", "ROAD_USE": "0", "MULTI_LINK": "0", "CONNECT": "0", "MAX_SPD": 60, "REST_VEH": "0", "REST_W": 0, "REST_H": 0, "C-ITS": "0", "LENGTH": 12.015073855407, "UPDATEDATE": "20250512", "REMARK": null, "HIST_TYPE": "LINK0001", "HISTREMARK": null, "link_stats_import_fid": null, "link_stats_import_vehicle_count": null, "link_stats_import_avg_speed": null, "link_stats_import_sum_weight_kg": null}, "geometry": {"type": "MultiLineString", "coordinates": [[[128.81820067980397, 35.10085167420031], [128.81807278347094, 35.10087761666853]]]}}, {"type": "Feature", "properties": {"LINK_ID": "4180147000", "F_NODE": "4180088001", "T_NODE": "4180229000", "LANES": 2, "ROAD_RANK": "101", "ROAD_TYPE": "004", "ROAD_NO": "105", "ROAD_NAME": "남해고속도로제3지선", "ROAD_USE": "0", "MULTI_LINK": "0", "CONNECT": "0", "MAX_SPD": 100, "REST_VEH": "5", "REST_W": 0, "REST_H": 0, "C-ITS": "0", "LENGTH": 684.880683467103, "UPDATEDATE": "20250512", "REMARK": null, "HIST_TYPE": "LINK0003", "HISTREMARK": null, "link_stats_import_fid": 305, "link_stats_import_vehicle_count": 26.0, "link_stats_import_avg_speed": 20.66, "link_stats_import_sum_weight_kg": 4000.0}, "geometry": {"type": "MultiLineString", "coordinates": [[[128.76638846358352, 35.104582970102605], [128.7664203525555, 35.10467870377633], [128.76832632591862, 35.110545284427225]]]}}, {"type": "Feature", "properties": {"LINK_ID": "4180067901", "F_NODE": "4180090503", "T_NODE": "4180090502", "LANES": 3, "ROAD_RANK": "107", "ROAD_TYPE": "000", "ROAD_NO": "-", "ROAD_NAME": "신항8로", "ROAD_USE": "0", "MULTI_LINK": "0", "CONNECT": "0", "MAX_SPD": 60, "REST_VEH": "0", "REST_W": 0, "REST_H": 0, "C-ITS": "0", "LENGTH": 11.999946807374, "UPDATEDATE": "20250512", "REMARK": null, "HIST_TYPE": "LINK0001", "HISTREMARK": null, "link_stats_import_fid": 775, "link_stats_import_vehicle_count": 4.0, "link_stats_import_avg_speed": 5.94, "link_stats_import_sum_weight_kg": 0.0}, "geometry": {"type": "MultiLineString", "coordinates": [[[128.7698585484218, 35.08688517868564], [128.76999009404187, 35.08688586963058]]]}}, {"type": "Feature", "properties": {"LINK_ID": "1410705300", "F_NODE": "4180123702", "T_NODE": "1410862200", "LANES": 4, "ROAD_RANK": "104", "ROAD_TYPE": "000", "ROAD_NO": "-", "ROAD_NAME": "신항북로", "ROAD_USE": "0", "MULTI_LINK": "0", "CONNECT": "0", "MAX_SPD": 50, "REST_VEH": "0", "REST_W": 0, "REST_H": 0, "C-ITS": "0", "LENGTH": 328.068117798624, "UPDATEDATE": "20250512", "REMARK": null, "HIST_TYPE": "LINK0003", "HISTREMARK": null, "link_stats_import_fid": 128, "link_stats_import_vehicle_count": 113.0, "link_stats_import_avg_speed": 13.97, "link_stats_import_sum_weight_kg": 353852.0}, "geometry": {"type": "MultiLineString", "coordinates": [[[128.8243847059261, 35.08601906156046], [128.8279810078539, 35.08602210704067]]]}}, {"type": "Feature", "properties": {"LINK_ID": "1410092300", "F_NODE": "1410032203", "T_NODE": "1410030604", "LANES": 2, "ROAD_RANK": "104", "ROAD_TYPE": "000", "ROAD_NO": "-", "ROAD_NAME": "녹산산단27로", "ROAD_USE": "0", "MULTI_LINK": "0", "CONNECT": "0", "MAX_SPD": 50, "REST_VEH": "0", "REST_W": 0, "REST_H": 0, "C-ITS": "0", "LENGTH": 201.912373636119, "UPDATEDATE": "20250512", "REMARK": null, "HIST_TYPE": "LINK0003", "HISTREMARK": null, "link_stats_import_fid": 1163, "link_stats_import_vehicle_count": 1.0, "link_stats_import_avg_speed": 7.5, "link_stats_import_sum_weight_kg": 0.0}, "geometry": {"type": "MultiLineString", "coordinates": [[[128.82841763539207, 35.1000817650139], [128.8275109874508, 35.0993509907369], [128.826849685469, 35.098797540817735]]]}}, {"type": "Feature", "properties": {"LINK_ID": "1410070800", "F_NODE": "1410024306", "T_NODE": "1410025602", "LANES": 2, "ROAD_RANK": "104", "ROAD_TYPE": "000", "ROAD_NO": "-", "ROAD_NAME": "녹산산업북로", "ROAD_USE": "0", "MULTI_LINK": "0", "CONNECT": "0", "MAX_SPD": 50, "REST_VEH": "0", "REST_W": 0, "REST_H": 0, "C-ITS": "0", "LENGTH": 104.462760652035, "UPDATEDATE": "20250512", "REMARK": null, "HIST_TYPE": "LINK0003", "HISTREMARK": null, "link_stats_import_fid": 219, "link_stats_import_vehicle_count": 51.0, "link_stats_import_avg_speed": 8.55, "link_stats_import_sum_weight_kg": 98515.0}, "geometry": {"type": "MultiLineString", "coordinates": [[[128.82688395587067, 35.09425454611746], [128.82769609428328, 35.09491820918508]]]}}, {"type": "Feature", "properties": {"LINK_ID": "4180062401", "F_NODE": "4180109901", "T_NODE": "4180109904", "LANES": 3, "ROAD_RANK": "107", "ROAD_TYPE": "000", "ROAD_NO": "-", "ROAD_NAME": "신항로", "ROAD_USE": "0", "MULTI_LINK": "0", "CONNECT": "0", "MAX_SPD": 60, "REST_VEH": "0", "REST_W": 0, "REST_H": 0, "C-ITS": "0", "LENGTH": 12.013618643252, "UPDATEDATE": "20250512", "REMARK": null, "HIST_TYPE": "LINK0001", "HISTREMARK": null, "link_stats_import_fid": 268, "link_stats_import_vehicle_count": 33.0, "link_stats_import_avg_speed": 12.11, "link_stats_import_sum_weight_kg": 306915.0}, "geometry": {"type": "MultiLineString", "coordinates": [[[128.8123617471838, 35.083227587749434], [128.8122300569758, 35.083227500321534]]]}}, {"type": "Feature", "properties": {"LINK_ID": "4180133501", "F_NODE": "4180114103", "T_NODE": "4180114102", "LANES": 2, "ROAD_RANK": "107", "ROAD_TYPE": "000", "ROAD_NO": "-", "ROAD_NAME": "용재로", "ROAD_USE": "0", "MULTI_LINK": "0", "CONNECT": "0", "MAX_SPD": 60, "REST_VEH": "0", "REST_W": 0, "REST_H": 0, "C-ITS": "0", "LENGTH": 11.141414315122, "UPDATEDATE": "20250512", "REMARK": null, "HIST_TYPE": "LINK0001", "HISTREMARK": null, "link_stats_import_fid": null, "link_stats_import_vehicle_count": null, "link_stats_import_avg_speed": null, "link_stats_import_sum_weight_kg": null}, "geometry": {"type": "MultiLineString", "coordinates": [[[128.81500873220037, 35.10135956819232], [128.8151272984998, 35.101335408872046]]]}}, {"type": "Feature", "properties": {"LINK_ID": "4180082001", "F_NODE": "4180090904", "T_NODE": "4180090903", "LANES": 3, "ROAD_RANK": "107", "ROAD_TYPE": "000", "ROAD_NO": "-", "ROAD_NAME": "신항6로", "ROAD_USE": "0", "MULTI_LINK": "0", "CONNECT": "0", "MAX_SPD": 60, "REST_VEH": "0", "REST_W": 0, "REST_H": 0, "C-ITS": "0", "LENGTH": 12.000015563795, "UPDATEDATE": "20250512", "REMARK": null, "HIST_TYPE": "LINK0001", "HISTREMARK": null, "link_stats_import_fid": 884, "link_stats_import_vehicle_count": 3.0, "link_stats_import_avg_speed": 15.44, "link_stats_import_sum_weight_kg": 15310.0}, "geometry": {"type": "MultiLineString", "coordinates": [[[128.77425292583413, 35.09418152251576], [128.77425423208177, 35.094073398240674]]]}}, {"type": "Feature", "properties": {"LINK_ID": "1410065700", "F_NODE": "1410022904", "T_NODE": "1410022801", "LANES": 2, "ROAD_RANK": "104", "ROAD_TYPE": "000", "ROAD_NO": "-", "ROAD_NAME": "녹산산업중로", "ROAD_USE": "0", "MULTI_LINK": "0", "CONNECT": "0", "MAX_SPD": 50, "REST_VEH": "0", "REST_W": 0, "REST_H": 0, "C-ITS": "0", "LENGTH": 162.473744599798, "UPDATEDATE": "20250512", "REMARK": null, "HIST_TYPE": "LINK0003", "HISTREMARK": null, "link_stats_import_fid": null, "link_stats_import_vehicle_count": null, "link_stats_import_avg_speed": null, "link_stats_import_sum_weight_kg": null}, "geometry": {"type": "MultiLineString", "coordinates": [[[128.8426598547253, 35.09352592874907], [128.84087865569282, 35.09352405429684]]]}}, {"type": "Feature", "properties": {"LINK_ID": "4180132800", "F_NODE": "4180116204", "T_NODE": "4180114101", "LANES": 2, "ROAD_RANK": "107", "ROAD_TYPE": "000", "ROAD_NO": "-", "ROAD_NAME": "용재로", "ROAD_USE": "0", "MULTI_LINK": "0", "CONNECT": "0", "MAX_SPD": 60, "REST_VEH": "0", "REST_W": 0, "REST_H": 0, "C-ITS": "0", "LENGTH": 111.640746537455, "UPDATEDATE": "20250512", "REMARK": null, "HIST_TYPE": "LINK0003", "HISTREMARK": null, "link_stats_import_fid": 1402, "link_stats_import_vehicle_count": 1.0, "link_stats_import_avg_speed": 10.55, "link_stats_import_sum_weight_kg": 16670.0}, "geometry": {"type": "MultiLineString", "coordinates": [[[128.8163515527618, 35.101210600026135], [128.81516298601568, 35.10145104519872]]]}}, {"type": "Feature", "properties": {"LINK_ID": "4180081100", "F_NODE": "4180087701", "T_NODE": "4180087502", "LANES": 4, "ROAD_RANK": "107", "ROAD_TYPE": "000", "ROAD_NO": "-", "ROAD_NAME": "신항배후로", "ROAD_USE": "0", "MULTI_LINK": "0", "CONNECT": "0", "MAX_SPD": 80, "REST_VEH": "0", "REST_W": 0, "REST_H": 0, "C-ITS": "0", "LENGTH": 298.025405414698, "UPDATEDATE": "20250512", "REMARK": null, "HIST_TYPE": "LINK0003", "HISTREMARK": null, "link_stats_import_fid": 183, "link_stats_import_vehicle_count": 69.0, "link_stats_import_avg_speed": 10.91, "link_stats_import_sum_weight_kg": 132176.0}, "geometry": {"type": "MultiLineString", "coordinates": [[[128.7652208960544, 35.09138849534354], [128.76520925267343, 35.092634211120014], [128.76519568337304, 35.094073868748254]]]}}, {"type": "Feature", "properties": {"LINK_ID": "1410077401", "F_NODE": "1410026303", "T_NODE": "1410026302", "LANES": 2, "ROAD_RANK": "104", "ROAD_TYPE": "000", "ROAD_NO": "-", "ROAD_NAME": "녹산산단261로73번길", "ROAD_USE": "0", "MULTI_LINK": "0", "CONNECT": "0", "MAX_SPD": 70, "REST_VEH": "0", "REST_W": 0, "REST_H": 0, "C-ITS": "0", "LENGTH": 10.945565604561, "UPDATEDATE": "20250512", "REMARK": null, "HIST_TYPE": "LINK0001", "HISTREMARK": null, "link_stats_import_fid": 1140, "link_stats_import_vehicle_count": 1.0, "link_stats_import_avg_speed": 11.19, "link_stats_import_sum_weight_kg": 0.0}, "geometry": {"type": "MultiLineString", "coordinates": [[[128.84596113012427, 35.09558086569128], [128.8460811288247, 35.09558112436413]]]}}, {"type": "Feature", "properties": {"LINK_ID": "1410705802", "F_NODE": "1410889800", "T_NODE": "1410278103", "LANES": 3, "ROAD_RANK": "104", "ROAD_TYPE": "000", "ROAD_NO": "-", "ROAD_NAME": "신항로", "ROAD_USE": "0", "MULTI_LINK": "0", "CONNECT": "0", "MAX_SPD": 60, "REST_VEH": "0", "REST_W": 0, "REST_H": 0, "C-ITS": "0", "LENGTH": 462.646195301523, "UPDATEDATE": "20250512", "REMARK": null, "HIST_TYPE": "LINK1007", "HISTREMARK": "1410705800", "link_stats_import_fid": 6, "link_stats_import_vehicle_count": 578.0, "link_stats_import_avg_speed": 12.28, "link_stats_import_sum_weight_kg": 6525170.0}, "geometry": {"type": "MultiLineString", "coordinates": [[[128.82959674645764, 35.08315709043101], [128.83079339608486, 35.083160194377676], [128.8346680296262, 35.083139818736214]]]}}, {"type": "Feature", "properties": {"LINK_ID": "4180062201", "F_NODE": "4180107304", "T_NODE": "4180107303", "LANES": 3, "ROAD_RANK": "107", "ROAD_TYPE": "000", "ROAD_NO": "-", "ROAD_NAME": "신항5로", "ROAD_USE": "0", "MULTI_LINK": "0", "CONNECT": "0", "MAX_SPD": 60, "REST_VEH": "0", "REST_W": 0, "REST_H": 0, "C-ITS": "0", "LENGTH": 12.000005944291, "UPDATEDATE": "20250512", "REMARK": null, "HIST_TYPE": "LINK0001", "HISTREMARK": null, "link_stats_import_fid": 351, "link_stats_import_vehicle_count": 19.0, "link_stats_import_avg_speed": 11.42, "link_stats_import_sum_weight_kg": 222610.0}, "geometry": {"type": "MultiLineString", "coordinates": [[[128.8071743528953, 35.08322039412438], [128.80717459143165, 35.08311226590353]]]}}, {"type": "Feature", "properties": {"LINK_ID": "1410072200", "F_NODE": "1410024601", "T_NODE": "1410026302", "LANES": 2, "ROAD_RANK": "104", "ROAD_TYPE": "000", "ROAD_NO": "-", "ROAD_NAME": "녹산산단261로", "ROAD_USE": "0", "MULTI_LINK": "0", "CONNECT": "0", "MAX_SPD": 50, "REST_VEH": "0", "REST_W": 0, "REST_H": 0, "C-ITS": "0", "LENGTH": 127.752001191277, "UPDATEDATE": "20250512", "REMARK": null, "HIST_TYPE": "LINK0003", "HISTREMARK": null, "link_stats_import_fid": 1134, "link_stats_import_vehicle_count": 1.0, "link_stats_import_avg_speed": 10.5, "link_stats_import_sum_weight_kg": 0.0}, "geometry": {"type": "MultiLineString", "coordinates": [[[128.8460838451763, 35.09443001105489], [128.8460811288247, 35.09558112436413]]]}}, {"type": "Feature", "properties": {"LINK_ID": "1410030101", "F_NODE": "1410012003", "T_NODE": "1410012002", "LANES": 2, "ROAD_RANK": "104", "ROAD_TYPE": "000", "ROAD_NO": "-", "ROAD_NAME": "녹산산단232로", "ROAD_USE": "0", "MULTI_LINK": "0", "CONNECT": "0", "MAX_SPD": 60, "REST_VEH": "0", "REST_W": 0, "REST_H": 0, "C-ITS": "0", "LENGTH": 10.947338455081, "UPDATEDATE": "20250512", "REMARK": null, "HIST_TYPE": "LINK0001", "HISTREMARK": null, "link_stats_import_fid": 1090, "link_stats_import_vehicle_count": 1.0, "link_stats_import_avg_speed": 14.67, "link_stats_import_sum_weight_kg": 0.0}, "geometry": {"type": "MultiLineString", "coordinates": [[[128.83940419402094, 35.08562512814578], [128.83952419794983, 35.08562489962721]]]}}, {"type": "Feature", "properties": {"LINK_ID": "4180122000", "F_NODE": "4180103001", "T_NODE": "4180103102", "LANES": 2, "ROAD_RANK": "107", "ROAD_TYPE": "000", "ROAD_NO": "-", "ROAD_NAME": "안청로", "ROAD_USE": "0", "MULTI_LINK": "0", "CONNECT": "0", "MAX_SPD": 60, "REST_VEH": "0", "REST_W": 0, "REST_H": 0, "C-ITS": "0", "LENGTH": 125.263194262001, "UPDATEDATE": "20250512", "REMARK": null, "HIST_TYPE": "LINK0003", "HISTREMARK": null, "link_stats_import_fid": 687, "link_stats_import_vehicle_count": 6.0, "link_stats_import_avg_speed": 7.75, "link_stats_import_sum_weight_kg": 84760.0}, "geometry": {"type": "MultiLineString", "coordinates": [[[128.8030606273848, 35.10017185417764], [128.8031465162513, 35.10129835195293]]]}}, {"type": "Feature", "properties": {"LINK_ID": "4180140001", "F_NODE": "4180114701", "T_NODE": "4180114704", "LANES": 3, "ROAD_RANK": "103", "ROAD_TYPE": "000", "ROAD_NO": "2", "ROAD_NAME": "진해대로", "ROAD_USE": "0", "MULTI_LINK": "0", "CONNECT": "0", "MAX_SPD": 70, "REST_VEH": "0", "REST_W": 0, "REST_H": 0, "C-ITS": "0", "LENGTH": 11.101646401582, "UPDATEDATE": "20250512", "REMARK": null, "HIST_TYPE": "LINK0001", "HISTREMARK": null, "link_stats_import_fid": 1425, "link_stats_import_vehicle_count": 1.0, "link_stats_import_avg_speed": 19.13, "link_stats_import_sum_weight_kg": 0.0}, "geometry": {"type": "MultiLineString", "coordinates": [[[128.8155741844034, 35.10283004704192], [128.81545583183558, 35.1028534221563]]]}}, {"type": "Feature", "properties": {"LINK_ID": "1410122500", "F_NODE": "1410040903", "T_NODE": "1410040804", "LANES": 2, "ROAD_RANK": "104", "ROAD_TYPE": "000", "ROAD_NO": "-", "ROAD_NAME": "신항남로", "ROAD_USE": "0", "MULTI_LINK": "0", "CONNECT": "0", "MAX_SPD": 80, "REST_VEH": "0", "REST_W": 0, "REST_H": 0, "C-ITS": "0", "LENGTH": 485.332631398824, "UPDATEDATE": "20250512", "REMARK": null, "HIST_TYPE": "LINK0003", "HISTREMARK": null, "link_stats_import_fid": 65, "link_stats_import_vehicle_count": 236.0, "link_stats_import_avg_speed": 20.42, "link_stats_import_sum_weight_kg": 810559.0}, "geometry": {"type": "MultiLineString", "coordinates": [[[128.83446633812147, 35.09789337947665], [128.834434165565, 35.09731739596859], [128.8344489103707, 35.09352087398604]]]}}, {"type": "Feature", "properties": {"LINK_ID": "4180133800", "F_NODE": "4180112504", "T_NODE": "4180111201", "LANES": 2, "ROAD_RANK": "107", "ROAD_TYPE": "000", "ROAD_NO": "-", "ROAD_NAME": "용재로", "ROAD_USE": "0", "MULTI_LINK": "0", "CONNECT": "0", "MAX_SPD": 60, "REST_VEH": "0", "REST_W": 0, "REST_H": 0, "C-ITS": "0", "LENGTH": 46.914227705753, "UPDATEDATE": "20250512", "REMARK": null, "HIST_TYPE": "LINK0003", "HISTREMARK": null, "link_stats_import_fid": null, "link_stats_import_vehicle_count": null, "link_stats_import_avg_speed": null, "link_stats_import_sum_weight_kg": null}, "geometry": {"type": "MultiLineString", "coordinates": [[[128.81431579507037, 35.101624663179585], [128.81381720883732, 35.10172860343117]]]}}, {"type": "Feature", "properties": {"LINK_ID": "1410030800", "F_NODE": "1410012204", "T_NODE": "1410012301", "LANES": 2, "ROAD_RANK": "104", "ROAD_TYPE": "000", "ROAD_NO": "-", "ROAD_NAME": "녹산산단178로", "ROAD_USE": "0", "MULTI_LINK": "0", "CONNECT": "0", "MAX_SPD": 60, "REST_VEH": "0", "REST_W": 0, "REST_H": 0, "C-ITS": "0", "LENGTH": 97.169578467228, "UPDATEDATE": "20250512", "REMARK": null, "HIST_TYPE": "LINK0003", "HISTREMARK": null, "link_stats_import_fid": 1091, "link_stats_import_vehicle_count": 1.0, "link_stats_import_avg_speed": 9.75, "link_stats_import_sum_weight_kg": 0.0}, "geometry": {"type": "MultiLineString", "coordinates": [[[128.83808979133326, 35.08574814443574], [128.8370246252813, 35.085750840845435]]]}}, {"type": "Feature", "properties": {"LINK_ID": "1410041100", "F_NODE": "1410015402", "T_NODE": "1410015503", "LANES": 3, "ROAD_RANK": "104", "ROAD_TYPE": "000", "ROAD_NO": "-", "ROAD_NAME": "녹산산업대로", "ROAD_USE": "0", "MULTI_LINK": "0", "CONNECT": "0", "MAX_SPD": 70, "REST_VEH": "0", "REST_W": 0, "REST_H": 0, "C-ITS": "0", "LENGTH": 280.053843130942, "UPDATEDATE": "20250512", "REMARK": null, "HIST_TYPE": "LINK0003", "HISTREMARK": null, "link_stats_import_fid": 150, "link_stats_import_vehicle_count": 89.0, "link_stats_import_avg_speed": 13.5, "link_stats_import_sum_weight_kg": 298608.0}, "geometry": {"type": "MultiLineString", "coordinates": [[[128.84609809664855, 35.08890304873675], [128.84916814625961, 35.08890593588941]]]}}, {"type": "Feature", "properties": {"LINK_ID": "1410077901", "F_NODE": "1410026301", "T_NODE": "1410026304", "LANES": 2, "ROAD_RANK": "104", "ROAD_TYPE": "000", "ROAD_NO": "-", "ROAD_NAME": "녹산산단261로74번길", "ROAD_USE": "0", "MULTI_LINK": "0", "CONNECT": "0", "MAX_SPD": 70, "REST_VEH": "0", "REST_W": 0, "REST_H": 0, "C-ITS": "0", "LENGTH": 10.945549030938, "UPDATEDATE": "20250512", "REMARK": null, "HIST_TYPE": "LINK0001", "HISTREMARK": null, "link_stats_import_fid": 1141, "link_stats_import_vehicle_count": 1.0, "link_stats_import_avg_speed": 11.07, "link_stats_import_sum_weight_kg": 0.0}, "geometry": {"type": "MultiLineString", "coordinates": [[[128.8460808291758, 35.09570112422705], [128.84596083048106, 35.09570086557129]]]}}, {"type": "Feature", "properties": {"LINK_ID": "4180131801", "F_NODE": "4180105103", "T_NODE": "4180105102", "LANES": 2, "ROAD_RANK": "107", "ROAD_TYPE": "000", "ROAD_NO": "-", "ROAD_NAME": "안청남로", "ROAD_USE": "0", "MULTI_LINK": "0", "CONNECT": "0", "MAX_SPD": 60, "REST_VEH": "0", "REST_W": 0, "REST_H": 0, "C-ITS": "0", "LENGTH": 10.950049637349, "UPDATEDATE": "20250512", "REMARK": null, "HIST_TYPE": "LINK0001", "HISTREMARK": null, "link_stats_import_fid": null, "link_stats_import_vehicle_count": null, "link_stats_import_avg_speed": null, "link_stats_import_sum_weight_kg": null}, "geometry": {"type": "MultiLineString", "coordinates": [[[128.80513992714563, 35.10121999400853], [128.8052598933469, 35.101216128458056]]]}}, {"type": "Feature", "properties": {"LINK_ID": "1410738404", "F_NODE": "1410024308", "T_NODE": "1410024307", "LANES": 2, "ROAD_RANK": "104", "ROAD_TYPE": "000", "ROAD_NO": "-", "ROAD_NAME": "녹산산업대로", "ROAD_USE": "0", "MULTI_LINK": "0", "CONNECT": "0", "MAX_SPD": 70, "REST_VEH": "0", "REST_W": 0, "REST_H": 0, "C-ITS": "0", "LENGTH": 11.995313075394, "UPDATEDATE": "20250512", "REMARK": null, "HIST_TYPE": "LINK0001", "HISTREMARK": null, "link_stats_import_fid": 412, "link_stats_import_vehicle_count": 14.0, "link_stats_import_avg_speed": 7.24, "link_stats_import_sum_weight_kg": 34401.0}, "geometry": {"type": "MultiLineString", "coordinates": [[[128.82669686521103, 35.094250644036094], [128.8267908853966, 35.09417507320601]]]}}, {"type": "Feature", "properties": {"LINK_ID": "1411030700", "F_NODE": "1410382304", "T_NODE": "1410550700", "LANES": 3, "ROAD_RANK": "104", "ROAD_TYPE": "000", "ROAD_NO": "-", "ROAD_NAME": "신항남로", "ROAD_USE": "0", "MULTI_LINK": "0", "CONNECT": "0", "MAX_SPD": 30, "REST_VEH": "0", "REST_W": 0, "REST_H": 0, "C-ITS": "0", "LENGTH": 80.357703542386, "UPDATEDATE": "20250512", "REMARK": null, "HIST_TYPE": "LINK0003", "HISTREMARK": null, "link_stats_import_fid": 10, "link_stats_import_vehicle_count": 503.0, "link_stats_import_avg_speed": 6.78, "link_stats_import_sum_weight_kg": 5614988.0}, "geometry": {"type": "MultiLineString", "coordinates": [[[128.8346900911283, 35.06991489334677], [128.8344262279997, 35.06993756003768], [128.83381101424038, 35.06995037320042]]]}}, {"type": "Feature", "properties": {"LINK_ID": "1410098001", "F_NODE": "1410000204", "T_NODE": "1410000203", "LANES": 3, "ROAD_RANK": "105", "ROAD_TYPE": "000", "ROAD_NO": "58", "ROAD_NAME": "가락대로", "ROAD_USE": "0", "MULTI_LINK": "0", "CONNECT": "0", "MAX_SPD": 60, "REST_VEH": "0", "REST_W": 0, "REST_H": 450, "C-ITS": "0", "LENGTH": 17.52407325921, "UPDATEDATE": "20250512", "REMARK": null, "HIST_TYPE": "LINK0001", "HISTREMARK": null, "link_stats_import_fid": 1171, "link_stats_import_vehicle_count": 1.0, "link_stats_import_avg_speed": 5.72, "link_stats_import_sum_weight_kg": 1000.0}, "geometry": {"type": "MultiLineString", "coordinates": [[[128.83947309212803, 35.10291608137816], [128.83948634838325, 35.10307360681051]]]}}, {"type": "Feature", "properties": {"LINK_ID": "4180085601", "F_NODE": "4180122904", "T_NODE": "4180122903", "LANES": 2, "ROAD_RANK": "107", "ROAD_TYPE": "000", "ROAD_NO": "-", "ROAD_NAME": "신항2로", "ROAD_USE": "0", "MULTI_LINK": "0", "CONNECT": "0", "MAX_SPD": 60, "REST_VEH": "0", "REST_W": 0, "REST_H": 0, "C-ITS": "0", "LENGTH": 11.940617906896, "UPDATEDATE": "20250512", "REMARK": null, "HIST_TYPE": "LINK0001", "HISTREMARK": null, "link_stats_import_fid": null, "link_stats_import_vehicle_count": null, "link_stats_import_avg_speed": null, "link_stats_import_sum_weight_kg": null}, "geometry": {"type": "MultiLineString", "coordinates": [[[128.82192427064143, 35.09181760182965], [128.82183279531202, 35.09174063916374]]]}}, {"type": "Feature", "properties": {"LINK_ID": "1410088301", "F_NODE": "1410029501", "T_NODE": "1410029504", "LANES": 2, "ROAD_RANK": "104", "ROAD_TYPE": "000", "ROAD_NO": "-", "ROAD_NAME": "녹산산업북로", "ROAD_USE": "0", "MULTI_LINK": "0", "CONNECT": "0", "MAX_SPD": 50, "REST_VEH": "0", "REST_W": 0, "REST_H": 0, "C-ITS": "0", "LENGTH": 10.945230934533, "UPDATEDATE": "20250512", "REMARK": null, "HIST_TYPE": "LINK0001", "HISTREMARK": null, "link_stats_import_fid": 1158, "link_stats_import_vehicle_count": 1.0, "link_stats_import_avg_speed": 5.45, "link_stats_import_sum_weight_kg": 0.0}, "geometry": {"type": "MultiLineString", "coordinates": [[[128.84276981167193, 35.09804315524656], [128.84264981303238, 35.09804285275689]]]}}, {"type": "Feature", "properties": {"LINK_ID": "4180131000", "F_NODE": "4180105102", "T_NODE": "4180106103", "LANES": 2, "ROAD_RANK": "107", "ROAD_TYPE": "000", "ROAD_NO": "-", "ROAD_NAME": "안청남로", "ROAD_USE": "0", "MULTI_LINK": "0", "CONNECT": "0", "MAX_SPD": 60, "REST_VEH": "0", "REST_W": 0, "REST_H": 0, "C-ITS": "0", "LENGTH": 96.486680563811, "UPDATEDATE": "20250512", "REMARK": null, "HIST_TYPE": "LINK0003", "HISTREMARK": null, "link_stats_import_fid": null, "link_stats_import_vehicle_count": null, "link_stats_import_avg_speed": null, "link_stats_import_sum_weight_kg": null}, "geometry": {"type": "MultiLineString", "coordinates": [[[128.8052598933469, 35.101216128458056], [128.80631705843814, 35.101183784930534]]]}}, {"type": "Feature", "properties": {"LINK_ID": "4180159700", "F_NODE": "4180086502", "T_NODE": "4180086703", "LANES": 2, "ROAD_RANK": "107", "ROAD_TYPE": "000", "ROAD_NO": "-", "ROAD_NAME": "남영로159번길", "ROAD_USE": "0", "MULTI_LINK": "0", "CONNECT": "0", "MAX_SPD": 30, "REST_VEH": "0", "REST_W": 0, "REST_H": 0, "C-ITS": "0", "LENGTH": 180.847638193415, "UPDATEDATE": "20250512", "REMARK": null, "HIST_TYPE": "LINK0003", "HISTREMARK": null, "link_stats_import_fid": null, "link_stats_import_vehicle_count": null, "link_stats_import_avg_speed": null, "link_stats_import_sum_weight_kg": null}, "geometry": {"type": "MultiLineString", "coordinates": [[[128.7555237668524, 35.10744847065039], [128.7561805537164, 35.107433356697456], [128.75661337945743, 35.1073291643934], [128.75695188535965, 35.107151859072935], [128.75731523335338, 35.10690229666812]]]}}, {"type": "Feature", "properties": {"LINK_ID": "4180083000", "F_NODE": "4180092902", "T_NODE": "4180189000", "LANES": 2, "ROAD_RANK": "107", "ROAD_TYPE": "000", "ROAD_NO": "-", "ROAD_NAME": "신항8로", "ROAD_USE": "0", "MULTI_LINK": "0", "CONNECT": "0", "MAX_SPD": 60, "REST_VEH": "0", "REST_W": 0, "REST_H": 0, "C-ITS": "0", "LENGTH": 277.083253833243, "UPDATEDATE": "20250512", "REMARK": null, "HIST_TYPE": "LINK0003", "HISTREMARK": null, "link_stats_import_fid": 304, "link_stats_import_vehicle_count": 26.0, "link_stats_import_avg_speed": 8.52, "link_stats_import_sum_weight_kg": 156352.0}, "geometry": {"type": "MultiLineString", "coordinates": [[[128.77881439261415, 35.0969138486062], [128.7818197384544, 35.09695032193356], [128.78185192229557, 35.09695071212129]]]}}, {"type": "Feature", "properties": {"LINK_ID": "1410123006", "F_NODE": "1410864100", "T_NODE": "1410040502", "LANES": 3, "ROAD_RANK": "104", "ROAD_TYPE": "000", "ROAD_NO": "-", "ROAD_NAME": "신항남로", "ROAD_USE": "0", "MULTI_LINK": "0", "CONNECT": "0", "MAX_SPD": 60, "REST_VEH": "0", "REST_W": 0, "REST_H": 0, "C-ITS": "0", "LENGTH": 321.590024266225, "UPDATEDATE": "20250512", "REMARK": null, "HIST_TYPE": "LINK1007", "HISTREMARK": "1410123002", "link_stats_import_fid": 1, "link_stats_import_vehicle_count": 805.0, "link_stats_import_avg_speed": 9.68, "link_stats_import_sum_weight_kg": 12875129.0}, "geometry": {"type": "MultiLineString", "coordinates": [[[128.83467442568158, 35.08024312748307], [128.8346752862975, 35.079853511162796], [128.83470349893128, 35.07814154900025], [128.83471797136752, 35.07734565213906]]]}}, {"type": "Feature", "properties": {"LINK_ID": "1410052101", "F_NODE": "1410022702", "T_NODE": "1410022701", "LANES": 3, "ROAD_RANK": "105", "ROAD_TYPE": "000", "ROAD_NO": "58", "ROAD_NAME": "가락대로", "ROAD_USE": "0", "MULTI_LINK": "0", "CONNECT": "0", "MAX_SPD": 60, "REST_VEH": "0", "REST_W": 0, "REST_H": 0, "C-ITS": "0", "LENGTH": 13.317680649604, "UPDATEDATE": "20250512", "REMARK": null, "HIST_TYPE": "LINK0001", "HISTREMARK": null, "link_stats_import_fid": 1104, "link_stats_import_vehicle_count": 1.0, "link_stats_import_avg_speed": 14.48, "link_stats_import_sum_weight_kg": 0.0}, "geometry": {"type": "MultiLineString", "coordinates": [[[128.83950116528786, 35.09340303538183], [128.83950082111983, 35.093523034969564]]]}}, {"type": "Feature", "properties": {"LINK_ID": "4180063101", "F_NODE": "4180102603", "T_NODE": "4180102602", "LANES": 2, "ROAD_RANK": "107", "ROAD_TYPE": "000", "ROAD_NO": "-", "ROAD_NAME": "신항5로", "ROAD_USE": "0", "MULTI_LINK": "0", "CONNECT": "0", "MAX_SPD": 60, "REST_VEH": "0", "REST_W": 0, "REST_H": 0, "C-ITS": "0", "LENGTH": 12.004010058324, "UPDATEDATE": "20250512", "REMARK": null, "HIST_TYPE": "LINK0001", "HISTREMARK": null, "link_stats_import_fid": 984, "link_stats_import_vehicle_count": 2.0, "link_stats_import_avg_speed": 6.3, "link_stats_import_sum_weight_kg": 0.0}, "geometry": {"type": "MultiLineString", "coordinates": [[[128.80102140758768, 35.08446311853276], [128.80115296944084, 35.08446525220349]]]}}, {"type": "Feature", "properties": {"LINK_ID": "1411030900", "F_NODE": "1410382303", "T_NODE": "1410382501", "LANES": 3, "ROAD_RANK": "104", "ROAD_TYPE": "000", "ROAD_NO": "-", "ROAD_NAME": "신항남로", "ROAD_USE": "0", "MULTI_LINK": "0", "CONNECT": "0", "MAX_SPD": 60, "REST_VEH": "0", "REST_W": 0, "REST_H": 0, "C-ITS": "0", "LENGTH": 429.130795292533, "UPDATEDATE": "20250512", "REMARK": null, "HIST_TYPE": "LINK0003", "HISTREMARK": null, "link_stats_import_fid": 127, "link_stats_import_vehicle_count": 115.0, "link_stats_import_avg_speed": 7.48, "link_stats_import_sum_weight_kg": 1549726.0}, "geometry": {"type": "MultiLineString", "coordinates": [[[128.83466188986029, 35.06980860029002], [128.83434118343388, 35.068870424888445], [128.83426258145224, 35.068711209446384], [128.83396452044894, 35.068365632107195], [128.83376081939323, 35.06817633599969], [128.83340371581448, 35.067946424379684], [128.83290784884372, 35.06770430077093], [128.832466639379, 35.06755802334474], [128.8319892641533, 35.067461907136085], [128.83151957936678, 35.06735123160108]]]}}, {"type": "Feature", "properties": {"LINK_ID": "4180067600", "F_NODE": "4180123704", "T_NODE": "4180223300", "LANES": 4, "ROAD_RANK": "107", "ROAD_TYPE": "000", "ROAD_NO": "-", "ROAD_NAME": "신항북로", "ROAD_USE": "0", "MULTI_LINK": "0", "CONNECT": "0", "MAX_SPD": 70, "REST_VEH": "0", "REST_W": 0, "REST_H": 0, "C-ITS": "0", "LENGTH": 268.913640031121, "UPDATEDATE": "20250512", "REMARK": null, "HIST_TYPE": "LINK0003", "HISTREMARK": null, "link_stats_import_fid": 119, "link_stats_import_vehicle_count": 127.0, "link_stats_import_avg_speed": 12.4, "link_stats_import_sum_weight_kg": 384948.0}, "geometry": {"type": "MultiLineString", "coordinates": [[[128.82425302275527, 35.08612682227065], [128.8228108849037, 35.086119989481666], [128.82130519101105, 35.086120818266565]]]}}, {"type": "Feature", "properties": {"LINK_ID": "1410097701", "F_NODE": "1410000210", "T_NODE": "1410000209", "LANES": 2, "ROAD_RANK": "103", "ROAD_TYPE": "000", "ROAD_NO": "2", "ROAD_NAME": "낙동남로", "ROAD_USE": "0", "MULTI_LINK": "0", "CONNECT": "1", "MAX_SPD": 40, "REST_VEH": "0", "REST_W": 0, "REST_H": 0, "C-ITS": "0", "LENGTH": 12.836395942598, "UPDATEDATE": "20250512", "REMARK": null, "HIST_TYPE": "LINK0001", "HISTREMARK": null, "link_stats_import_fid": 1170, "link_stats_import_vehicle_count": 1.0, "link_stats_import_avg_speed": 20.56, "link_stats_import_sum_weight_kg": 0.0}, "geometry": {"type": "MultiLineString", "coordinates": [[[128.83750141585978, 35.10179859697501], [128.83756367852789, 35.10169486789041]]]}}, {"type": "Feature", "properties": {"LINK_ID": "4180081300", "F_NODE": "4180090302", "T_NODE": "4180091103", "LANES": 4, "ROAD_RANK": "107", "ROAD_TYPE": "000", "ROAD_NO": "-", "ROAD_NAME": "신항10로", "ROAD_USE": "0", "MULTI_LINK": "0", "CONNECT": "0", "MAX_SPD": 80, "REST_VEH": "0", "REST_W": 0, "REST_H": 0, "C-ITS": "0", "LENGTH": 392.992228197745, "UPDATEDATE": "20250512", "REMARK": null, "HIST_TYPE": "LINK0003", "HISTREMARK": null, "link_stats_import_fid": 390, "link_stats_import_vehicle_count": 16.0, "link_stats_import_avg_speed": 8.74, "link_stats_import_sum_weight_kg": 16414.0}, "geometry": {"type": "MultiLineString", "coordinates": [[[128.76996222114363, 35.0912804636249], [128.7742705020028, 35.09125791996279]]]}}, {"type": "Feature", "properties": {"LINK_ID": "1410064501", "F_NODE": "1410022503", "T_NODE": "1410022502", "LANES": 2, "ROAD_RANK": "104", "ROAD_TYPE": "000", "ROAD_NO": "-", "ROAD_NAME": "녹산산업중로", "ROAD_USE": "0", "MULTI_LINK": "0", "CONNECT": "0", "MAX_SPD": 50, "REST_VEH": "0", "REST_W": 0, "REST_H": 0, "C-ITS": "0", "LENGTH": 10.949415033631, "UPDATEDATE": "20250512", "REMARK": null, "HIST_TYPE": "LINK0001", "HISTREMARK": null, "link_stats_import_fid": null, "link_stats_import_vehicle_count": null, "link_stats_import_avg_speed": null, "link_stats_import_sum_weight_kg": null}, "geometry": {"type": "MultiLineString", "coordinates": [[[128.83423921860026, 35.09340214846756], [128.83435922990418, 35.09340004268887]]]}}, {"type": "Feature", "properties": {"LINK_ID": "4180093500", "F_NODE": "4180088201", "T_NODE": "4180219000", "LANES": 2, "ROAD_RANK": "107", "ROAD_TYPE": "000", "ROAD_NO": "-", "ROAD_NAME": "신항8로", "ROAD_USE": "0", "MULTI_LINK": "0", "CONNECT": "0", "MAX_SPD": 60, "REST_VEH": "0", "REST_W": 0, "REST_H": 0, "C-ITS": "0", "LENGTH": 26.949216488504, "UPDATEDATE": "20250512", "REMARK": null, "HIST_TYPE": "LINK0003", "HISTREMARK": null, "link_stats_import_fid": null, "link_stats_import_vehicle_count": null, "link_stats_import_avg_speed": null, "link_stats_import_sum_weight_kg": null}, "geometry": {"type": "MultiLineString", "coordinates": [[[128.76628217892056, 35.096899428208836], [128.76657764344023, 35.09689976597908]]]}}, {"type": "Feature", "properties": {"LINK_ID": "4180075002", "F_NODE": "4180224400", "T_NODE": "4180091301", "LANES": 2, "ROAD_RANK": "107", "ROAD_TYPE": "000", "ROAD_NO": "-", "ROAD_NAME": "신항9로", "ROAD_USE": "0", "MULTI_LINK": "0", "CONNECT": "0", "MAX_SPD": 60, "REST_VEH": "0", "REST_W": 0, "REST_H": 0, "C-ITS": "0", "LENGTH": 279.912862218919, "UPDATEDATE": "20250512", "REMARK": null, "HIST_TYPE": "LINK1007", "HISTREMARK": "4180075000", "link_stats_import_fid": 515, "link_stats_import_vehicle_count": 10.0, "link_stats_import_avg_speed": 9.34, "link_stats_import_sum_weight_kg": 46341.0}, "geometry": {"type": "MultiLineString", "coordinates": [[[128.77748613744728, 35.08919688386671], [128.77707177218792, 35.08914610865683], [128.77442231215105, 35.08917237616524]]]}}, {"type": "Feature", "properties": {"LINK_ID": "4180059101", "F_NODE": "4180090601", "T_NODE": "4180090604", "LANES": 2, "ROAD_RANK": "107", "ROAD_TYPE": "000", "ROAD_NO": "-", "ROAD_NAME": "신항로", "ROAD_USE": "0", "MULTI_LINK": "0", "CONNECT": "0", "MAX_SPD": 60, "REST_VEH": "0", "REST_W": 0, "REST_H": 0, "C-ITS": "0", "LENGTH": 12.000424109983, "UPDATEDATE": "20250512", "REMARK": null, "HIST_TYPE": "LINK0001", "HISTREMARK": null, "link_stats_import_fid": 435, "link_stats_import_vehicle_count": 13.0, "link_stats_import_avg_speed": 13.11, "link_stats_import_sum_weight_kg": 105109.0}, "geometry": {"type": "MultiLineString", "coordinates": [[[128.77002215879602, 35.08318376701157], [128.76989061133395, 35.0831839176528]]]}}, {"type": "Feature", "properties": {"LINK_ID": "4180059802", "F_NODE": "4180225300", "T_NODE": "4180087802", "LANES": 4, "ROAD_RANK": "107", "ROAD_TYPE": "000", "ROAD_NO": "-", "ROAD_NAME": "신항로", "ROAD_USE": "0", "MULTI_LINK": "0", "CONNECT": "0", "MAX_SPD": 60, "REST_VEH": "0", "REST_W": 0, "REST_H": 0, "C-ITS": "0", "LENGTH": 407.4410673003, "UPDATEDATE": "20250512", "REMARK": null, "HIST_TYPE": "LINK1007", "HISTREMARK": "4180059800", "link_stats_import_fid": 180, "link_stats_import_vehicle_count": 70.0, "link_stats_import_avg_speed": 9.36, "link_stats_import_sum_weight_kg": 158270.0}, "geometry": {"type": "MultiLineString", "coordinates": [[[128.76525067832335, 35.0831948815964], [128.76525037220844, 35.08333345926722], [128.7652263802293, 35.0868662089564]]]}}, {"type": "Feature", "properties": {"LINK_ID": "1411031800", "F_NODE": "1410383001", "T_NODE": "1410913200", "LANES": 3, "ROAD_RANK": "104", "ROAD_TYPE": "000", "ROAD_NO": "-", "ROAD_NAME": "신항남로", "ROAD_USE": "0", "MULTI_LINK": "0", "CONNECT": "0", "MAX_SPD": 60, "REST_VEH": "0", "REST_W": 0, "REST_H": 450, "C-ITS": "0", "LENGTH": 433.660940384691, "UPDATEDATE": "20250512", "REMARK": null, "HIST_TYPE": "LINK0003", "HISTREMARK": null, "link_stats_import_fid": 38, "link_stats_import_vehicle_count": 350.0, "link_stats_import_avg_speed": 11.64, "link_stats_import_sum_weight_kg": 18424142.0}, "geometry": {"type": "MultiLineString", "coordinates": [[[128.8229621702806, 35.064148254245985], [128.82357711057082, 35.06458769548903], [128.82400179406702, 35.06494035112675], [128.82454183985504, 35.065384271398024], [128.82521568149497, 35.065785745734615], [128.82590390175514, 35.06609730337317], [128.8267864119753, 35.066392657396456]]]}}, {"type": "Feature", "properties": {"LINK_ID": "1410702400", "F_NODE": "4180119602", "T_NODE": "1410867400", "LANES": 3, "ROAD_RANK": "104", "ROAD_TYPE": "000", "ROAD_NO": "-", "ROAD_NAME": "신항로", "ROAD_USE": "0", "MULTI_LINK": "0", "CONNECT": "0", "MAX_SPD": 60, "REST_VEH": "0", "REST_W": 0, "REST_H": 0, "C-ITS": "0", "LENGTH": 276.076633212852, "UPDATEDATE": "20250512", "REMARK": null, "HIST_TYPE": "LINK0003", "HISTREMARK": null, "link_stats_import_fid": 12, "link_stats_import_vehicle_count": 492.0, "link_stats_import_avg_speed": 12.82, "link_stats_import_sum_weight_kg": 4944005.0}, "geometry": {"type": "MultiLineString", "coordinates": [[[128.81834057821555, 35.08313050841346], [128.82136684581573, 35.083133790157746]]]}}, {"type": "Feature", "properties": {"LINK_ID": "1410085701", "F_NODE": "1410028703", "T_NODE": "1410028702", "LANES": 2, "ROAD_RANK": "104", "ROAD_TYPE": "000", "ROAD_NO": "-", "ROAD_NAME": "녹산산업중로", "ROAD_USE": "0", "MULTI_LINK": "0", "CONNECT": "0", "MAX_SPD": 50, "REST_VEH": "0", "REST_W": 0, "REST_H": 0, "C-ITS": "0", "LENGTH": 12.15987594937, "UPDATEDATE": "20250512", "REMARK": null, "HIST_TYPE": "LINK0001", "HISTREMARK": null, "link_stats_import_fid": null, "link_stats_import_vehicle_count": null, "link_stats_import_avg_speed": null, "link_stats_import_sum_weight_kg": null}, "geometry": {"type": "MultiLineString", "coordinates": [[[128.8282997087974, 35.09748769477717], [128.82839537552837, 35.097411385051416]]]}}, {"type": "Feature", "properties": {"LINK_ID": "4180092800", "F_NODE": "4180104404", "T_NODE": "4180102801", "LANES": 2, "ROAD_RANK": "107", "ROAD_TYPE": "000", "ROAD_NO": "-", "ROAD_NAME": "안골로", "ROAD_USE": "0", "MULTI_LINK": "0", "CONNECT": "0", "MAX_SPD": 30, "REST_VEH": "0", "REST_W": 0, "REST_H": 0, "C-ITS": "0", "LENGTH": 266.310256254369, "UPDATEDATE": "20250512", "REMARK": null, "HIST_TYPE": "LINK0003", "HISTREMARK": null, "link_stats_import_fid": 1298, "link_stats_import_vehicle_count": 1.0, "link_stats_import_avg_speed": 7.42, "link_stats_import_sum_weight_kg": 0.0}, "geometry": {"type": "MultiLineString", "coordinates": [[[128.80445959584023, 35.09749321420129], [128.80217349896373, 35.096000543307184]]]}}, {"type": "Feature", "properties": {"LINK_ID": "1410122201", "F_NODE": "1410022403", "T_NODE": "1410022402", "LANES": 2, "ROAD_RANK": "104", "ROAD_TYPE": "000", "ROAD_NO": "-", "ROAD_NAME": "녹산산업중로", "ROAD_USE": "0", "MULTI_LINK": "0", "CONNECT": "0", "MAX_SPD": 50, "REST_VEH": "0", "REST_W": 0, "REST_H": 0, "C-ITS": "0", "LENGTH": 10.945870218981, "UPDATEDATE": "20250512", "REMARK": null, "HIST_TYPE": "LINK0001", "HISTREMARK": null, "link_stats_import_fid": null, "link_stats_import_vehicle_count": null, "link_stats_import_avg_speed": null, "link_stats_import_sum_weight_kg": null}, "geometry": {"type": "MultiLineString", "coordinates": [[[128.8354840839502, 35.093399061145824], [128.83560408367808, 35.09339906387634]]]}}, {"type": "Feature", "properties": {"LINK_ID": "4180138801", "F_NODE": "4180108103", "T_NODE": "4180108102", "LANES": 2, "ROAD_RANK": "107", "ROAD_TYPE": "000", "ROAD_NO": "-", "ROAD_NAME": "안골로", "ROAD_USE": "0", "MULTI_LINK": "0", "CONNECT": "0", "MAX_SPD": 50, "REST_VEH": "0", "REST_W": 0, "REST_H": 0, "C-ITS": "0", "LENGTH": 12.73126054875, "UPDATEDATE": "20250512", "REMARK": null, "HIST_TYPE": "LINK0001", "HISTREMARK": null, "link_stats_import_fid": null, "link_stats_import_vehicle_count": null, "link_stats_import_avg_speed": null, "link_stats_import_sum_weight_kg": null}, "geometry": {"type": "MultiLineString", "coordinates": [[[128.81053557122533, 35.10388732599166], [128.81059893706907, 35.1039895428123]]]}}, {"type": "Feature", "properties": {"LINK_ID": "4180111400", "F_NODE": "4180118204", "T_NODE": "4180115701", "LANES": 2, "ROAD_RANK": "107", "ROAD_TYPE": "000", "ROAD_NO": "-", "ROAD_NAME": "용원로", "ROAD_USE": "0", "MULTI_LINK": "0", "CONNECT": "0", "MAX_SPD": 50, "REST_VEH": "0", "REST_W": 0, "REST_H": 0, "C-ITS": "0", "LENGTH": 123.117395865166, "UPDATEDATE": "20250512", "REMARK": null, "HIST_TYPE": "LINK0003", "HISTREMARK": null, "link_stats_import_fid": 907, "link_stats_import_vehicle_count": 3.0, "link_stats_import_avg_speed": 9.93, "link_stats_import_sum_weight_kg": 0.0}, "geometry": {"type": "MultiLineString", "coordinates": [[[128.81754195166604, 35.09901436352663], [128.81622772647958, 35.099267521343975]]]}}, {"type": "Feature", "properties": {"LINK_ID": "1410705001", "F_NODE": "4180184000", "T_NODE": "1410753500", "LANES": 2, "ROAD_RANK": "104", "ROAD_TYPE": "000", "ROAD_NO": "-", "ROAD_NAME": "-", "ROAD_USE": "0", "MULTI_LINK": "0", "CONNECT": "0", "MAX_SPD": 30, "REST_VEH": "0", "REST_W": 0, "REST_H": 0, "C-ITS": "0", "LENGTH": 389.935364240895, "UPDATEDATE": "20250512", "REMARK": "도로명없음", "HIST_TYPE": "LINK1007", "HISTREMARK": "1410705000", "link_stats_import_fid": 843, "link_stats_import_vehicle_count": 3.0, "link_stats_import_avg_speed": 9.05, "link_stats_import_sum_weight_kg": 1000.0}, "geometry": {"type": "MultiLineString", "coordinates": [[[128.8251225803314, 35.087994063766885], [128.8252196607427, 35.087994946764994], [128.82723096008507, 35.08798719363145], [128.82939708267412, 35.0879731853959]]]}}, {"type": "Feature", "properties": {"LINK_ID": "1410123001", "F_NODE": "1410040603", "T_NODE": "1410432200", "LANES": 2, "ROAD_RANK": "104", "ROAD_TYPE": "000", "ROAD_NO": "-", "ROAD_NAME": "신항남로", "ROAD_USE": "0", "MULTI_LINK": "0", "CONNECT": "0", "MAX_SPD": 80, "REST_VEH": "0", "REST_W": 0, "REST_H": 0, "C-ITS": "0", "LENGTH": 57.652159609941, "UPDATEDATE": "20250512", "REMARK": null, "HIST_TYPE": "LINK0003", "HISTREMARK": null, "link_stats_import_fid": 113, "link_stats_import_vehicle_count": 137.0, "link_stats_import_avg_speed": 18.13, "link_stats_import_sum_weight_kg": 381327.0}, "geometry": {"type": "MultiLineString", "coordinates": [[[128.83447680533263, 35.08889592589275], [128.83449441302838, 35.08837664722581]]]}}, {"type": "Feature", "properties": {"LINK_ID": "1410095100", "F_NODE": "1410032803", "T_NODE": "1410031604", "LANES": 3, "ROAD_RANK": "105", "ROAD_TYPE": "000", "ROAD_NO": "58", "ROAD_NAME": "가락대로", "ROAD_USE": "0", "MULTI_LINK": "0", "CONNECT": "0", "MAX_SPD": 60, "REST_VEH": "0", "REST_W": 0, "REST_H": 0, "C-ITS": "0", "LENGTH": 229.276148625905, "UPDATEDATE": "20250512", "REMARK": null, "HIST_TYPE": "LINK0003", "HISTREMARK": null, "link_stats_import_fid": 255, "link_stats_import_vehicle_count": 36.0, "link_stats_import_avg_speed": 11.82, "link_stats_import_sum_weight_kg": 55010.0}, "geometry": {"type": "MultiLineString", "coordinates": [[[128.83935705005356, 35.101705376335374], [128.8393628210893, 35.09963947474542]]]}}, {"type": "Feature", "properties": {"LINK_ID": "4180066200", "F_NODE": "4180107003", "T_NODE": "4180211000", "LANES": 3, "ROAD_RANK": "107", "ROAD_TYPE": "000", "ROAD_NO": "-", "ROAD_NAME": "신항5로", "ROAD_USE": "0", "MULTI_LINK": "0", "CONNECT": "0", "MAX_SPD": 50, "REST_VEH": "0", "REST_W": 0, "REST_H": 0, "C-ITS": "0", "LENGTH": 143.526763905648, "UPDATEDATE": "20250512", "REMARK": null, "HIST_TYPE": "LINK0003", "HISTREMARK": null, "link_stats_import_fid": 1222, "link_stats_import_vehicle_count": 1.0, "link_stats_import_avg_speed": 9.82, "link_stats_import_sum_weight_kg": 0.0}, "geometry": {"type": "MultiLineString", "coordinates": [[[128.80714184704868, 35.08880774272792], [128.8071477972101, 35.088039414934315], [128.8071518624772, 35.0875144939755]]]}}, {"type": "Feature", "properties": {"LINK_ID": "4180065304", "F_NODE": "4180203500", "T_NODE": "4180107003", "LANES": 3, "ROAD_RANK": "107", "ROAD_TYPE": "000", "ROAD_NO": "-", "ROAD_NAME": "신항동로", "ROAD_USE": "0", "MULTI_LINK": "0", "CONNECT": "0", "MAX_SPD": 50, "REST_VEH": "0", "REST_W": 0, "REST_H": 0, "C-ITS": "0", "LENGTH": 331.112331873918, "UPDATEDATE": "20250512", "REMARK": null, "HIST_TYPE": "LINK1007", "HISTREMARK": "4180065300", "link_stats_import_fid": 856, "link_stats_import_vehicle_count": 3.0, "link_stats_import_avg_speed": 13.03, "link_stats_import_sum_weight_kg": 16054.0}, "geometry": {"type": "MultiLineString", "coordinates": [[[128.80351202933244, 35.088811485520715], [128.8045793520434, 35.08881285639124], [128.80714184704868, 35.08880774272792]]]}}, {"type": "Feature", "properties": {"LINK_ID": "1410121301", "F_NODE": "1410029001", "T_NODE": "1410029004", "LANES": 2, "ROAD_RANK": "104", "ROAD_TYPE": "000", "ROAD_NO": "-", "ROAD_NAME": "녹산산업북로", "ROAD_USE": "0", "MULTI_LINK": "0", "CONNECT": "0", "MAX_SPD": 50, "REST_VEH": "0", "REST_W": 0, "REST_H": 0, "C-ITS": "0", "LENGTH": 10.946292571584, "UPDATEDATE": "20250512", "REMARK": null, "HIST_TYPE": "LINK0001", "HISTREMARK": null, "link_stats_import_fid": 594, "link_stats_import_vehicle_count": 7.0, "link_stats_import_avg_speed": 7.79, "link_stats_import_sum_weight_kg": 1000.0}, "geometry": {"type": "MultiLineString", "coordinates": [[[128.8343367029217, 35.09801543380192], [128.8342167011104, 35.098014201186594]]]}}, {"type": "Feature", "properties": {"LINK_ID": "4180061702", "F_NODE": "4180102602", "T_NODE": "4180102601", "LANES": 3, "ROAD_RANK": "107", "ROAD_TYPE": "000", "ROAD_NO": "-", "ROAD_NAME": "신항로", "ROAD_USE": "0", "MULTI_LINK": "0", "CONNECT": "0", "MAX_SPD": 60, "REST_VEH": "0", "REST_W": 0, "REST_H": 0, "C-ITS": "0", "LENGTH": 11.999985131448, "UPDATEDATE": "20250512", "REMARK": null, "HIST_TYPE": "LINK0001", "HISTREMARK": null, "link_stats_import_fid": null, "link_stats_import_vehicle_count": null, "link_stats_import_avg_speed": null, "link_stats_import_sum_weight_kg": null}, "geometry": {"type": "MultiLineString", "coordinates": [[[128.80115296944084, 35.08446525220349], [128.8011481084512, 35.08457330677921]]]}}, {"type": "Feature", "properties": {"LINK_ID": "4180075001", "F_NODE": "4180091301", "T_NODE": "4180091304", "LANES": 2, "ROAD_RANK": "107", "ROAD_TYPE": "000", "ROAD_NO": "-", "ROAD_NAME": "신항9로", "ROAD_USE": "0", "MULTI_LINK": "0", "CONNECT": "0", "MAX_SPD": 60, "REST_VEH": "0", "REST_W": 0, "REST_H": 0, "C-ITS": "0", "LENGTH": 12.001291398497, "UPDATEDATE": "20250512", "REMARK": null, "HIST_TYPE": "LINK0001", "HISTREMARK": null, "link_stats_import_fid": 868, "link_stats_import_vehicle_count": 3.0, "link_stats_import_avg_speed": 10.1, "link_stats_import_sum_weight_kg": 39394.0}, "geometry": {"type": "MultiLineString", "coordinates": [[[128.77442231215105, 35.08917237616524], [128.77429074859717, 35.08917310100854]]]}}, {"type": "Feature", "properties": {"LINK_ID": "1410029100", "F_NODE": "1410014003", "T_NODE": "1410011704", "LANES": 2, "ROAD_RANK": "104", "ROAD_TYPE": "000", "ROAD_NO": "-", "ROAD_NAME": "녹산산단232로", "ROAD_USE": "0", "MULTI_LINK": "0", "CONNECT": "0", "MAX_SPD": 50, "REST_VEH": "0", "REST_W": 0, "REST_H": 0, "C-ITS": "0", "LENGTH": 227.040881722995, "UPDATEDATE": "20250512", "REMARK": null, "HIST_TYPE": "LINK0003", "HISTREMARK": null, "link_stats_import_fid": 816, "link_stats_import_vehicle_count": 3.0, "link_stats_import_avg_speed": 9.17, "link_stats_import_sum_weight_kg": 0.0}, "geometry": {"type": "MultiLineString", "coordinates": [[[128.84267309640055, 35.08778487473301], [128.84267687449045, 35.0857391091663]]]}}, {"type": "Feature", "properties": {"LINK_ID": "4180085500", "F_NODE": "4180122901", "T_NODE": "4180123803", "LANES": 2, "ROAD_RANK": "107", "ROAD_TYPE": "000", "ROAD_NO": "-", "ROAD_NAME": "신항2로", "ROAD_USE": "0", "MULTI_LINK": "0", "CONNECT": "0", "MAX_SPD": 60, "REST_VEH": "0", "REST_W": 0, "REST_H": 0, "C-ITS": "0", "LENGTH": 321.704838080506, "UPDATEDATE": "20250512", "REMARK": null, "HIST_TYPE": "LINK0003", "HISTREMARK": null, "link_stats_import_fid": 726, "link_stats_import_vehicle_count": 5.0, "link_stats_import_avg_speed": 7.04, "link_stats_import_sum_weight_kg": 1000.0}, "geometry": {"type": "MultiLineString", "coordinates": [[[128.8220186005242, 35.09174223443232], [128.82355070881698, 35.09303764509829], [128.8236085356885, 35.093066319618444], [128.8236702056887, 35.09306564684952], [128.8237458624875, 35.09303351673301], [128.82454640982286, 35.09239630450428]]]}}, {"type": "Feature", "properties": {"LINK_ID": "1410077501", "F_NODE": "1410026201", "T_NODE": "1410026204", "LANES": 2, "ROAD_RANK": "104", "ROAD_TYPE": "000", "ROAD_NO": "-", "ROAD_NAME": "녹산산단261로73번길", "ROAD_USE": "0", "MULTI_LINK": "0", "CONNECT": "0", "MAX_SPD": 70, "REST_VEH": "0", "REST_W": 0, "REST_H": 0, "C-ITS": "0", "LENGTH": 10.945667463609, "UPDATEDATE": "20250512", "REMARK": null, "HIST_TYPE": "LINK0001", "HISTREMARK": null, "link_stats_import_fid": null, "link_stats_import_vehicle_count": null, "link_stats_import_avg_speed": null, "link_stats_import_sum_weight_kg": null}, "geometry": {"type": "MultiLineString", "coordinates": [[[128.84277488181098, 35.09569411916407], [128.84265488165926, 35.09569386651692]]]}}, {"type": "Feature", "properties": {"LINK_ID": "4180063302", "F_NODE": "4180224900", "T_NODE": "4180107203", "LANES": 2, "ROAD_RANK": "107", "ROAD_TYPE": "000", "ROAD_NO": "-", "ROAD_NAME": "신항5로", "ROAD_USE": "0", "MULTI_LINK": "0", "CONNECT": "0", "MAX_SPD": 60, "REST_VEH": "0", "REST_W": 0, "REST_H": 0, "C-ITS": "0", "LENGTH": 274.524785521739, "UPDATEDATE": "20250512", "REMARK": null, "HIST_TYPE": "LINK1007", "HISTREMARK": "4180063300", "link_stats_import_fid": 540, "link_stats_import_vehicle_count": 9.0, "link_stats_import_avg_speed": 9.9, "link_stats_import_sum_weight_kg": 53042.0}, "geometry": {"type": "MultiLineString", "coordinates": [[[128.80415717228007, 35.08448795123168], [128.8047762843321, 35.08449049026975], [128.80569621670458, 35.08449425780708], [128.8061373431929, 35.084496061409496], [128.80614054928924, 35.08449607492554], [128.80716645032152, 35.08449048612431]]]}}, {"type": "Feature", "properties": {"LINK_ID": "4180097602", "F_NODE": "4180190000", "T_NODE": "4180104401", "LANES": 2, "ROAD_RANK": "107", "ROAD_TYPE": "000", "ROAD_NO": "-", "ROAD_NAME": "안골로", "ROAD_USE": "0", "MULTI_LINK": "0", "CONNECT": "0", "MAX_SPD": 30, "REST_VEH": "0", "REST_W": 0, "REST_H": 0, "C-ITS": "0", "LENGTH": 116.183543430627, "UPDATEDATE": "20250512", "REMARK": null, "HIST_TYPE": "LINK1007", "HISTREMARK": "4180097600", "link_stats_import_fid": 1315, "link_stats_import_vehicle_count": 1.0, "link_stats_import_avg_speed": 10.41, "link_stats_import_sum_weight_kg": 1000.0}, "geometry": {"type": "MultiLineString", "coordinates": [[[128.80557197429715, 35.09819762390888], [128.80456207875775, 35.09755958532121]]]}}, {"type": "Feature", "properties": {"LINK_ID": "4180077301", "F_NODE": "4180118902", "T_NODE": "4180118901", "LANES": 3, "ROAD_RANK": "107", "ROAD_TYPE": "000", "ROAD_NO": "-", "ROAD_NAME": "신항4로", "ROAD_USE": "0", "MULTI_LINK": "0", "CONNECT": "0", "MAX_SPD": 50, "REST_VEH": "0", "REST_W": 0, "REST_H": 0, "C-ITS": "0", "LENGTH": 12.050046493216, "UPDATEDATE": "20250512", "REMARK": null, "HIST_TYPE": "LINK0001", "HISTREMARK": null, "link_stats_import_fid": null, "link_stats_import_vehicle_count": null, "link_stats_import_avg_speed": null, "link_stats_import_sum_weight_kg": null}, "geometry": {"type": "MultiLineString", "coordinates": [[[128.8183438376703, 35.09000365601605], [128.8183426371136, 35.09011223026285]]]}}, {"type": "Feature", "properties": {"LINK_ID": "4180089300", "F_NODE": "4180090201", "T_NODE": "4180090002", "LANES": 2, "ROAD_RANK": "107", "ROAD_TYPE": "000", "ROAD_NO": "-", "ROAD_NAME": "신항7로", "ROAD_USE": "0", "MULTI_LINK": "0", "CONNECT": "0", "MAX_SPD": 50, "REST_VEH": "0", "REST_W": 0, "REST_H": 0, "C-ITS": "0", "LENGTH": 305.9973921991, "UPDATEDATE": "20250512", "REMARK": null, "HIST_TYPE": "LINK0003", "HISTREMARK": null, "link_stats_import_fid": 336, "link_stats_import_vehicle_count": 21.0, "link_stats_import_avg_speed": 6.56, "link_stats_import_sum_weight_kg": 71253.0}, "geometry": {"type": "MultiLineString", "coordinates": [[[128.76994427780832, 35.09414628330616], [128.76993451211914, 35.09690355319049]]]}}, {"type": "Feature", "properties": {"LINK_ID": "4180093601", "F_NODE": "4180219100", "T_NODE": "4180088202", "LANES": 2, "ROAD_RANK": "107", "ROAD_TYPE": "000", "ROAD_NO": "-", "ROAD_NAME": "신항8로", "ROAD_USE": "0", "MULTI_LINK": "0", "CONNECT": "0", "MAX_SPD": 60, "REST_VEH": "0", "REST_W": 0, "REST_H": 0, "C-ITS": "0", "LENGTH": 26.949180774835, "UPDATEDATE": "20250512", "REMARK": null, "HIST_TYPE": "LINK1007", "HISTREMARK": "4180093600", "link_stats_import_fid": null, "link_stats_import_vehicle_count": null, "link_stats_import_avg_speed": null, "link_stats_import_sum_weight_kg": null}, "geometry": {"type": "MultiLineString", "coordinates": [[[128.76657746063793, 35.097007895528314], [128.76628199611943, 35.09700755776963]]]}}, {"type": "Feature", "properties": {"LINK_ID": "1411032700", "F_NODE": "1410382104", "T_NODE": "1410382202", "LANES": 3, "ROAD_RANK": "104", "ROAD_TYPE": "000", "ROAD_NO": "-", "ROAD_NAME": "신항남로", "ROAD_USE": "0", "MULTI_LINK": "0", "CONNECT": "0", "MAX_SPD": 10, "REST_VEH": "0", "REST_W": 0, "REST_H": 0, "C-ITS": "0", "LENGTH": 50.957078585634, "UPDATEDATE": "20250512", "REMARK": null, "HIST_TYPE": "LINK0003", "HISTREMARK": null, "link_stats_import_fid": 93, "link_stats_import_vehicle_count": 169.0, "link_stats_import_avg_speed": 13.3, "link_stats_import_sum_weight_kg": 1497026.0}, "geometry": {"type": "MultiLineString", "coordinates": [[[128.8347424523801, 35.0742656047645], [128.83418395535847, 35.07426214712912]]]}}, {"type": "Feature", "properties": {"LINK_ID": "1410028800", "F_NODE": "1410011704", "T_NODE": "1410011801", "LANES": 2, "ROAD_RANK": "104", "ROAD_TYPE": "000", "ROAD_NO": "-", "ROAD_NAME": "녹산산단232로", "ROAD_USE": "0", "MULTI_LINK": "0", "CONNECT": "0", "MAX_SPD": 60, "REST_VEH": "0", "REST_W": 0, "REST_H": 0, "C-ITS": "0", "LENGTH": 82.292167278032, "UPDATEDATE": "20250512", "REMARK": null, "HIST_TYPE": "LINK0003", "HISTREMARK": null, "link_stats_import_fid": null, "link_stats_import_vehicle_count": null, "link_stats_import_avg_speed": null, "link_stats_import_sum_weight_kg": null}, "geometry": {"type": "MultiLineString", "coordinates": [[[128.84267687449045, 35.0857391091663], [128.84177479354585, 35.08574087667857]]]}}, {"type": "Feature", "properties": {"LINK_ID": "1410091901", "F_NODE": "1410030503", "T_NODE": "1410030502", "LANES": 2, "ROAD_RANK": "104", "ROAD_TYPE": "000", "ROAD_NO": "-", "ROAD_NAME": "녹산산단27로", "ROAD_USE": "0", "MULTI_LINK": "0", "CONNECT": "0", "MAX_SPD": 50, "REST_VEH": "0", "REST_W": 0, "REST_H": 0, "C-ITS": "0", "LENGTH": 12.008485772175, "UPDATEDATE": "20250512", "REMARK": null, "HIST_TYPE": "LINK0001", "HISTREMARK": null, "link_stats_import_fid": null, "link_stats_import_vehicle_count": null, "link_stats_import_avg_speed": null, "link_stats_import_sum_weight_kg": null}, "geometry": {"type": "MultiLineString", "coordinates": [[[128.83233320425626, 35.09868095760226], [128.83242683219632, 35.09860488574768]]]}}, {"type": "Feature", "properties": {"LINK_ID": "4180075301", "F_NODE": "4180110203", "T_NODE": "4180110202", "LANES": 3, "ROAD_RANK": "107", "ROAD_TYPE": "000", "ROAD_NO": "-", "ROAD_NAME": "신항동로", "ROAD_USE": "0", "MULTI_LINK": "0", "CONNECT": "0", "MAX_SPD": 30, "REST_VEH": "0", "REST_W": 0, "REST_H": 0, "C-ITS": "0", "LENGTH": 12.000187665593, "UPDATEDATE": "20250512", "REMARK": null, "HIST_TYPE": "LINK0001", "HISTREMARK": null, "link_stats_import_fid": null, "link_stats_import_vehicle_count": null, "link_stats_import_avg_speed": null, "link_stats_import_sum_weight_kg": null}, "geometry": {"type": "MultiLineString", "coordinates": [[[128.81271549420836, 35.088840718556796], [128.8128470431063, 35.0888414634007]]]}}, {"type": "Feature", "properties": {"LINK_ID": "4180114900", "F_NODE": "4180106803", "T_NODE": "4180107404", "LANES": 2, "ROAD_RANK": "107", "ROAD_TYPE": "000", "ROAD_NO": "-", "ROAD_NAME": "안청남로", "ROAD_USE": "0", "MULTI_LINK": "0", "CONNECT": "0", "MAX_SPD": 30, "REST_VEH": "0", "REST_W": 0, "REST_H": 0, "C-ITS": "0", "LENGTH": 117.329501296115, "UPDATEDATE": "20250512", "REMARK": null, "HIST_TYPE": "LINK0003", "HISTREMARK": null, "link_stats_import_fid": 1048, "link_stats_import_vehicle_count": 2.0, "link_stats_import_avg_speed": 9.42, "link_stats_import_sum_weight_kg": 31220.0}, "geometry": {"type": "MultiLineString", "coordinates": [[[128.80701970532928, 35.10039310048382], [128.80777742655755, 35.09953874643256]]]}}, {"type": "Feature", "properties": {"LINK_ID": "1410086700", "F_NODE": "1410030502", "T_NODE": "1410028904", "LANES": 2, "ROAD_RANK": "104", "ROAD_TYPE": "000", "ROAD_NO": "-", "ROAD_NAME": "녹산산단27로", "ROAD_USE": "0", "MULTI_LINK": "0", "CONNECT": "0", "MAX_SPD": 50, "REST_VEH": "0", "REST_W": 0, "REST_H": 0, "C-ITS": "0", "LENGTH": 76.042576421948, "UPDATEDATE": "20250512", "REMARK": null, "HIST_TYPE": "LINK0003", "HISTREMARK": null, "link_stats_import_fid": 592, "link_stats_import_vehicle_count": 7.0, "link_stats_import_avg_speed": 8.66, "link_stats_import_sum_weight_kg": 25922.0}, "geometry": {"type": "MultiLineString", "coordinates": [[[128.83242683219632, 35.09860488574768], [128.8326409874059, 35.098430991730766], [128.8326418684452, 35.097993224192344]]]}}, {"type": "Feature", "properties": {"LINK_ID": "4180068600", "F_NODE": "4180123603", "T_NODE": "4180123704", "LANES": 3, "ROAD_RANK": "107", "ROAD_TYPE": "000", "ROAD_NO": "-", "ROAD_NAME": "신항3로", "ROAD_USE": "0", "MULTI_LINK": "0", "CONNECT": "0", "MAX_SPD": 60, "REST_VEH": "0", "REST_W": 0, "REST_H": 0, "C-ITS": "0", "LENGTH": 86.088059711034, "UPDATEDATE": "20250512", "REMARK": null, "HIST_TYPE": "LINK0003", "HISTREMARK": null, "link_stats_import_fid": 216, "link_stats_import_vehicle_count": 54.0, "link_stats_import_avg_speed": 7.8, "link_stats_import_sum_weight_kg": 196698.0}, "geometry": {"type": "MultiLineString", "coordinates": [[[128.82425351156039, 35.08690253011592], [128.82425302275527, 35.08612682227065]]]}}, {"type": "Feature", "properties": {"LINK_ID": "4180124002", "F_NODE": "4180122501", "T_NODE": "4180122504", "LANES": 2, "ROAD_RANK": "107", "ROAD_TYPE": "000", "ROAD_NO": "-", "ROAD_NAME": "용재로", "ROAD_USE": "0", "MULTI_LINK": "0", "CONNECT": "0", "MAX_SPD": 60, "REST_VEH": "0", "REST_W": 0, "REST_H": 0, "C-ITS": "0", "LENGTH": 12.075860286991, "UPDATEDATE": "20250512", "REMARK": null, "HIST_TYPE": "LINK0001", "HISTREMARK": null, "link_stats_import_fid": null, "link_stats_import_vehicle_count": null, "link_stats_import_avg_speed": null, "link_stats_import_sum_weight_kg": null}, "geometry": {"type": "MultiLineString", "coordinates": [[[128.821115243783, 35.10026584497302], [128.8209866317562, 35.10029168546126]]]}}, {"type": "Feature", "properties": {"LINK_ID": "4180082901", "F_NODE": "4180092901", "T_NODE": "4180092904", "LANES": 2, "ROAD_RANK": "107", "ROAD_TYPE": "000", "ROAD_NO": "-", "ROAD_NAME": "신항8로", "ROAD_USE": "0", "MULTI_LINK": "0", "CONNECT": "0", "MAX_SPD": 60, "REST_VEH": "0", "REST_W": 0, "REST_H": 0, "C-ITS": "0", "LENGTH": 11.837945591015, "UPDATEDATE": "20250512", "REMARK": null, "HIST_TYPE": "LINK0001", "HISTREMARK": null, "link_stats_import_fid": 1267, "link_stats_import_vehicle_count": 1.0, "link_stats_import_avg_speed": 5.41, "link_stats_import_sum_weight_kg": 1000.0}, "geometry": {"type": "MultiLineString", "coordinates": [[[128.7788124480486, 35.097021965950894], [128.7786826641499, 35.097021114316796]]]}}, {"type": "Feature", "properties": {"LINK_ID": "4180034501", "F_NODE": "4180099301", "T_NODE": "4180099304", "LANES": 3, "ROAD_RANK": "107", "ROAD_TYPE": "000", "ROAD_NO": "-", "ROAD_NAME": "신항북로", "ROAD_USE": "0", "MULTI_LINK": "0", "CONNECT": "0", "MAX_SPD": 80, "REST_VEH": "0", "REST_W": 0, "REST_H": 0, "C-ITS": "0", "LENGTH": 11.824303938138, "UPDATEDATE": "20250512", "REMARK": null, "HIST_TYPE": "LINK0001", "HISTREMARK": null, "link_stats_import_fid": 1208, "link_stats_import_vehicle_count": 1.0, "link_stats_import_avg_speed": 19.15, "link_stats_import_sum_weight_kg": 0.0}, "geometry": {"type": "MultiLineString", "coordinates": [[[128.7892504833052, 35.09043185853491], [128.78914333164377, 35.0904918196166]]]}}, {"type": "Feature", "properties": {"LINK_ID": "4180083401", "F_NODE": "4180098403", "T_NODE": "4180098402", "LANES": 3, "ROAD_RANK": "107", "ROAD_TYPE": "000", "ROAD_NO": "-", "ROAD_NAME": "신항북로", "ROAD_USE": "0", "MULTI_LINK": "0", "CONNECT": "0", "MAX_SPD": 80, "REST_VEH": "0", "REST_W": 0, "REST_H": 0, "C-ITS": "0", "LENGTH": 11.835845866871, "UPDATEDATE": "20250512", "REMARK": null, "HIST_TYPE": "LINK0001", "HISTREMARK": null, "link_stats_import_fid": null, "link_stats_import_vehicle_count": null, "link_stats_import_avg_speed": null, "link_stats_import_sum_weight_kg": null}, "geometry": {"type": "MultiLineString", "coordinates": [[[128.7876493777263, 35.09118026930239], [128.78775331262165, 35.09111642285739]]]}}, {"type": "Feature", "properties": {"LINK_ID": "1410087500", "F_NODE": "1410029304", "T_NODE": "1410029201", "LANES": 3, "ROAD_RANK": "104", "ROAD_TYPE": "000", "ROAD_NO": "-", "ROAD_NAME": "녹산산업북로", "ROAD_USE": "0", "MULTI_LINK": "0", "CONNECT": "0", "MAX_SPD": 50, "REST_VEH": "0", "REST_W": 0, "REST_H": 0, "C-ITS": "0", "LENGTH": 113.911802521249, "UPDATEDATE": "20250512", "REMARK": null, "HIST_TYPE": "LINK0003", "HISTREMARK": null, "link_stats_import_fid": 350, "link_stats_import_vehicle_count": 19.0, "link_stats_import_avg_speed": 7.21, "link_stats_import_sum_weight_kg": 31922.0}, "geometry": {"type": "MultiLineString", "coordinates": [[[128.83936779773728, 35.09803690377489], [128.83811891378178, 35.09803507938804]]]}}, {"type": "Feature", "properties": {"LINK_ID": "4180116701", "F_NODE": "4180113103", "T_NODE": "4180113102", "LANES": 2, "ROAD_RANK": "107", "ROAD_TYPE": "000", "ROAD_NO": "-", "ROAD_NAME": "용원로", "ROAD_USE": "0", "MULTI_LINK": "0", "CONNECT": "0", "MAX_SPD": 60, "REST_VEH": "0", "REST_W": 0, "REST_H": 0, "C-ITS": "0", "LENGTH": 11.002212566055, "UPDATEDATE": "20250512", "REMARK": null, "HIST_TYPE": "LINK0001", "HISTREMARK": null, "link_stats_import_fid": null, "link_stats_import_vehicle_count": null, "link_stats_import_avg_speed": null, "link_stats_import_sum_weight_kg": null}, "geometry": {"type": "MultiLineString", "coordinates": [[[128.81444679054957, 35.099489623215675], [128.8145642049292, 35.099466894856384]]]}}, {"type": "Feature", "properties": {"LINK_ID": "1410065501", "F_NODE": "1410022704", "T_NODE": "1410022703", "LANES": 3, "ROAD_RANK": "105", "ROAD_TYPE": "000", "ROAD_NO": "58", "ROAD_NAME": "가락대로", "ROAD_USE": "0", "MULTI_LINK": "0", "CONNECT": "0", "MAX_SPD": 60, "REST_VEH": "0", "REST_W": 0, "REST_H": 0, "C-ITS": "0", "LENGTH": 13.317677576619, "UPDATEDATE": "20250512", "REMARK": null, "HIST_TYPE": "LINK0001", "HISTREMARK": null, "link_stats_import_fid": 1124, "link_stats_import_vehicle_count": 1.0, "link_stats_import_avg_speed": 17.19, "link_stats_import_sum_weight_kg": 0.0}, "geometry": {"type": "MultiLineString", "coordinates": [[[128.83938082169652, 35.09352294753222], [128.83938116596102, 35.09340294796693]]]}}, {"type": "Feature", "properties": {"LINK_ID": "1410702103", "F_NODE": "4180315400", "T_NODE": "4180119501", "LANES": 2, "ROAD_RANK": "104", "ROAD_TYPE": "000", "ROAD_NO": "-", "ROAD_NAME": "신항4로", "ROAD_USE": "0", "MULTI_LINK": "0", "CONNECT": "0", "MAX_SPD": 30, "REST_VEH": "0", "REST_W": 0, "REST_H": 0, "C-ITS": "0", "LENGTH": 276.118186798912, "UPDATEDATE": "20250512", "REMARK": null, "HIST_TYPE": "LINK1007", "HISTREMARK": "1410702100", "link_stats_import_fid": 187, "link_stats_import_vehicle_count": 67.0, "link_stats_import_avg_speed": 8.65, "link_stats_import_sum_weight_kg": 330207.0}, "geometry": {"type": "MultiLineString", "coordinates": [[[128.821372932483, 35.08460824214628], [128.82124222311216, 35.08460779183619], [128.81990158315665, 35.08460316542506], [128.81938599962794, 35.08459961492342], [128.8183462200525, 35.084592447735275]]]}}, {"type": "Feature", "properties": {"LINK_ID": "4180122001", "F_NODE": "4180103102", "T_NODE": "4180103101", "LANES": 2, "ROAD_RANK": "107", "ROAD_TYPE": "000", "ROAD_NO": "-", "ROAD_NAME": "안청로", "ROAD_USE": "0", "MULTI_LINK": "0", "CONNECT": "0", "MAX_SPD": 60, "REST_VEH": "0", "REST_W": 0, "REST_H": 0, "C-ITS": "0", "LENGTH": 13.342385295596, "UPDATEDATE": "20250512", "REMARK": null, "HIST_TYPE": "LINK0001", "HISTREMARK": null, "link_stats_import_fid": null, "link_stats_import_vehicle_count": null, "link_stats_import_avg_speed": null, "link_stats_import_sum_weight_kg": null}, "geometry": {"type": "MultiLineString", "coordinates": [[[128.8031465162513, 35.10129835195293], [128.80315250754634, 35.101418475088344]]]}}, {"type": "Feature", "properties": {"LINK_ID": "1410040101", "F_NODE": "1410015203", "T_NODE": "1410015202", "LANES": 3, "ROAD_RANK": "104", "ROAD_TYPE": "000", "ROAD_NO": "-", "ROAD_NAME": "녹산산업대로", "ROAD_USE": "0", "MULTI_LINK": "0", "CONNECT": "0", "MAX_SPD": 70, "REST_VEH": "0", "REST_W": 0, "REST_H": 0, "C-ITS": "0", "LENGTH": 10.946459852187, "UPDATEDATE": "20250512", "REMARK": null, "HIST_TYPE": "LINK0001", "HISTREMARK": null, "link_stats_import_fid": 375, "link_stats_import_vehicle_count": 17.0, "link_stats_import_avg_speed": 8.67, "link_stats_import_sum_weight_kg": 37460.0}, "geometry": {"type": "MultiLineString", "coordinates": [[[128.8393951488024, 35.08889894380482], [128.83951514817687, 35.088899028406374]]]}}, {"type": "Feature", "properties": {"LINK_ID": "4180067502", "F_NODE": "4180223200", "T_NODE": "4180123703", "LANES": 4, "ROAD_RANK": "107", "ROAD_TYPE": "000", "ROAD_NO": "-", "ROAD_NAME": "신항북로", "ROAD_USE": "0", "MULTI_LINK": "0", "CONNECT": "0", "MAX_SPD": 70, "REST_VEH": "0", "REST_W": 0, "REST_H": 0, "C-ITS": "0", "LENGTH": 268.991019619605, "UPDATEDATE": "20250512", "REMARK": null, "HIST_TYPE": "LINK1007", "HISTREMARK": "4180067500", "link_stats_import_fid": 96, "link_stats_import_vehicle_count": 167.0, "link_stats_import_avg_speed": 12.69, "link_stats_import_sum_weight_kg": 528463.0}, "geometry": {"type": "MultiLineString", "coordinates": [[[128.82130510392193, 35.08601269092596], [128.82281122061408, 35.086011862107796], [128.82425378000767, 35.08601869680255]]]}}, {"type": "Feature", "properties": {"LINK_ID": "1411101802", "F_NODE": "1410484400", "T_NODE": "1410413503", "LANES": 3, "ROAD_RANK": "104", "ROAD_TYPE": "000", "ROAD_NO": "-", "ROAD_NAME": "신항남로", "ROAD_USE": "1", "MULTI_LINK": "0", "CONNECT": "0", "MAX_SPD": 60, "REST_VEH": "0", "REST_W": 0, "REST_H": 0, "C-ITS": "0", "LENGTH": 268.379359866636, "UPDATEDATE": "20250512", "REMARK": null, "HIST_TYPE": "LINK1007", "HISTREMARK": "1411101801", "link_stats_import_fid": 77, "link_stats_import_vehicle_count": 211.0, "link_stats_import_avg_speed": 12.04, "link_stats_import_sum_weight_kg": 9625411.0}, "geometry": {"type": "MultiLineString", "coordinates": [[[128.80535097384958, 35.06117899613183], [128.80498404436972, 35.061152372196304], [128.80247587740126, 35.060681326141065]]]}}, {"type": "Feature", "properties": {"LINK_ID": "4180081800", "F_NODE": "4180090203", "T_NODE": "4180090304", "LANES": 2, "ROAD_RANK": "107", "ROAD_TYPE": "000", "ROAD_NO": "-", "ROAD_NAME": "신항7로", "ROAD_USE": "0", "MULTI_LINK": "0", "CONNECT": "0", "MAX_SPD": 50, "REST_VEH": "0", "REST_W": 0, "REST_H": 0, "C-ITS": "0", "LENGTH": 293.984899964877, "UPDATEDATE": "20250512", "REMARK": null, "HIST_TYPE": "LINK0003", "HISTREMARK": null, "link_stats_import_fid": 518, "link_stats_import_vehicle_count": 10.0, "link_stats_import_avg_speed": 9.02, "link_stats_import_sum_weight_kg": 48814.0}, "geometry": {"type": "MultiLineString", "coordinates": [[[128.76981324747, 35.09403811924257], [128.76982997730389, 35.091389114254625]]]}}, {"type": "Feature", "properties": {"LINK_ID": "1410091101", "F_NODE": "1410030303", "T_NODE": "1410030302", "LANES": 2, "ROAD_RANK": "104", "ROAD_TYPE": "000", "ROAD_NO": "-", "ROAD_NAME": "녹산산업중로", "ROAD_USE": "0", "MULTI_LINK": "0", "CONNECT": "0", "MAX_SPD": 50, "REST_VEH": "0", "REST_W": 0, "REST_H": 0, "C-ITS": "0", "LENGTH": 12.20329565979, "UPDATEDATE": "20250512", "REMARK": null, "HIST_TYPE": "LINK0001", "HISTREMARK": null, "link_stats_import_fid": null, "link_stats_import_vehicle_count": null, "link_stats_import_avg_speed": null, "link_stats_import_sum_weight_kg": null}, "geometry": {"type": "MultiLineString", "coordinates": [[[128.82753764400525, 35.0980956757594], [128.82763368144268, 35.09801911756424]]]}}, {"type": "Feature", "properties": {"LINK_ID": "4180061001", "F_NODE": "1410401501", "T_NODE": "1410401504", "LANES": 3, "ROAD_RANK": "103", "ROAD_TYPE": "000", "ROAD_NO": "2", "ROAD_NAME": "진해대로", "ROAD_USE": "0", "MULTI_LINK": "0", "CONNECT": "0", "MAX_SPD": 70, "REST_VEH": "0", "REST_W": 0, "REST_H": 0, "C-ITS": "0", "LENGTH": 12.988636393604, "UPDATEDATE": "20250512", "REMARK": null, "HIST_TYPE": "LINK0001", "HISTREMARK": null, "link_stats_import_fid": null, "link_stats_import_vehicle_count": null, "link_stats_import_avg_speed": null, "link_stats_import_sum_weight_kg": null}, "geometry": {"type": "MultiLineString", "coordinates": [[[128.8236101250602, 35.10202044945314], [128.82347170207146, 35.10199294919899]]]}}, {"type": "Feature", "properties": {"LINK_ID": "4180092701", "F_NODE": "4180104403", "T_NODE": "4180104402", "LANES": 2, "ROAD_RANK": "107", "ROAD_TYPE": "000", "ROAD_NO": "-", "ROAD_NAME": "안골로", "ROAD_USE": "0", "MULTI_LINK": "0", "CONNECT": "0", "MAX_SPD": 30, "REST_VEH": "0", "REST_W": 0, "REST_H": 0, "C-ITS": "0", "LENGTH": 11.701795677961, "UPDATEDATE": "20250512", "REMARK": null, "HIST_TYPE": "LINK0001", "HISTREMARK": null, "link_stats_import_fid": null, "link_stats_import_vehicle_count": null, "link_stats_import_avg_speed": null, "link_stats_import_sum_weight_kg": null}, "geometry": {"type": "MultiLineString", "coordinates": [[[128.8045443932575, 35.097405487786205], [128.80464581986763, 35.097470056319686]]]}}, {"type": "Feature", "properties": {"LINK_ID": "1411062702", "F_NODE": "1410029104", "T_NODE": "1410029103", "LANES": 2, "ROAD_RANK": "107", "ROAD_TYPE": "000", "ROAD_NO": "-", "ROAD_NAME": "-", "ROAD_USE": "0", "MULTI_LINK": "0", "CONNECT": "0", "MAX_SPD": 60, "REST_VEH": "0", "REST_W": 0, "REST_H": 0, "C-ITS": "0", "LENGTH": 13.354495633843, "UPDATEDATE": "20250512", "REMARK": "도로명없음", "HIST_TYPE": "LINK0001", "HISTREMARK": null, "link_stats_import_fid": 766, "link_stats_import_vehicle_count": 4.0, "link_stats_import_avg_speed": 7.26, "link_stats_import_sum_weight_kg": 0.0}, "geometry": {"type": "MultiLineString", "coordinates": [[[128.83548263346654, 35.09803018531469], [128.8354800354151, 35.097909872518365]]]}}, {"type": "Feature", "properties": {"LINK_ID": "4180089100", "F_NODE": "4180087501", "T_NODE": "4180087601", "LANES": 4, "ROAD_RANK": "101", "ROAD_TYPE": "000", "ROAD_NO": "105", "ROAD_NAME": "남해고속도로제3지선", "ROAD_USE": "0", "MULTI_LINK": "0", "CONNECT": "0", "MAX_SPD": 100, "REST_VEH": "5", "REST_W": 0, "REST_H": 0, "C-ITS": "0", "LENGTH": 468.892346519037, "UPDATEDATE": "20250512", "REMARK": null, "HIST_TYPE": "LINK0003", "HISTREMARK": null, "link_stats_import_fid": 131, "link_stats_import_vehicle_count": 109.0, "link_stats_import_avg_speed": 14.73, "link_stats_import_sum_weight_kg": 157915.0}, "geometry": {"type": "MultiLineString", "coordinates": [[[128.76519877103965, 35.09418197963421], [128.76521540644532, 35.0944441420599], [128.76521515039352, 35.095099691016514], [128.76521338153447, 35.095409436515865], [128.76522114990408, 35.095697392128216], [128.76522678329283, 35.09582070374447], [128.7653217832319, 35.09790807184498], [128.7653447178033, 35.098404747171784]]]}}, {"type": "Feature", "properties": {"LINK_ID": "1410064000", "F_NODE": "1410022402", "T_NODE": "1410022603", "LANES": 2, "ROAD_RANK": "104", "ROAD_TYPE": "000", "ROAD_NO": "-", "ROAD_NAME": "녹산산업중로", "ROAD_USE": "0", "MULTI_LINK": "0", "CONNECT": "0", "MAX_SPD": 50, "REST_VEH": "0", "REST_W": 0, "REST_H": 0, "C-ITS": "0", "LENGTH": 219.839103295998, "UPDATEDATE": "20250512", "REMARK": null, "HIST_TYPE": "LINK0003", "HISTREMARK": null, "link_stats_import_fid": null, "link_stats_import_vehicle_count": null, "link_stats_import_avg_speed": null, "link_stats_import_sum_weight_kg": null}, "geometry": {"type": "MultiLineString", "coordinates": [[[128.83560408367808, 35.09339906387634], [128.83801417922297, 35.093401920861545]]]}}, {"type": "Feature", "properties": {"LINK_ID": "1410122400", "F_NODE": "1410040601", "T_NODE": "1410040802", "LANES": 2, "ROAD_RANK": "104", "ROAD_TYPE": "000", "ROAD_NO": "-", "ROAD_NAME": "신항남로", "ROAD_USE": "0", "MULTI_LINK": "0", "CONNECT": "0", "MAX_SPD": 80, "REST_VEH": "0", "REST_W": 0, "REST_H": 0, "C-ITS": "0", "LENGTH": 486.849880208405, "UPDATEDATE": "20250512", "REMARK": null, "HIST_TYPE": "LINK0003", "HISTREMARK": null, "link_stats_import_fid": 83, "link_stats_import_vehicle_count": 199.0, "link_stats_import_avg_speed": 19.27, "link_stats_import_sum_weight_kg": 549640.0}, "geometry": {"type": "MultiLineString", "coordinates": [[[128.8346026206518, 35.089013727148966], [128.8345820275628, 35.08934054878336], [128.83458715357906, 35.093400092527936]]]}}, {"type": "Feature", "properties": {"LINK_ID": "1410029600", "F_NODE": "1410011904", "T_NODE": "1410760700", "LANES": 2, "ROAD_RANK": "104", "ROAD_TYPE": "000", "ROAD_NO": "-", "ROAD_NAME": "녹산산단232로", "ROAD_USE": "0", "MULTI_LINK": "0", "CONNECT": "0", "MAX_SPD": 60, "REST_VEH": "0", "REST_W": 0, "REST_H": 0, "C-ITS": "0", "LENGTH": 40.299447065886, "UPDATEDATE": "20250512", "REMARK": null, "HIST_TYPE": "LINK0003", "HISTREMARK": null, "link_stats_import_fid": null, "link_stats_import_vehicle_count": null, "link_stats_import_avg_speed": null, "link_stats_import_sum_weight_kg": null}, "geometry": {"type": "MultiLineString", "coordinates": [[[128.84071326656706, 35.08574308302759], [128.84027150606886, 35.085743759273896]]]}}, {"type": "Feature", "properties": {"LINK_ID": "4180065404", "F_NODE": "4180312700", "T_NODE": "4180102504", "LANES": 3, "ROAD_RANK": "107", "ROAD_TYPE": "000", "ROAD_NO": "-", "ROAD_NAME": "신항동로", "ROAD_USE": "0", "MULTI_LINK": "0", "CONNECT": "0", "MAX_SPD": 50, "REST_VEH": "0", "REST_W": 0, "REST_H": 0, "C-ITS": "0", "LENGTH": 250.029757515864, "UPDATEDATE": "20250512", "REMARK": null, "HIST_TYPE": "LINK1007", "HISTREMARK": "4180065400", "link_stats_import_fid": 236, "link_stats_import_vehicle_count": 45.0, "link_stats_import_avg_speed": 12.87, "link_stats_import_sum_weight_kg": 129857.0}, "geometry": {"type": "MultiLineString", "coordinates": [[[128.8010526621949, 35.088277925385434], [128.80097920796848, 35.088178019648794], [128.80091614684426, 35.08804048796468], [128.8008710152343, 35.08789545490525], [128.80084607643457, 35.087751414194784], [128.80083261493843, 35.08761464973997], [128.80083620541097, 35.0868313001508], [128.80083975087064, 35.08605782815188]]]}}, {"type": "Feature", "properties": {"LINK_ID": "4180066801", "F_NODE": "4180113401", "T_NODE": "4180113404", "LANES": 4, "ROAD_RANK": "107", "ROAD_TYPE": "000", "ROAD_NO": "-", "ROAD_NAME": "신항북로", "ROAD_USE": "0", "MULTI_LINK": "0", "CONNECT": "0", "MAX_SPD": 70, "REST_VEH": "0", "REST_W": 0, "REST_H": 0, "C-ITS": "0", "LENGTH": 12.000274729329, "UPDATEDATE": "20250512", "REMARK": null, "HIST_TYPE": "LINK0001", "HISTREMARK": null, "link_stats_import_fid": 476, "link_stats_import_vehicle_count": 11.0, "link_stats_import_avg_speed": 11.04, "link_stats_import_sum_weight_kg": 2000.0}, "geometry": {"type": "MultiLineString", "coordinates": [[[128.81434874800212, 35.08610707883639], [128.8142171995014, 35.0861071130333]]]}}, {"type": "Feature", "properties": {"LINK_ID": "1410063402", "F_NODE": "1410022309", "T_NODE": "1410024306", "LANES": 3, "ROAD_RANK": "104", "ROAD_TYPE": "000", "ROAD_NO": "-", "ROAD_NAME": "녹산산업대로", "ROAD_USE": "0", "MULTI_LINK": "0", "CONNECT": "0", "MAX_SPD": 70, "REST_VEH": "0", "REST_W": 0, "REST_H": 0, "C-ITS": "0", "LENGTH": 52.357385535913, "UPDATEDATE": "20250512", "REMARK": null, "HIST_TYPE": "LINK0003", "HISTREMARK": null, "link_stats_import_fid": 752, "link_stats_import_vehicle_count": 4.0, "link_stats_import_avg_speed": 7.47, "link_stats_import_sum_weight_kg": 3000.0}, "geometry": {"type": "MultiLineString", "coordinates": [[[128.82729391248697, 35.09392433715939], [128.82688395587067, 35.09425454611746]]]}}, {"type": "Feature", "properties": {"LINK_ID": "4180147900", "F_NODE": "4180107503", "T_NODE": "4180108104", "LANES": 3, "ROAD_RANK": "103", "ROAD_TYPE": "000", "ROAD_NO": "2", "ROAD_NAME": "진해대로", "ROAD_USE": "0", "MULTI_LINK": "0", "CONNECT": "0", "MAX_SPD": 70, "REST_VEH": "0", "REST_W": 0, "REST_H": 450, "C-ITS": "0", "LENGTH": 194.471944283023, "UPDATEDATE": "20250512", "REMARK": null, "HIST_TYPE": "LINK0003", "HISTREMARK": null, "link_stats_import_fid": 446, "link_stats_import_vehicle_count": 13.0, "link_stats_import_avg_speed": 14.24, "link_stats_import_sum_weight_kg": 52917.0}, "geometry": {"type": "MultiLineString", "coordinates": [[[128.80897773862503, 35.10521624014554], [128.80917498770404, 35.10495999140692], [128.80952498740496, 35.104609991358124], [128.80953498739473, 35.10460199157484], [128.8097649876395, 35.10441199153815], [128.8101449875368, 35.10415199124851], [128.81042912187527, 35.103947690649]]]}}, {"type": "Feature", "properties": {"LINK_ID": "4180081601", "F_NODE": "4180091101", "T_NODE": "4180091104", "LANES": 4, "ROAD_RANK": "107", "ROAD_TYPE": "000", "ROAD_NO": "-", "ROAD_NAME": "신항10로", "ROAD_USE": "0", "MULTI_LINK": "0", "CONNECT": "0", "MAX_SPD": 80, "REST_VEH": "0", "REST_W": 0, "REST_H": 0, "C-ITS": "0", "LENGTH": 12.000164332861, "UPDATEDATE": "20250512", "REMARK": null, "HIST_TYPE": "LINK0001", "HISTREMARK": null, "link_stats_import_fid": 883, "link_stats_import_vehicle_count": 3.0, "link_stats_import_avg_speed": 6.07, "link_stats_import_sum_weight_kg": 0.0}, "geometry": {"type": "MultiLineString", "coordinates": [[[128.7744012286935, 35.091365959933235], [128.77426967106598, 35.09136605569532]]]}}, {"type": "Feature", "properties": {"LINK_ID": "4180062501", "F_NODE": "4180109902", "T_NODE": "4180109901", "LANES": 3, "ROAD_RANK": "107", "ROAD_TYPE": "000", "ROAD_NO": "-", "ROAD_NAME": "-", "ROAD_USE": "0", "MULTI_LINK": "0", "CONNECT": "0", "MAX_SPD": 60, "REST_VEH": "0", "REST_W": 0, "REST_H": 0, "C-ITS": "0", "LENGTH": 12.000065999066, "UPDATEDATE": "20250512", "REMARK": "도로명없음", "HIST_TYPE": "LINK0001", "HISTREMARK": null, "link_stats_import_fid": 281, "link_stats_import_vehicle_count": 30.0, "link_stats_import_avg_speed": 13.2, "link_stats_import_sum_weight_kg": 274623.0}, "geometry": {"type": "MultiLineString", "coordinates": [[[128.81236174750123, 35.08311945901778], [128.8123617471838, 35.083227587749434]]]}}, {"type": "Feature", "properties": {"LINK_ID": "4180060501", "F_NODE": "4180098201", "T_NODE": "4180098204", "LANES": 3, "ROAD_RANK": "107", "ROAD_TYPE": "000", "ROAD_NO": "-", "ROAD_NAME": "신항로", "ROAD_USE": "0", "MULTI_LINK": "0", "CONNECT": "0", "MAX_SPD": 60, "REST_VEH": "0", "REST_W": 0, "REST_H": 0, "C-ITS": "0", "LENGTH": 12.001268801909, "UPDATEDATE": "20250512", "REMARK": null, "HIST_TYPE": "LINK0001", "HISTREMARK": null, "link_stats_import_fid": 653, "link_stats_import_vehicle_count": 6.0, "link_stats_import_avg_speed": 9.4, "link_stats_import_sum_weight_kg": 20428.0}, "geometry": {"type": "MultiLineString", "coordinates": [[[128.78734428679763, 35.08317404381412], [128.78721273148213, 35.08317369430533]]]}}, {"type": "Feature", "properties": {"LINK_ID": "4180080401", "F_NODE": "4180124003", "T_NODE": "4180124002", "LANES": 2, "ROAD_RANK": "107", "ROAD_TYPE": "000", "ROAD_NO": "-", "ROAD_NAME": "신항2로", "ROAD_USE": "0", "MULTI_LINK": "0", "CONNECT": "0", "MAX_SPD": 60, "REST_VEH": "0", "REST_W": 0, "REST_H": 0, "C-ITS": "0", "LENGTH": 11.999926279559, "UPDATEDATE": "20250512", "REMARK": null, "HIST_TYPE": "LINK0001", "HISTREMARK": null, "link_stats_import_fid": 1005, "link_stats_import_vehicle_count": 2.0, "link_stats_import_avg_speed": 9.38, "link_stats_import_sum_weight_kg": 0.0}, "geometry": {"type": "MultiLineString", "coordinates": [[[128.82716546112857, 35.09030246336302], [128.82725975628748, 35.09022706852349]]]}}, {"type": "Feature", "properties": {"LINK_ID": "1410064400", "F_NODE": "1410022504", "T_NODE": "1410025201", "LANES": 2, "ROAD_RANK": "104", "ROAD_TYPE": "000", "ROAD_NO": "-", "ROAD_NAME": "녹산산업중로", "ROAD_USE": "0", "MULTI_LINK": "0", "CONNECT": "0", "MAX_SPD": 50, "REST_VEH": "0", "REST_W": 0, "REST_H": 0, "C-ITS": "0", "LENGTH": 233.030680990187, "UPDATEDATE": "20250512", "REMARK": null, "HIST_TYPE": "LINK0003", "HISTREMARK": null, "link_stats_import_fid": null, "link_stats_import_vehicle_count": null, "link_stats_import_avg_speed": null, "link_stats_import_sum_weight_kg": null}, "geometry": {"type": "MultiLineString", "coordinates": [[[128.83423868303834, 35.0935223698306], [128.833822987374, 35.09353799092364], [128.83354798762898, 35.093596990709045], [128.8330699869068, 35.093757991414094], [128.83212275816342, 35.09453445611072]]]}}, {"type": "Feature", "properties": {"LINK_ID": "4180076201", "F_NODE": "4180110201", "T_NODE": "4180110204", "LANES": 3, "ROAD_RANK": "107", "ROAD_TYPE": "000", "ROAD_NO": "-", "ROAD_NAME": "신항동로", "ROAD_USE": "0", "MULTI_LINK": "0", "CONNECT": "0", "MAX_SPD": 30, "REST_VEH": "0", "REST_W": 0, "REST_H": 0, "C-ITS": "0", "LENGTH": 12.219959078071, "UPDATEDATE": "20250512", "REMARK": null, "HIST_TYPE": "LINK0001", "HISTREMARK": null, "link_stats_import_fid": 1246, "link_stats_import_vehicle_count": 1.0, "link_stats_import_avg_speed": 8.32, "link_stats_import_sum_weight_kg": 2300.0}, "geometry": {"type": "MultiLineString", "coordinates": [[[128.8128473350663, 35.088949591114975], [128.81271337679945, 35.08894883331025]]]}}, {"type": "Feature", "properties": {"LINK_ID": "1410035400", "F_NODE": "1410013701", "T_NODE": "1410015202", "LANES": 3, "ROAD_RANK": "105", "ROAD_TYPE": "000", "ROAD_NO": "58", "ROAD_NAME": "가락대로", "ROAD_USE": "0", "MULTI_LINK": "0", "CONNECT": "0", "MAX_SPD": 60, "REST_VEH": "0", "REST_W": 0, "REST_H": 0, "C-ITS": "0", "LENGTH": 110.864019536676, "UPDATEDATE": "20250512", "REMARK": null, "HIST_TYPE": "LINK0003", "HISTREMARK": null, "link_stats_import_fid": 391, "link_stats_import_vehicle_count": 15.0, "link_stats_import_avg_speed": 8.19, "link_stats_import_sum_weight_kg": 5850.0}, "geometry": {"type": "MultiLineString", "coordinates": [[[128.83951782658042, 35.08790008180879], [128.83951514817687, 35.088899028406374]]]}}, {"type": "Feature", "properties": {"LINK_ID": "4180129901", "F_NODE": "4180118503", "T_NODE": "4180118502", "LANES": 2, "ROAD_RANK": "107", "ROAD_TYPE": "000", "ROAD_NO": "-", "ROAD_NAME": "용재로", "ROAD_USE": "0", "MULTI_LINK": "0", "CONNECT": "0", "MAX_SPD": 60, "REST_VEH": "0", "REST_W": 0, "REST_H": 0, "C-ITS": "0", "LENGTH": 11.002944940544, "UPDATEDATE": "20250512", "REMARK": null, "HIST_TYPE": "LINK0001", "HISTREMARK": null, "link_stats_import_fid": null, "link_stats_import_vehicle_count": null, "link_stats_import_avg_speed": null, "link_stats_import_sum_weight_kg": null}, "geometry": {"type": "MultiLineString", "coordinates": [[[128.81803960433732, 35.100761379942156], [128.81815679864977, 35.10073786354775]]]}}, {"type": "Feature", "properties": {"LINK_ID": "4180077000", "F_NODE": "4180122803", "T_NODE": "4180119001", "LANES": 3, "ROAD_RANK": "107", "ROAD_TYPE": "000", "ROAD_NO": "-", "ROAD_NAME": "신항동로", "ROAD_USE": "0", "MULTI_LINK": "0", "CONNECT": "0", "MAX_SPD": 50, "REST_VEH": "0", "REST_W": 0, "REST_H": 0, "C-ITS": "0", "LENGTH": 344.599139738631, "UPDATEDATE": "20250512", "REMARK": null, "HIST_TYPE": "LINK0003", "HISTREMARK": null, "link_stats_import_fid": 668, "link_stats_import_vehicle_count": 6.0, "link_stats_import_avg_speed": 12.56, "link_stats_import_sum_weight_kg": 1000.0}, "geometry": {"type": "MultiLineString", "coordinates": [[[128.8216892555488, 35.090002822168685], [128.821099728919, 35.08949252957411], [128.82085379995533, 35.08932293481886], [128.82028177550404, 35.08907344415972], [128.81993336807705, 35.08898988597991], [128.8195694089406, 35.08895041784328], [128.8190891324784, 35.088946414029785], [128.81834662666623, 35.088955798250396]]]}}, {"type": "Feature", "properties": {"LINK_ID": "4180059000", "F_NODE": "4180090602", "T_NODE": "4180091503", "LANES": 2, "ROAD_RANK": "107", "ROAD_TYPE": "000", "ROAD_NO": "-", "ROAD_NAME": "신항로", "ROAD_USE": "0", "MULTI_LINK": "0", "CONNECT": "0", "MAX_SPD": 60, "REST_VEH": "0", "REST_W": 0, "REST_H": 0, "C-ITS": "0", "LENGTH": 390.057702907494, "UPDATEDATE": "20250512", "REMARK": null, "HIST_TYPE": "LINK0003", "HISTREMARK": null, "link_stats_import_fid": 14, "link_stats_import_vehicle_count": 478.0, "link_stats_import_avg_speed": 13.41, "link_stats_import_sum_weight_kg": 5777359.0}, "geometry": {"type": "MultiLineString", "coordinates": [[[128.77002217710802, 35.08307563721698], [128.77393726600343, 35.08307602206527], [128.7742966452159, 35.08310118119532]]]}}, {"type": "Feature", "properties": {"LINK_ID": "4180060401", "F_NODE": "4180101203", "T_NODE": "4180101202", "LANES": 3, "ROAD_RANK": "107", "ROAD_TYPE": "000", "ROAD_NO": "-", "ROAD_NAME": "신항로", "ROAD_USE": "0", "MULTI_LINK": "0", "CONNECT": "0", "MAX_SPD": 60, "REST_VEH": "0", "REST_W": 0, "REST_H": 0, "C-ITS": "0", "LENGTH": 12.002308568843, "UPDATEDATE": "20250512", "REMARK": null, "HIST_TYPE": "LINK0001", "HISTREMARK": null, "link_stats_import_fid": 279, "link_stats_import_vehicle_count": 30.0, "link_stats_import_avg_speed": 10.48, "link_stats_import_sum_weight_kg": 177464.0}, "geometry": {"type": "MultiLineString", "coordinates": [[[128.79624055996726, 35.08310380951644], [128.7963721268092, 35.083103851313574]]]}}, {"type": "Feature", "properties": {"LINK_ID": "4180135701", "F_NODE": "4180123001", "T_NODE": "4180123004", "LANES": 3, "ROAD_RANK": "103", "ROAD_TYPE": "000", "ROAD_NO": "2", "ROAD_NAME": "진해대로", "ROAD_USE": "0", "MULTI_LINK": "0", "CONNECT": "0", "MAX_SPD": 70, "REST_VEH": "0", "REST_W": 0, "REST_H": 0, "C-ITS": "0", "LENGTH": 12.666833285228, "UPDATEDATE": "20250512", "REMARK": null, "HIST_TYPE": "LINK0001", "HISTREMARK": null, "link_stats_import_fid": null, "link_stats_import_vehicle_count": null, "link_stats_import_avg_speed": null, "link_stats_import_sum_weight_kg": null}, "geometry": {"type": "MultiLineString", "coordinates": [[[128.82242981370513, 35.10178474463907], [128.82229267515203, 35.101766718646864]]]}}, {"type": "Feature", "properties": {"LINK_ID": "4180141101", "F_NODE": "4180087306", "T_NODE": "4180087305", "LANES": 2, "ROAD_RANK": "107", "ROAD_TYPE": "000", "ROAD_NO": "-", "ROAD_NAME": "남영로", "ROAD_USE": "0", "MULTI_LINK": "0", "CONNECT": "0", "MAX_SPD": 30, "REST_VEH": "0", "REST_W": 0, "REST_H": 0, "C-ITS": "0", "LENGTH": 10.24446821666, "UPDATEDATE": "20250512", "REMARK": null, "HIST_TYPE": "LINK0001", "HISTREMARK": null, "link_stats_import_fid": null, "link_stats_import_vehicle_count": null, "link_stats_import_avg_speed": null, "link_stats_import_sum_weight_kg": null}, "geometry": {"type": "MultiLineString", "coordinates": [[[128.76235758187065, 35.10507800384065], [128.76236530282722, 35.10506249204168], [128.76237777232288, 35.10504577175341], [128.7624028419792, 35.10502080535781], [128.76242942325044, 35.1050119472881]]]}}, {"type": "Feature", "properties": {"LINK_ID": "4180082602", "F_NODE": "4180095101", "T_NODE": "4180095104", "LANES": 4, "ROAD_RANK": "107", "ROAD_TYPE": "000", "ROAD_NO": "-", "ROAD_NAME": "신항10로", "ROAD_USE": "0", "MULTI_LINK": "0", "CONNECT": "0", "MAX_SPD": 60, "REST_VEH": "0", "REST_W": 0, "REST_H": 0, "C-ITS": "0", "LENGTH": 12.000037165497, "UPDATEDATE": "20250512", "REMARK": null, "HIST_TYPE": "LINK0001", "HISTREMARK": null, "link_stats_import_fid": null, "link_stats_import_vehicle_count": null, "link_stats_import_avg_speed": null, "link_stats_import_sum_weight_kg": null}, "geometry": {"type": "MultiLineString", "coordinates": [[[128.78247049668414, 35.09130261347677], [128.7823630958219, 35.09136505839975]]]}}, {"type": "Feature", "properties": {"LINK_ID": "4180132602", "F_NODE": "4180216600", "T_NODE": "4180103202", "LANES": 2, "ROAD_RANK": "107", "ROAD_TYPE": "000", "ROAD_NO": "-", "ROAD_NAME": "안청로", "ROAD_USE": "0", "MULTI_LINK": "0", "CONNECT": "0", "MAX_SPD": 60, "REST_VEH": "0", "REST_W": 0, "REST_H": 0, "C-ITS": "0", "LENGTH": 211.250334492553, "UPDATEDATE": "20250512", "REMARK": null, "HIST_TYPE": "LINK1007", "HISTREMARK": "4180132600", "link_stats_import_fid": 688, "link_stats_import_vehicle_count": 6.0, "link_stats_import_avg_speed": 9.01, "link_stats_import_sum_weight_kg": 106960.0}, "geometry": {"type": "MultiLineString", "coordinates": [[[128.80317595642458, 35.10232068563232], [128.80322542141275, 35.104223760731756]]]}}, {"type": "Feature", "properties": {"LINK_ID": "4180149501", "F_NODE": "4180103201", "T_NODE": "4180103204", "LANES": 2, "ROAD_RANK": "107", "ROAD_TYPE": "000", "ROAD_NO": "-", "ROAD_NAME": "안청북로", "ROAD_USE": "0", "MULTI_LINK": "0", "CONNECT": "0", "MAX_SPD": 30, "REST_VEH": "0", "REST_W": 0, "REST_H": 0, "C-ITS": "0", "LENGTH": 10.978247206206, "UPDATEDATE": "20250512", "REMARK": null, "HIST_TYPE": "LINK0001", "HISTREMARK": null, "link_stats_import_fid": null, "link_stats_import_vehicle_count": null, "link_stats_import_avg_speed": null, "link_stats_import_sum_weight_kg": null}, "geometry": {"type": "MultiLineString", "coordinates": [[[128.8032314908393, 35.104343682972114], [128.8031113341399, 35.10434959998733]]]}}, {"type": "Feature", "properties": {"LINK_ID": "4180142501", "F_NODE": "4180086803", "T_NODE": "4180086802", "LANES": 2, "ROAD_RANK": "107", "ROAD_TYPE": "000", "ROAD_NO": "-", "ROAD_NAME": "남영로", "ROAD_USE": "0", "MULTI_LINK": "0", "CONNECT": "0", "MAX_SPD": 60, "REST_VEH": "0", "REST_W": 0, "REST_H": 0, "C-ITS": "0", "LENGTH": 11.949958832848, "UPDATEDATE": "20250512", "REMARK": null, "HIST_TYPE": "LINK0001", "HISTREMARK": null, "link_stats_import_fid": null, "link_stats_import_vehicle_count": null, "link_stats_import_avg_speed": null, "link_stats_import_sum_weight_kg": null}, "geometry": {"type": "MultiLineString", "coordinates": [[[128.75848981563206, 35.10399635621644], [128.75860733401748, 35.10394873561168]]]}}, {"type": "Feature", "properties": {"LINK_ID": "4180090401", "F_NODE": "4180093004", "T_NODE": "4180093003", "LANES": 2, "ROAD_RANK": "107", "ROAD_TYPE": "000", "ROAD_NO": "-", "ROAD_NAME": "신항9로", "ROAD_USE": "0", "MULTI_LINK": "0", "CONNECT": "0", "MAX_SPD": 60, "REST_VEH": "0", "REST_W": 0, "REST_H": 0, "C-ITS": "0", "LENGTH": 12.000392336199, "UPDATEDATE": "20250512", "REMARK": null, "HIST_TYPE": "LINK0001", "HISTREMARK": null, "link_stats_import_fid": 1021, "link_stats_import_vehicle_count": 2.0, "link_stats_import_avg_speed": 6.93, "link_stats_import_sum_weight_kg": 0.0}, "geometry": {"type": "MultiLineString", "coordinates": [[[128.77869190371976, 35.09421766730167], [128.7786922676646, 35.09410953489061]]]}}, {"type": "Feature", "properties": {"LINK_ID": "4180067300", "F_NODE": "4180113401", "T_NODE": "4180113202", "LANES": 3, "ROAD_RANK": "107", "ROAD_TYPE": "000", "ROAD_NO": "-", "ROAD_NAME": "-", "ROAD_USE": "0", "MULTI_LINK": "0", "CONNECT": "0", "MAX_SPD": 70, "REST_VEH": "0", "REST_W": 0, "REST_H": 0, "C-ITS": "0", "LENGTH": 85.350604835164, "UPDATEDATE": "20250512", "REMARK": "도로명없음", "HIST_TYPE": "LINK0003", "HISTREMARK": null, "link_stats_import_fid": 319, "link_stats_import_vehicle_count": 23.0, "link_stats_import_avg_speed": 8.37, "link_stats_import_sum_weight_kg": 79932.0}, "geometry": {"type": "MultiLineString", "coordinates": [[[128.81434874800212, 35.08610707883639], [128.81434359345093, 35.08687613302194]]]}}, {"type": "Feature", "properties": {"LINK_ID": "4180084101", "F_NODE": "4180123801", "T_NODE": "4180123804", "LANES": 2, "ROAD_RANK": "107", "ROAD_TYPE": "000", "ROAD_NO": "-", "ROAD_NAME": "신항2로", "ROAD_USE": "0", "MULTI_LINK": "0", "CONNECT": "0", "MAX_SPD": 60, "REST_VEH": "0", "REST_W": 0, "REST_H": 0, "C-ITS": "0", "LENGTH": 12.000434598119, "UPDATEDATE": "20250512", "REMARK": null, "HIST_TYPE": "LINK0001", "HISTREMARK": null, "link_stats_import_fid": 361, "link_stats_import_vehicle_count": 19.0, "link_stats_import_avg_speed": 8.91, "link_stats_import_sum_weight_kg": 62641.0}, "geometry": {"type": "MultiLineString", "coordinates": [[[128.82473282956863, 35.09239827539449], [128.82463842365294, 35.09247358535599]]]}}, {"type": "Feature", "properties": {"LINK_ID": "4180137200", "F_NODE": "4180108904", "T_NODE": "4180108401", "LANES": 2, "ROAD_RANK": "107", "ROAD_TYPE": "000", "ROAD_NO": "-", "ROAD_NAME": "용재로", "ROAD_USE": "0", "MULTI_LINK": "0", "CONNECT": "0", "MAX_SPD": 60, "REST_VEH": "0", "REST_W": 0, "REST_H": 0, "C-ITS": "0", "LENGTH": 87.416125517785, "UPDATEDATE": "20250512", "REMARK": null, "HIST_TYPE": "LINK0003", "HISTREMARK": null, "link_stats_import_fid": 1069, "link_stats_import_vehicle_count": 2.0, "link_stats_import_avg_speed": 9.96, "link_stats_import_sum_weight_kg": 16670.0}, "geometry": {"type": "MultiLineString", "coordinates": [[[128.81171453657765, 35.10214634110375], [128.81078355951016, 35.10233360095286]]]}}, {"type": "Feature", "properties": {"LINK_ID": "4180059202", "F_NODE": "4180090602", "T_NODE": "4180090601", "LANES": 2, "ROAD_RANK": "107", "ROAD_TYPE": "000", "ROAD_NO": "-", "ROAD_NAME": "신항7로", "ROAD_USE": "0", "MULTI_LINK": "0", "CONNECT": "0", "MAX_SPD": 50, "REST_VEH": "0", "REST_W": 0, "REST_H": 0, "C-ITS": "0", "LENGTH": 11.999997517195, "UPDATEDATE": "20250512", "REMARK": null, "HIST_TYPE": "LINK0001", "HISTREMARK": null, "link_stats_import_fid": 274, "link_stats_import_vehicle_count": 32.0, "link_stats_import_avg_speed": 12.68, "link_stats_import_sum_weight_kg": 203737.0}, "geometry": {"type": "MultiLineString", "coordinates": [[[128.77002217710802, 35.08307563721698], [128.77002215879602, 35.08318376701157]]]}}, {"type": "Feature", "properties": {"LINK_ID": "1411101708", "F_NODE": "1410734700", "T_NODE": "1410578900", "LANES": 3, "ROAD_RANK": "104", "ROAD_TYPE": "000", "ROAD_NO": "-", "ROAD_NAME": "신항남로", "ROAD_USE": "1", "MULTI_LINK": "0", "CONNECT": "0", "MAX_SPD": 60, "REST_VEH": "0", "REST_W": 0, "REST_H": 0, "C-ITS": "0", "LENGTH": 277.420722515678, "UPDATEDATE": "20250512", "REMARK": null, "HIST_TYPE": "LINK1007", "HISTREMARK": "1411101701", "link_stats_import_fid": 73, "link_stats_import_vehicle_count": 230.0, "link_stats_import_avg_speed": 15.39, "link_stats_import_sum_weight_kg": 9857334.0}, "geometry": {"type": "MultiLineString", "coordinates": [[[128.80999658821617, 35.06147615130644], [128.81039094634838, 35.061540393406894], [128.8106476282075, 35.06158230713624], [128.81297861251025, 35.061962907867745]]]}}, {"type": "Feature", "properties": {"LINK_ID": "1410025001", "F_NODE": "1410014102", "T_NODE": "1410014101", "LANES": 2, "ROAD_RANK": "104", "ROAD_TYPE": "000", "ROAD_NO": "-", "ROAD_NAME": "녹산산단262로", "ROAD_USE": "0", "MULTI_LINK": "0", "CONNECT": "0", "MAX_SPD": 50, "REST_VEH": "0", "REST_W": 0, "REST_H": 0, "C-ITS": "0", "LENGTH": 13.317769723324, "UPDATEDATE": "20250512", "REMARK": null, "HIST_TYPE": "LINK0001", "HISTREMARK": null, "link_stats_import_fid": null, "link_stats_import_vehicle_count": null, "link_stats_import_avg_speed": null, "link_stats_import_sum_weight_kg": null}, "geometry": {"type": "MultiLineString", "coordinates": [[[128.84610013271814, 35.08778906725091], [128.84609988000378, 35.087909067601466]]]}}, {"type": "Feature", "properties": {"LINK_ID": "1410052200", "F_NODE": "1410022703", "T_NODE": "1410018704", "LANES": 3, "ROAD_RANK": "105", "ROAD_TYPE": "000", "ROAD_NO": "58", "ROAD_NAME": "가락대로", "ROAD_USE": "0", "MULTI_LINK": "0", "CONNECT": "0", "MAX_SPD": 60, "REST_VEH": "0", "REST_W": 0, "REST_H": 0, "C-ITS": "0", "LENGTH": 361.142134700339, "UPDATEDATE": "20250512", "REMARK": null, "HIST_TYPE": "LINK0003", "HISTREMARK": null, "link_stats_import_fid": 339, "link_stats_import_vehicle_count": 20.0, "link_stats_import_avg_speed": 12.99, "link_stats_import_sum_weight_kg": 46778.0}, "geometry": {"type": "MultiLineString", "coordinates": [[[128.83938116596102, 35.09340294796693], [128.8393908094748, 35.090148859390766]]]}}, {"type": "Feature", "properties": {"LINK_ID": "4180063800", "F_NODE": "4180107103", "T_NODE": "4180107204", "LANES": 3, "ROAD_RANK": "107", "ROAD_TYPE": "000", "ROAD_NO": "-", "ROAD_NAME": "신항5로", "ROAD_USE": "0", "MULTI_LINK": "0", "CONNECT": "0", "MAX_SPD": 60, "REST_VEH": "0", "REST_W": 0, "REST_H": 0, "C-ITS": "0", "LENGTH": 150.207797791034, "UPDATEDATE": "20250512", "REMARK": null, "HIST_TYPE": "LINK0003", "HISTREMARK": null, "link_stats_import_fid": 286, "link_stats_import_vehicle_count": 29.0, "link_stats_import_avg_speed": 8.11, "link_stats_import_sum_weight_kg": 61525.0}, "geometry": {"type": "MultiLineString", "coordinates": [[[128.8071465772491, 35.08595201308511], [128.80716517623742, 35.08459862315432]]]}}, {"type": "Feature", "properties": {"LINK_ID": "1410024701", "F_NODE": "1410010504", "T_NODE": "1410010503", "LANES": 2, "ROAD_RANK": "104", "ROAD_TYPE": "000", "ROAD_NO": "-", "ROAD_NAME": "녹산산단232로", "ROAD_USE": "0", "MULTI_LINK": "0", "CONNECT": "0", "MAX_SPD": 50, "REST_VEH": "0", "REST_W": 0, "REST_H": 0, "C-ITS": "0", "LENGTH": 13.317419364578, "UPDATEDATE": "20250512", "REMARK": null, "HIST_TYPE": "LINK0001", "HISTREMARK": null, "link_stats_import_fid": null, "link_stats_import_vehicle_count": null, "link_stats_import_avg_speed": null, "link_stats_import_sum_weight_kg": null}, "geometry": {"type": "MultiLineString", "coordinates": [[[128.84267983017673, 35.08460067972502], [128.84268075052324, 35.08448068451911]]]}}, {"type": "Feature", "properties": {"LINK_ID": "1410025000", "F_NODE": "1410010601", "T_NODE": "1410014102", "LANES": 2, "ROAD_RANK": "104", "ROAD_TYPE": "000", "ROAD_NO": "-", "ROAD_NAME": "녹산산단262로", "ROAD_USE": "0", "MULTI_LINK": "0", "CONNECT": "0", "MAX_SPD": 50, "REST_VEH": "0", "REST_W": 0, "REST_H": 0, "C-ITS": "0", "LENGTH": 353.703094147212, "UPDATEDATE": "20250512", "REMARK": null, "HIST_TYPE": "LINK0003", "HISTREMARK": null, "link_stats_import_fid": 814, "link_stats_import_vehicle_count": 3.0, "link_stats_import_avg_speed": 7.86, "link_stats_import_sum_weight_kg": 0.0}, "geometry": {"type": "MultiLineString", "coordinates": [[[128.8461078424447, 35.08460201065062], [128.84610013271814, 35.08778906725091]]]}}, {"type": "Feature", "properties": {"LINK_ID": "1411061001", "F_NODE": "1410000209", "T_NODE": "1410000208", "LANES": 3, "ROAD_RANK": "103", "ROAD_TYPE": "000", "ROAD_NO": "2", "ROAD_NAME": "진해대로", "ROAD_USE": "0", "MULTI_LINK": "0", "CONNECT": "0", "MAX_SPD": 70, "REST_VEH": "0", "REST_W": 0, "REST_H": 0, "C-ITS": "0", "LENGTH": 52.98483804639, "UPDATEDATE": "20250512", "REMARK": null, "HIST_TYPE": "LINK0001", "HISTREMARK": null, "link_stats_import_fid": 848, "link_stats_import_vehicle_count": 3.0, "link_stats_import_avg_speed": 14.53, "link_stats_import_sum_weight_kg": 0.0}, "geometry": {"type": "MultiLineString", "coordinates": [[[128.83756367852789, 35.10169486789041], [128.83806436883037, 35.101936980776415]]]}}, {"type": "Feature", "properties": {"LINK_ID": "1410705202", "F_NODE": "1410862300", "T_NODE": "4180123701", "LANES": 4, "ROAD_RANK": "104", "ROAD_TYPE": "000", "ROAD_NO": "-", "ROAD_NAME": "신항북로", "ROAD_USE": "0", "MULTI_LINK": "0", "CONNECT": "0", "MAX_SPD": 50, "REST_VEH": "0", "REST_W": 0, "REST_H": 0, "C-ITS": "0", "LENGTH": 328.068115460207, "UPDATEDATE": "20250512", "REMARK": null, "HIST_TYPE": "LINK1007", "HISTREMARK": "1410705200", "link_stats_import_fid": 153, "link_stats_import_vehicle_count": 86.0, "link_stats_import_avg_speed": 14.19, "link_stats_import_sum_weight_kg": 201670.0}, "geometry": {"type": "MultiLineString", "coordinates": [[[128.82798087468328, 35.086130235034126], [128.82438456803223, 35.086127189067035]]]}}, {"type": "Feature", "properties": {"LINK_ID": "1410738100", "F_NODE": "1410028603", "T_NODE": "1410287904", "LANES": 2, "ROAD_RANK": "104", "ROAD_TYPE": "000", "ROAD_NO": "-", "ROAD_NAME": "녹산산단27로", "ROAD_USE": "0", "MULTI_LINK": "0", "CONNECT": "0", "MAX_SPD": 50, "REST_VEH": "0", "REST_W": 0, "REST_H": 0, "C-ITS": "0", "LENGTH": 105.256143277258, "UPDATEDATE": "20250512", "REMARK": null, "HIST_TYPE": "LINK0003", "HISTREMARK": null, "link_stats_import_fid": null, "link_stats_import_vehicle_count": null, "link_stats_import_avg_speed": null, "link_stats_import_sum_weight_kg": null}, "geometry": {"type": "MultiLineString", "coordinates": [[[128.8249080104388, 35.09717100664857], [128.82410066847763, 35.09649334096963]]]}}, {"type": "Feature", "properties": {"LINK_ID": "1410041000", "F_NODE": "1410018903", "T_NODE": "1410015304", "LANES": 2, "ROAD_RANK": "104", "ROAD_TYPE": "000", "ROAD_NO": "-", "ROAD_NAME": "녹산산단231로", "ROAD_USE": "0", "MULTI_LINK": "0", "CONNECT": "0", "MAX_SPD": 50, "REST_VEH": "0", "REST_W": 0, "REST_H": 0, "C-ITS": "0", "LENGTH": 112.417079494637, "UPDATEDATE": "20250512", "REMARK": null, "HIST_TYPE": "LINK0003", "HISTREMARK": null, "link_stats_import_fid": 942, "link_stats_import_vehicle_count": 2.0, "link_stats_import_avg_speed": 5.71, "link_stats_import_sum_weight_kg": 0.0}, "geometry": {"type": "MultiLineString", "coordinates": [[[128.84266809431634, 35.0900338964854], [128.84266988148846, 35.089020955940846]]]}}, {"type": "Feature", "properties": {"LINK_ID": "1410022301", "F_NODE": "1410009904", "T_NODE": "1410009903", "LANES": 2, "ROAD_RANK": "104", "ROAD_TYPE": "000", "ROAD_NO": "-", "ROAD_NAME": "녹산산단262로", "ROAD_USE": "0", "MULTI_LINK": "0", "CONNECT": "0", "MAX_SPD": 50, "REST_VEH": "0", "REST_W": 0, "REST_H": 0, "C-ITS": "0", "LENGTH": 13.317627752804, "UPDATEDATE": "20250512", "REMARK": null, "HIST_TYPE": "LINK0001", "HISTREMARK": null, "link_stats_import_fid": null, "link_stats_import_vehicle_count": null, "link_stats_import_avg_speed": null, "link_stats_import_sum_weight_kg": null}, "geometry": {"type": "MultiLineString", "coordinates": [[[128.84600295447777, 35.08371787141539], [128.84600339987438, 35.08359787263963]]]}}, {"type": "Feature", "properties": {"LINK_ID": "4180121701", "F_NODE": "4180110103", "T_NODE": "4180110102", "LANES": 2, "ROAD_RANK": "107", "ROAD_TYPE": "000", "ROAD_NO": "-", "ROAD_NAME": "용원로", "ROAD_USE": "0", "MULTI_LINK": "0", "CONNECT": "0", "MAX_SPD": 60, "REST_VEH": "0", "REST_W": 0, "REST_H": 0, "C-ITS": "0", "LENGTH": 11.068568013538, "UPDATEDATE": "20250512", "REMARK": null, "HIST_TYPE": "LINK0001", "HISTREMARK": null, "link_stats_import_fid": null, "link_stats_import_vehicle_count": null, "link_stats_import_avg_speed": null, "link_stats_import_sum_weight_kg": null}, "geometry": {"type": "MultiLineString", "coordinates": [[[128.81278700251949, 35.099821797803926], [128.8129046342051, 35.099797280993975]]]}}, {"type": "Feature", "properties": {"LINK_ID": "4180147801", "F_NODE": "4180107502", "T_NODE": "4180107501", "LANES": 3, "ROAD_RANK": "103", "ROAD_TYPE": "000", "ROAD_NO": "2", "ROAD_NAME": "진해대로", "ROAD_USE": "0", "MULTI_LINK": "0", "CONNECT": "0", "MAX_SPD": 70, "REST_VEH": "0", "REST_W": 0, "REST_H": 0, "C-ITS": "0", "LENGTH": 11.787722861371, "UPDATEDATE": "20250512", "REMARK": null, "HIST_TYPE": "LINK0001", "HISTREMARK": null, "link_stats_import_fid": 1437, "link_stats_import_vehicle_count": 1.0, "link_stats_import_avg_speed": 5.44, "link_stats_import_sum_weight_kg": 0.0}, "geometry": {"type": "MultiLineString", "coordinates": [[[128.80908599773286, 35.10527251846748], [128.80902137230333, 35.105364503050396]]]}}, {"type": "Feature", "properties": {"LINK_ID": "4180074701", "F_NODE": "4180090302", "T_NODE": "4180090301", "LANES": 2, "ROAD_RANK": "107", "ROAD_TYPE": "000", "ROAD_NO": "-", "ROAD_NAME": "신항7로", "ROAD_USE": "0", "MULTI_LINK": "0", "CONNECT": "0", "MAX_SPD": 50, "REST_VEH": "0", "REST_W": 0, "REST_H": 0, "C-ITS": "0", "LENGTH": 12.000793055897, "UPDATEDATE": "20250512", "REMARK": null, "HIST_TYPE": "LINK0001", "HISTREMARK": null, "link_stats_import_fid": null, "link_stats_import_vehicle_count": null, "link_stats_import_avg_speed": null, "link_stats_import_sum_weight_kg": null}, "geometry": {"type": "MultiLineString", "coordinates": [[[128.76996222114363, 35.0912804636249], [128.76996153866563, 35.09138859899683]]]}}, {"type": "Feature", "properties": {"LINK_ID": "1410036201", "F_NODE": "1410015302", "T_NODE": "1410015301", "LANES": 2, "ROAD_RANK": "104", "ROAD_TYPE": "000", "ROAD_NO": "-", "ROAD_NAME": "녹산산단232로", "ROAD_USE": "0", "MULTI_LINK": "0", "CONNECT": "0", "MAX_SPD": 50, "REST_VEH": "0", "REST_W": 0, "REST_H": 0, "C-ITS": "0", "LENGTH": 13.317879155088, "UPDATEDATE": "20250512", "REMARK": null, "HIST_TYPE": "LINK0001", "HISTREMARK": null, "link_stats_import_fid": 938, "link_stats_import_vehicle_count": 2.0, "link_stats_import_avg_speed": 19.31, "link_stats_import_sum_weight_kg": 30431.0}, "geometry": {"type": "MultiLineString", "coordinates": [[[128.84279014804736, 35.088901027435135], [128.84278988090549, 35.08902102887981]]]}}, {"type": "Feature", "properties": {"LINK_ID": "1410195601", "F_NODE": "1410071702", "T_NODE": "1410071605", "LANES": 2, "ROAD_RANK": "105", "ROAD_TYPE": "000", "ROAD_NO": "58", "ROAD_NAME": "거가대로", "ROAD_USE": "0", "MULTI_LINK": "0", "CONNECT": "0", "MAX_SPD": 80, "REST_VEH": "5", "REST_W": 0, "REST_H": 0, "C-ITS": "0", "LENGTH": 290.587474992447, "UPDATEDATE": "20250512", "REMARK": null, "HIST_TYPE": "LINK0003", "HISTREMARK": null, "link_stats_import_fid": 841, "link_stats_import_vehicle_count": 3.0, "link_stats_import_avg_speed": 20.05, "link_stats_import_sum_weight_kg": 1000.0}, "geometry": {"type": "MultiLineString", "coordinates": [[[128.83014368384494, 35.0601061322036], [128.82866264251743, 35.057788180479626]]]}}, {"type": "Feature", "properties": {"LINK_ID": "1410097600", "F_NODE": "1410032804", "T_NODE": "1410000208", "LANES": 2, "ROAD_RANK": "103", "ROAD_TYPE": "000", "ROAD_NO": "2", "ROAD_NAME": "낙동남로", "ROAD_USE": "0", "MULTI_LINK": "0", "CONNECT": "1", "MAX_SPD": 70, "REST_VEH": "0", "REST_W": 0, "REST_H": 0, "C-ITS": "0", "LENGTH": 127.521508296099, "UPDATEDATE": "20250512", "REMARK": null, "HIST_TYPE": "LINK0003", "HISTREMARK": null, "link_stats_import_fid": 498, "link_stats_import_vehicle_count": 10.0, "link_stats_import_avg_speed": 10.07, "link_stats_import_sum_weight_kg": 8800.0}, "geometry": {"type": "MultiLineString", "coordinates": [[[128.83935648265248, 35.1018959660048], [128.83928898750048, 35.10196599067392], [128.83927398752462, 35.10197899205386], [128.83926198790405, 35.101983992021125], [128.83916298757228, 35.10204499131901], [128.83905998710694, 35.10207599138507], [128.83894598736148, 35.10208799132711], [128.83892698702059, 35.1020909913553], [128.83891498744723, 35.10208999103353], [128.83878898727258, 35.10208499134157], [128.83861398728308, 35.10206699141191], [128.83806436883037, 35.101936980776415]]]}}, {"type": "Feature", "properties": {"LINK_ID": "1410086400", "F_NODE": "1410028902", "T_NODE": "1410029003", "LANES": 2, "ROAD_RANK": "104", "ROAD_TYPE": "000", "ROAD_NO": "-", "ROAD_NAME": "녹산산업북로", "ROAD_USE": "0", "MULTI_LINK": "0", "CONNECT": "0", "MAX_SPD": 50, "REST_VEH": "0", "REST_W": 0, "REST_H": 0, "C-ITS": "0", "LENGTH": 132.739052414419, "UPDATEDATE": "20250512", "REMARK": null, "HIST_TYPE": "LINK0003", "HISTREMARK": null, "link_stats_import_fid": 316, "link_stats_import_vehicle_count": 23.0, "link_stats_import_avg_speed": 9.81, "link_stats_import_sum_weight_kg": 20968.0}, "geometry": {"type": "MultiLineString", "coordinates": [[[128.83276217612183, 35.097874781109255], [128.83421728559782, 35.09789418282612]]]}}, {"type": "Feature", "properties": {"LINK_ID": "1411032501", "F_NODE": "1410382104", "T_NODE": "1410382103", "LANES": 3, "ROAD_RANK": "104", "ROAD_TYPE": "000", "ROAD_NO": "-", "ROAD_NAME": "신항남로", "ROAD_USE": "0", "MULTI_LINK": "0", "CONNECT": "0", "MAX_SPD": 60, "REST_VEH": "0", "REST_W": 0, "REST_H": 0, "C-ITS": "0", "LENGTH": 12.000380955417, "UPDATEDATE": "20250512", "REMARK": null, "HIST_TYPE": "LINK0001", "HISTREMARK": null, "link_stats_import_fid": 284, "link_stats_import_vehicle_count": 29.0, "link_stats_import_avg_speed": 15.02, "link_stats_import_sum_weight_kg": 473995.0}, "geometry": {"type": "MultiLineString", "coordinates": [[[128.8347424523801, 35.0742656047645], [128.83474244131108, 35.074157473947636]]]}}, {"type": "Feature", "properties": {"LINK_ID": "4180139805", "F_NODE": "4180222500", "T_NODE": "4180222300", "LANES": 2, "ROAD_RANK": "107", "ROAD_TYPE": "004", "ROAD_NO": "-", "ROAD_NAME": "-", "ROAD_USE": "0", "MULTI_LINK": "0", "CONNECT": "0", "MAX_SPD": 80, "REST_VEH": "0", "REST_W": 0, "REST_H": 0, "C-ITS": "0", "LENGTH": 439.90611649127, "UPDATEDATE": "20250512", "REMARK": "도로명없음", "HIST_TYPE": "LINK1007", "HISTREMARK": "4180139800", "link_stats_import_fid": 1423, "link_stats_import_vehicle_count": 1.0, "link_stats_import_avg_speed": 20.52, "link_stats_import_sum_weight_kg": 1000.0}, "geometry": {"type": "MultiLineString", "coordinates": [[[128.82341454148795, 35.10625495547765], [128.823221479387, 35.106717131774595], [128.82282841220876, 35.107328320800335], [128.82233716305805, 35.10799915638956], [128.82171427867678, 35.10862846733822], [128.8210498156821, 35.109220728401304], [128.82069587563507, 35.10947176192766]]]}}, {"type": "Feature", "properties": {"LINK_ID": "1410070900", "F_NODE": "1410025603", "T_NODE": "1410024309", "LANES": 2, "ROAD_RANK": "104", "ROAD_TYPE": "000", "ROAD_NO": "-", "ROAD_NAME": "녹산산업북로", "ROAD_USE": "0", "MULTI_LINK": "0", "CONNECT": "0", "MAX_SPD": 50, "REST_VEH": "0", "REST_W": 0, "REST_H": 0, "C-ITS": "0", "LENGTH": 104.639695662302, "UPDATEDATE": "20250512", "REMARK": null, "HIST_TYPE": "LINK0003", "HISTREMARK": null, "link_stats_import_fid": null, "link_stats_import_vehicle_count": null, "link_stats_import_avg_speed": null, "link_stats_import_sum_weight_kg": null}, "geometry": {"type": "MultiLineString", "coordinates": [[[128.82760177610677, 35.09499617647137], [128.82678880695167, 35.09433093857321]]]}}, {"type": "Feature", "properties": {"LINK_ID": "1410087601", "F_NODE": "1410029503", "T_NODE": "1410029502", "LANES": 2, "ROAD_RANK": "104", "ROAD_TYPE": "000", "ROAD_NO": "-", "ROAD_NAME": "녹산산업북로", "ROAD_USE": "0", "MULTI_LINK": "0", "CONNECT": "0", "MAX_SPD": 50, "REST_VEH": "0", "REST_W": 0, "REST_H": 0, "C-ITS": "0", "LENGTH": 10.945278467449, "UPDATEDATE": "20250512", "REMARK": null, "HIST_TYPE": "LINK0001", "HISTREMARK": null, "link_stats_import_fid": null, "link_stats_import_vehicle_count": null, "link_stats_import_avg_speed": null, "link_stats_import_sum_weight_kg": null}, "geometry": {"type": "MultiLineString", "coordinates": [[[128.84265013583578, 35.09792285378565], [128.84277013481992, 35.0979231564318]]]}}, {"type": "Feature", "properties": {"LINK_ID": "1410121100", "F_NODE": "1410022502", "T_NODE": "1410040803", "LANES": 2, "ROAD_RANK": "104", "ROAD_TYPE": "003", "ROAD_NO": "-", "ROAD_NAME": "녹산산업중로", "ROAD_USE": "0", "MULTI_LINK": "0", "CONNECT": "0", "MAX_SPD": 50, "REST_VEH": "0", "REST_W": 0, "REST_H": 0, "C-ITS": "0", "LENGTH": 8.200875279298, "UPDATEDATE": "20250512", "REMARK": null, "HIST_TYPE": "LINK0003", "HISTREMARK": null, "link_stats_import_fid": 639, "link_stats_import_vehicle_count": 6.0, "link_stats_import_avg_speed": 19.7, "link_stats_import_sum_weight_kg": 1000.0}, "geometry": {"type": "MultiLineString", "coordinates": [[[128.83435922990418, 35.09340004268887], [128.83444913620787, 35.09340011747714]]]}}, {"type": "Feature", "properties": {"LINK_ID": "4180060101", "F_NODE": "4180091504", "T_NODE": "4180091503", "LANES": 3, "ROAD_RANK": "107", "ROAD_TYPE": "000", "ROAD_NO": "-", "ROAD_NAME": "신항6로", "ROAD_USE": "0", "MULTI_LINK": "0", "CONNECT": "0", "MAX_SPD": 60, "REST_VEH": "0", "REST_W": 0, "REST_H": 0, "C-ITS": "0", "LENGTH": 11.999936079981, "UPDATEDATE": "20250512", "REMARK": null, "HIST_TYPE": "LINK0001", "HISTREMARK": null, "link_stats_import_fid": 201, "link_stats_import_vehicle_count": 59.0, "link_stats_import_avg_speed": 8.56, "link_stats_import_sum_weight_kg": 336717.0}, "geometry": {"type": "MultiLineString", "coordinates": [[[128.77428548300477, 35.08320892026618], [128.7742966452159, 35.08310118119532]]]}}, {"type": "Feature", "properties": {"LINK_ID": "4180060801", "F_NODE": "4180096102", "T_NODE": "4180096101", "LANES": 2, "ROAD_RANK": "107", "ROAD_TYPE": "000", "ROAD_NO": "-", "ROAD_NAME": "안골로108번길", "ROAD_USE": "0", "MULTI_LINK": "0", "CONNECT": "0", "MAX_SPD": 50, "REST_VEH": "0", "REST_W": 0, "REST_H": 0, "C-ITS": "0", "LENGTH": 12.395504787006, "UPDATEDATE": "20250512", "REMARK": null, "HIST_TYPE": "LINK0001", "HISTREMARK": null, "link_stats_import_fid": 506, "link_stats_import_vehicle_count": 10.0, "link_stats_import_avg_speed": 9.78, "link_stats_import_sum_weight_kg": 202966.0}, "geometry": {"type": "MultiLineString", "coordinates": [[[128.78411198192958, 35.0854346348918], [128.78420313437334, 35.08551746840068]]]}}, {"type": "Feature", "properties": {"LINK_ID": "1410022300", "F_NODE": "1410010603", "T_NODE": "1410009904", "LANES": 2, "ROAD_RANK": "104", "ROAD_TYPE": "000", "ROAD_NO": "-", "ROAD_NAME": "녹산산단262로", "ROAD_USE": "0", "MULTI_LINK": "0", "CONNECT": "0", "MAX_SPD": 50, "REST_VEH": "0", "REST_W": 0, "REST_H": 0, "C-ITS": "0", "LENGTH": 84.809142847946, "UPDATEDATE": "20250512", "REMARK": null, "HIST_TYPE": "LINK0003", "HISTREMARK": null, "link_stats_import_fid": 927, "link_stats_import_vehicle_count": 2.0, "link_stats_import_avg_speed": 5.45, "link_stats_import_sum_weight_kg": 0.0}, "geometry": {"type": "MultiLineString", "coordinates": [[[128.8459899888489, 35.0844819752311], [128.84600295447777, 35.08371787141539]]]}}, {"type": "Feature", "properties": {"LINK_ID": "1410736400", "F_NODE": "1410287504", "T_NODE": "1410401301", "LANES": 3, "ROAD_RANK": "104", "ROAD_TYPE": "000", "ROAD_NO": "-", "ROAD_NAME": "녹산산업대로", "ROAD_USE": "0", "MULTI_LINK": "0", "CONNECT": "0", "MAX_SPD": 70, "REST_VEH": "0", "REST_W": 0, "REST_H": 0, "C-ITS": "0", "LENGTH": 138.077516703138, "UPDATEDATE": "20250512", "REMARK": null, "HIST_TYPE": "LINK0003", "HISTREMARK": null, "link_stats_import_fid": 503, "link_stats_import_vehicle_count": 10.0, "link_stats_import_avg_speed": 6.97, "link_stats_import_sum_weight_kg": 7000.0}, "geometry": {"type": "MultiLineString", "coordinates": [[[128.82328520512186, 35.09715319136339], [128.82220420077869, 35.09802417929194]]]}}, {"type": "Feature", "properties": {"LINK_ID": "4180079100", "F_NODE": "4180122801", "T_NODE": "4180123202", "LANES": 3, "ROAD_RANK": "107", "ROAD_TYPE": "000", "ROAD_NO": "-", "ROAD_NAME": "신항동로", "ROAD_USE": "0", "MULTI_LINK": "0", "CONNECT": "0", "MAX_SPD": 50, "REST_VEH": "0", "REST_W": 0, "REST_H": 0, "C-ITS": "0", "LENGTH": 135.275752810624, "UPDATEDATE": "20250512", "REMARK": null, "HIST_TYPE": "LINK0003", "HISTREMARK": null, "link_stats_import_fid": 177, "link_stats_import_vehicle_count": 72.0, "link_stats_import_avg_speed": 13.52, "link_stats_import_sum_weight_kg": 130411.0}, "geometry": {"type": "MultiLineString", "coordinates": [[[128.82187496652583, 35.09000480153347], [128.82291991218884, 35.090869724227424]]]}}, {"type": "Feature", "properties": {"LINK_ID": "4180088600", "F_NODE": "4180090204", "T_NODE": "4180087501", "LANES": 4, "ROAD_RANK": "107", "ROAD_TYPE": "000", "ROAD_NO": "-", "ROAD_NAME": "신항북로", "ROAD_USE": "0", "MULTI_LINK": "0", "CONNECT": "0", "MAX_SPD": 80, "REST_VEH": "0", "REST_W": 0, "REST_H": 0, "C-ITS": "0", "LENGTH": 420.868838775524, "UPDATEDATE": "20250512", "REMARK": null, "HIST_TYPE": "LINK0003", "HISTREMARK": null, "link_stats_import_fid": 198, "link_stats_import_vehicle_count": 60.0, "link_stats_import_avg_speed": 11.3, "link_stats_import_sum_weight_kg": 134306.0}, "geometry": {"type": "MultiLineString", "coordinates": [[[128.76981271627062, 35.094146257695705], [128.76519877103965, 35.09418197963421]]]}}, {"type": "Feature", "properties": {"LINK_ID": "4180074801", "F_NODE": "4180090404", "T_NODE": "4180090403", "LANES": 2, "ROAD_RANK": "107", "ROAD_TYPE": "000", "ROAD_NO": "-", "ROAD_NAME": "신항7로", "ROAD_USE": "0", "MULTI_LINK": "0", "CONNECT": "0", "MAX_SPD": 50, "REST_VEH": "0", "REST_W": 0, "REST_H": 0, "C-ITS": "0", "LENGTH": 12.000255343916, "UPDATEDATE": "20250512", "REMARK": null, "HIST_TYPE": "LINK0001", "HISTREMARK": null, "link_stats_import_fid": 1239, "link_stats_import_vehicle_count": 1.0, "link_stats_import_avg_speed": 6.48, "link_stats_import_sum_weight_kg": 0.0}, "geometry": {"type": "MultiLineString", "coordinates": [[[128.76984394153502, 35.08917785879824], [128.76984462444983, 35.08906972823132]]]}}, {"type": "Feature", "properties": {"LINK_ID": "1410065200", "F_NODE": "1410022702", "T_NODE": "1410022803", "LANES": 2, "ROAD_RANK": "104", "ROAD_TYPE": "000", "ROAD_NO": "-", "ROAD_NAME": "녹산산업중로", "ROAD_USE": "0", "MULTI_LINK": "0", "CONNECT": "0", "MAX_SPD": 50, "REST_VEH": "0", "REST_W": 0, "REST_H": 0, "C-ITS": "0", "LENGTH": 114.769163177565, "UPDATEDATE": "20250512", "REMARK": null, "HIST_TYPE": "LINK0003", "HISTREMARK": null, "link_stats_import_fid": 823, "link_stats_import_vehicle_count": 3.0, "link_stats_import_avg_speed": 12.14, "link_stats_import_sum_weight_kg": 2000.0}, "geometry": {"type": "MultiLineString", "coordinates": [[[128.83950116528786, 35.09340303538183], [128.84075937863082, 35.09340394776253]]]}}, {"type": "Feature", "properties": {"LINK_ID": "4180063100", "F_NODE": "4180101601", "T_NODE": "4180102603", "LANES": 2, "ROAD_RANK": "107", "ROAD_TYPE": "000", "ROAD_NO": "-", "ROAD_NAME": "신항5로", "ROAD_USE": "0", "MULTI_LINK": "0", "CONNECT": "0", "MAX_SPD": 60, "REST_VEH": "0", "REST_W": 0, "REST_H": 0, "C-ITS": "0", "LENGTH": 346.137975336463, "UPDATEDATE": "20250512", "REMARK": null, "HIST_TYPE": "LINK0003", "HISTREMARK": null, "link_stats_import_fid": 983, "link_stats_import_vehicle_count": 2.0, "link_stats_import_avg_speed": 5.61, "link_stats_import_sum_weight_kg": 1000.0}, "geometry": {"type": "MultiLineString", "coordinates": [[[128.79722707676157, 35.08445257818236], [128.79787991403765, 35.08445440026852], [128.79890588142317, 35.084457256017586], [128.7998679544634, 35.08445992700637], [128.80102140758768, 35.08446311853276]]]}}, {"type": "Feature", "properties": {"LINK_ID": "4180097500", "F_NODE": "4180104402", "T_NODE": "4180189900", "LANES": 2, "ROAD_RANK": "107", "ROAD_TYPE": "000", "ROAD_NO": "-", "ROAD_NAME": "안골로", "ROAD_USE": "0", "MULTI_LINK": "0", "CONNECT": "0", "MAX_SPD": 30, "REST_VEH": "0", "REST_W": 0, "REST_H": 0, "C-ITS": "0", "LENGTH": 116.18354304615, "UPDATEDATE": "20250512", "REMARK": null, "HIST_TYPE": "LINK0003", "HISTREMARK": null, "link_stats_import_fid": 904, "link_stats_import_vehicle_count": 3.0, "link_stats_import_avg_speed": 10.71, "link_stats_import_sum_weight_kg": 32724.0}, "geometry": {"type": "MultiLineString", "coordinates": [[[128.80464581986763, 35.097470056319686], [128.805655714839, 35.09810809428365]]]}}, {"type": "Feature", "properties": {"LINK_ID": "4180129800", "F_NODE": "4180118504", "T_NODE": "4180116901", "LANES": 2, "ROAD_RANK": "107", "ROAD_TYPE": "000", "ROAD_NO": "-", "ROAD_NAME": "용재로", "ROAD_USE": "0", "MULTI_LINK": "0", "CONNECT": "0", "MAX_SPD": 60, "REST_VEH": "0", "REST_W": 0, "REST_H": 0, "C-ITS": "0", "LENGTH": 86.995879867282, "UPDATEDATE": "20250512", "REMARK": null, "HIST_TYPE": "LINK0003", "HISTREMARK": null, "link_stats_import_fid": null, "link_stats_import_vehicle_count": null, "link_stats_import_avg_speed": null, "link_stats_import_sum_weight_kg": null}, "geometry": {"type": "MultiLineString", "coordinates": [[[128.81807278347094, 35.10087761666853], [128.81714497498737, 35.101059473988144]]]}}, {"type": "Feature", "properties": {"LINK_ID": "4180065401", "F_NODE": "4180102504", "T_NODE": "4180102503", "LANES": 3, "ROAD_RANK": "107", "ROAD_TYPE": "000", "ROAD_NO": "-", "ROAD_NAME": "신항동로", "ROAD_USE": "0", "MULTI_LINK": "0", "CONNECT": "0", "MAX_SPD": 50, "REST_VEH": "0", "REST_W": 0, "REST_H": 0, "C-ITS": "0", "LENGTH": 11.999966444232, "UPDATEDATE": "20250512", "REMARK": null, "HIST_TYPE": "LINK0001", "HISTREMARK": null, "link_stats_import_fid": 857, "link_stats_import_vehicle_count": 3.0, "link_stats_import_avg_speed": 14.6, "link_stats_import_sum_weight_kg": 14054.0}, "geometry": {"type": "MultiLineString", "coordinates": [[[128.80083975087064, 35.08605782815188], [128.800838035972, 35.08594970909276]]]}}, {"type": "Feature", "properties": {"LINK_ID": "4180088501", "F_NODE": "4180087503", "T_NODE": "4180087502", "LANES": 4, "ROAD_RANK": "107", "ROAD_TYPE": "000", "ROAD_NO": "-", "ROAD_NAME": "신항북로", "ROAD_USE": "0", "MULTI_LINK": "0", "CONNECT": "0", "MAX_SPD": 80, "REST_VEH": "0", "REST_W": 0, "REST_H": 0, "C-ITS": "0", "LENGTH": 11.979341917785, "UPDATEDATE": "20250512", "REMARK": null, "HIST_TYPE": "LINK0001", "HISTREMARK": null, "link_stats_import_fid": 679, "link_stats_import_vehicle_count": 6.0, "link_stats_import_avg_speed": 8.99, "link_stats_import_sum_weight_kg": 0.0}, "geometry": {"type": "MultiLineString", "coordinates": [[[128.76506435299876, 35.09407304644774], [128.76519568337304, 35.094073868748254]]]}}, {"type": "Feature", "properties": {"LINK_ID": "1410087600", "F_NODE": "1410029302", "T_NODE": "1410029503", "LANES": 2, "ROAD_RANK": "104", "ROAD_TYPE": "000", "ROAD_NO": "-", "ROAD_NAME": "녹산산업북로", "ROAD_USE": "0", "MULTI_LINK": "0", "CONNECT": "0", "MAX_SPD": 50, "REST_VEH": "0", "REST_W": 0, "REST_H": 0, "C-ITS": "0", "LENGTH": 288.407098577919, "UPDATEDATE": "20250512", "REMARK": null, "HIST_TYPE": "LINK0003", "HISTREMARK": null, "link_stats_import_fid": 636, "link_stats_import_vehicle_count": 6.0, "link_stats_import_avg_speed": 9.22, "link_stats_import_sum_weight_kg": 2000.0}, "geometry": {"type": "MultiLineString", "coordinates": [[[128.83948816518287, 35.09791706950732], [128.84098098770664, 35.097918991420805], [128.84265013583578, 35.09792285378565]]]}}, {"type": "Feature", "properties": {"LINK_ID": "4180071401", "F_NODE": "4180123604", "T_NODE": "4180123603", "LANES": 3, "ROAD_RANK": "107", "ROAD_TYPE": "000", "ROAD_NO": "-", "ROAD_NAME": "신항3로", "ROAD_USE": "0", "MULTI_LINK": "0", "CONNECT": "0", "MAX_SPD": 70, "REST_VEH": "0", "REST_W": 0, "REST_H": 0, "C-ITS": "0", "LENGTH": 12.000098757287, "UPDATEDATE": "20250512", "REMARK": null, "HIST_TYPE": "LINK0001", "HISTREMARK": null, "link_stats_import_fid": 612, "link_stats_import_vehicle_count": 7.0, "link_stats_import_avg_speed": 8.92, "link_stats_import_sum_weight_kg": 23566.0}, "geometry": {"type": "MultiLineString", "coordinates": [[[128.82425373389952, 35.08701065844507], [128.82425351156039, 35.08690253011592]]]}}, {"type": "Feature", "properties": {"LINK_ID": "4180060100", "F_NODE": "4180091403", "T_NODE": "4180091504", "LANES": 3, "ROAD_RANK": "107", "ROAD_TYPE": "000", "ROAD_NO": "-", "ROAD_NAME": "신항6로", "ROAD_USE": "0", "MULTI_LINK": "0", "CONNECT": "0", "MAX_SPD": 60, "REST_VEH": "0", "REST_W": 0, "REST_H": 0, "C-ITS": "0", "LENGTH": 410.353938864127, "UPDATEDATE": "20250512", "REMARK": null, "HIST_TYPE": "LINK0003", "HISTREMARK": null, "link_stats_import_fid": 205, "link_stats_import_vehicle_count": 57.0, "link_stats_import_avg_speed": 9.06, "link_stats_import_sum_weight_kg": 442937.0}, "geometry": {"type": "MultiLineString", "coordinates": [[[128.77426800304443, 35.0869063552878], [128.7742788339286, 35.08428884458788], [128.7742776782563, 35.08333187607916], [128.77428548300477, 35.08320892026618]]]}}, {"type": "Feature", "properties": {"LINK_ID": "1410705800", "F_NODE": "1410277602", "T_NODE": "1410889800", "LANES": 3, "ROAD_RANK": "104", "ROAD_TYPE": "000", "ROAD_NO": "-", "ROAD_NAME": "신항로", "ROAD_USE": "0", "MULTI_LINK": "0", "CONNECT": "0", "MAX_SPD": 60, "REST_VEH": "0", "REST_W": 0, "REST_H": 0, "C-ITS": "0", "LENGTH": 462.646195301542, "UPDATEDATE": "20250512", "REMARK": null, "HIST_TYPE": "LINK0003", "HISTREMARK": null, "link_stats_import_fid": 8, "link_stats_import_vehicle_count": 543.0, "link_stats_import_avg_speed": 13.75, "link_stats_import_sum_weight_kg": 5639177.0}, "geometry": {"type": "MultiLineString", "coordinates": [[[128.82452543455466, 35.08313746048331], [128.8264463951259, 35.08314886233744], [128.82959674645764, 35.08315709043101]]]}}, {"type": "Feature", "properties": {"LINK_ID": "4180061700", "F_NODE": "4180102701", "T_NODE": "4180102602", "LANES": 3, "ROAD_RANK": "107", "ROAD_TYPE": "000", "ROAD_NO": "-", "ROAD_NAME": "신항로", "ROAD_USE": "0", "MULTI_LINK": "0", "CONNECT": "0", "MAX_SPD": 60, "REST_VEH": "0", "REST_W": 0, "REST_H": 0, "C-ITS": "0", "LENGTH": 139.172655926351, "UPDATEDATE": "20250512", "REMARK": null, "HIST_TYPE": "LINK0003", "HISTREMARK": null, "link_stats_import_fid": 343, "link_stats_import_vehicle_count": 20.0, "link_stats_import_avg_speed": 9.43, "link_stats_import_sum_weight_kg": 125370.0}, "geometry": {"type": "MultiLineString", "coordinates": [[[128.80114052930003, 35.08321124911268], [128.80114172153912, 35.0833328054408], [128.8011521955084, 35.08435821589541], [128.80115296944084, 35.08446525220349]]]}}, {"type": "Feature", "properties": {"LINK_ID": "4180067902", "F_NODE": "4180087803", "T_NODE": "4180087802", "LANES": 3, "ROAD_RANK": "107", "ROAD_TYPE": "000", "ROAD_NO": "-", "ROAD_NAME": "신항8로", "ROAD_USE": "0", "MULTI_LINK": "0", "CONNECT": "0", "MAX_SPD": 60, "REST_VEH": "0", "REST_W": 0, "REST_H": 0, "C-ITS": "0", "LENGTH": 11.999995064337, "UPDATEDATE": "20250512", "REMARK": null, "HIST_TYPE": "LINK0001", "HISTREMARK": null, "link_stats_import_fid": 776, "link_stats_import_vehicle_count": 4.0, "link_stats_import_avg_speed": 7.52, "link_stats_import_sum_weight_kg": 0.0}, "geometry": {"type": "MultiLineString", "coordinates": [[[128.76509483324892, 35.08686560532296], [128.7652263802293, 35.0868662089564]]]}}, {"type": "Feature", "properties": {"LINK_ID": "4180034601", "F_NODE": "4180101703", "T_NODE": "4180101702", "LANES": 3, "ROAD_RANK": "107", "ROAD_TYPE": "000", "ROAD_NO": "-", "ROAD_NAME": "신항북로", "ROAD_USE": "0", "MULTI_LINK": "0", "CONNECT": "0", "MAX_SPD": 80, "REST_VEH": "0", "REST_W": 0, "REST_H": 0, "C-ITS": "0", "LENGTH": 12.000480455936, "UPDATEDATE": "20250512", "REMARK": null, "HIST_TYPE": "LINK0001", "HISTREMARK": null, "link_stats_import_fid": 331, "link_stats_import_vehicle_count": 21.0, "link_stats_import_avg_speed": 7.15, "link_stats_import_sum_weight_kg": 37020.0}, "geometry": {"type": "MultiLineString", "coordinates": [[[128.79738366193783, 35.086177736106634], [128.79750869257848, 35.08614411334973]]]}}, {"type": "Feature", "properties": {"LINK_ID": "1410704602", "F_NODE": "1410277502", "T_NODE": "1410277501", "LANES": 3, "ROAD_RANK": "104", "ROAD_TYPE": "000", "ROAD_NO": "-", "ROAD_NAME": "신항로", "ROAD_USE": "0", "MULTI_LINK": "0", "CONNECT": "0", "MAX_SPD": 30, "REST_VEH": "0", "REST_W": 0, "REST_H": 0, "C-ITS": "0", "LENGTH": 11.999946223274, "UPDATEDATE": "20250512", "REMARK": null, "HIST_TYPE": "LINK0001", "HISTREMARK": null, "link_stats_import_fid": 1180, "link_stats_import_vehicle_count": 1.0, "link_stats_import_avg_speed": 5.59, "link_stats_import_sum_weight_kg": 30100.0}, "geometry": {"type": "MultiLineString", "coordinates": [[[128.82453178487728, 35.08451209906334], [128.82452839522855, 35.084620190296626]]]}}, {"type": "Feature", "properties": {"LINK_ID": "4180083004", "F_NODE": "4180220100", "T_NODE": "4180095104", "LANES": 2, "ROAD_RANK": "107", "ROAD_TYPE": "000", "ROAD_NO": "-", "ROAD_NAME": "신항8로", "ROAD_USE": "0", "MULTI_LINK": "0", "CONNECT": "0", "MAX_SPD": 60, "REST_VEH": "0", "REST_W": 0, "REST_H": 0, "C-ITS": "0", "LENGTH": 252.556245844773, "UPDATEDATE": "20250512", "REMARK": null, "HIST_TYPE": "LINK1007", "HISTREMARK": "4180083000", "link_stats_import_fid": 885, "link_stats_import_vehicle_count": 3.0, "link_stats_import_avg_speed": 8.76, "link_stats_import_sum_weight_kg": 1000.0}, "geometry": {"type": "MultiLineString", "coordinates": [[[128.7833625062549, 35.093422037563315], [128.7833456232843, 35.093083378204135], [128.78333388619603, 35.092847940326656], [128.78313961003806, 35.092340073114094], [128.78303486181125, 35.092145592171725], [128.7823630958219, 35.09136505839975]]]}}, {"type": "Feature", "properties": {"LINK_ID": "4180083701", "F_NODE": "4180123802", "T_NODE": "4180123801", "LANES": 3, "ROAD_RANK": "107", "ROAD_TYPE": "000", "ROAD_NO": "-", "ROAD_NAME": "신항동로", "ROAD_USE": "0", "MULTI_LINK": "0", "CONNECT": "0", "MAX_SPD": 50, "REST_VEH": "0", "REST_W": 0, "REST_H": 0, "C-ITS": "0", "LENGTH": 12.000042691861, "UPDATEDATE": "20250512", "REMARK": null, "HIST_TYPE": "LINK0001", "HISTREMARK": null, "link_stats_import_fid": 724, "link_stats_import_vehicle_count": 5.0, "link_stats_import_avg_speed": 11.55, "link_stats_import_sum_weight_kg": 35425.0}, "geometry": {"type": "MultiLineString", "coordinates": [[[128.8246408277066, 35.092320986634036], [128.82473282956863, 35.09239827539449]]]}}, {"type": "Feature", "properties": {"LINK_ID": "1410077900", "F_NODE": "1410026404", "T_NODE": "1410026301", "LANES": 2, "ROAD_RANK": "104", "ROAD_TYPE": "000", "ROAD_NO": "-", "ROAD_NAME": "녹산산단261로74번길", "ROAD_USE": "0", "MULTI_LINK": "0", "CONNECT": "0", "MAX_SPD": 70, "REST_VEH": "0", "REST_W": 0, "REST_H": 0, "C-ITS": "0", "LENGTH": 280.026768995927, "UPDATEDATE": "20250512", "REMARK": null, "HIST_TYPE": "LINK0003", "HISTREMARK": null, "link_stats_import_fid": null, "link_stats_import_vehicle_count": null, "link_stats_import_avg_speed": null, "link_stats_import_sum_weight_kg": null}, "geometry": {"type": "MultiLineString", "coordinates": [[[128.8491508280997, 35.09570786034809], [128.8460808291758, 35.09570112422705]]]}}, {"type": "Feature", "properties": {"LINK_ID": "1410091801", "F_NODE": "1410031801", "T_NODE": "1410031804", "LANES": 2, "ROAD_RANK": "104", "ROAD_TYPE": "000", "ROAD_NO": "-", "ROAD_NAME": "녹산산단27로", "ROAD_USE": "0", "MULTI_LINK": "0", "CONNECT": "0", "MAX_SPD": 50, "REST_VEH": "0", "REST_W": 0, "REST_H": 0, "C-ITS": "0", "LENGTH": 12.160053971562, "UPDATEDATE": "20250512", "REMARK": null, "HIST_TYPE": "LINK0001", "HISTREMARK": null, "link_stats_import_fid": null, "link_stats_import_vehicle_count": null, "link_stats_import_avg_speed": null, "link_stats_import_sum_weight_kg": null}, "geometry": {"type": "MultiLineString", "coordinates": [[[128.83119275206857, 35.09976185492815], [128.83109796257526, 35.09983890490123]]]}}, {"type": "Feature", "properties": {"LINK_ID": "1410081602", "F_NODE": "1410027601", "T_NODE": "1410027604", "LANES": 2, "ROAD_RANK": "104", "ROAD_TYPE": "000", "ROAD_NO": "-", "ROAD_NAME": "녹산산단165로", "ROAD_USE": "0", "MULTI_LINK": "0", "CONNECT": "0", "MAX_SPD": 60, "REST_VEH": "0", "REST_W": 0, "REST_H": 0, "C-ITS": "0", "LENGTH": 10.945545047279, "UPDATEDATE": "20250512", "REMARK": null, "HIST_TYPE": "LINK0001", "HISTREMARK": null, "link_stats_import_fid": null, "link_stats_import_vehicle_count": null, "link_stats_import_avg_speed": null, "link_stats_import_sum_weight_kg": null}, "geometry": {"type": "MultiLineString", "coordinates": [[[128.8356009413529, 35.096756781553445], [128.83548094029197, 35.09675671798191]]]}}, {"type": "Feature", "properties": {"LINK_ID": "1411061000", "F_NODE": "1410401601", "T_NODE": "1410901200", "LANES": 3, "ROAD_RANK": "103", "ROAD_TYPE": "000", "ROAD_NO": "2", "ROAD_NAME": "진해대로", "ROAD_USE": "0", "MULTI_LINK": "0", "CONNECT": "0", "MAX_SPD": 70, "REST_VEH": "0", "REST_W": 0, "REST_H": 0, "C-ITS": "0", "LENGTH": 353.189024362904, "UPDATEDATE": "20250512", "REMARK": null, "HIST_TYPE": "LINK0003", "HISTREMARK": null, "link_stats_import_fid": 301, "link_stats_import_vehicle_count": 26.0, "link_stats_import_avg_speed": 14.65, "link_stats_import_sum_weight_kg": 59420.0}, "geometry": {"type": "MultiLineString", "coordinates": [[[128.82378987613814, 35.10194038754317], [128.82437098727158, 35.102004991313294], [128.82509098767704, 35.10210799157465], [128.8255899876224, 35.102149991661946], [128.82764019561213, 35.10224697860968]]]}}, {"type": "Feature", "properties": {"LINK_ID": "1410085700", "F_NODE": "1410030302", "T_NODE": "1410028703", "LANES": 2, "ROAD_RANK": "104", "ROAD_TYPE": "000", "ROAD_NO": "-", "ROAD_NAME": "녹산산업중로", "ROAD_USE": "0", "MULTI_LINK": "0", "CONNECT": "0", "MAX_SPD": 50, "REST_VEH": "0", "REST_W": 0, "REST_H": 0, "C-ITS": "0", "LENGTH": 84.668535658073, "UPDATEDATE": "20250512", "REMARK": null, "HIST_TYPE": "LINK0003", "HISTREMARK": null, "link_stats_import_fid": 755, "link_stats_import_vehicle_count": 4.0, "link_stats_import_avg_speed": 8.91, "link_stats_import_sum_weight_kg": 30425.0}, "geometry": {"type": "MultiLineString", "coordinates": [[[128.82763368144268, 35.09801911756424], [128.8282997087974, 35.09748769477717]]]}}, {"type": "Feature", "properties": {"LINK_ID": "4180074501", "F_NODE": "4180090403", "T_NODE": "4180090402", "LANES": 2, "ROAD_RANK": "107", "ROAD_TYPE": "000", "ROAD_NO": "-", "ROAD_NAME": "신항9로", "ROAD_USE": "0", "MULTI_LINK": "0", "CONNECT": "0", "MAX_SPD": 60, "REST_VEH": "0", "REST_W": 0, "REST_H": 0, "C-ITS": "0", "LENGTH": 12.0000704051, "UPDATEDATE": "20250512", "REMARK": null, "HIST_TYPE": "LINK0001", "HISTREMARK": null, "link_stats_import_fid": 784, "link_stats_import_vehicle_count": 4.0, "link_stats_import_avg_speed": 9.78, "link_stats_import_sum_weight_kg": 15054.0}, "geometry": {"type": "MultiLineString", "coordinates": [[[128.76984462444983, 35.08906972823132], [128.7699761758491, 35.08907028945741]]]}}, {"type": "Feature", "properties": {"LINK_ID": "1410195800", "F_NODE": "1410071802", "T_NODE": "1410071702", "LANES": 2, "ROAD_RANK": "105", "ROAD_TYPE": "000", "ROAD_NO": "58", "ROAD_NAME": "거가대로", "ROAD_USE": "0", "MULTI_LINK": "0", "CONNECT": "0", "MAX_SPD": 80, "REST_VEH": "5", "REST_W": 0, "REST_H": 0, "C-ITS": "0", "LENGTH": 536.788059635871, "UPDATEDATE": "20250512", "REMARK": null, "HIST_TYPE": "LINK0003", "HISTREMARK": null, "link_stats_import_fid": null, "link_stats_import_vehicle_count": null, "link_stats_import_avg_speed": null, "link_stats_import_sum_weight_kg": null}, "geometry": {"type": "MultiLineString", "coordinates": [[[128.83307479392585, 35.06429028456476], [128.83204327173576, 35.06305069669719], [128.8312089040057, 35.06185752916135], [128.83077368392006, 35.061103317216684], [128.83014368384494, 35.0601061322036]]]}}, {"type": "Feature", "properties": {"LINK_ID": "1410095400", "F_NODE": "1410031804", "T_NODE": "1410032204", "LANES": 2, "ROAD_RANK": "104", "ROAD_TYPE": "000", "ROAD_NO": "-", "ROAD_NAME": "녹산산단27로", "ROAD_USE": "0", "MULTI_LINK": "0", "CONNECT": "0", "MAX_SPD": 50, "REST_VEH": "0", "REST_W": 0, "REST_H": 0, "C-ITS": "0", "LENGTH": 309.280729771981, "UPDATEDATE": "20250512", "REMARK": null, "HIST_TYPE": "LINK0003", "HISTREMARK": null, "link_stats_import_fid": null, "link_stats_import_vehicle_count": null, "link_stats_import_avg_speed": null, "link_stats_import_sum_weight_kg": null}, "geometry": {"type": "MultiLineString", "coordinates": [[[128.83109796257526, 35.09983890490123], [128.82993298775872, 35.100785991952215], [128.8299249880688, 35.100790991891714], [128.8299079884202, 35.10079799141768], [128.8296109872577, 35.10086299152917], [128.82959798761885, 35.10086399164594], [128.82957798677566, 35.100860991527064], [128.8292369873519, 35.100736991307485], [128.8292269870342, 35.10073299215699], [128.8292189875371, 35.10072799130261], [128.828513379504, 35.10015913759431]]]}}, {"type": "Feature", "properties": {"LINK_ID": "4180088900", "F_NODE": "4180090202", "T_NODE": "4180090903", "LANES": 4, "ROAD_RANK": "107", "ROAD_TYPE": "000", "ROAD_NO": "-", "ROAD_NAME": "신항북로", "ROAD_USE": "0", "MULTI_LINK": "0", "CONNECT": "0", "MAX_SPD": 80, "REST_VEH": "0", "REST_W": 0, "REST_H": 0, "C-ITS": "0", "LENGTH": 393.094462720836, "UPDATEDATE": "20250512", "REMARK": null, "HIST_TYPE": "LINK0003", "HISTREMARK": null, "link_stats_import_fid": 288, "link_stats_import_vehicle_count": 29.0, "link_stats_import_avg_speed": 11.02, "link_stats_import_sum_weight_kg": 142134.0}, "geometry": {"type": "MultiLineString", "coordinates": [[[128.76994480975463, 35.094038152599765], [128.77425423208177, 35.094073398240674]]]}}, {"type": "Feature", "properties": {"LINK_ID": "4180083002", "F_NODE": "4180189000", "T_NODE": "4180215700", "LANES": 2, "ROAD_RANK": "107", "ROAD_TYPE": "000", "ROAD_NO": "-", "ROAD_NAME": "신항8로", "ROAD_USE": "0", "MULTI_LINK": "0", "CONNECT": "0", "MAX_SPD": 60, "REST_VEH": "0", "REST_W": 0, "REST_H": 0, "C-ITS": "0", "LENGTH": 235.363420116651, "UPDATEDATE": "20250512", "REMARK": null, "HIST_TYPE": "LINK1007", "HISTREMARK": "4180083000", "link_stats_import_fid": 404, "link_stats_import_vehicle_count": 15.0, "link_stats_import_avg_speed": 9.49, "link_stats_import_sum_weight_kg": 122032.0}, "geometry": {"type": "MultiLineString", "coordinates": [[[128.78185192229557, 35.09695071212129], [128.78232232165536, 35.09695641413274], [128.78264050998337, 35.09692686307093], [128.78294782854437, 35.096847536272236], [128.7831978139437, 35.09665357887064], [128.78334698943158, 35.09636570376384], [128.78335149822232, 35.09576610173761], [128.78335158231695, 35.09575491886905]]]}}, {"type": "Feature", "properties": {"LINK_ID": "1410077000", "F_NODE": "1410026001", "T_NODE": "1410029302", "LANES": 3, "ROAD_RANK": "105", "ROAD_TYPE": "000", "ROAD_NO": "58", "ROAD_NAME": "가락대로", "ROAD_USE": "0", "MULTI_LINK": "0", "CONNECT": "0", "MAX_SPD": 60, "REST_VEH": "0", "REST_W": 0, "REST_H": 0, "C-ITS": "0", "LENGTH": 247.482013825939, "UPDATEDATE": "20250512", "REMARK": null, "HIST_TYPE": "LINK0003", "HISTREMARK": null, "link_stats_import_fid": 393, "link_stats_import_vehicle_count": 15.0, "link_stats_import_avg_speed": 13.64, "link_stats_import_sum_weight_kg": 6000.0}, "geometry": {"type": "MultiLineString", "coordinates": [[[128.8394948078977, 35.095687122830505], [128.83948816518287, 35.09791706950732]]]}}, {"type": "Feature", "properties": {"LINK_ID": "1410078100", "F_NODE": "1410028303", "T_NODE": "1410026304", "LANES": 2, "ROAD_RANK": "104", "ROAD_TYPE": "000", "ROAD_NO": "-", "ROAD_NAME": "녹산산단261로", "ROAD_USE": "0", "MULTI_LINK": "0", "CONNECT": "0", "MAX_SPD": 50, "REST_VEH": "0", "REST_W": 0, "REST_H": 0, "C-ITS": "0", "LENGTH": 113.07986855409, "UPDATEDATE": "20250512", "REMARK": null, "HIST_TYPE": "LINK0003", "HISTREMARK": null, "link_stats_import_fid": 1142, "link_stats_import_vehicle_count": 1.0, "link_stats_import_avg_speed": 9.93, "link_stats_import_sum_weight_kg": 0.0}, "geometry": {"type": "MultiLineString", "coordinates": [[[128.84595814636305, 35.09671977456453], [128.84596083048106, 35.09570086557129]]]}}, {"type": "Feature", "properties": {"LINK_ID": "4180106600", "F_NODE": "4180122004", "T_NODE": "4180120001", "LANES": 2, "ROAD_RANK": "107", "ROAD_TYPE": "000", "ROAD_NO": "-", "ROAD_NAME": "용원로", "ROAD_USE": "0", "MULTI_LINK": "0", "CONNECT": "0", "MAX_SPD": 60, "REST_VEH": "0", "REST_W": 0, "REST_H": 0, "C-ITS": "0", "LENGTH": 108.411188475966, "UPDATEDATE": "20250512", "REMARK": null, "HIST_TYPE": "LINK0003", "HISTREMARK": null, "link_stats_import_fid": 800, "link_stats_import_vehicle_count": 4.0, "link_stats_import_avg_speed": 7.59, "link_stats_import_sum_weight_kg": 2000.0}, "geometry": {"type": "MultiLineString", "coordinates": [[[128.8201826226141, 35.09847859964577], [128.81902865422805, 35.0987126728518]]]}}, {"type": "Feature", "properties": {"LINK_ID": "1410095501", "F_NODE": "1410031803", "T_NODE": "1410031802", "LANES": 2, "ROAD_RANK": "104", "ROAD_TYPE": "000", "ROAD_NO": "-", "ROAD_NAME": "녹산산단27로", "ROAD_USE": "0", "MULTI_LINK": "0", "CONNECT": "0", "MAX_SPD": 50, "REST_VEH": "0", "REST_W": 0, "REST_H": 0, "C-ITS": "0", "LENGTH": 12.160317002041, "UPDATEDATE": "20250512", "REMARK": null, "HIST_TYPE": "LINK0001", "HISTREMARK": null, "link_stats_import_fid": null, "link_stats_import_vehicle_count": null, "link_stats_import_avg_speed": null, "link_stats_import_sum_weight_kg": null}, "geometry": {"type": "MultiLineString", "coordinates": [[[128.83100480342335, 35.09976062745386], [128.83109961753857, 35.099683594643025]]]}}, {"type": "Feature", "properties": {"LINK_ID": "1410092201", "F_NODE": "1410032202", "T_NODE": "1410032201", "LANES": 2, "ROAD_RANK": "104", "ROAD_TYPE": "000", "ROAD_NO": "-", "ROAD_NAME": "녹산산단27로", "ROAD_USE": "0", "MULTI_LINK": "0", "CONNECT": "0", "MAX_SPD": 50, "REST_VEH": "0", "REST_W": 0, "REST_H": 0, "C-ITS": "0", "LENGTH": 12.248485557116, "UPDATEDATE": "20250512", "REMARK": null, "HIST_TYPE": "LINK0001", "HISTREMARK": null, "link_stats_import_fid": null, "link_stats_import_vehicle_count": null, "link_stats_import_avg_speed": null, "link_stats_import_sum_weight_kg": null}, "geometry": {"type": "MultiLineString", "coordinates": [[[128.82851298039168, 35.10000531779106], [128.82860945075006, 35.10008209585383]]]}}, {"type": "Feature", "properties": {"LINK_ID": "4180132701", "F_NODE": "4180103104", "T_NODE": "4180103103", "LANES": 2, "ROAD_RANK": "107", "ROAD_TYPE": "000", "ROAD_NO": "-", "ROAD_NAME": "안청로", "ROAD_USE": "0", "MULTI_LINK": "0", "CONNECT": "0", "MAX_SPD": 60, "REST_VEH": "0", "REST_W": 0, "REST_H": 0, "C-ITS": "0", "LENGTH": 12.890142148984, "UPDATEDATE": "20250512", "REMARK": null, "HIST_TYPE": "LINK0001", "HISTREMARK": null, "link_stats_import_fid": 1064, "link_stats_import_vehicle_count": 2.0, "link_stats_import_avg_speed": 6.84, "link_stats_import_sum_weight_kg": 30220.0}, "geometry": {"type": "MultiLineString", "coordinates": [[[128.8030324577157, 35.10142058248262], [128.80302622605225, 35.10130454645407]]]}}, {"type": "Feature", "properties": {"LINK_ID": "1410063401", "F_NODE": "1410022305", "T_NODE": "1410022306", "LANES": 3, "ROAD_RANK": "104", "ROAD_TYPE": "000", "ROAD_NO": "-", "ROAD_NAME": "녹산산업대로", "ROAD_USE": "0", "MULTI_LINK": "0", "CONNECT": "0", "MAX_SPD": 70, "REST_VEH": "0", "REST_W": 0, "REST_H": 0, "C-ITS": "0", "LENGTH": 71.930127038041, "UPDATEDATE": "20250512", "REMARK": null, "HIST_TYPE": "LINK0003", "HISTREMARK": null, "link_stats_import_fid": null, "link_stats_import_vehicle_count": null, "link_stats_import_avg_speed": null, "link_stats_import_sum_weight_kg": null}, "geometry": {"type": "MultiLineString", "coordinates": [[[128.82795109967518, 35.093394983412324], [128.82738789499817, 35.09384863631183]]]}}, {"type": "Feature", "properties": {"LINK_ID": "1410029200", "F_NODE": "1410011804", "T_NODE": "1410011901", "LANES": 2, "ROAD_RANK": "104", "ROAD_TYPE": "000", "ROAD_NO": "-", "ROAD_NAME": "녹산산단232로", "ROAD_USE": "0", "MULTI_LINK": "0", "CONNECT": "0", "MAX_SPD": 60, "REST_VEH": "0", "REST_W": 0, "REST_H": 0, "C-ITS": "0", "LENGTH": 74.942941593681, "UPDATEDATE": "20250512", "REMARK": null, "HIST_TYPE": "LINK0003", "HISTREMARK": null, "link_stats_import_fid": null, "link_stats_import_vehicle_count": null, "link_stats_import_avg_speed": null, "link_stats_import_sum_weight_kg": null}, "geometry": {"type": "MultiLineString", "coordinates": [[[128.84165478889622, 35.08574112167454], [128.8408332697219, 35.0857428638628]]]}}, {"type": "Feature", "properties": {"LINK_ID": "4180077401", "F_NODE": "4180119004", "T_NODE": "4180119003", "LANES": 3, "ROAD_RANK": "107", "ROAD_TYPE": "000", "ROAD_NO": "-", "ROAD_NAME": "신항4로", "ROAD_USE": "0", "MULTI_LINK": "0", "CONNECT": "0", "MAX_SPD": 50, "REST_VEH": "0", "REST_W": 0, "REST_H": 0, "C-ITS": "0", "LENGTH": 12.000056423575, "UPDATEDATE": "20250512", "REMARK": null, "HIST_TYPE": "LINK0001", "HISTREMARK": null, "link_stats_import_fid": 1250, "link_stats_import_vehicle_count": 1.0, "link_stats_import_avg_speed": 8.47, "link_stats_import_sum_weight_kg": 0.0}, "geometry": {"type": "MultiLineString", "coordinates": [[[128.8182150773464, 35.08895646701068], [128.81821577763898, 35.08884834023003]]]}}, {"type": "Feature", "properties": {"LINK_ID": "4180059900", "F_NODE": "4180087803", "T_NODE": "4180225200", "LANES": 4, "ROAD_RANK": "107", "ROAD_TYPE": "000", "ROAD_NO": "-", "ROAD_NAME": "신항로", "ROAD_USE": "0", "MULTI_LINK": "0", "CONNECT": "0", "MAX_SPD": 60, "REST_VEH": "0", "REST_W": 0, "REST_H": 0, "C-ITS": "0", "LENGTH": 427.281617442364, "UPDATEDATE": "20250512", "REMARK": null, "HIST_TYPE": "LINK0003", "HISTREMARK": null, "link_stats_import_fid": 95, "link_stats_import_vehicle_count": 167.0, "link_stats_import_avg_speed": 11.89, "link_stats_import_sum_weight_kg": 359074.0}, "geometry": {"type": "MultiLineString", "coordinates": [[[128.76509483324892, 35.08686560532296], [128.7651188302458, 35.08333305933337], [128.76511937309718, 35.08308705853056], [128.76520642791775, 35.08308685456833]]]}}, {"type": "Feature", "properties": {"LINK_ID": "1410081101", "F_NODE": "1410027304", "T_NODE": "1410027303", "LANES": 2, "ROAD_RANK": "104", "ROAD_TYPE": "000", "ROAD_NO": "-", "ROAD_NAME": "녹산산업중로", "ROAD_USE": "0", "MULTI_LINK": "0", "CONNECT": "0", "MAX_SPD": 50, "REST_VEH": "0", "REST_W": 0, "REST_H": 0, "C-ITS": "0", "LENGTH": 12.130052187222, "UPDATEDATE": "20250512", "REMARK": null, "HIST_TYPE": "LINK0001", "HISTREMARK": null, "link_stats_import_fid": 633, "link_stats_import_vehicle_count": 6.0, "link_stats_import_avg_speed": 7.33, "link_stats_import_sum_weight_kg": 1000.0}, "geometry": {"type": "MultiLineString", "coordinates": [[[128.8294884215995, 35.096539889893016], [128.8295839196687, 35.09646382423065]]]}}, {"type": "Feature", "properties": {"LINK_ID": "4180064001", "F_NODE": "4180109801", "T_NODE": "4180109804", "LANES": 2, "ROAD_RANK": "107", "ROAD_TYPE": "000", "ROAD_NO": "-", "ROAD_NAME": "신항4로", "ROAD_USE": "0", "MULTI_LINK": "0", "CONNECT": "0", "MAX_SPD": 60, "REST_VEH": "0", "REST_W": 0, "REST_H": 0, "C-ITS": "0", "LENGTH": 11.731336022341, "UPDATEDATE": "20250512", "REMARK": null, "HIST_TYPE": "LINK0001", "HISTREMARK": null, "link_stats_import_fid": null, "link_stats_import_vehicle_count": null, "link_stats_import_avg_speed": null, "link_stats_import_sum_weight_kg": null}, "geometry": {"type": "MultiLineString", "coordinates": [[[128.81236786055243, 35.084594584615346], [128.81223926246577, 35.08459458185511]]]}}, {"type": "Feature", "properties": {"LINK_ID": "1410081300", "F_NODE": "1410028904", "T_NODE": "1410027301", "LANES": 2, "ROAD_RANK": "104", "ROAD_TYPE": "000", "ROAD_NO": "-", "ROAD_NAME": "녹산산업북로", "ROAD_USE": "0", "MULTI_LINK": "0", "CONNECT": "0", "MAX_SPD": 50, "REST_VEH": "0", "REST_W": 0, "REST_H": 0, "C-ITS": "0", "LENGTH": 336.062462143021, "UPDATEDATE": "20250512", "REMARK": null, "HIST_TYPE": "LINK0003", "HISTREMARK": null, "link_stats_import_fid": 232, "link_stats_import_vehicle_count": 45.0, "link_stats_import_avg_speed": 9.13, "link_stats_import_sum_weight_kg": 67090.0}, "geometry": {"type": "MultiLineString", "coordinates": [[[128.8326418684452, 35.097993224192344], [128.83146798794215, 35.097977991218514], [128.83143798721377, 35.097969991171674], [128.83143298672047, 35.09796699089439], [128.82958541589926, 35.096616353322936]]]}}, {"type": "Feature", "properties": {"LINK_ID": "4180132600", "F_NODE": "4180103101", "T_NODE": "4180216600", "LANES": 2, "ROAD_RANK": "107", "ROAD_TYPE": "000", "ROAD_NO": "-", "ROAD_NAME": "안청로", "ROAD_USE": "0", "MULTI_LINK": "0", "CONNECT": "0", "MAX_SPD": 60, "REST_VEH": "0", "REST_W": 0, "REST_H": 0, "C-ITS": "0", "LENGTH": 100.149610827359, "UPDATEDATE": "20250512", "REMARK": null, "HIST_TYPE": "LINK0003", "HISTREMARK": null, "link_stats_import_fid": 917, "link_stats_import_vehicle_count": 3.0, "link_stats_import_avg_speed": 9.27, "link_stats_import_sum_weight_kg": 1000.0}, "geometry": {"type": "MultiLineString", "coordinates": [[[128.80315250754634, 35.101418475088344], [128.80317595642458, 35.10232068563232]]]}}, {"type": "Feature", "properties": {"LINK_ID": "4180083200", "F_NODE": "4180093003", "T_NODE": "4180093104", "LANES": 2, "ROAD_RANK": "107", "ROAD_TYPE": "000", "ROAD_NO": "-", "ROAD_NAME": "신항9로", "ROAD_USE": "0", "MULTI_LINK": "0", "CONNECT": "0", "MAX_SPD": 60, "REST_VEH": "0", "REST_W": 0, "REST_H": 0, "C-ITS": "0", "LENGTH": 300.733747752509, "UPDATEDATE": "20250512", "REMARK": null, "HIST_TYPE": "LINK0003", "HISTREMARK": null, "link_stats_import_fid": 227, "link_stats_import_vehicle_count": 48.0, "link_stats_import_avg_speed": 8.67, "link_stats_import_sum_weight_kg": 225265.0}, "geometry": {"type": "MultiLineString", "coordinates": [[[128.7786922676646, 35.09410953489061], [128.7787013929024, 35.0913997008002]]]}}, {"type": "Feature", "properties": {"LINK_ID": "1410000901", "F_NODE": "1410000403", "T_NODE": "1410000402", "LANES": 3, "ROAD_RANK": "103", "ROAD_TYPE": "000", "ROAD_NO": "2", "ROAD_NAME": "낙동남로", "ROAD_USE": "0", "MULTI_LINK": "0", "CONNECT": "0", "MAX_SPD": 70, "REST_VEH": "0", "REST_W": 0, "REST_H": 0, "C-ITS": "0", "LENGTH": 11.884633907054, "UPDATEDATE": "20250512", "REMARK": null, "HIST_TYPE": "LINK0001", "HISTREMARK": null, "link_stats_import_fid": null, "link_stats_import_vehicle_count": null, "link_stats_import_avg_speed": null, "link_stats_import_sum_weight_kg": null}, "geometry": {"type": "MultiLineString", "coordinates": [[[128.8427458220165, 35.105263435334365], [128.84284717980512, 35.10533073807613]]]}}, {"type": "Feature", "properties": {"LINK_ID": "1410738503", "F_NODE": "1410024302", "T_NODE": "1410024305", "LANES": 3, "ROAD_RANK": "104", "ROAD_TYPE": "000", "ROAD_NO": "-", "ROAD_NAME": "녹산산업대로", "ROAD_USE": "0", "MULTI_LINK": "0", "CONNECT": "0", "MAX_SPD": 70, "REST_VEH": "0", "REST_W": 0, "REST_H": 0, "C-ITS": "0", "LENGTH": 12.000969541162, "UPDATEDATE": "20250512", "REMARK": null, "HIST_TYPE": "LINK0001", "HISTREMARK": null, "link_stats_import_fid": 572, "link_stats_import_vehicle_count": 8.0, "link_stats_import_avg_speed": 12.54, "link_stats_import_sum_weight_kg": 9000.0}, "geometry": {"type": "MultiLineString", "coordinates": [[[128.82565628281046, 35.095243120928934], [128.82556231226596, 35.09531880737714]]]}}, {"type": "Feature", "properties": {"LINK_ID": "1410092101", "F_NODE": "1410030603", "T_NODE": "1410030602", "LANES": 2, "ROAD_RANK": "104", "ROAD_TYPE": "000", "ROAD_NO": "-", "ROAD_NAME": "녹산산업중로", "ROAD_USE": "0", "MULTI_LINK": "0", "CONNECT": "0", "MAX_SPD": 50, "REST_VEH": "0", "REST_W": 0, "REST_H": 0, "C-ITS": "0", "LENGTH": 12.163899445801, "UPDATEDATE": "20250512", "REMARK": null, "HIST_TYPE": "LINK0001", "HISTREMARK": null, "link_stats_import_fid": null, "link_stats_import_vehicle_count": null, "link_stats_import_avg_speed": null, "link_stats_import_sum_weight_kg": null}, "geometry": {"type": "MultiLineString", "coordinates": [[[128.82675560306365, 35.09871876092577], [128.8268513277641, 35.0986424469442]]]}}, {"type": "Feature", "properties": {"LINK_ID": "4180081701", "F_NODE": "4180090202", "T_NODE": "4180090201", "LANES": 2, "ROAD_RANK": "107", "ROAD_TYPE": "000", "ROAD_NO": "-", "ROAD_NAME": "신항7로", "ROAD_USE": "0", "MULTI_LINK": "0", "CONNECT": "0", "MAX_SPD": 50, "REST_VEH": "0", "REST_W": 0, "REST_H": 0, "C-ITS": "0", "LENGTH": 12.000217041914, "UPDATEDATE": "20250512", "REMARK": null, "HIST_TYPE": "LINK0001", "HISTREMARK": null, "link_stats_import_fid": null, "link_stats_import_vehicle_count": null, "link_stats_import_avg_speed": null, "link_stats_import_sum_weight_kg": null}, "geometry": {"type": "MultiLineString", "coordinates": [[[128.76994480975463, 35.094038152599765], [128.76994427780832, 35.09414628330616]]]}}, {"type": "Feature", "properties": {"LINK_ID": "1410066701", "F_NODE": "1410023004", "T_NODE": "1410023003", "LANES": 2, "ROAD_RANK": "104", "ROAD_TYPE": "000", "ROAD_NO": "-", "ROAD_NAME": "녹산산단261로", "ROAD_USE": "0", "MULTI_LINK": "0", "CONNECT": "0", "MAX_SPD": 50, "REST_VEH": "0", "REST_W": 0, "REST_H": 0, "C-ITS": "0", "LENGTH": 13.317688615933, "UPDATEDATE": "20250512", "REMARK": null, "HIST_TYPE": "LINK0001", "HISTREMARK": null, "link_stats_import_fid": 1130, "link_stats_import_vehicle_count": 1.0, "link_stats_import_avg_speed": 6.35, "link_stats_import_sum_weight_kg": 0.0}, "geometry": {"type": "MultiLineString", "coordinates": [[[128.84596585416162, 35.09352893742828], [128.8459661891622, 35.09340893804421]]]}}, {"type": "Feature", "properties": {"LINK_ID": "1410738502", "F_NODE": "1410024305", "T_NODE": "1410287901", "LANES": 3, "ROAD_RANK": "104", "ROAD_TYPE": "000", "ROAD_NO": "-", "ROAD_NAME": "녹산산업대로", "ROAD_USE": "0", "MULTI_LINK": "0", "CONNECT": "0", "MAX_SPD": 70, "REST_VEH": "0", "REST_W": 0, "REST_H": 0, "C-ITS": "0", "LENGTH": 174.446476753338, "UPDATEDATE": "20250512", "REMARK": null, "HIST_TYPE": "LINK0003", "HISTREMARK": null, "link_stats_import_fid": 154, "link_stats_import_vehicle_count": 86.0, "link_stats_import_avg_speed": 13.35, "link_stats_import_sum_weight_kg": 240328.0}, "geometry": {"type": "MultiLineString", "coordinates": [[[128.82556231226596, 35.09531880737714], [128.8241963337765, 35.09641898026581]]]}}, {"type": "Feature", "properties": {"LINK_ID": "4180107101", "F_NODE": "4180103404", "T_NODE": "4180103403", "LANES": 2, "ROAD_RANK": "107", "ROAD_TYPE": "000", "ROAD_NO": "-", "ROAD_NAME": "안청로", "ROAD_USE": "0", "MULTI_LINK": "0", "CONNECT": "0", "MAX_SPD": 60, "REST_VEH": "0", "REST_W": 0, "REST_H": 0, "C-ITS": "0", "LENGTH": 14.162944647195, "UPDATEDATE": "20250512", "REMARK": null, "HIST_TYPE": "LINK0001", "HISTREMARK": null, "link_stats_import_fid": null, "link_stats_import_vehicle_count": null, "link_stats_import_avg_speed": null, "link_stats_import_sum_weight_kg": null}, "geometry": {"type": "MultiLineString", "coordinates": [[[128.80329630391327, 35.098727533308335], [128.8033828732769, 35.09862158820028]]]}}, {"type": "Feature", "properties": {"LINK_ID": "4180149500", "F_NODE": "4180106304", "T_NODE": "4180184700", "LANES": 2, "ROAD_RANK": "107", "ROAD_TYPE": "000", "ROAD_NO": "-", "ROAD_NAME": "안청북로", "ROAD_USE": "0", "MULTI_LINK": "0", "CONNECT": "0", "MAX_SPD": 30, "REST_VEH": "0", "REST_W": 0, "REST_H": 0, "C-ITS": "0", "LENGTH": 140.476952501351, "UPDATEDATE": "20250512", "REMARK": null, "HIST_TYPE": "LINK0003", "HISTREMARK": null, "link_stats_import_fid": 1439, "link_stats_import_vehicle_count": 1.0, "link_stats_import_avg_speed": 8.74, "link_stats_import_sum_weight_kg": 31340.0}, "geometry": {"type": "MultiLineString", "coordinates": [[[128.806467553744, 35.10422415068265], [128.8049288356662, 35.1042809979886]]]}}, {"type": "Feature", "properties": {"LINK_ID": "4180127500", "F_NODE": "4180118502", "T_NODE": "4180120903", "LANES": 2, "ROAD_RANK": "107", "ROAD_TYPE": "000", "ROAD_NO": "-", "ROAD_NAME": "용재로", "ROAD_USE": "0", "MULTI_LINK": "0", "CONNECT": "0", "MAX_SPD": 60, "REST_VEH": "0", "REST_W": 0, "REST_H": 0, "C-ITS": "0", "LENGTH": 117.536575589012, "UPDATEDATE": "20250512", "REMARK": null, "HIST_TYPE": "LINK0003", "HISTREMARK": null, "link_stats_import_fid": null, "link_stats_import_vehicle_count": null, "link_stats_import_avg_speed": null, "link_stats_import_sum_weight_kg": null}, "geometry": {"type": "MultiLineString", "coordinates": [[[128.81815679864977, 35.10073786354775], [128.81940509606324, 35.10047482370252]]]}}, {"type": "Feature", "properties": {"LINK_ID": "4180062400", "F_NODE": "4180119604", "T_NODE": "4180226700", "LANES": 3, "ROAD_RANK": "107", "ROAD_TYPE": "000", "ROAD_NO": "-", "ROAD_NAME": "신항로", "ROAD_USE": "0", "MULTI_LINK": "0", "CONNECT": "0", "MAX_SPD": 60, "REST_VEH": "0", "REST_W": 0, "REST_H": 0, "C-ITS": "0", "LENGTH": 266.6791343483, "UPDATEDATE": "20250512", "REMARK": null, "HIST_TYPE": "LINK0003", "HISTREMARK": null, "link_stats_import_fid": 48, "link_stats_import_vehicle_count": 324.0, "link_stats_import_avg_speed": 13.79, "link_stats_import_sum_weight_kg": 4142056.0}, "geometry": {"type": "MultiLineString", "coordinates": [[[128.8182088615701, 35.08323831657711], [128.81537109566463, 35.083227555639176], [128.8152856271533, 35.083227557582184]]]}}, {"type": "Feature", "properties": {"LINK_ID": "4180138401", "F_NODE": "4180107703", "T_NODE": "4180107702", "LANES": 2, "ROAD_RANK": "107", "ROAD_TYPE": "000", "ROAD_NO": "-", "ROAD_NAME": "용재로", "ROAD_USE": "0", "MULTI_LINK": "0", "CONNECT": "0", "MAX_SPD": 60, "REST_VEH": "0", "REST_W": 0, "REST_H": 0, "C-ITS": "0", "LENGTH": 11.105245935914, "UPDATEDATE": "20250512", "REMARK": null, "HIST_TYPE": "LINK0001", "HISTREMARK": null, "link_stats_import_fid": null, "link_stats_import_vehicle_count": null, "link_stats_import_avg_speed": null, "link_stats_import_sum_weight_kg": null}, "geometry": {"type": "MultiLineString", "coordinates": [[[128.80994972593618, 35.10239538195405], [128.81006842154943, 35.102373068274446]]]}}, {"type": "Feature", "properties": {"LINK_ID": "1410029001", "F_NODE": "1410014002", "T_NODE": "1410014001", "LANES": 2, "ROAD_RANK": "104", "ROAD_TYPE": "000", "ROAD_NO": "-", "ROAD_NAME": "녹산산단232로", "ROAD_USE": "0", "MULTI_LINK": "0", "CONNECT": "0", "MAX_SPD": 50, "REST_VEH": "0", "REST_W": 0, "REST_H": 0, "C-ITS": "0", "LENGTH": 13.317786149504, "UPDATEDATE": "20250512", "REMARK": null, "HIST_TYPE": "LINK0001", "HISTREMARK": null, "link_stats_import_fid": null, "link_stats_import_vehicle_count": null, "link_stats_import_avg_speed": null, "link_stats_import_sum_weight_kg": null}, "geometry": {"type": "MultiLineString", "coordinates": [[[128.84279309852107, 35.08778506486958], [128.84279282631618, 35.08790506548936]]]}}, {"type": "Feature", "properties": {"LINK_ID": "1410000803", "F_NODE": "1410000206", "T_NODE": "1410000205", "LANES": 3, "ROAD_RANK": "105", "ROAD_TYPE": "000", "ROAD_NO": "58", "ROAD_NAME": "가락대로", "ROAD_USE": "0", "MULTI_LINK": "0", "CONNECT": "0", "MAX_SPD": 60, "REST_VEH": "0", "REST_W": 0, "REST_H": 450, "C-ITS": "0", "LENGTH": 16.652331939365, "UPDATEDATE": "20250512", "REMARK": null, "HIST_TYPE": "LINK0001", "HISTREMARK": null, "link_stats_import_fid": null, "link_stats_import_vehicle_count": null, "link_stats_import_avg_speed": null, "link_stats_import_sum_weight_kg": null}, "geometry": {"type": "MultiLineString", "coordinates": [[[128.83935570402016, 35.10297890195315], [128.83935338464929, 35.10282886723722]]]}}, {"type": "Feature", "properties": {"LINK_ID": "4180147800", "F_NODE": "4180108101", "T_NODE": "4180107502", "LANES": 3, "ROAD_RANK": "103", "ROAD_TYPE": "000", "ROAD_NO": "2", "ROAD_NAME": "진해대로", "ROAD_USE": "0", "MULTI_LINK": "0", "CONNECT": "0", "MAX_SPD": 70, "REST_VEH": "0", "REST_W": 0, "REST_H": 0, "C-ITS": "0", "LENGTH": 191.025963314078, "UPDATEDATE": "20250512", "REMARK": null, "HIST_TYPE": "LINK0003", "HISTREMARK": null, "link_stats_import_fid": 1436, "link_stats_import_vehicle_count": 1.0, "link_stats_import_avg_speed": 17.57, "link_stats_import_sum_weight_kg": 27317.0}, "geometry": {"type": "MultiLineString", "coordinates": [[[128.81051736470772, 35.104030573070254], [128.810214988103, 35.10424799120419], [128.80983498690958, 35.10450799173262], [128.80960998765605, 35.10469399154094], [128.80926498801077, 35.10503999149855], [128.80908599773286, 35.10527251846748]]]}}, {"type": "Feature", "properties": {"LINK_ID": "1410084400", "F_NODE": "1410028301", "T_NODE": "1410029602", "LANES": 2, "ROAD_RANK": "104", "ROAD_TYPE": "000", "ROAD_NO": "-", "ROAD_NAME": "녹산산단261로", "ROAD_USE": "0", "MULTI_LINK": "0", "CONNECT": "0", "MAX_SPD": 50, "REST_VEH": "0", "REST_W": 0, "REST_H": 0, "C-ITS": "0", "LENGTH": 121.185363253645, "UPDATEDATE": "20250512", "REMARK": null, "HIST_TYPE": "LINK0003", "HISTREMARK": null, "link_stats_import_fid": 1152, "link_stats_import_vehicle_count": 1.0, "link_stats_import_avg_speed": 9.79, "link_stats_import_sum_weight_kg": 0.0}, "geometry": {"type": "MultiLineString", "coordinates": [[[128.84607783859423, 35.09684019871829], [128.846075135611, 35.09793214252501]]]}}, {"type": "Feature", "properties": {"LINK_ID": "1410029301", "F_NODE": "1410011803", "T_NODE": "1410011802", "LANES": 2, "ROAD_RANK": "104", "ROAD_TYPE": "000", "ROAD_NO": "-", "ROAD_NAME": "녹산산단232로", "ROAD_USE": "0", "MULTI_LINK": "0", "CONNECT": "0", "MAX_SPD": 60, "REST_VEH": "0", "REST_W": 0, "REST_H": 0, "C-ITS": "0", "LENGTH": 10.950219139599, "UPDATEDATE": "20250512", "REMARK": null, "HIST_TYPE": "LINK0001", "HISTREMARK": null, "link_stats_import_fid": null, "link_stats_import_vehicle_count": null, "link_stats_import_avg_speed": null, "link_stats_import_sum_weight_kg": null}, "geometry": {"type": "MultiLineString", "coordinates": [[[128.84165441122408, 35.0856211204582], [128.84177444657522, 35.08562087548764]]]}}, {"type": "Feature", "properties": {"LINK_ID": "4180067602", "F_NODE": "4180223300", "T_NODE": "4180119401", "LANES": 4, "ROAD_RANK": "107", "ROAD_TYPE": "000", "ROAD_NO": "-", "ROAD_NAME": "신항북로", "ROAD_USE": "0", "MULTI_LINK": "0", "CONNECT": "0", "MAX_SPD": 70, "REST_VEH": "0", "REST_W": 0, "REST_H": 0, "C-ITS": "0", "LENGTH": 268.931448712165, "UPDATEDATE": "20250512", "REMARK": null, "HIST_TYPE": "LINK1007", "HISTREMARK": "4180067600", "link_stats_import_fid": 134, "link_stats_import_vehicle_count": 106.0, "link_stats_import_avg_speed": 11.69, "link_stats_import_sum_weight_kg": 233139.0}, "geometry": {"type": "MultiLineString", "coordinates": [[[128.82130519101105, 35.086120818266565], [128.8209899084253, 35.086120989440005], [128.8202648014261, 35.08611798912377], [128.81933273620206, 35.08611598902419], [128.8183571730576, 35.086110372026596]]]}}, {"type": "Feature", "properties": {"LINK_ID": "4180126401", "F_NODE": "4180107702", "T_NODE": "4180107701", "LANES": 2, "ROAD_RANK": "107", "ROAD_TYPE": "000", "ROAD_NO": "-", "ROAD_NAME": "안골로", "ROAD_USE": "0", "MULTI_LINK": "0", "CONNECT": "0", "MAX_SPD": 50, "REST_VEH": "0", "REST_W": 0, "REST_H": 0, "C-ITS": "0", "LENGTH": 13.085327993728, "UPDATEDATE": "20250512", "REMARK": null, "HIST_TYPE": "LINK0001", "HISTREMARK": null, "link_stats_import_fid": 1059, "link_stats_import_vehicle_count": 2.0, "link_stats_import_avg_speed": 5.88, "link_stats_import_sum_weight_kg": 16670.0}, "geometry": {"type": "MultiLineString", "coordinates": [[[128.81006842154943, 35.102373068274446], [128.8101018142101, 35.10248773763717]]]}}, {"type": "Feature", "properties": {"LINK_ID": "4180104500", "F_NODE": "4180122302", "T_NODE": "1410401303", "LANES": 2, "ROAD_RANK": "107", "ROAD_TYPE": "000", "ROAD_NO": "-", "ROAD_NAME": "용원로", "ROAD_USE": "0", "MULTI_LINK": "0", "CONNECT": "0", "MAX_SPD": 60, "REST_VEH": "0", "REST_W": 0, "REST_H": 0, "C-ITS": "0", "LENGTH": 103.303573830804, "UPDATEDATE": "20250512", "REMARK": null, "HIST_TYPE": "LINK0003", "HISTREMARK": null, "link_stats_import_fid": 733, "link_stats_import_vehicle_count": 5.0, "link_stats_import_avg_speed": 6.82, "link_stats_import_sum_weight_kg": 32220.0}, "geometry": {"type": "MultiLineString", "coordinates": [[[128.82095867511455, 35.09821074560343], [128.82205292318832, 35.09797059944959]]]}}, {"type": "Feature", "properties": {"LINK_ID": "4180150503", "F_NODE": "4180214900", "T_NODE": "4180103204", "LANES": 2, "ROAD_RANK": "107", "ROAD_TYPE": "000", "ROAD_NO": "-", "ROAD_NAME": "안청로", "ROAD_USE": "0", "MULTI_LINK": "0", "CONNECT": "0", "MAX_SPD": 60, "REST_VEH": "0", "REST_W": 0, "REST_H": 0, "C-ITS": "0", "LENGTH": 138.124824708749, "UPDATEDATE": "20250512", "REMARK": null, "HIST_TYPE": "LINK1007", "HISTREMARK": "4180150500", "link_stats_import_fid": 924, "link_stats_import_vehicle_count": 3.0, "link_stats_import_avg_speed": 12.83, "link_stats_import_sum_weight_kg": 52420.0}, "geometry": {"type": "MultiLineString", "coordinates": [[[128.8032207806663, 35.105588387356526], [128.8032059877193, 35.10556399178311], [128.80319798832323, 35.105537990876236], [128.8031113341399, 35.10434959998733]]]}}, {"type": "Feature", "properties": {"LINK_ID": "1410066700", "F_NODE": "1410024603", "T_NODE": "1410023004", "LANES": 2, "ROAD_RANK": "104", "ROAD_TYPE": "000", "ROAD_NO": "-", "ROAD_NAME": "녹산산단261로", "ROAD_USE": "0", "MULTI_LINK": "0", "CONNECT": "0", "MAX_SPD": 50, "REST_VEH": "0", "REST_W": 0, "REST_H": 0, "C-ITS": "0", "LENGTH": 86.680444519053, "UPDATEDATE": "20250512", "REMARK": null, "HIST_TYPE": "LINK0003", "HISTREMARK": null, "link_stats_import_fid": 1129, "link_stats_import_vehicle_count": 1.0, "link_stats_import_avg_speed": 7.78, "link_stats_import_sum_weight_kg": 0.0}, "geometry": {"type": "MultiLineString", "coordinates": [[[128.8459641213849, 35.09430997455958], [128.84596585416162, 35.09352893742828]]]}}, {"type": "Feature", "properties": {"LINK_ID": "4180059100", "F_NODE": "4180091504", "T_NODE": "4180090601", "LANES": 2, "ROAD_RANK": "107", "ROAD_TYPE": "000", "ROAD_NO": "-", "ROAD_NAME": "신항로", "ROAD_USE": "0", "MULTI_LINK": "0", "CONNECT": "0", "MAX_SPD": 60, "REST_VEH": "0", "REST_W": 0, "REST_H": 0, "C-ITS": "0", "LENGTH": 389.038738683566, "UPDATEDATE": "20250512", "REMARK": null, "HIST_TYPE": "LINK0003", "HISTREMARK": null, "link_stats_import_fid": 57, "link_stats_import_vehicle_count": 270.0, "link_stats_import_avg_speed": 12.34, "link_stats_import_sum_weight_kg": 2179749.0}, "geometry": {"type": "MultiLineString", "coordinates": [[[128.77428548300477, 35.08320892026618], [128.77393166883328, 35.08318415162705], [128.77002215879602, 35.08318376701157]]]}}, {"type": "Feature", "properties": {"LINK_ID": "4180075302", "F_NODE": "4180199300", "T_NODE": "4180110203", "LANES": 3, "ROAD_RANK": "107", "ROAD_TYPE": "000", "ROAD_NO": "-", "ROAD_NAME": "신항동로", "ROAD_USE": "0", "MULTI_LINK": "0", "CONNECT": "0", "MAX_SPD": 30, "REST_VEH": "0", "REST_W": 0, "REST_H": 0, "C-ITS": "0", "LENGTH": 205.619972737121, "UPDATEDATE": "20250512", "REMARK": null, "HIST_TYPE": "LINK1007", "HISTREMARK": "4180075300", "link_stats_import_fid": 869, "link_stats_import_vehicle_count": 3.0, "link_stats_import_avg_speed": 8.23, "link_stats_import_sum_weight_kg": 0.0}, "geometry": {"type": "MultiLineString", "coordinates": [[[128.8104616309406, 35.08881495792474], [128.8108325120224, 35.08881578963297], [128.81108816140903, 35.08881917591034], [128.81271549420836, 35.088840718556796]]]}}, {"type": "Feature", "properties": {"LINK_ID": "4180136600", "F_NODE": "4180123004", "T_NODE": "4180117001", "LANES": 3, "ROAD_RANK": "103", "ROAD_TYPE": "000", "ROAD_NO": "2", "ROAD_NAME": "진해대로", "ROAD_USE": "0", "MULTI_LINK": "0", "CONNECT": "0", "MAX_SPD": 70, "REST_VEH": "0", "REST_W": 0, "REST_H": 0, "C-ITS": "0", "LENGTH": 475.03954921187, "UPDATEDATE": "20250512", "REMARK": null, "HIST_TYPE": "LINK0003", "HISTREMARK": null, "link_stats_import_fid": 1417, "link_stats_import_vehicle_count": 1.0, "link_stats_import_avg_speed": 16.34, "link_stats_import_sum_weight_kg": 1000.0}, "geometry": {"type": "MultiLineString", "coordinates": [[[128.82229267515203, 35.101766718646864], [128.82110398722673, 35.10174899207992], [128.81853798756293, 35.1022519920885], [128.8171975354725, 35.10252695621392]]]}}, {"type": "Feature", "properties": {"LINK_ID": "4180082600", "F_NODE": "4180095104", "T_NODE": "4180094501", "LANES": 4, "ROAD_RANK": "107", "ROAD_TYPE": "000", "ROAD_NO": "-", "ROAD_NAME": "신항10로", "ROAD_USE": "0", "MULTI_LINK": "0", "CONNECT": "0", "MAX_SPD": 60, "REST_VEH": "0", "REST_W": 0, "REST_H": 0, "C-ITS": "0", "LENGTH": 89.861766638825, "UPDATEDATE": "20250512", "REMARK": null, "HIST_TYPE": "LINK0003", "HISTREMARK": null, "link_stats_import_fid": 619, "link_stats_import_vehicle_count": 7.0, "link_stats_import_avg_speed": 7.57, "link_stats_import_sum_weight_kg": 2000.0}, "geometry": {"type": "MultiLineString", "coordinates": [[[128.7823630958219, 35.09136505839975], [128.7822136030088, 35.09138122559973], [128.78140165888374, 35.09138584437767], [128.78137925318399, 35.09138597182454]]]}}, {"type": "Feature", "properties": {"LINK_ID": "1410705401", "F_NODE": "1410687400", "T_NODE": "1410277801", "LANES": 2, "ROAD_RANK": "104", "ROAD_TYPE": "000", "ROAD_NO": "-", "ROAD_NAME": "신항로", "ROAD_USE": "0", "MULTI_LINK": "0", "CONNECT": "0", "MAX_SPD": 30, "REST_VEH": "0", "REST_W": 0, "REST_H": 0, "C-ITS": "0", "LENGTH": 104.706217199979, "UPDATEDATE": "20250512", "REMARK": null, "HIST_TYPE": "LINK1007", "HISTREMARK": "1410705400", "link_stats_import_fid": 968, "link_stats_import_vehicle_count": 2.0, "link_stats_import_avg_speed": 6.73, "link_stats_import_sum_weight_kg": 1000.0}, "geometry": {"type": "MultiLineString", "coordinates": [[[128.83096423181541, 35.08502376216851], [128.8309638074941, 35.08505462557852], [128.83096050833151, 35.085967223290716]]]}}, {"type": "Feature", "properties": {"LINK_ID": "1410035500", "F_NODE": "1410015203", "T_NODE": "1410013704", "LANES": 3, "ROAD_RANK": "105", "ROAD_TYPE": "000", "ROAD_NO": "58", "ROAD_NAME": "가락대로", "ROAD_USE": "0", "MULTI_LINK": "0", "CONNECT": "0", "MAX_SPD": 60, "REST_VEH": "0", "REST_W": 0, "REST_H": 0, "C-ITS": "0", "LENGTH": 110.874798008534, "UPDATEDATE": "20250512", "REMARK": null, "HIST_TYPE": "LINK0003", "HISTREMARK": null, "link_stats_import_fid": 338, "link_stats_import_vehicle_count": 20.0, "link_stats_import_avg_speed": 9.21, "link_stats_import_sum_weight_kg": 53810.0}, "geometry": {"type": "MultiLineString", "coordinates": [[[128.8393951488024, 35.08889894380482], [128.8393978269941, 35.08789990004114]]]}}, {"type": "Feature", "properties": {"LINK_ID": "1411031802", "F_NODE": "1410913200", "T_NODE": "1410382503", "LANES": 3, "ROAD_RANK": "104", "ROAD_TYPE": "000", "ROAD_NO": "-", "ROAD_NAME": "신항남로", "ROAD_USE": "0", "MULTI_LINK": "0", "CONNECT": "0", "MAX_SPD": 60, "REST_VEH": "0", "REST_W": 0, "REST_H": 0, "C-ITS": "0", "LENGTH": 433.660940384676, "UPDATEDATE": "20250512", "REMARK": null, "HIST_TYPE": "LINK1007", "HISTREMARK": "1411031800", "link_stats_import_fid": 36, "link_stats_import_vehicle_count": 355.0, "link_stats_import_avg_speed": 14.55, "link_stats_import_sum_weight_kg": 16430000.0}, "geometry": {"type": "MultiLineString", "coordinates": [[[128.8267864119753, 35.066392657396456], [128.82681812390493, 35.06640327042187], [128.827392628079, 35.066549028001695], [128.827822060515, 35.066616793957586], [128.83142783760567, 35.067221217845585]]]}}, {"type": "Feature", "properties": {"LINK_ID": "1410196000", "F_NODE": "1410071902", "T_NODE": "1410909700", "LANES": 2, "ROAD_RANK": "105", "ROAD_TYPE": "003", "ROAD_NO": "58", "ROAD_NAME": "거가대로", "ROAD_USE": "0", "MULTI_LINK": "0", "CONNECT": "0", "MAX_SPD": 80, "REST_VEH": "5", "REST_W": 0, "REST_H": 0, "C-ITS": "0", "LENGTH": 512.634992858347, "UPDATEDATE": "20250512", "REMARK": null, "HIST_TYPE": "LINK0003", "HISTREMARK": null, "link_stats_import_fid": 842, "link_stats_import_vehicle_count": 3.0, "link_stats_import_avg_speed": 18.87, "link_stats_import_sum_weight_kg": 0.0}, "geometry": {"type": "MultiLineString", "coordinates": [[[128.83769893863177, 35.07262836297669], [128.8359016034515, 35.06834253771998], [128.83586334728136, 35.06826276614317]]]}}, {"type": "Feature", "properties": {"LINK_ID": "4180090402", "F_NODE": "4180092904", "T_NODE": "4180092903", "LANES": 2, "ROAD_RANK": "107", "ROAD_TYPE": "000", "ROAD_NO": "-", "ROAD_NAME": "신항9로", "ROAD_USE": "0", "MULTI_LINK": "0", "CONNECT": "0", "MAX_SPD": 60, "REST_VEH": "0", "REST_W": 0, "REST_H": 0, "C-ITS": "0", "LENGTH": 12.000019919694, "UPDATEDATE": "20250512", "REMARK": null, "HIST_TYPE": "LINK0001", "HISTREMARK": null, "link_stats_import_fid": null, "link_stats_import_vehicle_count": null, "link_stats_import_avg_speed": null, "link_stats_import_sum_weight_kg": null}, "geometry": {"type": "MultiLineString", "coordinates": [[[128.7786826641499, 35.097021114316796], [128.77868283095592, 35.09691298498197]]]}}, {"type": "Feature", "properties": {"LINK_ID": "4180082601", "F_NODE": "4180094501", "T_NODE": "4180094504", "LANES": 4, "ROAD_RANK": "107", "ROAD_TYPE": "000", "ROAD_NO": "-", "ROAD_NAME": "신항10로", "ROAD_USE": "0", "MULTI_LINK": "0", "CONNECT": "0", "MAX_SPD": 60, "REST_VEH": "0", "REST_W": 0, "REST_H": 0, "C-ITS": "0", "LENGTH": 12.000228099196, "UPDATEDATE": "20250512", "REMARK": null, "HIST_TYPE": "LINK0001", "HISTREMARK": null, "link_stats_import_fid": null, "link_stats_import_vehicle_count": null, "link_stats_import_avg_speed": null, "link_stats_import_sum_weight_kg": null}, "geometry": {"type": "MultiLineString", "coordinates": [[[128.78137925318399, 35.09138597182454], [128.7812476982552, 35.09138671983136]]]}}, {"type": "Feature", "properties": {"LINK_ID": "4180124000", "F_NODE": "4180122704", "T_NODE": "4180122501", "LANES": 2, "ROAD_RANK": "107", "ROAD_TYPE": "000", "ROAD_NO": "-", "ROAD_NAME": "용재로", "ROAD_USE": "0", "MULTI_LINK": "0", "CONNECT": "0", "MAX_SPD": 60, "REST_VEH": "0", "REST_W": 0, "REST_H": 0, "C-ITS": "0", "LENGTH": 46.793246150246, "UPDATEDATE": "20250512", "REMARK": null, "HIST_TYPE": "LINK0003", "HISTREMARK": null, "link_stats_import_fid": null, "link_stats_import_vehicle_count": null, "link_stats_import_avg_speed": null, "link_stats_import_sum_weight_kg": null}, "geometry": {"type": "MultiLineString", "coordinates": [[[128.82161245748665, 35.10016192534364], [128.821115243783, 35.10026584497302]]]}}, {"type": "Feature", "properties": {"LINK_ID": "4180135201", "F_NODE": "4180111003", "T_NODE": "4180111002", "LANES": 2, "ROAD_RANK": "107", "ROAD_TYPE": "000", "ROAD_NO": "-", "ROAD_NAME": "용재로", "ROAD_USE": "0", "MULTI_LINK": "0", "CONNECT": "0", "MAX_SPD": 60, "REST_VEH": "0", "REST_W": 0, "REST_H": 0, "C-ITS": "0", "LENGTH": 11.042410305389, "UPDATEDATE": "20250512", "REMARK": null, "HIST_TYPE": "LINK0001", "HISTREMARK": null, "link_stats_import_fid": null, "link_stats_import_vehicle_count": null, "link_stats_import_avg_speed": null, "link_stats_import_sum_weight_kg": null}, "geometry": {"type": "MultiLineString", "coordinates": [[[128.8133732226919, 35.101694167374085], [128.81349095207358, 35.10167095082612]]]}}, {"type": "Feature", "properties": {"LINK_ID": "4180092801", "F_NODE": "4180102801", "T_NODE": "4180102808", "LANES": 2, "ROAD_RANK": "107", "ROAD_TYPE": "000", "ROAD_NO": "-", "ROAD_NAME": "안골로", "ROAD_USE": "0", "MULTI_LINK": "0", "CONNECT": "0", "MAX_SPD": 30, "REST_VEH": "0", "REST_W": 0, "REST_H": 0, "C-ITS": "0", "LENGTH": 8.078381175656, "UPDATEDATE": "20250512", "REMARK": null, "HIST_TYPE": "LINK0001", "HISTREMARK": null, "link_stats_import_fid": null, "link_stats_import_vehicle_count": null, "link_stats_import_avg_speed": null, "link_stats_import_sum_weight_kg": null}, "geometry": {"type": "MultiLineString", "coordinates": [[[128.80217349896373, 35.096000543307184], [128.80213691866697, 35.09600542118839], [128.8020879195117, 35.09599236833917]]]}}, {"type": "Feature", "properties": {"LINK_ID": "4180080500", "F_NODE": "4180087702", "T_NODE": "4180090303", "LANES": 4, "ROAD_RANK": "107", "ROAD_TYPE": "000", "ROAD_NO": "-", "ROAD_NAME": "신항10로", "ROAD_USE": "0", "MULTI_LINK": "0", "CONNECT": "0", "MAX_SPD": 80, "REST_VEH": "0", "REST_W": 0, "REST_H": 0, "C-ITS": "0", "LENGTH": 420.444182743427, "UPDATEDATE": "20250512", "REMARK": null, "HIST_TYPE": "LINK0006", "HISTREMARK": null, "link_stats_import_fid": 389, "link_stats_import_vehicle_count": 16.0, "link_stats_import_avg_speed": 7.48, "link_stats_import_sum_weight_kg": 11666.0}, "geometry": {"type": "MultiLineString", "coordinates": [[[128.76522146083465, 35.0912803628712], [128.76657037059817, 35.091293541369396], [128.76684115181777, 35.091292295843125], [128.76705351543026, 35.09129131910867], [128.76714910815568, 35.09129087961783], [128.7672806625819, 35.09129027450552], [128.7674310276785, 35.09128958250939], [128.76857987018505, 35.091284288170776], [128.76939183433535, 35.09128214421315], [128.76983065974773, 35.0912809823106]]]}}, {"type": "Feature", "properties": {"LINK_ID": "4180089800", "F_NODE": "4180093004", "T_NODE": "4180090901", "LANES": 4, "ROAD_RANK": "107", "ROAD_TYPE": "000", "ROAD_NO": "-", "ROAD_NAME": "신항북로", "ROAD_USE": "0", "MULTI_LINK": "0", "CONNECT": "0", "MAX_SPD": 80, "REST_VEH": "0", "REST_W": 0, "REST_H": 0, "C-ITS": "0", "LENGTH": 392.911843040761, "UPDATEDATE": "20250512", "REMARK": null, "HIST_TYPE": "LINK0003", "HISTREMARK": null, "link_stats_import_fid": 195, "link_stats_import_vehicle_count": 61.0, "link_stats_import_avg_speed": 11.99, "link_stats_import_sum_weight_kg": 85528.0}, "geometry": {"type": "MultiLineString", "coordinates": [[[128.77869190371976, 35.09421766730167], [128.77438448086417, 35.094182595986666]]]}}, {"type": "Feature", "properties": {"LINK_ID": "1411030600", "F_NODE": "1410382402", "T_NODE": "1410382303", "LANES": 3, "ROAD_RANK": "104", "ROAD_TYPE": "000", "ROAD_NO": "-", "ROAD_NAME": "신항남로", "ROAD_USE": "0", "MULTI_LINK": "0", "CONNECT": "0", "MAX_SPD": 30, "REST_VEH": "0", "REST_W": 0, "REST_H": 0, "C-ITS": "0", "LENGTH": 95.174426253113, "UPDATEDATE": "20250512", "REMARK": null, "HIST_TYPE": "LINK0003", "HISTREMARK": null, "link_stats_import_fid": 88, "link_stats_import_vehicle_count": 174.0, "link_stats_import_avg_speed": 6.64, "link_stats_import_sum_weight_kg": 2149537.0}, "geometry": {"type": "MultiLineString", "coordinates": [[[128.83362037597448, 35.06984618095386], [128.83380768402893, 35.06984228053135], [128.83441771513472, 35.06982957549832], [128.83466188986029, 35.06980860029002]]]}}, {"type": "Feature", "properties": {"LINK_ID": "4180126001", "F_NODE": "4180107603", "T_NODE": "4180107602", "LANES": 2, "ROAD_RANK": "107", "ROAD_TYPE": "000", "ROAD_NO": "-", "ROAD_NAME": "용원로", "ROAD_USE": "0", "MULTI_LINK": "0", "CONNECT": "0", "MAX_SPD": 60, "REST_VEH": "0", "REST_W": 0, "REST_H": 0, "C-ITS": "0", "LENGTH": 16.155684241376, "UPDATEDATE": "20250512", "REMARK": null, "HIST_TYPE": "LINK0001", "HISTREMARK": null, "link_stats_import_fid": 1056, "link_stats_import_vehicle_count": 2.0, "link_stats_import_avg_speed": 6.08, "link_stats_import_sum_weight_kg": 2000.0}, "geometry": {"type": "MultiLineString", "coordinates": [[[128.8093428739189, 35.10053519512463], [128.8095154933626, 35.10050254521082]]]}}, {"type": "Feature", "properties": {"LINK_ID": "1410706000", "F_NODE": "1410277901", "T_NODE": "1410278007", "LANES": 4, "ROAD_RANK": "104", "ROAD_TYPE": "003", "ROAD_NO": "-", "ROAD_NAME": "신항북로", "ROAD_USE": "0", "MULTI_LINK": "0", "CONNECT": "0", "MAX_SPD": 50, "REST_VEH": "0", "REST_W": 0, "REST_H": 0, "C-ITS": "0", "LENGTH": 279.988089424801, "UPDATEDATE": "20250512", "REMARK": null, "HIST_TYPE": "LINK0003", "HISTREMARK": null, "link_stats_import_fid": 110, "link_stats_import_vehicle_count": 139.0, "link_stats_import_avg_speed": 10.1, "link_stats_import_sum_weight_kg": 448023.0}, "geometry": {"type": "MultiLineString", "coordinates": [[[128.83125931143152, 35.087159920137374], [128.83135762258252, 35.08724290291437], [128.83276992567903, 35.08843499718049], [128.83283656443942, 35.08849003604288], [128.8333638902596, 35.088994960540504]]]}}, {"type": "Feature", "properties": {"LINK_ID": "4180090400", "F_NODE": "4180092903", "T_NODE": "4180093004", "LANES": 2, "ROAD_RANK": "107", "ROAD_TYPE": "000", "ROAD_NO": "-", "ROAD_NAME": "신항9로", "ROAD_USE": "0", "MULTI_LINK": "0", "CONNECT": "0", "MAX_SPD": 60, "REST_VEH": "0", "REST_W": 0, "REST_H": 0, "C-ITS": "0", "LENGTH": 299.122866259243, "UPDATEDATE": "20250512", "REMARK": null, "HIST_TYPE": "LINK0003", "HISTREMARK": null, "link_stats_import_fid": 225, "link_stats_import_vehicle_count": 49.0, "link_stats_import_avg_speed": 7.57, "link_stats_import_sum_weight_kg": 129260.0}, "geometry": {"type": "MultiLineString", "coordinates": [[[128.77868283095592, 35.09691298498197], [128.77869190371976, 35.09421766730167]]]}}, {"type": "Feature", "properties": {"LINK_ID": "4180138402", "F_NODE": "4180108003", "T_NODE": "4180108002", "LANES": 2, "ROAD_RANK": "107", "ROAD_TYPE": "000", "ROAD_NO": "-", "ROAD_NAME": "용재로", "ROAD_USE": "0", "MULTI_LINK": "0", "CONNECT": "0", "MAX_SPD": 60, "REST_VEH": "0", "REST_W": 0, "REST_H": 0, "C-ITS": "0", "LENGTH": 11.742460253233, "UPDATEDATE": "20250512", "REMARK": null, "HIST_TYPE": "LINK0001", "HISTREMARK": null, "link_stats_import_fid": null, "link_stats_import_vehicle_count": null, "link_stats_import_avg_speed": null, "link_stats_import_sum_weight_kg": null}, "geometry": {"type": "MultiLineString", "coordinates": [[[128.81032659743994, 35.10230937160995], [128.81045038339306, 35.10228028027214]]]}}, {"type": "Feature", "properties": {"LINK_ID": "1410705801", "F_NODE": "1410278103", "T_NODE": "1410278102", "LANES": 3, "ROAD_RANK": "104", "ROAD_TYPE": "000", "ROAD_NO": "-", "ROAD_NAME": "신항로", "ROAD_USE": "0", "MULTI_LINK": "0", "CONNECT": "0", "MAX_SPD": 60, "REST_VEH": "0", "REST_W": 0, "REST_H": 0, "C-ITS": "0", "LENGTH": 12.000024017887, "UPDATEDATE": "20250512", "REMARK": null, "HIST_TYPE": "LINK0001", "HISTREMARK": null, "link_stats_import_fid": 147, "link_stats_import_vehicle_count": 91.0, "link_stats_import_avg_speed": 7.18, "link_stats_import_sum_weight_kg": 573251.0}, "geometry": {"type": "MultiLineString", "coordinates": [[[128.8346680296262, 35.083139818736214], [128.83479956939635, 35.08314001484229]]]}}, {"type": "Feature", "properties": {"LINK_ID": "1411032701", "F_NODE": "1410382101", "T_NODE": "1410382104", "LANES": 3, "ROAD_RANK": "104", "ROAD_TYPE": "000", "ROAD_NO": "-", "ROAD_NAME": "신항남로", "ROAD_USE": "0", "MULTI_LINK": "0", "CONNECT": "0", "MAX_SPD": 10, "REST_VEH": "0", "REST_W": 0, "REST_H": 0, "C-ITS": "0", "LENGTH": 11.999990872298, "UPDATEDATE": "20250512", "REMARK": null, "HIST_TYPE": "LINK0001", "HISTREMARK": null, "link_stats_import_fid": 171, "link_stats_import_vehicle_count": 75.0, "link_stats_import_avg_speed": 14.31, "link_stats_import_sum_weight_kg": 1179637.0}, "geometry": {"type": "MultiLineString", "coordinates": [[[128.8348739777396, 35.07426564168189], [128.8347424523801, 35.0742656047645]]]}}, {"type": "Feature", "properties": {"LINK_ID": "1410075400", "F_NODE": "1410025601", "T_NODE": "1410027303", "LANES": 2, "ROAD_RANK": "104", "ROAD_TYPE": "000", "ROAD_NO": "-", "ROAD_NAME": "녹산산업북로", "ROAD_USE": "0", "MULTI_LINK": "0", "CONNECT": "0", "MAX_SPD": 50, "REST_VEH": "0", "REST_W": 0, "REST_H": 0, "C-ITS": "0", "LENGTH": 230.803611593674, "UPDATEDATE": "20250512", "REMARK": null, "HIST_TYPE": "LINK0003", "HISTREMARK": null, "link_stats_import_fid": 204, "link_stats_import_vehicle_count": 57.0, "link_stats_import_avg_speed": 9.63, "link_stats_import_sum_weight_kg": 100515.0}, "geometry": {"type": "MultiLineString", "coordinates": [[[128.82779126566257, 35.094996071133565], [128.8295839196687, 35.09646382423065]]]}}, {"type": "Feature", "properties": {"LINK_ID": "1410088201", "F_NODE": "1410029603", "T_NODE": "1410029602", "LANES": 2, "ROAD_RANK": "104", "ROAD_TYPE": "000", "ROAD_NO": "-", "ROAD_NAME": "녹산산업북로", "ROAD_USE": "0", "MULTI_LINK": "0", "CONNECT": "0", "MAX_SPD": 50, "REST_VEH": "0", "REST_W": 0, "REST_H": 0, "C-ITS": "0", "LENGTH": 10.945542245109, "UPDATEDATE": "20250512", "REMARK": null, "HIST_TYPE": "LINK0001", "HISTREMARK": null, "link_stats_import_fid": 1156, "link_stats_import_vehicle_count": 1.0, "link_stats_import_avg_speed": 6.0, "link_stats_import_sum_weight_kg": 0.0}, "geometry": {"type": "MultiLineString", "coordinates": [[[128.84595513391398, 35.097931828728484], [128.846075135611, 35.09793214252501]]]}}, {"type": "Feature", "properties": {"LINK_ID": "1410195603", "F_NODE": "1410071605", "T_NODE": "1410071604", "LANES": 2, "ROAD_RANK": "105", "ROAD_TYPE": "000", "ROAD_NO": "58", "ROAD_NAME": "거가대로", "ROAD_USE": "0", "MULTI_LINK": "0", "CONNECT": "0", "MAX_SPD": 80, "REST_VEH": "5", "REST_W": 0, "REST_H": 0, "C-ITS": "0", "LENGTH": 14.983191276188, "UPDATEDATE": "20250512", "REMARK": null, "HIST_TYPE": "LINK0001", "HISTREMARK": null, "link_stats_import_fid": 1178, "link_stats_import_vehicle_count": 1.0, "link_stats_import_avg_speed": 5.47, "link_stats_import_sum_weight_kg": 1000.0}, "geometry": {"type": "MultiLineString", "coordinates": [[[128.82866264251743, 35.057788180479626], [128.82858638589448, 35.05766861651823]]]}}, {"type": "Feature", "properties": {"LINK_ID": "1410078101", "F_NODE": "1410026304", "T_NODE": "1410026303", "LANES": 2, "ROAD_RANK": "104", "ROAD_TYPE": "000", "ROAD_NO": "-", "ROAD_NAME": "녹산산단261로", "ROAD_USE": "0", "MULTI_LINK": "0", "CONNECT": "0", "MAX_SPD": 50, "REST_VEH": "0", "REST_W": 0, "REST_H": 0, "C-ITS": "0", "LENGTH": 13.317741151187, "UPDATEDATE": "20250512", "REMARK": null, "HIST_TYPE": "LINK0001", "HISTREMARK": null, "link_stats_import_fid": null, "link_stats_import_vehicle_count": null, "link_stats_import_avg_speed": null, "link_stats_import_sum_weight_kg": null}, "geometry": {"type": "MultiLineString", "coordinates": [[[128.84596083048106, 35.09570086557129], [128.84596113012427, 35.09558086569128]]]}}, {"type": "Feature", "properties": {"LINK_ID": "4180061500", "F_NODE": "4180102702", "T_NODE": "4180226900", "LANES": 3, "ROAD_RANK": "107", "ROAD_TYPE": "000", "ROAD_NO": "-", "ROAD_NAME": "신항로", "ROAD_USE": "0", "MULTI_LINK": "0", "CONNECT": "0", "MAX_SPD": 60, "REST_VEH": "0", "REST_W": 0, "REST_H": 0, "C-ITS": "0", "LENGTH": 275.221476583369, "UPDATEDATE": "20250512", "REMARK": null, "HIST_TYPE": "LINK0003", "HISTREMARK": null, "link_stats_import_fid": 32, "link_stats_import_vehicle_count": 388.0, "link_stats_import_avg_speed": 14.33, "link_stats_import_sum_weight_kg": 4536332.0}, "geometry": {"type": "MultiLineString", "coordinates": [[[128.8011407758381, 35.08310312040779], [128.8041576851636, 35.08310773086275]]]}}, {"type": "Feature", "properties": {"LINK_ID": "4180059700", "F_NODE": "4180097602", "T_NODE": "4180228400", "LANES": 3, "ROAD_RANK": "107", "ROAD_TYPE": "003", "ROAD_NO": "-", "ROAD_NAME": "신항로", "ROAD_USE": "0", "MULTI_LINK": "0", "CONNECT": "0", "MAX_SPD": 60, "REST_VEH": "0", "REST_W": 0, "REST_H": 0, "C-ITS": "0", "LENGTH": 425.868588496548, "UPDATEDATE": "20250512", "REMARK": null, "HIST_TYPE": "LINK0003", "HISTREMARK": null, "link_stats_import_fid": 19, "link_stats_import_vehicle_count": 422.0, "link_stats_import_avg_speed": 13.26, "link_stats_import_sum_weight_kg": 5888237.0}, "geometry": {"type": "MultiLineString", "coordinates": [[[128.78694066686563, 35.08317627695408], [128.78643208179696, 35.08318985748685], [128.78589897128464, 35.08319324658283], [128.78227266253595, 35.08318318380333]]]}}, {"type": "Feature", "properties": {"LINK_ID": "4180061802", "F_NODE": "4180102604", "T_NODE": "4180102603", "LANES": 3, "ROAD_RANK": "107", "ROAD_TYPE": "000", "ROAD_NO": "-", "ROAD_NAME": "신항로", "ROAD_USE": "0", "MULTI_LINK": "0", "CONNECT": "0", "MAX_SPD": 60, "REST_VEH": "0", "REST_W": 0, "REST_H": 0, "C-ITS": "0", "LENGTH": 11.999917718753, "UPDATEDATE": "20250512", "REMARK": null, "HIST_TYPE": "LINK0001", "HISTREMARK": null, "link_stats_import_fid": null, "link_stats_import_vehicle_count": null, "link_stats_import_avg_speed": null, "link_stats_import_sum_weight_kg": null}, "geometry": {"type": "MultiLineString", "coordinates": [[[128.80102096561717, 35.08457124574912], [128.80102140758768, 35.08446311853276]]]}}, {"type": "Feature", "properties": {"LINK_ID": "1410064401", "F_NODE": "1410025201", "T_NODE": "1410025204", "LANES": 2, "ROAD_RANK": "104", "ROAD_TYPE": "000", "ROAD_NO": "-", "ROAD_NAME": "녹산산업중로", "ROAD_USE": "0", "MULTI_LINK": "0", "CONNECT": "0", "MAX_SPD": 50, "REST_VEH": "0", "REST_W": 0, "REST_H": 0, "C-ITS": "0", "LENGTH": 12.205081811979, "UPDATEDATE": "20250512", "REMARK": null, "HIST_TYPE": "LINK0001", "HISTREMARK": null, "link_stats_import_fid": null, "link_stats_import_vehicle_count": null, "link_stats_import_avg_speed": null, "link_stats_import_sum_weight_kg": null}, "geometry": {"type": "MultiLineString", "coordinates": [[[128.83212275816342, 35.09453445611072], [128.83202805614306, 35.094612149074266]]]}}, {"type": "Feature", "properties": {"LINK_ID": "4180065800", "F_NODE": "4180110704", "T_NODE": "4180107101", "LANES": 4, "ROAD_RANK": "107", "ROAD_TYPE": "000", "ROAD_NO": "-", "ROAD_NAME": "신항북로", "ROAD_USE": "0", "MULTI_LINK": "0", "CONNECT": "0", "MAX_SPD": 70, "REST_VEH": "0", "REST_W": 0, "REST_H": 0, "C-ITS": "0", "LENGTH": 496.328598735898, "UPDATEDATE": "20250512", "REMARK": null, "HIST_TYPE": "LINK0003", "HISTREMARK": null, "link_stats_import_fid": 115, "link_stats_import_vehicle_count": 132.0, "link_stats_import_avg_speed": 12.33, "link_stats_import_sum_weight_kg": 479917.0}, "geometry": {"type": "MultiLineString", "coordinates": [[[128.8127186697229, 35.08611086589848], [128.8107459050121, 35.086092735545066], [128.8072781876219, 35.086060788194644]]]}}, {"type": "Feature", "properties": {"LINK_ID": "4180067801", "F_NODE": "4180119404", "T_NODE": "4180119403", "LANES": 3, "ROAD_RANK": "107", "ROAD_TYPE": "000", "ROAD_NO": "-", "ROAD_NAME": "신항4로", "ROAD_USE": "0", "MULTI_LINK": "0", "CONNECT": "0", "MAX_SPD": 50, "REST_VEH": "0", "REST_W": 0, "REST_H": 0, "C-ITS": "0", "LENGTH": 12.000120697488, "UPDATEDATE": "20250512", "REMARK": null, "HIST_TYPE": "LINK0001", "HISTREMARK": null, "link_stats_import_fid": 477, "link_stats_import_vehicle_count": 11.0, "link_stats_import_avg_speed": 8.76, "link_stats_import_sum_weight_kg": 30140.0}, "geometry": {"type": "MultiLineString", "coordinates": [[[128.8182256242699, 35.086110055335254], [128.81822488726934, 35.0860019280925]]]}}, {"type": "Feature", "properties": {"LINK_ID": "4180069302", "F_NODE": "4180223600", "T_NODE": "4180095102", "LANES": 3, "ROAD_RANK": "107", "ROAD_TYPE": "000", "ROAD_NO": "-", "ROAD_NAME": "신항8로", "ROAD_USE": "0", "MULTI_LINK": "0", "CONNECT": "0", "MAX_SPD": 60, "REST_VEH": "0", "REST_W": 0, "REST_H": 0, "C-ITS": "0", "LENGTH": 379.927420385088, "UPDATEDATE": "20250512", "REMARK": null, "HIST_TYPE": "LINK1007", "HISTREMARK": "4180069300", "link_stats_import_fid": 543, "link_stats_import_vehicle_count": 9.0, "link_stats_import_avg_speed": 10.47, "link_stats_import_sum_weight_kg": 2000.0}, "geometry": {"type": "MultiLineString", "coordinates": [[[128.7800456124855, 35.088374688255186], [128.78102148286703, 35.08953264057908], [128.78238923908876, 35.091204642315205]]]}}, {"type": "Feature", "properties": {"LINK_ID": "4180141200", "F_NODE": "4180114704", "T_NODE": "4180111301", "LANES": 3, "ROAD_RANK": "103", "ROAD_TYPE": "000", "ROAD_NO": "2", "ROAD_NAME": "진해대로", "ROAD_USE": "0", "MULTI_LINK": "0", "CONNECT": "0", "MAX_SPD": 70, "REST_VEH": "0", "REST_W": 0, "REST_H": 0, "C-ITS": "0", "LENGTH": 147.790059663965, "UPDATEDATE": "20250512", "REMARK": null, "HIST_TYPE": "LINK0003", "HISTREMARK": null, "link_stats_import_fid": 804, "link_stats_import_vehicle_count": 4.0, "link_stats_import_avg_speed": 14.41, "link_stats_import_sum_weight_kg": 29317.0}, "geometry": {"type": "MultiLineString", "coordinates": [[[128.81545583183558, 35.1028534221563], [128.81388458593065, 35.103179020396034]]]}}, {"type": "Feature", "properties": {"LINK_ID": "1410122703", "F_NODE": "1410040602", "T_NODE": "1410040601", "LANES": 2, "ROAD_RANK": "104", "ROAD_TYPE": "000", "ROAD_NO": "-", "ROAD_NAME": "신항남로", "ROAD_USE": "0", "MULTI_LINK": "0", "CONNECT": "0", "MAX_SPD": 80, "REST_VEH": "0", "REST_W": 0, "REST_H": 0, "C-ITS": "0", "LENGTH": 13.04502675128, "UPDATEDATE": "20250512", "REMARK": null, "HIST_TYPE": "LINK0001", "HISTREMARK": null, "link_stats_import_fid": 291, "link_stats_import_vehicle_count": 28.0, "link_stats_import_avg_speed": 12.43, "link_stats_import_sum_weight_kg": 119024.0}, "geometry": {"type": "MultiLineString", "coordinates": [[[128.83460837029426, 35.08889627873938], [128.8346026206518, 35.089013727148966]]]}}, {"type": "Feature", "properties": {"LINK_ID": "1410076002", "F_NODE": "1410026003", "T_NODE": "1410026002", "LANES": 2, "ROAD_RANK": "104", "ROAD_TYPE": "000", "ROAD_NO": "-", "ROAD_NAME": "가락대로", "ROAD_USE": "0", "MULTI_LINK": "0", "CONNECT": "0", "MAX_SPD": 60, "REST_VEH": "0", "REST_W": 0, "REST_H": 0, "C-ITS": "0", "LENGTH": 10.945840884546, "UPDATEDATE": "20250512", "REMARK": null, "HIST_TYPE": "LINK0001", "HISTREMARK": null, "link_stats_import_fid": 1135, "link_stats_import_vehicle_count": 1.0, "link_stats_import_avg_speed": 13.45, "link_stats_import_sum_weight_kg": 1000.0}, "geometry": {"type": "MultiLineString", "coordinates": [[[128.83937515105097, 35.09556686026582], [128.83949515303198, 35.095567123670556]]]}}, {"type": "Feature", "properties": {"LINK_ID": "4180090300", "F_NODE": "4180093001", "T_NODE": "4180092902", "LANES": 2, "ROAD_RANK": "107", "ROAD_TYPE": "000", "ROAD_NO": "-", "ROAD_NAME": "신항9로", "ROAD_USE": "0", "MULTI_LINK": "0", "CONNECT": "0", "MAX_SPD": 60, "REST_VEH": "0", "REST_W": 0, "REST_H": 0, "C-ITS": "0", "LENGTH": 299.219752706874, "UPDATEDATE": "20250512", "REMARK": null, "HIST_TYPE": "LINK0003", "HISTREMARK": null, "link_stats_import_fid": 239, "link_stats_import_vehicle_count": 44.0, "link_stats_import_avg_speed": 7.81, "link_stats_import_sum_weight_kg": 124652.0}, "geometry": {"type": "MultiLineString", "coordinates": [[[128.77882346503637, 35.0942176580295], [128.77881439261415, 35.0969138486062]]]}}, {"type": "Feature", "properties": {"LINK_ID": "1410098000", "F_NODE": "1410033001", "T_NODE": "1410000204", "LANES": 3, "ROAD_RANK": "105", "ROAD_TYPE": "000", "ROAD_NO": "58", "ROAD_NAME": "가락대로", "ROAD_USE": "0", "MULTI_LINK": "0", "CONNECT": "0", "MAX_SPD": 60, "REST_VEH": "0", "REST_W": 0, "REST_H": 450, "C-ITS": "0", "LENGTH": 68.557251338917, "UPDATEDATE": "20250512", "REMARK": null, "HIST_TYPE": "LINK0003", "HISTREMARK": null, "link_stats_import_fid": 532, "link_stats_import_vehicle_count": 9.0, "link_stats_import_avg_speed": 11.07, "link_stats_import_sum_weight_kg": 3000.0}, "geometry": {"type": "MultiLineString", "coordinates": [[[128.8394751837261, 35.102298344595326], [128.83947309212803, 35.10291608137816]]]}}, {"type": "Feature", "properties": {"LINK_ID": "4180107500", "F_NODE": "4180107404", "T_NODE": "4180106701", "LANES": 2, "ROAD_RANK": "107", "ROAD_TYPE": "000", "ROAD_NO": "-", "ROAD_NAME": "안골로", "ROAD_USE": "0", "MULTI_LINK": "0", "CONNECT": "0", "MAX_SPD": 30, "REST_VEH": "0", "REST_W": 0, "REST_H": 0, "C-ITS": "0", "LENGTH": 122.556779546372, "UPDATEDATE": "20250512", "REMARK": null, "HIST_TYPE": "LINK0003", "HISTREMARK": null, "link_stats_import_fid": null, "link_stats_import_vehicle_count": null, "link_stats_import_avg_speed": null, "link_stats_import_sum_weight_kg": null}, "geometry": {"type": "MultiLineString", "coordinates": [[[128.80777742655755, 35.09953874643256], [128.806683346123, 35.09889764059663]]]}}, {"type": "Feature", "properties": {"LINK_ID": "4180076701", "F_NODE": "4180119003", "T_NODE": "4180119002", "LANES": 3, "ROAD_RANK": "107", "ROAD_TYPE": "000", "ROAD_NO": "-", "ROAD_NAME": "신항동로", "ROAD_USE": "0", "MULTI_LINK": "0", "CONNECT": "0", "MAX_SPD": 50, "REST_VEH": "0", "REST_W": 0, "REST_H": 0, "C-ITS": "0", "LENGTH": 12.001917141678, "UPDATEDATE": "20250512", "REMARK": null, "HIST_TYPE": "LINK0001", "HISTREMARK": null, "link_stats_import_fid": 667, "link_stats_import_vehicle_count": 6.0, "link_stats_import_avg_speed": 9.56, "link_stats_import_sum_weight_kg": 6000.0}, "geometry": {"type": "MultiLineString", "coordinates": [[[128.81821577763898, 35.08884834023003], [128.8183473456639, 35.08884764799134]]]}}, {"type": "Feature", "properties": {"LINK_ID": "4180065801", "F_NODE": "4180107101", "T_NODE": "4180107104", "LANES": 4, "ROAD_RANK": "107", "ROAD_TYPE": "000", "ROAD_NO": "-", "ROAD_NAME": "신항북로", "ROAD_USE": "0", "MULTI_LINK": "0", "CONNECT": "0", "MAX_SPD": 70, "REST_VEH": "0", "REST_W": 0, "REST_H": 0, "C-ITS": "0", "LENGTH": 12.001946081074, "UPDATEDATE": "20250512", "REMARK": null, "HIST_TYPE": "LINK0001", "HISTREMARK": null, "link_stats_import_fid": 400, "link_stats_import_vehicle_count": 15.0, "link_stats_import_avg_speed": 8.41, "link_stats_import_sum_weight_kg": 44790.0}, "geometry": {"type": "MultiLineString", "coordinates": [[[128.8072781876219, 35.086060788194644], [128.80714662287826, 35.0860601410815]]]}}, {"type": "Feature", "properties": {"LINK_ID": "1410098100", "F_NODE": "1410000205", "T_NODE": "1410033004", "LANES": 3, "ROAD_RANK": "105", "ROAD_TYPE": "000", "ROAD_NO": "58", "ROAD_NAME": "가락대로", "ROAD_USE": "0", "MULTI_LINK": "0", "CONNECT": "0", "MAX_SPD": 60, "REST_VEH": "0", "REST_W": 0, "REST_H": 450, "C-ITS": "0", "LENGTH": 58.908587395133, "UPDATEDATE": "20250512", "REMARK": null, "HIST_TYPE": "LINK0003", "HISTREMARK": null, "link_stats_import_fid": null, "link_stats_import_vehicle_count": null, "link_stats_import_avg_speed": null, "link_stats_import_sum_weight_kg": null}, "geometry": {"type": "MultiLineString", "coordinates": [[[128.83935338464929, 35.10282886723722], [128.83935518369898, 35.102298069952404]]]}}, {"type": "Feature", "properties": {"LINK_ID": "4180141601", "F_NODE": "4180086801", "T_NODE": "4180086804", "LANES": 2, "ROAD_RANK": "107", "ROAD_TYPE": "000", "ROAD_NO": "-", "ROAD_NAME": "남영로", "ROAD_USE": "0", "MULTI_LINK": "0", "CONNECT": "0", "MAX_SPD": 60, "REST_VEH": "0", "REST_W": 0, "REST_H": 0, "C-ITS": "0", "LENGTH": 12.000315049282, "UPDATEDATE": "20250512", "REMARK": null, "HIST_TYPE": "LINK0001", "HISTREMARK": null, "link_stats_import_fid": null, "link_stats_import_vehicle_count": null, "link_stats_import_avg_speed": null, "link_stats_import_sum_weight_kg": null}, "geometry": {"type": "MultiLineString", "coordinates": [[[128.75866577338343, 35.10404561487272], [128.75854776012847, 35.104093436947615]]]}}, {"type": "Feature", "properties": {"LINK_ID": "4180068501", "F_NODE": "4180123602", "T_NODE": "4180123601", "LANES": 3, "ROAD_RANK": "107", "ROAD_TYPE": "000", "ROAD_NO": "-", "ROAD_NAME": "신항3로", "ROAD_USE": "0", "MULTI_LINK": "0", "CONNECT": "0", "MAX_SPD": 60, "REST_VEH": "0", "REST_W": 0, "REST_H": 0, "C-ITS": "0", "LENGTH": 11.97179135647, "UPDATEDATE": "20250512", "REMARK": null, "HIST_TYPE": "LINK0001", "HISTREMARK": null, "link_stats_import_fid": 659, "link_stats_import_vehicle_count": 6.0, "link_stats_import_avg_speed": 10.18, "link_stats_import_sum_weight_kg": 61525.0}, "geometry": {"type": "MultiLineString", "coordinates": [[[128.82438505807943, 35.08690247398899], [128.8243852802838, 35.087010347245084]]]}}, {"type": "Feature", "properties": {"LINK_ID": "1410094601", "F_NODE": "1410032301", "T_NODE": "1410032304", "LANES": 2, "ROAD_RANK": "104", "ROAD_TYPE": "000", "ROAD_NO": "-", "ROAD_NAME": "녹산산업중로", "ROAD_USE": "0", "MULTI_LINK": "0", "CONNECT": "0", "MAX_SPD": 50, "REST_VEH": "0", "REST_W": 0, "REST_H": 0, "C-ITS": "0", "LENGTH": 11.189389083014, "UPDATEDATE": "20250512", "REMARK": null, "HIST_TYPE": "LINK0001", "HISTREMARK": null, "link_stats_import_fid": null, "link_stats_import_vehicle_count": null, "link_stats_import_avg_speed": null, "link_stats_import_sum_weight_kg": null}, "geometry": {"type": "MultiLineString", "coordinates": [[[128.82467040504642, 35.100255682912895], [128.82455244964694, 35.100283394358236]]]}}, {"type": "Feature", "properties": {"LINK_ID": "4180034502", "F_NODE": "4180223500", "T_NODE": "4180099301", "LANES": 3, "ROAD_RANK": "107", "ROAD_TYPE": "000", "ROAD_NO": "-", "ROAD_NAME": "신항북로", "ROAD_USE": "0", "MULTI_LINK": "0", "CONNECT": "0", "MAX_SPD": 80, "REST_VEH": "0", "REST_W": 0, "REST_H": 0, "C-ITS": "0", "LENGTH": 439.868608326121, "UPDATEDATE": "20250512", "REMARK": null, "HIST_TYPE": "LINK1007", "HISTREMARK": "4180034500", "link_stats_import_fid": 285, "link_stats_import_vehicle_count": 29.0, "link_stats_import_avg_speed": 17.82, "link_stats_import_sum_weight_kg": 184847.0}, "geometry": {"type": "MultiLineString", "coordinates": [[[128.79334084754942, 35.08833340964656], [128.79206057804544, 35.08901855426373], [128.7892504833052, 35.09043185853491]]]}}, {"type": "Feature", "properties": {"LINK_ID": "4180151101", "F_NODE": "4180086604", "T_NODE": "4180086603", "LANES": 2, "ROAD_RANK": "107", "ROAD_TYPE": "000", "ROAD_NO": "-", "ROAD_NAME": "웅천동로", "ROAD_USE": "0", "MULTI_LINK": "0", "CONNECT": "0", "MAX_SPD": 30, "REST_VEH": "0", "REST_W": 0, "REST_H": 0, "C-ITS": "0", "LENGTH": 12.205965126746, "UPDATEDATE": "20250512", "REMARK": null, "HIST_TYPE": "LINK0001", "HISTREMARK": null, "link_stats_import_fid": null, "link_stats_import_vehicle_count": null, "link_stats_import_avg_speed": null, "link_stats_import_sum_weight_kg": null}, "geometry": {"type": "MultiLineString", "coordinates": [[[128.75586845457616, 35.10517250773777], [128.75579256779957, 35.10508191097417]]]}}, {"type": "Feature", "properties": {"LINK_ID": "4180083801", "F_NODE": "4180123204", "T_NODE": "4180123203", "LANES": 3, "ROAD_RANK": "107", "ROAD_TYPE": "000", "ROAD_NO": "-", "ROAD_NAME": "신항동로", "ROAD_USE": "0", "MULTI_LINK": "0", "CONNECT": "0", "MAX_SPD": 50, "REST_VEH": "0", "REST_W": 0, "REST_H": 0, "C-ITS": "0", "LENGTH": 12.000098223943, "UPDATEDATE": "20250512", "REMARK": null, "HIST_TYPE": "LINK0001", "HISTREMARK": null, "link_stats_import_fid": 519, "link_stats_import_vehicle_count": 10.0, "link_stats_import_avg_speed": 13.68, "link_stats_import_sum_weight_kg": 44360.0}, "geometry": {"type": "MultiLineString", "coordinates": [[[128.8229178794011, 35.0910225117911], [128.82282580369915, 35.09094528288223]]]}}, {"type": "Feature", "properties": {"LINK_ID": "4180138800", "F_NODE": "4180107701", "T_NODE": "4180108103", "LANES": 2, "ROAD_RANK": "107", "ROAD_TYPE": "000", "ROAD_NO": "-", "ROAD_NAME": "안골로", "ROAD_USE": "0", "MULTI_LINK": "0", "CONNECT": "0", "MAX_SPD": 50, "REST_VEH": "0", "REST_W": 0, "REST_H": 0, "C-ITS": "0", "LENGTH": 160.284620447807, "UPDATEDATE": "20250512", "REMARK": null, "HIST_TYPE": "LINK0003", "HISTREMARK": null, "link_stats_import_fid": 1070, "link_stats_import_vehicle_count": 2.0, "link_stats_import_avg_speed": 7.69, "link_stats_import_sum_weight_kg": 0.0}, "geometry": {"type": "MultiLineString", "coordinates": [[[128.8101018142101, 35.10248773763717], [128.81027195916198, 35.10303674467901], [128.81053557122533, 35.10388732599166]]]}}, {"type": "Feature", "properties": {"LINK_ID": "1411030601", "F_NODE": "1410382303", "T_NODE": "1410382302", "LANES": 3, "ROAD_RANK": "104", "ROAD_TYPE": "000", "ROAD_NO": "-", "ROAD_NAME": "신항남로", "ROAD_USE": "0", "MULTI_LINK": "0", "CONNECT": "0", "MAX_SPD": 30, "REST_VEH": "0", "REST_W": 0, "REST_H": 0, "C-ITS": "0", "LENGTH": 12.000006115274, "UPDATEDATE": "20250512", "REMARK": null, "HIST_TYPE": "LINK0001", "HISTREMARK": null, "link_stats_import_fid": 260, "link_stats_import_vehicle_count": 35.0, "link_stats_import_avg_speed": 10.97, "link_stats_import_sum_weight_kg": 496718.0}, "geometry": {"type": "MultiLineString", "coordinates": [[[128.83466188986029, 35.06980860029002], [128.8347885028208, 35.069779344802356]]]}}, {"type": "Feature", "properties": {"LINK_ID": "1410704501", "F_NODE": "1410277604", "T_NODE": "1410277603", "LANES": 3, "ROAD_RANK": "104", "ROAD_TYPE": "000", "ROAD_NO": "-", "ROAD_NAME": "신항로", "ROAD_USE": "0", "MULTI_LINK": "0", "CONNECT": "0", "MAX_SPD": 30, "REST_VEH": "0", "REST_W": 0, "REST_H": 0, "C-ITS": "0", "LENGTH": 12.000013603905, "UPDATEDATE": "20250512", "REMARK": null, "HIST_TYPE": "LINK0001", "HISTREMARK": null, "link_stats_import_fid": 324, "link_stats_import_vehicle_count": 22.0, "link_stats_import_avg_speed": 11.5, "link_stats_import_sum_weight_kg": 286760.0}, "geometry": {"type": "MultiLineString", "coordinates": [[[128.82439294270378, 35.08324512401012], [128.82439311023774, 35.08313699632329]]]}}, {"type": "Feature", "properties": {"LINK_ID": "1411101703", "F_NODE": "1410578900", "T_NODE": "1410662500", "LANES": 3, "ROAD_RANK": "104", "ROAD_TYPE": "000", "ROAD_NO": "-", "ROAD_NAME": "신항남로", "ROAD_USE": "1", "MULTI_LINK": "0", "CONNECT": "0", "MAX_SPD": 60, "REST_VEH": "0", "REST_W": 0, "REST_H": 0, "C-ITS": "0", "LENGTH": 268.210368098395, "UPDATEDATE": "20250512", "REMARK": null, "HIST_TYPE": "LINK1007", "HISTREMARK": "1411101701", "link_stats_import_fid": 397, "link_stats_import_vehicle_count": 15.0, "link_stats_import_avg_speed": 14.82, "link_stats_import_sum_weight_kg": 317424.0}, "geometry": {"type": "MultiLineString", "coordinates": [[[128.81297861251025, 35.061962907867745], [128.81334302081328, 35.062022403678604], [128.81585619355994, 35.06245548245641]]]}}, {"type": "Feature", "properties": {"LINK_ID": "1410095401", "F_NODE": "1410032204", "T_NODE": "1410032203", "LANES": 2, "ROAD_RANK": "104", "ROAD_TYPE": "000", "ROAD_NO": "-", "ROAD_NAME": "녹산산단27로", "ROAD_USE": "0", "MULTI_LINK": "0", "CONNECT": "0", "MAX_SPD": 50, "REST_VEH": "0", "REST_W": 0, "REST_H": 0, "C-ITS": "0", "LENGTH": 12.247151834829, "UPDATEDATE": "20250512", "REMARK": null, "HIST_TYPE": "LINK0001", "HISTREMARK": null, "link_stats_import_fid": null, "link_stats_import_vehicle_count": null, "link_stats_import_avg_speed": null, "link_stats_import_sum_weight_kg": null}, "geometry": {"type": "MultiLineString", "coordinates": [[[128.828513379504, 35.10015913759431], [128.82841763539207, 35.1000817650139]]]}}, {"type": "Feature", "properties": {"LINK_ID": "4180075801", "F_NODE": "4180107004", "T_NODE": "4180107003", "LANES": 2, "ROAD_RANK": "107", "ROAD_TYPE": "000", "ROAD_NO": "-", "ROAD_NAME": "신항5로", "ROAD_USE": "0", "MULTI_LINK": "0", "CONNECT": "0", "MAX_SPD": 50, "REST_VEH": "0", "REST_W": 0, "REST_H": 0, "C-ITS": "0", "LENGTH": 12.001875470705, "UPDATEDATE": "20250512", "REMARK": null, "HIST_TYPE": "LINK0001", "HISTREMARK": null, "link_stats_import_fid": null, "link_stats_import_vehicle_count": null, "link_stats_import_avg_speed": null, "link_stats_import_sum_weight_kg": null}, "geometry": {"type": "MultiLineString", "coordinates": [[[128.80713982174876, 35.088915875063606], [128.80714184704868, 35.08880774272792]]]}}, {"type": "Feature", "properties": {"LINK_ID": "4180065900", "F_NODE": "4180102504", "T_NODE": "4180101701", "LANES": 4, "ROAD_RANK": "107", "ROAD_TYPE": "000", "ROAD_NO": "-", "ROAD_NAME": "신항북로", "ROAD_USE": "0", "MULTI_LINK": "0", "CONNECT": "0", "MAX_SPD": 70, "REST_VEH": "0", "REST_W": 0, "REST_H": 0, "C-ITS": "0", "LENGTH": 302.503885554954, "UPDATEDATE": "20250512", "REMARK": null, "HIST_TYPE": "LINK0003", "HISTREMARK": null, "link_stats_import_fid": 129, "link_stats_import_vehicle_count": 111.0, "link_stats_import_avg_speed": 8.11, "link_stats_import_sum_weight_kg": 377727.0}, "geometry": {"type": "MultiLineString", "coordinates": [[[128.80083975087064, 35.08605782815188], [128.79869889045125, 35.086080753122054], [128.7984126242889, 35.086099370222286], [128.79813527258725, 35.086131162718736], [128.7979172461119, 35.086171216699306], [128.79754437842377, 35.08624823229415]]]}}, {"type": "Feature", "properties": {"LINK_ID": "1410072300", "F_NODE": "1410026303", "T_NODE": "1410024604", "LANES": 2, "ROAD_RANK": "104", "ROAD_TYPE": "000", "ROAD_NO": "-", "ROAD_NAME": "녹산산단261로", "ROAD_USE": "0", "MULTI_LINK": "0", "CONNECT": "0", "MAX_SPD": 50, "REST_VEH": "0", "REST_W": 0, "REST_H": 0, "C-ITS": "0", "LENGTH": 127.727385566653, "UPDATEDATE": "20250512", "REMARK": null, "HIST_TYPE": "LINK0003", "HISTREMARK": null, "link_stats_import_fid": 949, "link_stats_import_vehicle_count": 2.0, "link_stats_import_avg_speed": 8.46, "link_stats_import_sum_weight_kg": 28694.0}, "geometry": {"type": "MultiLineString", "coordinates": [[[128.84596113012427, 35.09558086569128], [128.8459638466475, 35.09442997413073]]]}}, {"type": "Feature", "properties": {"LINK_ID": "1410039405", "F_NODE": "1410278004", "T_NODE": "1410278003", "LANES": 3, "ROAD_RANK": "104", "ROAD_TYPE": "000", "ROAD_NO": "-", "ROAD_NAME": "녹산산업대로", "ROAD_USE": "0", "MULTI_LINK": "0", "CONNECT": "0", "MAX_SPD": 70, "REST_VEH": "0", "REST_W": 0, "REST_H": 0, "C-ITS": "0", "LENGTH": 12.093085764144, "UPDATEDATE": "20250512", "REMARK": null, "HIST_TYPE": "LINK0001", "HISTREMARK": null, "link_stats_import_fid": 1100, "link_stats_import_vehicle_count": 1.0, "link_stats_import_avg_speed": 13.33, "link_stats_import_sum_weight_kg": 0.0}, "geometry": {"type": "MultiLineString", "coordinates": [[[128.8329006090874, 35.08921717566618], [128.83300607882717, 35.08915115849637]]]}}, {"type": "Feature", "properties": {"LINK_ID": "1410196400", "F_NODE": "1410072202", "T_NODE": "1410868500", "LANES": 2, "ROAD_RANK": "105", "ROAD_TYPE": "003", "ROAD_NO": "58", "ROAD_NAME": "거가대로", "ROAD_USE": "0", "MULTI_LINK": "0", "CONNECT": "0", "MAX_SPD": 80, "REST_VEH": "5", "REST_W": 0, "REST_H": 0, "C-ITS": "0", "LENGTH": 459.080683909123, "UPDATEDATE": "20250512", "REMARK": null, "HIST_TYPE": "LINK0003", "HISTREMARK": null, "link_stats_import_fid": 596, "link_stats_import_vehicle_count": 7.0, "link_stats_import_avg_speed": 14.02, "link_stats_import_sum_weight_kg": 146053.0}, "geometry": {"type": "MultiLineString", "coordinates": [[[128.83936373651304, 35.0820100835499], [128.83942364195485, 35.07787378816956]]]}}, {"type": "Feature", "properties": {"LINK_ID": "4180074401", "F_NODE": "4180123504", "T_NODE": "4180123503", "LANES": 3, "ROAD_RANK": "107", "ROAD_TYPE": "000", "ROAD_NO": "-", "ROAD_NAME": "신항3로", "ROAD_USE": "0", "MULTI_LINK": "0", "CONNECT": "0", "MAX_SPD": 70, "REST_VEH": "0", "REST_W": 0, "REST_H": 0, "C-ITS": "0", "LENGTH": 12.000115437479, "UPDATEDATE": "20250512", "REMARK": null, "HIST_TYPE": "LINK0001", "HISTREMARK": null, "link_stats_import_fid": 613, "link_stats_import_vehicle_count": 7.0, "link_stats_import_avg_speed": 9.73, "link_stats_import_sum_weight_kg": 54562.0}, "geometry": {"type": "MultiLineString", "coordinates": [[[128.8242582133646, 35.088095154832025], [128.82425715281755, 35.08798702973069]]]}}, {"type": "Feature", "properties": {"LINK_ID": "4180064300", "F_NODE": "4180096101", "T_NODE": "4180096902", "LANES": 2, "ROAD_RANK": "107", "ROAD_TYPE": "000", "ROAD_NO": "-", "ROAD_NAME": "안골로108번길", "ROAD_USE": "0", "MULTI_LINK": "0", "CONNECT": "0", "MAX_SPD": 50, "REST_VEH": "0", "REST_W": 0, "REST_H": 0, "C-ITS": "0", "LENGTH": 159.275922792908, "UPDATEDATE": "20250512", "REMARK": null, "HIST_TYPE": "LINK0003", "HISTREMARK": null, "link_stats_import_fid": 175, "link_stats_import_vehicle_count": 73.0, "link_stats_import_avg_speed": 8.82, "link_stats_import_sum_weight_kg": 1750429.0}, "geometry": {"type": "MultiLineString", "coordinates": [[[128.78420313437334, 35.08551746840068], [128.7843675876976, 35.085672004012466], [128.78452062623305, 35.08580573746961], [128.78464107920726, 35.08592014700415], [128.7847558586728, 35.086027764524474], [128.78486344545743, 35.086136562086224], [128.78498445281494, 35.086270780946776], [128.78520387150533, 35.08645544909731], [128.78530316418497, 35.08656440353268], [128.78534219001918, 35.08660319174967]]]}}, {"type": "Feature", "properties": {"LINK_ID": "4180064901", "F_NODE": "4180107103", "T_NODE": "4180107102", "LANES": 4, "ROAD_RANK": "107", "ROAD_TYPE": "000", "ROAD_NO": "-", "ROAD_NAME": "신항북로", "ROAD_USE": "0", "MULTI_LINK": "0", "CONNECT": "0", "MAX_SPD": 70, "REST_VEH": "0", "REST_W": 0, "REST_H": 0, "C-ITS": "0", "LENGTH": 12.000153714111, "UPDATEDATE": "20250512", "REMARK": null, "HIST_TYPE": "LINK0001", "HISTREMARK": null, "link_stats_import_fid": 577, "link_stats_import_vehicle_count": 8.0, "link_stats_import_avg_speed": 11.53, "link_stats_import_sum_weight_kg": 61957.0}, "geometry": {"type": "MultiLineString", "coordinates": [[[128.8071465772491, 35.08595201308511], [128.80727812222275, 35.0859526529794]]]}}, {"type": "Feature", "properties": {"LINK_ID": "1410039306", "F_NODE": "1410278002", "T_NODE": "1410278005", "LANES": 3, "ROAD_RANK": "104", "ROAD_TYPE": "000", "ROAD_NO": "-", "ROAD_NAME": "녹산산업대로", "ROAD_USE": "0", "MULTI_LINK": "0", "CONNECT": "0", "MAX_SPD": 70, "REST_VEH": "0", "REST_W": 0, "REST_H": 0, "C-ITS": "0", "LENGTH": 11.739316397379, "UPDATEDATE": "20250512", "REMARK": null, "HIST_TYPE": "LINK0001", "HISTREMARK": null, "link_stats_import_fid": 629, "link_stats_import_vehicle_count": 6.0, "link_stats_import_avg_speed": 8.44, "link_stats_import_sum_weight_kg": 7000.0}, "geometry": {"type": "MultiLineString", "coordinates": [[[128.83308448418734, 35.08923798126533], [128.83298209447727, 35.08930206149534]]]}}, {"type": "Feature", "properties": {"LINK_ID": "1410065701", "F_NODE": "1410022801", "T_NODE": "1410022804", "LANES": 2, "ROAD_RANK": "104", "ROAD_TYPE": "000", "ROAD_NO": "-", "ROAD_NAME": "녹산산업중로", "ROAD_USE": "0", "MULTI_LINK": "0", "CONNECT": "0", "MAX_SPD": 50, "REST_VEH": "0", "REST_W": 0, "REST_H": 0, "C-ITS": "0", "LENGTH": 10.946368975108, "UPDATEDATE": "20250512", "REMARK": null, "HIST_TYPE": "LINK0001", "HISTREMARK": null, "link_stats_import_fid": null, "link_stats_import_vehicle_count": null, "link_stats_import_avg_speed": null, "link_stats_import_sum_weight_kg": null}, "geometry": {"type": "MultiLineString", "coordinates": [[[128.84087865569282, 35.09352405429684], [128.8407586506224, 35.093523947601454]]]}}, {"type": "Feature", "properties": {"LINK_ID": "4180063402", "F_NODE": "4180224800", "T_NODE": "4180102601", "LANES": 2, "ROAD_RANK": "107", "ROAD_TYPE": "000", "ROAD_NO": "-", "ROAD_NAME": "신항5로", "ROAD_USE": "0", "MULTI_LINK": "0", "CONNECT": "0", "MAX_SPD": 60, "REST_VEH": "0", "REST_W": 0, "REST_H": 0, "C-ITS": "0", "LENGTH": 274.468100064069, "UPDATEDATE": "20250512", "REMARK": null, "HIST_TYPE": "LINK1007", "HISTREMARK": "4180063400", "link_stats_import_fid": 604, "link_stats_import_vehicle_count": 7.0, "link_stats_import_avg_speed": 6.94, "link_stats_import_sum_weight_kg": 64335.0}, "geometry": {"type": "MultiLineString", "coordinates": [[[128.804156515588, 35.084596078305644], [128.80274981285388, 35.08459029753509], [128.80154470227006, 35.08458536116888], [128.8011481084512, 35.08457330677921]]]}}, {"type": "Feature", "properties": {"LINK_ID": "1410122705", "F_NODE": "1410432300", "T_NODE": "1410040602", "LANES": 2, "ROAD_RANK": "104", "ROAD_TYPE": "000", "ROAD_NO": "-", "ROAD_NAME": "신항남로", "ROAD_USE": "0", "MULTI_LINK": "0", "CONNECT": "0", "MAX_SPD": 80, "REST_VEH": "0", "REST_W": 0, "REST_H": 0, "C-ITS": "0", "LENGTH": 57.357056020531, "UPDATEDATE": "20250512", "REMARK": null, "HIST_TYPE": "LINK1007", "HISTREMARK": "1410122702", "link_stats_import_fid": 118, "link_stats_import_vehicle_count": 127.0, "link_stats_import_avg_speed": 17.13, "link_stats_import_sum_weight_kg": 151907.0}, "geometry": {"type": "MultiLineString", "coordinates": [[[128.83462588004767, 35.088379657946184], [128.83460837029426, 35.08889627873938]]]}}, {"type": "Feature", "properties": {"LINK_ID": "1410120900", "F_NODE": "1410040604", "T_NODE": "1410014901", "LANES": 3, "ROAD_RANK": "104", "ROAD_TYPE": "003", "ROAD_NO": "-", "ROAD_NAME": "녹산산업대로", "ROAD_USE": "0", "MULTI_LINK": "0", "CONNECT": "0", "MAX_SPD": 70, "REST_VEH": "0", "REST_W": 0, "REST_H": 0, "C-ITS": "0", "LENGTH": 8.733634037282, "UPDATEDATE": "20250512", "REMARK": null, "HIST_TYPE": "LINK0003", "HISTREMARK": null, "link_stats_import_fid": 536, "link_stats_import_vehicle_count": 9.0, "link_stats_import_avg_speed": 14.72, "link_stats_import_sum_weight_kg": 4084.0}, "geometry": {"type": "MultiLineString", "coordinates": [[[128.83447052464768, 35.08901400606842], [128.83437478562783, 35.0890146126214]]]}}, {"type": "Feature", "properties": {"LINK_ID": "1410705103", "F_NODE": "1410914700", "T_NODE": "1410277501", "LANES": 2, "ROAD_RANK": "104", "ROAD_TYPE": "000", "ROAD_NO": "-", "ROAD_NAME": "신항로", "ROAD_USE": "0", "MULTI_LINK": "0", "CONNECT": "0", "MAX_SPD": 30, "REST_VEH": "0", "REST_W": 0, "REST_H": 0, "C-ITS": "0", "LENGTH": 321.94155895266, "UPDATEDATE": "20250512", "REMARK": null, "HIST_TYPE": "LINK1007", "HISTREMARK": "1410705100", "link_stats_import_fid": 501, "link_stats_import_vehicle_count": 10.0, "link_stats_import_avg_speed": 9.08, "link_stats_import_sum_weight_kg": 81114.0}, "geometry": {"type": "MultiLineString", "coordinates": [[[128.82805703384713, 35.084661011475916], [128.82553725725148, 35.08464156258731], [128.82452839522855, 35.084620190296626]]]}}, {"type": "Feature", "properties": {"LINK_ID": "1410081401", "F_NODE": "1410028902", "T_NODE": "1410028901", "LANES": 2, "ROAD_RANK": "104", "ROAD_TYPE": "000", "ROAD_NO": "-", "ROAD_NAME": "녹산산단27로", "ROAD_USE": "0", "MULTI_LINK": "0", "CONNECT": "0", "MAX_SPD": 50, "REST_VEH": "0", "REST_W": 0, "REST_H": 0, "C-ITS": "0", "LENGTH": 13.320149514888, "UPDATEDATE": "20250512", "REMARK": null, "HIST_TYPE": "LINK0001", "HISTREMARK": null, "link_stats_import_fid": 634, "link_stats_import_vehicle_count": 6.0, "link_stats_import_avg_speed": 7.98, "link_stats_import_sum_weight_kg": 10200.0}, "geometry": {"type": "MultiLineString", "coordinates": [[[128.83276217612183, 35.097874781109255], [128.83276187171631, 35.09799480323564]]]}}, {"type": "Feature", "properties": {"LINK_ID": "1410039404", "F_NODE": "1410278003", "T_NODE": "1410278008", "LANES": 3, "ROAD_RANK": "104", "ROAD_TYPE": "000", "ROAD_NO": "-", "ROAD_NAME": "녹산산업대로", "ROAD_USE": "0", "MULTI_LINK": "0", "CONNECT": "0", "MAX_SPD": 70, "REST_VEH": "0", "REST_W": 0, "REST_H": 0, "C-ITS": "0", "LENGTH": 24.532952680039, "UPDATEDATE": "20250512", "REMARK": null, "HIST_TYPE": "LINK0003", "HISTREMARK": null, "link_stats_import_fid": 694, "link_stats_import_vehicle_count": 5.0, "link_stats_import_avg_speed": 13.48, "link_stats_import_sum_weight_kg": 4000.0}, "geometry": {"type": "MultiLineString", "coordinates": [[[128.83300607882717, 35.08915115849637], [128.83303125434279, 35.089135798496706], [128.83309189804572, 35.08910038754509], [128.83315545709928, 35.089071540165904], [128.83322347878982, 35.08904500446578], [128.8332374716728, 35.08903991790719]]]}}, {"type": "Feature", "properties": {"LINK_ID": "4180140101", "F_NODE": "4180117003", "T_NODE": "4180117002", "LANES": 3, "ROAD_RANK": "103", "ROAD_TYPE": "000", "ROAD_NO": "2", "ROAD_NAME": "진해대로", "ROAD_USE": "0", "MULTI_LINK": "0", "CONNECT": "0", "MAX_SPD": 70, "REST_VEH": "0", "REST_W": 0, "REST_H": 0, "C-ITS": "0", "LENGTH": 11.168193443199, "UPDATEDATE": "20250512", "REMARK": null, "HIST_TYPE": "LINK0001", "HISTREMARK": null, "link_stats_import_fid": null, "link_stats_import_vehicle_count": null, "link_stats_import_avg_speed": null, "link_stats_import_sum_weight_kg": null}, "geometry": {"type": "MultiLineString", "coordinates": [[[128.81704535990494, 35.10243420361188], [128.81716445903044, 35.102410818003264]]]}}, {"type": "Feature", "properties": {"LINK_ID": "4180151001", "F_NODE": "4180086702", "T_NODE": "4180086701", "LANES": 2, "ROAD_RANK": "107", "ROAD_TYPE": "000", "ROAD_NO": "-", "ROAD_NAME": "웅천동로", "ROAD_USE": "0", "MULTI_LINK": "0", "CONNECT": "0", "MAX_SPD": 30, "REST_VEH": "0", "REST_W": 0, "REST_H": 0, "C-ITS": "0", "LENGTH": 11.994777237721, "UPDATEDATE": "20250512", "REMARK": null, "HIST_TYPE": "LINK0001", "HISTREMARK": null, "link_stats_import_fid": null, "link_stats_import_vehicle_count": null, "link_stats_import_avg_speed": null, "link_stats_import_sum_weight_kg": null}, "geometry": {"type": "MultiLineString", "coordinates": [[[128.7574161647091, 35.106832042997276], [128.7574997856074, 35.106915468698176]]]}}, {"type": "Feature", "properties": {"LINK_ID": "1410074300", "F_NODE": "1410027403", "T_NODE": "1410025204", "LANES": 2, "ROAD_RANK": "104", "ROAD_TYPE": "000", "ROAD_NO": "-", "ROAD_NAME": "녹산산단27로", "ROAD_USE": "0", "MULTI_LINK": "0", "CONNECT": "0", "MAX_SPD": 50, "REST_VEH": "0", "REST_W": 0, "REST_H": 0, "C-ITS": "0", "LENGTH": 246.427127437304, "UPDATEDATE": "20250512", "REMARK": null, "HIST_TYPE": "LINK0003", "HISTREMARK": null, "link_stats_import_fid": null, "link_stats_import_vehicle_count": null, "link_stats_import_avg_speed": null, "link_stats_import_sum_weight_kg": null}, "geometry": {"type": "MultiLineString", "coordinates": [[[128.83264617741742, 35.09661989934369], [128.8326509877719, 35.095121991038205], [128.83202805614306, 35.094612149074266]]]}}, {"type": "Feature", "properties": {"LINK_ID": "1410030301", "F_NODE": "1410012004", "T_NODE": "1410012003", "LANES": 3, "ROAD_RANK": "105", "ROAD_TYPE": "000", "ROAD_NO": "58", "ROAD_NAME": "가락대로", "ROAD_USE": "0", "MULTI_LINK": "0", "CONNECT": "0", "MAX_SPD": 60, "REST_VEH": "0", "REST_W": 0, "REST_H": 0, "C-ITS": "0", "LENGTH": 13.317806887138, "UPDATEDATE": "20250512", "REMARK": null, "HIST_TYPE": "LINK0001", "HISTREMARK": null, "link_stats_import_fid": null, "link_stats_import_vehicle_count": null, "link_stats_import_avg_speed": null, "link_stats_import_sum_weight_kg": null}, "geometry": {"type": "MultiLineString", "coordinates": [[[128.83940382051335, 35.08574512896231], [128.83940419402094, 35.08562512814578]]]}}, {"type": "Feature", "properties": {"LINK_ID": "4180073800", "F_NODE": "4180119003", "T_NODE": "4180119104", "LANES": 3, "ROAD_RANK": "107", "ROAD_TYPE": "000", "ROAD_NO": "-", "ROAD_NAME": "신항4로", "ROAD_USE": "0", "MULTI_LINK": "0", "CONNECT": "0", "MAX_SPD": 50, "REST_VEH": "0", "REST_W": 0, "REST_H": 0, "C-ITS": "0", "LENGTH": 83.99720816073, "UPDATEDATE": "20250512", "REMARK": null, "HIST_TYPE": "LINK0003", "HISTREMARK": null, "link_stats_import_fid": 202, "link_stats_import_vehicle_count": 58.0, "link_stats_import_avg_speed": 8.56, "link_stats_import_sum_weight_kg": 164557.0}, "geometry": {"type": "MultiLineString", "coordinates": [[[128.81821577763898, 35.08884834023003], [128.8182262970021, 35.08809152009634]]]}}, {"type": "Feature", "properties": {"LINK_ID": "1410072201", "F_NODE": "1410026302", "T_NODE": "1410026301", "LANES": 2, "ROAD_RANK": "104", "ROAD_TYPE": "000", "ROAD_NO": "-", "ROAD_NAME": "녹산산단261로", "ROAD_USE": "0", "MULTI_LINK": "0", "CONNECT": "0", "MAX_SPD": 50, "REST_VEH": "0", "REST_W": 0, "REST_H": 0, "C-ITS": "0", "LENGTH": 13.317739859248, "UPDATEDATE": "20250512", "REMARK": null, "HIST_TYPE": "LINK0001", "HISTREMARK": null, "link_stats_import_fid": null, "link_stats_import_vehicle_count": null, "link_stats_import_avg_speed": null, "link_stats_import_sum_weight_kg": null}, "geometry": {"type": "MultiLineString", "coordinates": [[[128.8460811288247, 35.09558112436413], [128.8460808291758, 35.09570112422705]]]}}, {"type": "Feature", "properties": {"LINK_ID": "4180131102", "F_NODE": "4180105101", "T_NODE": "4180105104", "LANES": 2, "ROAD_RANK": "107", "ROAD_TYPE": "000", "ROAD_NO": "-", "ROAD_NAME": "안청남로", "ROAD_USE": "0", "MULTI_LINK": "0", "CONNECT": "0", "MAX_SPD": 60, "REST_VEH": "0", "REST_W": 0, "REST_H": 0, "C-ITS": "0", "LENGTH": 10.896409972565, "UPDATEDATE": "20250512", "REMARK": null, "HIST_TYPE": "LINK0001", "HISTREMARK": null, "link_stats_import_fid": null, "link_stats_import_vehicle_count": null, "link_stats_import_avg_speed": null, "link_stats_import_sum_weight_kg": null}, "geometry": {"type": "MultiLineString", "coordinates": [[[128.80526532656032, 35.101336084938026], [128.80514594757636, 35.101339925854596]]]}}, {"type": "Feature", "properties": {"LINK_ID": "4180061101", "F_NODE": "4180102703", "T_NODE": "4180102702", "LANES": 3, "ROAD_RANK": "107", "ROAD_TYPE": "000", "ROAD_NO": "-", "ROAD_NAME": "신항로", "ROAD_USE": "0", "MULTI_LINK": "0", "CONNECT": "0", "MAX_SPD": 60, "REST_VEH": "0", "REST_W": 0, "REST_H": 0, "C-ITS": "0", "LENGTH": 12.025832661585, "UPDATEDATE": "20250512", "REMARK": null, "HIST_TYPE": "LINK0001", "HISTREMARK": null, "link_stats_import_fid": 162, "link_stats_import_vehicle_count": 82.0, "link_stats_import_avg_speed": 13.54, "link_stats_import_sum_weight_kg": 671598.0}, "geometry": {"type": "MultiLineString", "coordinates": [[[128.80100895139805, 35.08310303078041], [128.8011407758381, 35.08310312040779]]]}}, {"type": "Feature", "properties": {"LINK_ID": "1411031900", "F_NODE": "1410382504", "T_NODE": "1410913300", "LANES": 3, "ROAD_RANK": "104", "ROAD_TYPE": "000", "ROAD_NO": "-", "ROAD_NAME": "신항남로", "ROAD_USE": "0", "MULTI_LINK": "0", "CONNECT": "0", "MAX_SPD": 60, "REST_VEH": "0", "REST_W": 0, "REST_H": 0, "C-ITS": "0", "LENGTH": 435.88791333834, "UPDATEDATE": "20250512", "REMARK": null, "HIST_TYPE": "LINK0003", "HISTREMARK": null, "link_stats_import_fid": 72, "link_stats_import_vehicle_count": 231.0, "link_stats_import_avg_speed": 12.55, "link_stats_import_sum_weight_kg": 7608353.0}, "geometry": {"type": "MultiLineString", "coordinates": [[[128.83140156696624, 35.067327166764834], [128.8277965271887, 35.066722866301056], [128.8273607482906, 35.06665409822723], [128.82677385839398, 35.066505198916154], [128.82673682954615, 35.06649280648944]]]}}, {"type": "Feature", "properties": {"LINK_ID": "4180067302", "F_NODE": "4180113402", "T_NODE": "4180113401", "LANES": 3, "ROAD_RANK": "107", "ROAD_TYPE": "000", "ROAD_NO": "-", "ROAD_NAME": "-", "ROAD_USE": "0", "MULTI_LINK": "0", "CONNECT": "0", "MAX_SPD": 70, "REST_VEH": "0", "REST_W": 0, "REST_H": 0, "C-ITS": "0", "LENGTH": 12.000052686989, "UPDATEDATE": "20250512", "REMARK": "도로명없음", "HIST_TYPE": "LINK0001", "HISTREMARK": null, "link_stats_import_fid": 1223, "link_stats_import_vehicle_count": 1.0, "link_stats_import_avg_speed": 11.63, "link_stats_import_sum_weight_kg": 0.0}, "geometry": {"type": "MultiLineString", "coordinates": [[[128.81434915525227, 35.085998950871556], [128.81434874800212, 35.08610707883639]]]}}, {"type": "Feature", "properties": {"LINK_ID": "1410702301", "F_NODE": "4180119601", "T_NODE": "4180119604", "LANES": 3, "ROAD_RANK": "104", "ROAD_TYPE": "000", "ROAD_NO": "-", "ROAD_NAME": "신항로", "ROAD_USE": "0", "MULTI_LINK": "0", "CONNECT": "0", "MAX_SPD": 60, "REST_VEH": "0", "REST_W": 0, "REST_H": 0, "C-ITS": "0", "LENGTH": 12.000091413626, "UPDATEDATE": "20250512", "REMARK": null, "HIST_TYPE": "LINK0001", "HISTREMARK": null, "link_stats_import_fid": 178, "link_stats_import_vehicle_count": 71.0, "link_stats_import_avg_speed": 9.02, "link_stats_import_sum_weight_kg": 352992.0}, "geometry": {"type": "MultiLineString", "coordinates": [[[128.81834040268862, 35.08323863638847], [128.8182088615701, 35.08323831657711]]]}}, {"type": "Feature", "properties": {"LINK_ID": "1410076401", "F_NODE": "1410027302", "T_NODE": "1410027301", "LANES": 2, "ROAD_RANK": "104", "ROAD_TYPE": "000", "ROAD_NO": "-", "ROAD_NAME": "녹산산업중로", "ROAD_USE": "0", "MULTI_LINK": "0", "CONNECT": "0", "MAX_SPD": 50, "REST_VEH": "0", "REST_W": 0, "REST_H": 0, "C-ITS": "0", "LENGTH": 12.293090526059, "UPDATEDATE": "20250512", "REMARK": null, "HIST_TYPE": "LINK0001", "HISTREMARK": null, "link_stats_import_fid": 430, "link_stats_import_vehicle_count": 13.0, "link_stats_import_avg_speed": 7.3, "link_stats_import_sum_weight_kg": 4000.0}, "geometry": {"type": "MultiLineString", "coordinates": [[[128.82968120367022, 35.09653843119529], [128.82958541589926, 35.096616353322936]]]}}, {"type": "Feature", "properties": {"LINK_ID": "1410120901", "F_NODE": "1410014901", "T_NODE": "1410014904", "LANES": 3, "ROAD_RANK": "104", "ROAD_TYPE": "000", "ROAD_NO": "-", "ROAD_NAME": "녹산산업대로", "ROAD_USE": "0", "MULTI_LINK": "0", "CONNECT": "0", "MAX_SPD": 70, "REST_VEH": "0", "REST_W": 0, "REST_H": 0, "C-ITS": "0", "LENGTH": 10.946483313678, "UPDATEDATE": "20250512", "REMARK": null, "HIST_TYPE": "LINK0001", "HISTREMARK": null, "link_stats_import_fid": 839, "link_stats_import_vehicle_count": 3.0, "link_stats_import_avg_speed": 10.05, "link_stats_import_sum_weight_kg": 1000.0}, "geometry": {"type": "MultiLineString", "coordinates": [[[128.83437478562783, 35.0890146126214], [128.8342547856102, 35.08901471112767]]]}}, {"type": "Feature", "properties": {"LINK_ID": "4180139905", "F_NODE": "4180222400", "T_NODE": "4180123302", "LANES": 2, "ROAD_RANK": "107", "ROAD_TYPE": "004", "ROAD_NO": "-", "ROAD_NAME": "-", "ROAD_USE": "0", "MULTI_LINK": "0", "CONNECT": "0", "MAX_SPD": 80, "REST_VEH": "0", "REST_W": 0, "REST_H": 0, "C-ITS": "0", "LENGTH": 433.585130403969, "UPDATEDATE": "20250512", "REMARK": "도로명없음", "HIST_TYPE": "LINK1007", "HISTREMARK": "4180139900", "link_stats_import_fid": 920, "link_stats_import_vehicle_count": 3.0, "link_stats_import_avg_speed": 27.53, "link_stats_import_sum_weight_kg": 1000.0}, "geometry": {"type": "MultiLineString", "coordinates": [[[128.82329056199296, 35.106219999409944], [128.82337687746744, 35.10601209017773], [128.8235948844195, 35.10538448380754], [128.82374440152995, 35.10468973189676], [128.8238021379406, 35.10417554532661], [128.82382254792444, 35.103684001003636], [128.8238035936017, 35.103106725496744], [128.82374350401523, 35.102365074072196]]]}}, {"type": "Feature", "properties": {"LINK_ID": "4180064401", "F_NODE": "4180096104", "T_NODE": "4180096103", "LANES": 2, "ROAD_RANK": "107", "ROAD_TYPE": "000", "ROAD_NO": "-", "ROAD_NAME": "안골로108번길", "ROAD_USE": "0", "MULTI_LINK": "0", "CONNECT": "0", "MAX_SPD": 50, "REST_VEH": "0", "REST_W": 0, "REST_H": 0, "C-ITS": "0", "LENGTH": 12.000833015807, "UPDATEDATE": "20250512", "REMARK": null, "HIST_TYPE": "LINK0001", "HISTREMARK": null, "link_stats_import_fid": 656, "link_stats_import_vehicle_count": 6.0, "link_stats_import_avg_speed": 8.92, "link_stats_import_sum_weight_kg": 94695.0}, "geometry": {"type": "MultiLineString", "coordinates": [[[128.78410412308912, 35.08558865984196], [128.78401587224226, 35.08550846419442]]]}}, {"type": "Feature", "properties": {"LINK_ID": "4180077001", "F_NODE": "4180119001", "T_NODE": "4180119004", "LANES": 3, "ROAD_RANK": "107", "ROAD_TYPE": "000", "ROAD_NO": "-", "ROAD_NAME": "신항동로", "ROAD_USE": "0", "MULTI_LINK": "0", "CONNECT": "0", "MAX_SPD": 50, "REST_VEH": "0", "REST_W": 0, "REST_H": 0, "C-ITS": "0", "LENGTH": 12.000178641356, "UPDATEDATE": "20250512", "REMARK": null, "HIST_TYPE": "LINK0001", "HISTREMARK": null, "link_stats_import_fid": 583, "link_stats_import_vehicle_count": 8.0, "link_stats_import_avg_speed": 9.9, "link_stats_import_sum_weight_kg": 4300.0}, "geometry": {"type": "MultiLineString", "coordinates": [[[128.81834662666623, 35.088955798250396], [128.8182150773464, 35.08895646701068]]]}}, {"type": "Feature", "properties": {"LINK_ID": "4180060903", "F_NODE": "4180212200", "T_NODE": "4180202800", "LANES": 2, "ROAD_RANK": "107", "ROAD_TYPE": "000", "ROAD_NO": "-", "ROAD_NAME": "안골로108번길", "ROAD_USE": "0", "MULTI_LINK": "0", "CONNECT": "0", "MAX_SPD": 50, "REST_VEH": "0", "REST_W": 0, "REST_H": 0, "C-ITS": "0", "LENGTH": 41.086573818423, "UPDATEDATE": "20250512", "REMARK": null, "HIST_TYPE": "LINK1007", "HISTREMARK": "4180060900", "link_stats_import_fid": 235, "link_stats_import_vehicle_count": 45.0, "link_stats_import_avg_speed": 6.36, "link_stats_import_sum_weight_kg": 1044486.0}, "geometry": {"type": "MultiLineString", "coordinates": [[[128.78370904009162, 35.08274005095827], [128.7837714492383, 35.08271844684294], [128.78409591266262, 35.08271987723907], [128.78415397168516, 35.082723171038275]]]}}, {"type": "Feature", "properties": {"LINK_ID": "4180072802", "F_NODE": "4180110204", "T_NODE": "4180110203", "LANES": 2, "ROAD_RANK": "107", "ROAD_TYPE": "000", "ROAD_NO": "-", "ROAD_NAME": "-", "ROAD_USE": "0", "MULTI_LINK": "0", "CONNECT": "0", "MAX_SPD": 50, "REST_VEH": "0", "REST_W": 0, "REST_H": 0, "C-ITS": "0", "LENGTH": 12.000081597196, "UPDATEDATE": "20250512", "REMARK": "도로명없음", "HIST_TYPE": "LINK0001", "HISTREMARK": null, "link_stats_import_fid": 1234, "link_stats_import_vehicle_count": 1.0, "link_stats_import_avg_speed": 8.49, "link_stats_import_sum_weight_kg": 2300.0}, "geometry": {"type": "MultiLineString", "coordinates": [[[128.81271337679945, 35.08894883331025], [128.81271549420836, 35.088840718556796]]]}}, {"type": "Feature", "properties": {"LINK_ID": "1410122401", "F_NODE": "1410040802", "T_NODE": "1410040801", "LANES": 2, "ROAD_RANK": "104", "ROAD_TYPE": "000", "ROAD_NO": "-", "ROAD_NAME": "신항남로", "ROAD_USE": "0", "MULTI_LINK": "0", "CONNECT": "0", "MAX_SPD": 80, "REST_VEH": "0", "REST_W": 0, "REST_H": 0, "C-ITS": "0", "LENGTH": 13.431863459588, "UPDATEDATE": "20250512", "REMARK": null, "HIST_TYPE": "LINK0001", "HISTREMARK": null, "link_stats_import_fid": 409, "link_stats_import_vehicle_count": 14.0, "link_stats_import_avg_speed": 20.56, "link_stats_import_sum_weight_kg": 36191.0}, "geometry": {"type": "MultiLineString", "coordinates": [[[128.83458715357906, 35.093400092527936], [128.83458694466165, 35.09352112140356]]]}}, {"type": "Feature", "properties": {"LINK_ID": "1410081100", "F_NODE": "1410028702", "T_NODE": "1410027304", "LANES": 2, "ROAD_RANK": "104", "ROAD_TYPE": "000", "ROAD_NO": "-", "ROAD_NAME": "녹산산업중로", "ROAD_USE": "0", "MULTI_LINK": "0", "CONNECT": "0", "MAX_SPD": 50, "REST_VEH": "0", "REST_W": 0, "REST_H": 0, "C-ITS": "0", "LENGTH": 138.903992134807, "UPDATEDATE": "20250512", "REMARK": null, "HIST_TYPE": "LINK0003", "HISTREMARK": null, "link_stats_import_fid": 632, "link_stats_import_vehicle_count": 6.0, "link_stats_import_avg_speed": 9.13, "link_stats_import_sum_weight_kg": 62195.0}, "geometry": {"type": "MultiLineString", "coordinates": [[[128.82839537552837, 35.097411385051416], [128.8294884215995, 35.096539889893016]]]}}, {"type": "Feature", "properties": {"LINK_ID": "1410074100", "F_NODE": "1410025902", "T_NODE": "1410025203", "LANES": 2, "ROAD_RANK": "104", "ROAD_TYPE": "000", "ROAD_NO": "-", "ROAD_NAME": "녹산산업중로", "ROAD_USE": "0", "MULTI_LINK": "0", "CONNECT": "0", "MAX_SPD": 50, "REST_VEH": "0", "REST_W": 0, "REST_H": 0, "C-ITS": "0", "LENGTH": 158.974713225164, "UPDATEDATE": "20250512", "REMARK": null, "HIST_TYPE": "LINK0003", "HISTREMARK": null, "link_stats_import_fid": null, "link_stats_import_vehicle_count": null, "link_stats_import_avg_speed": null, "link_stats_import_sum_weight_kg": null}, "geometry": {"type": "MultiLineString", "coordinates": [[[128.83070034414774, 35.09554653895275], [128.83193414228924, 35.09453478750033]]]}}, {"type": "Feature", "properties": {"LINK_ID": "1410738403", "F_NODE": "1410024304", "T_NODE": "1410024303", "LANES": 2, "ROAD_RANK": "104", "ROAD_TYPE": "000", "ROAD_NO": "-", "ROAD_NAME": "녹산산업대로", "ROAD_USE": "0", "MULTI_LINK": "0", "CONNECT": "0", "MAX_SPD": 70, "REST_VEH": "0", "REST_W": 0, "REST_H": 0, "C-ITS": "0", "LENGTH": 12.000972202883, "UPDATEDATE": "20250512", "REMARK": null, "HIST_TYPE": "LINK0001", "HISTREMARK": null, "link_stats_import_fid": null, "link_stats_import_vehicle_count": null, "link_stats_import_avg_speed": null, "link_stats_import_sum_weight_kg": null}, "geometry": {"type": "MultiLineString", "coordinates": [[[128.82546926940168, 35.09524077346308], [128.82556317598792, 35.095165033445674]]]}}, {"type": "Feature", "properties": {"LINK_ID": "4180075402", "F_NODE": "4180186300", "T_NODE": "4180107001", "LANES": 3, "ROAD_RANK": "107", "ROAD_TYPE": "000", "ROAD_NO": "-", "ROAD_NAME": "신항동로", "ROAD_USE": "0", "MULTI_LINK": "0", "CONNECT": "0", "MAX_SPD": 30, "REST_VEH": "0", "REST_W": 0, "REST_H": 0, "C-ITS": "0", "LENGTH": 347.974502146244, "UPDATEDATE": "20250512", "REMARK": null, "HIST_TYPE": "LINK1007", "HISTREMARK": "4180075400", "link_stats_import_fid": 457, "link_stats_import_vehicle_count": 12.0, "link_stats_import_avg_speed": 9.81, "link_stats_import_sum_weight_kg": 16700.0}, "geometry": {"type": "MultiLineString", "coordinates": [[[128.81108604191687, 35.08892729006479], [128.81083127249008, 35.08892391535464], [128.8104612717939, 35.08892308562226], [128.80727141024192, 35.08891588544837]]]}}, {"type": "Feature", "properties": {"LINK_ID": "1410025100", "F_NODE": "1410014103", "T_NODE": "1410010604", "LANES": 2, "ROAD_RANK": "104", "ROAD_TYPE": "000", "ROAD_NO": "-", "ROAD_NAME": "녹산산단262로", "ROAD_USE": "0", "MULTI_LINK": "0", "CONNECT": "0", "MAX_SPD": 50, "REST_VEH": "0", "REST_W": 0, "REST_H": 0, "C-ITS": "0", "LENGTH": 353.690774270456, "UPDATEDATE": "20250512", "REMARK": null, "HIST_TYPE": "LINK0003", "HISTREMARK": null, "link_stats_import_fid": 815, "link_stats_import_vehicle_count": 3.0, "link_stats_import_avg_speed": 7.43, "link_stats_import_sum_weight_kg": 0.0}, "geometry": {"type": "MultiLineString", "coordinates": [[[128.8459801331051, 35.087788919488055], [128.84598784193193, 35.084601973750786]]]}}, {"type": "Feature", "properties": {"LINK_ID": "4180058500", "F_NODE": "4180000402", "T_NODE": "1410041002", "LANES": 2, "ROAD_RANK": "107", "ROAD_TYPE": "000", "ROAD_NO": "-", "ROAD_NAME": "신항남로", "ROAD_USE": "0", "MULTI_LINK": "0", "CONNECT": "0", "MAX_SPD": 80, "REST_VEH": "0", "REST_W": 0, "REST_H": 0, "C-ITS": "0", "LENGTH": 51.369230274988, "UPDATEDATE": "20250512", "REMARK": null, "HIST_TYPE": "LINK0003", "HISTREMARK": null, "link_stats_import_fid": null, "link_stats_import_vehicle_count": null, "link_stats_import_avg_speed": null, "link_stats_import_sum_weight_kg": null}, "geometry": {"type": "MultiLineString", "coordinates": [[[128.83504247266538, 35.10235881971477], [128.83492106573794, 35.101906834904625]]]}}, {"type": "Feature", "properties": {"LINK_ID": "4180060901", "F_NODE": "4180098202", "T_NODE": "4180098201", "LANES": 2, "ROAD_RANK": "107", "ROAD_TYPE": "000", "ROAD_NO": "-", "ROAD_NAME": "안골로108번길", "ROAD_USE": "0", "MULTI_LINK": "0", "CONNECT": "0", "MAX_SPD": 50, "REST_VEH": "0", "REST_W": 0, "REST_H": 0, "C-ITS": "0", "LENGTH": 13.468654662351, "UPDATEDATE": "20250512", "REMARK": null, "HIST_TYPE": "LINK0001", "HISTREMARK": null, "link_stats_import_fid": 197, "link_stats_import_vehicle_count": 60.0, "link_stats_import_avg_speed": 9.81, "link_stats_import_sum_weight_kg": 418830.0}, "geometry": {"type": "MultiLineString", "coordinates": [[[128.78727966914164, 35.083064921981126], [128.78734428679763, 35.08317404381412]]]}}, {"type": "Feature", "properties": {"LINK_ID": "4180100000", "F_NODE": "4180103403", "T_NODE": "4180104404", "LANES": 2, "ROAD_RANK": "107", "ROAD_TYPE": "000", "ROAD_NO": "-", "ROAD_NAME": "안청로", "ROAD_USE": "0", "MULTI_LINK": "0", "CONNECT": "0", "MAX_SPD": 60, "REST_VEH": "0", "REST_W": 0, "REST_H": 0, "C-ITS": "0", "LENGTH": 159.145480343991, "UPDATEDATE": "20250512", "REMARK": null, "HIST_TYPE": "LINK0006", "HISTREMARK": null, "link_stats_import_fid": 798, "link_stats_import_vehicle_count": 4.0, "link_stats_import_avg_speed": 11.37, "link_stats_import_sum_weight_kg": 32340.0}, "geometry": {"type": "MultiLineString", "coordinates": [[[128.8033828732769, 35.09862158820028], [128.80421794506768, 35.097752137021054], [128.80430012258768, 35.097665312288704], [128.80445959584023, 35.09749321420129]]]}}, {"type": "Feature", "properties": {"LINK_ID": "4180148100", "F_NODE": "4180107504", "T_NODE": "4180201800", "LANES": 2, "ROAD_RANK": "107", "ROAD_TYPE": "000", "ROAD_NO": "-", "ROAD_NAME": "안청북로", "ROAD_USE": "0", "MULTI_LINK": "0", "CONNECT": "0", "MAX_SPD": 30, "REST_VEH": "0", "REST_W": 0, "REST_H": 0, "C-ITS": "0", "LENGTH": 184.282972714076, "UPDATEDATE": "20250512", "REMARK": null, "HIST_TYPE": "LINK0003", "HISTREMARK": null, "link_stats_import_fid": null, "link_stats_import_vehicle_count": null, "link_stats_import_avg_speed": null, "link_stats_import_sum_weight_kg": null}, "geometry": {"type": "MultiLineString", "coordinates": [[[128.8089088223014, 35.105317600603605], [128.80785053905456, 35.10483427588183], [128.80714264531218, 35.10451096778001]]]}}, {"type": "Feature", "properties": {"LINK_ID": "4180108701", "F_NODE": "4180120003", "T_NODE": "4180120002", "LANES": 2, "ROAD_RANK": "107", "ROAD_TYPE": "000", "ROAD_NO": "-", "ROAD_NAME": "용원로", "ROAD_USE": "0", "MULTI_LINK": "0", "CONNECT": "0", "MAX_SPD": 50, "REST_VEH": "0", "REST_W": 0, "REST_H": 0, "C-ITS": "0", "LENGTH": 11.10804182661, "UPDATEDATE": "20250512", "REMARK": null, "HIST_TYPE": "LINK0001", "HISTREMARK": null, "link_stats_import_fid": null, "link_stats_import_vehicle_count": null, "link_stats_import_avg_speed": null, "link_stats_import_sum_weight_kg": null}, "geometry": {"type": "MultiLineString", "coordinates": [[[128.8188756492508, 35.09862088307205], [128.81899387507278, 35.09859685853393]]]}}, {"type": "Feature", "properties": {"LINK_ID": "1410039801", "F_NODE": "1410015001", "T_NODE": "1410015004", "LANES": 3, "ROAD_RANK": "104", "ROAD_TYPE": "000", "ROAD_NO": "-", "ROAD_NAME": "녹산산업대로", "ROAD_USE": "0", "MULTI_LINK": "0", "CONNECT": "0", "MAX_SPD": 70, "REST_VEH": "0", "REST_W": 0, "REST_H": 0, "C-ITS": "0", "LENGTH": 10.946455730155, "UPDATEDATE": "20250512", "REMARK": null, "HIST_TYPE": "LINK0001", "HISTREMARK": null, "link_stats_import_fid": 497, "link_stats_import_vehicle_count": 10.0, "link_stats_import_avg_speed": 10.22, "link_stats_import_sum_weight_kg": 2000.0}, "geometry": {"type": "MultiLineString", "coordinates": [[[128.83560893372834, 35.08901603423517], [128.83548893422207, 35.08901584750964]]]}}, {"type": "Feature", "properties": {"LINK_ID": "4180075802", "F_NODE": "4180106904", "T_NODE": "4180106903", "LANES": 2, "ROAD_RANK": "107", "ROAD_TYPE": "000", "ROAD_NO": "-", "ROAD_NAME": "신항5로", "ROAD_USE": "0", "MULTI_LINK": "0", "CONNECT": "0", "MAX_SPD": 50, "REST_VEH": "0", "REST_W": 0, "REST_H": 0, "C-ITS": "0", "LENGTH": 11.999982807214, "UPDATEDATE": "20250512", "REMARK": null, "HIST_TYPE": "LINK0001", "HISTREMARK": null, "link_stats_import_fid": 1000, "link_stats_import_vehicle_count": 2.0, "link_stats_import_avg_speed": 6.09, "link_stats_import_sum_weight_kg": 14054.0}, "geometry": {"type": "MultiLineString", "coordinates": [[[128.80717339030056, 35.08982505664185], [128.80714073035602, 35.08972031388359]]]}}, {"type": "Feature", "properties": {"LINK_ID": "4180081600", "F_NODE": "4180093104", "T_NODE": "4180091101", "LANES": 4, "ROAD_RANK": "107", "ROAD_TYPE": "000", "ROAD_NO": "-", "ROAD_NAME": "신항10로", "ROAD_USE": "0", "MULTI_LINK": "0", "CONNECT": "0", "MAX_SPD": 80, "REST_VEH": "0", "REST_W": 0, "REST_H": 0, "C-ITS": "0", "LENGTH": 392.272182099096, "UPDATEDATE": "20250512", "REMARK": null, "HIST_TYPE": "LINK0003", "HISTREMARK": null, "link_stats_import_fid": 203, "link_stats_import_vehicle_count": 58.0, "link_stats_import_avg_speed": 7.24, "link_stats_import_sum_weight_kg": 283639.0}, "geometry": {"type": "MultiLineString", "coordinates": [[[128.7787013929024, 35.0913997008002], [128.77736043147013, 35.09137731398691], [128.7744012286935, 35.091365959933235]]]}}, {"type": "Feature", "properties": {"LINK_ID": "1410086501", "F_NODE": "1410028901", "T_NODE": "1410028904", "LANES": 2, "ROAD_RANK": "104", "ROAD_TYPE": "000", "ROAD_NO": "-", "ROAD_NAME": "녹산산업북로", "ROAD_USE": "0", "MULTI_LINK": "0", "CONNECT": "0", "MAX_SPD": 50, "REST_VEH": "0", "REST_W": 0, "REST_H": 0, "C-ITS": "0", "LENGTH": 10.946969990582, "UPDATEDATE": "20250512", "REMARK": null, "HIST_TYPE": "LINK0001", "HISTREMARK": null, "link_stats_import_fid": 756, "link_stats_import_vehicle_count": 4.0, "link_stats_import_avg_speed": 8.23, "link_stats_import_sum_weight_kg": 2000.0}, "geometry": {"type": "MultiLineString", "coordinates": [[[128.83276187171631, 35.09799480323564], [128.8326418684452, 35.097993224192344]]]}}, {"type": "Feature", "properties": {"LINK_ID": "4180069900", "F_NODE": "4180113201", "T_NODE": "4180113002", "LANES": 3, "ROAD_RANK": "107", "ROAD_TYPE": "000", "ROAD_NO": "-", "ROAD_NAME": "-", "ROAD_USE": "0", "MULTI_LINK": "0", "CONNECT": "0", "MAX_SPD": 70, "REST_VEH": "0", "REST_W": 0, "REST_H": 0, "C-ITS": "0", "LENGTH": 106.871394905454, "UPDATEDATE": "20250512", "REMARK": "도로명없음", "HIST_TYPE": "LINK0003", "HISTREMARK": null, "link_stats_import_fid": 482, "link_stats_import_vehicle_count": 11.0, "link_stats_import_avg_speed": 9.09, "link_stats_import_sum_weight_kg": 12910.0}, "geometry": {"type": "MultiLineString", "coordinates": [[[128.81434202312954, 35.08698425324409], [128.81432049439167, 35.08794707302075]]]}}, {"type": "Feature", "properties": {"LINK_ID": "4180157800", "F_NODE": "4180124101", "T_NODE": "4180225600", "LANES": 4, "ROAD_RANK": "105", "ROAD_TYPE": "000", "ROAD_NO": "58", "ROAD_NAME": "가락대로", "ROAD_USE": "0", "MULTI_LINK": "0", "CONNECT": "0", "MAX_SPD": 60, "REST_VEH": "0", "REST_W": 0, "REST_H": 0, "C-ITS": "0", "LENGTH": 350.634102816158, "UPDATEDATE": "20250512", "REMARK": null, "HIST_TYPE": "LINK0003", "HISTREMARK": null, "link_stats_import_fid": 253, "link_stats_import_vehicle_count": 37.0, "link_stats_import_avg_speed": 17.03, "link_stats_import_sum_weight_kg": 70498.0}, "geometry": {"type": "MultiLineString", "coordinates": [[[128.83961588153772, 35.10506322264173], [128.83964698689067, 35.10510899094524], [128.8396959873313, 35.10519599157751], [128.83974898731947, 35.10528299095353], [128.83980798719892, 35.10537399161241], [128.83987098722406, 35.10546399155141], [128.83993798685742, 35.105555990897464], [128.84000898725895, 35.10564799164541], [128.84008398786474, 35.105738992553285], [128.84016198793498, 35.105829991126235], [128.84024198796376, 35.105915991813056], [128.84032798684936, 35.106003991254326], [128.84041698802898, 35.106088991776666], [128.84050598717374, 35.10617199157671], [128.8405979875203, 35.10625399224837], [128.8406939880735, 35.10633499122874], [128.8407929876988, 35.10641899156343], [128.84089098789806, 35.106501991331655], [128.8408919880567, 35.10650199146003], [128.84098998849657, 35.10658699182382], [128.8409909870321, 35.106587992317756], [128.8410869884557, 35.10667499120488], [128.84108898715417, 35.10667599182462], [128.84118498833132, 35.1067679914406], [128.8411859868512, 35.10676899103188], [128.84127998739783, 35.10686199066247], [128.8412809881329, 35.106862991120465], [128.841371987389, 35.106959990777334], [128.84137398719417, 35.106960991375345], [128.8414609871596, 35.10705999112601], [128.841461986803, 35.107060991598985], [128.84154498804466, 35.10716299178587], [128.84154598767012, 35.10716399135716], [128.84162598810133, 35.107266991461785], [128.84162698722966, 35.10726899228266], [128.84170398795806, 35.10737499117479], [128.8417049876084, 35.107375991645505], [128.84177898759512, 35.10748499205026], [128.84177998722748, 35.10748599161936], [128.84185198765442, 35.107595992062855], [128.8418529872891, 35.107596991631276], [128.84185958316726, 35.10760766145137]]]}}, {"type": "Feature", "properties": {"LINK_ID": "1410122701", "F_NODE": "1410040501", "T_NODE": "1410864000", "LANES": 3, "ROAD_RANK": "104", "ROAD_TYPE": "000", "ROAD_NO": "-", "ROAD_NAME": "신항남로", "ROAD_USE": "0", "MULTI_LINK": "0", "CONNECT": "0", "MAX_SPD": 60, "REST_VEH": "0", "REST_W": 0, "REST_H": 0, "C-ITS": "0", "LENGTH": 321.47630398223, "UPDATEDATE": "20250512", "REMARK": null, "HIST_TYPE": "LINK0003", "HISTREMARK": null, "link_stats_import_fid": 7, "link_stats_import_vehicle_count": 567.0, "link_stats_import_avg_speed": 10.89, "link_stats_import_sum_weight_kg": 10555788.0}, "geometry": {"type": "MultiLineString", "coordinates": [[[128.83484949223097, 35.077346873126366], [128.8348350172509, 35.07814308957578], [128.83480681886758, 35.07985434135367], [128.83480596033854, 35.0802433237378]]]}}, {"type": "Feature", "properties": {"LINK_ID": "1410041400", "F_NODE": "1410019003", "T_NODE": "1410015404", "LANES": 2, "ROAD_RANK": "104", "ROAD_TYPE": "000", "ROAD_NO": "-", "ROAD_NAME": "녹산산단261로", "ROAD_USE": "0", "MULTI_LINK": "0", "CONNECT": "0", "MAX_SPD": 50, "REST_VEH": "0", "REST_W": 0, "REST_H": 0, "C-ITS": "0", "LENGTH": 112.859831870869, "UPDATEDATE": "20250512", "REMARK": null, "HIST_TYPE": "LINK0003", "HISTREMARK": null, "link_stats_import_fid": 696, "link_stats_import_vehicle_count": 5.0, "link_stats_import_avg_speed": 12.75, "link_stats_import_sum_weight_kg": 0.0}, "geometry": {"type": "MultiLineString", "coordinates": [[[128.84597514585002, 35.090039884399935], [128.84597782904422, 35.08902295700341]]]}}, {"type": "Feature", "properties": {"LINK_ID": "4180089201", "F_NODE": "4180087504", "T_NODE": "4180087503", "LANES": 4, "ROAD_RANK": "101", "ROAD_TYPE": "000", "ROAD_NO": "105", "ROAD_NAME": "남해고속도로제3지선", "ROAD_USE": "0", "MULTI_LINK": "0", "CONNECT": "0", "MAX_SPD": 80, "REST_VEH": "5", "REST_W": 0, "REST_H": 0, "C-ITS": "0", "LENGTH": 12.717156211588, "UPDATEDATE": "20250512", "REMARK": null, "HIST_TYPE": "LINK0001", "HISTREMARK": null, "link_stats_import_fid": 463, "link_stats_import_vehicle_count": 12.0, "link_stats_import_avg_speed": 12.15, "link_stats_import_sum_weight_kg": 22472.0}, "geometry": {"type": "MultiLineString", "coordinates": [[[128.7650673888365, 35.09418761126898], [128.76506435299876, 35.09407304644774]]]}}, {"type": "Feature", "properties": {"LINK_ID": "4180069201", "F_NODE": "4180091401", "T_NODE": "4180091404", "LANES": 2, "ROAD_RANK": "107", "ROAD_TYPE": "000", "ROAD_NO": "-", "ROAD_NAME": "신항8로", "ROAD_USE": "0", "MULTI_LINK": "0", "CONNECT": "0", "MAX_SPD": 60, "REST_VEH": "0", "REST_W": 0, "REST_H": 0, "C-ITS": "0", "LENGTH": 12.000411244732, "UPDATEDATE": "20250512", "REMARK": null, "HIST_TYPE": "LINK0001", "HISTREMARK": null, "link_stats_import_fid": 988, "link_stats_import_vehicle_count": 2.0, "link_stats_import_avg_speed": 7.95, "link_stats_import_sum_weight_kg": 24107.0}, "geometry": {"type": "MultiLineString", "coordinates": [[[128.77439991444024, 35.08701438880623], [128.7742683611027, 35.08701448868658]]]}}, {"type": "Feature", "properties": {"LINK_ID": "4180114901", "F_NODE": "4180107404", "T_NODE": "4180107403", "LANES": 2, "ROAD_RANK": "107", "ROAD_TYPE": "000", "ROAD_NO": "-", "ROAD_NAME": "안청남로", "ROAD_USE": "0", "MULTI_LINK": "0", "CONNECT": "0", "MAX_SPD": 30, "REST_VEH": "0", "REST_W": 0, "REST_H": 0, "C-ITS": "0", "LENGTH": 12.574768071157, "UPDATEDATE": "20250512", "REMARK": null, "HIST_TYPE": "LINK0001", "HISTREMARK": null, "link_stats_import_fid": null, "link_stats_import_vehicle_count": null, "link_stats_import_avg_speed": null, "link_stats_import_sum_weight_kg": null}, "geometry": {"type": "MultiLineString", "coordinates": [[[128.80777742655755, 35.09953874643256], [128.80785746488863, 35.099446488109244]]]}}, {"type": "Feature", "properties": {"LINK_ID": "4180088500", "F_NODE": "4180087502", "T_NODE": "4180090203", "LANES": 4, "ROAD_RANK": "107", "ROAD_TYPE": "000", "ROAD_NO": "-", "ROAD_NAME": "신항북로", "ROAD_USE": "0", "MULTI_LINK": "0", "CONNECT": "0", "MAX_SPD": 80, "REST_VEH": "0", "REST_W": 0, "REST_H": 0, "C-ITS": "0", "LENGTH": 421.199495421822, "UPDATEDATE": "20250512", "REMARK": null, "HIST_TYPE": "LINK0003", "HISTREMARK": null, "link_stats_import_fid": 287, "link_stats_import_vehicle_count": 29.0, "link_stats_import_avg_speed": 9.82, "link_stats_import_sum_weight_kg": 119061.0}, "geometry": {"type": "MultiLineString", "coordinates": [[[128.76519568337304, 35.094073868748254], [128.76981324747, 35.09403811924257]]]}}, {"type": "Feature", "properties": {"LINK_ID": "4180064900", "F_NODE": "4180102502", "T_NODE": "4180229500", "LANES": 4, "ROAD_RANK": "107", "ROAD_TYPE": "000", "ROAD_NO": "-", "ROAD_NAME": "신항북로", "ROAD_USE": "0", "MULTI_LINK": "0", "CONNECT": "0", "MAX_SPD": 70, "REST_VEH": "0", "REST_W": 0, "REST_H": 0, "C-ITS": "0", "LENGTH": 281.665454763015, "UPDATEDATE": "20250512", "REMARK": null, "HIST_TYPE": "LINK0003", "HISTREMARK": null, "link_stats_import_fid": 133, "link_stats_import_vehicle_count": 106.0, "link_stats_import_avg_speed": 14.27, "link_stats_import_sum_weight_kg": 325784.0}, "geometry": {"type": "MultiLineString", "coordinates": [[[128.80097138217744, 35.085949020947176], [128.80405904096452, 35.085950556380354]]]}}, {"type": "Feature", "properties": {"LINK_ID": "4180121601", "F_NODE": "4180107801", "T_NODE": "4180107804", "LANES": 2, "ROAD_RANK": "107", "ROAD_TYPE": "000", "ROAD_NO": "-", "ROAD_NAME": "용원로", "ROAD_USE": "0", "MULTI_LINK": "0", "CONNECT": "0", "MAX_SPD": 60, "REST_VEH": "0", "REST_W": 0, "REST_H": 0, "C-ITS": "0", "LENGTH": 11.257567010069, "UPDATEDATE": "20250512", "REMARK": null, "HIST_TYPE": "LINK0001", "HISTREMARK": null, "link_stats_import_fid": null, "link_stats_import_vehicle_count": null, "link_stats_import_avg_speed": null, "link_stats_import_sum_weight_kg": null}, "geometry": {"type": "MultiLineString", "coordinates": [[[128.810230211256, 35.10048807294422], [128.81011032350503, 35.10051219604191]]]}}, {"type": "Feature", "properties": {"LINK_ID": "4180066300", "F_NODE": "4180101701", "T_NODE": "4180216200", "LANES": 2, "ROAD_RANK": "107", "ROAD_TYPE": "000", "ROAD_NO": "-", "ROAD_NAME": "-", "ROAD_USE": "0", "MULTI_LINK": "0", "CONNECT": "0", "MAX_SPD": 60, "REST_VEH": "0", "REST_W": 0, "REST_H": 0, "C-ITS": "0", "LENGTH": 201.918951199043, "UPDATEDATE": "20250512", "REMARK": "도로명없음", "HIST_TYPE": "LINK0003", "HISTREMARK": null, "link_stats_import_fid": 355, "link_stats_import_vehicle_count": 19.0, "link_stats_import_avg_speed": 9.29, "link_stats_import_sum_weight_kg": 64623.0}, "geometry": {"type": "MultiLineString", "coordinates": [[[128.79754437842377, 35.08624823229415], [128.7980784909232, 35.0880139054719]]]}}, {"type": "Feature", "properties": {"LINK_ID": "1410075500", "F_NODE": "1410027304", "T_NODE": "1410025604", "LANES": 2, "ROAD_RANK": "104", "ROAD_TYPE": "000", "ROAD_NO": "-", "ROAD_NAME": "녹산산업북로", "ROAD_USE": "0", "MULTI_LINK": "0", "CONNECT": "0", "MAX_SPD": 50, "REST_VEH": "0", "REST_W": 0, "REST_H": 0, "C-ITS": "0", "LENGTH": 230.590360619343, "UPDATEDATE": "20250512", "REMARK": null, "HIST_TYPE": "LINK0003", "HISTREMARK": null, "link_stats_import_fid": 754, "link_stats_import_vehicle_count": 4.0, "link_stats_import_avg_speed": 8.71, "link_stats_import_sum_weight_kg": 0.0}, "geometry": {"type": "MultiLineString", "coordinates": [[[128.8294884215995, 35.096539889893016], [128.82769684579716, 35.09507396856227]]]}}, {"type": "Feature", "properties": {"LINK_ID": "1410119900", "F_NODE": "1410040602", "T_NODE": "1410015003", "LANES": 3, "ROAD_RANK": "104", "ROAD_TYPE": "003", "ROAD_NO": "-", "ROAD_NAME": "녹산산업대로", "ROAD_USE": "0", "MULTI_LINK": "0", "CONNECT": "0", "MAX_SPD": 70, "REST_VEH": "0", "REST_W": 0, "REST_H": 0, "C-ITS": "0", "LENGTH": 80.320739234623, "UPDATEDATE": "20250512", "REMARK": null, "HIST_TYPE": "LINK0003", "HISTREMARK": null, "link_stats_import_fid": 140, "link_stats_import_vehicle_count": 99.0, "link_stats_import_avg_speed": 10.79, "link_stats_import_sum_weight_kg": 341965.0}, "geometry": {"type": "MultiLineString", "coordinates": [[[128.83460837029426, 35.08889627873938], [128.83548887934703, 35.08889600955754]]]}}, {"type": "Feature", "properties": {"LINK_ID": "4180068000", "F_NODE": "4180090504", "T_NODE": "4180087801", "LANES": 3, "ROAD_RANK": "107", "ROAD_TYPE": "000", "ROAD_NO": "-", "ROAD_NAME": "신항8로", "ROAD_USE": "0", "MULTI_LINK": "0", "CONNECT": "0", "MAX_SPD": 60, "REST_VEH": "0", "REST_W": 0, "REST_H": 0, "C-ITS": "0", "LENGTH": 422.520998534259, "UPDATEDATE": "20250512", "REMARK": null, "HIST_TYPE": "LINK0003", "HISTREMARK": null, "link_stats_import_fid": 438, "link_stats_import_vehicle_count": 13.0, "link_stats_import_avg_speed": 8.22, "link_stats_import_sum_weight_kg": 43960.0}, "geometry": {"type": "MultiLineString", "coordinates": [[[128.7698577383524, 35.086993306817924], [128.76684633375197, 35.08697612682522], [128.7652259555981, 35.08697433837256]]]}}, {"type": "Feature", "properties": {"LINK_ID": "4180132202", "F_NODE": "4180103503", "T_NODE": "4180103502", "LANES": 2, "ROAD_RANK": "107", "ROAD_TYPE": "000", "ROAD_NO": "-", "ROAD_NAME": "안청남로", "ROAD_USE": "0", "MULTI_LINK": "0", "CONNECT": "0", "MAX_SPD": 60, "REST_VEH": "0", "REST_W": 0, "REST_H": 0, "C-ITS": "0", "LENGTH": 10.96186648073, "UPDATEDATE": "20250512", "REMARK": null, "HIST_TYPE": "LINK0001", "HISTREMARK": null, "link_stats_import_fid": null, "link_stats_import_vehicle_count": null, "link_stats_import_avg_speed": null, "link_stats_import_sum_weight_kg": null}, "geometry": {"type": "MultiLineString", "coordinates": [[[128.80348898801589, 35.10127741536495], [128.8036089879462, 35.10127189048062]]]}}, {"type": "Feature", "properties": {"LINK_ID": "4180125601", "F_NODE": "4180106102", "T_NODE": "4180106101", "LANES": 2, "ROAD_RANK": "107", "ROAD_TYPE": "000", "ROAD_NO": "-", "ROAD_NAME": "안청남로", "ROAD_USE": "0", "MULTI_LINK": "0", "CONNECT": "0", "MAX_SPD": 30, "REST_VEH": "0", "REST_W": 0, "REST_H": 0, "C-ITS": "0", "LENGTH": 15.160950691669, "UPDATEDATE": "20250512", "REMARK": null, "HIST_TYPE": "LINK0001", "HISTREMARK": null, "link_stats_import_fid": 1379, "link_stats_import_vehicle_count": 1.0, "link_stats_import_avg_speed": 6.49, "link_stats_import_sum_weight_kg": 31340.0}, "geometry": {"type": "MultiLineString", "coordinates": [[[128.8064826611627, 35.101178717547036], [128.8064087960071, 35.10130109957101]]]}}, {"type": "Feature", "properties": {"LINK_ID": "4180159600", "F_NODE": "4180086704", "T_NODE": "4180086501", "LANES": 2, "ROAD_RANK": "107", "ROAD_TYPE": "000", "ROAD_NO": "-", "ROAD_NAME": "남영로159번길", "ROAD_USE": "0", "MULTI_LINK": "0", "CONNECT": "0", "MAX_SPD": 60, "REST_VEH": "0", "REST_W": 0, "REST_H": 0, "C-ITS": "0", "LENGTH": 187.857319991647, "UPDATEDATE": "20250512", "REMARK": null, "HIST_TYPE": "LINK0003", "HISTREMARK": null, "link_stats_import_fid": null, "link_stats_import_vehicle_count": null, "link_stats_import_avg_speed": null, "link_stats_import_sum_weight_kg": null}, "geometry": {"type": "MultiLineString", "coordinates": [[[128.75738711959747, 35.10698777981435], [128.75702976292132, 35.10723929504253], [128.75666832618782, 35.10742861100094], [128.75620122772446, 35.10754105426907], [128.7555274484096, 35.10755652027165]]]}}, {"type": "Feature", "properties": {"LINK_ID": "1410704502", "F_NODE": "1410277504", "T_NODE": "1410277503", "LANES": 3, "ROAD_RANK": "104", "ROAD_TYPE": "000", "ROAD_NO": "-", "ROAD_NAME": "신항로", "ROAD_USE": "0", "MULTI_LINK": "0", "CONNECT": "0", "MAX_SPD": 30, "REST_VEH": "0", "REST_W": 0, "REST_H": 0, "C-ITS": "0", "LENGTH": 11.99995531056, "UPDATEDATE": "20250512", "REMARK": null, "HIST_TYPE": "LINK0001", "HISTREMARK": null, "link_stats_import_fid": 762, "link_stats_import_vehicle_count": 4.0, "link_stats_import_avg_speed": 5.78, "link_stats_import_sum_weight_kg": 1000.0}, "geometry": {"type": "MultiLineString", "coordinates": [[[128.82439968316, 35.08461863024158], [128.82440023038848, 35.084510503951535]]]}}, {"type": "Feature", "properties": {"LINK_ID": "4180070901", "F_NODE": "4180119102", "T_NODE": "4180119101", "LANES": 3, "ROAD_RANK": "107", "ROAD_TYPE": "000", "ROAD_NO": "-", "ROAD_NAME": "신항4로", "ROAD_USE": "0", "MULTI_LINK": "0", "CONNECT": "0", "MAX_SPD": 50, "REST_VEH": "0", "REST_W": 0, "REST_H": 0, "C-ITS": "0", "LENGTH": 12.000165064878, "UPDATEDATE": "20250512", "REMARK": null, "HIST_TYPE": "LINK0001", "HISTREMARK": null, "link_stats_import_fid": 718, "link_stats_import_vehicle_count": 5.0, "link_stats_import_avg_speed": 9.19, "link_stats_import_sum_weight_kg": 1000.0}, "geometry": {"type": "MultiLineString", "coordinates": [[[128.8183587866896, 35.087984343334185], [128.81835784073905, 35.0880924698392]]]}}, {"type": "Feature", "properties": {"LINK_ID": "4180074301", "F_NODE": "4180123402", "T_NODE": "4180123401", "LANES": 3, "ROAD_RANK": "107", "ROAD_TYPE": "000", "ROAD_NO": "-", "ROAD_NAME": "신항3로", "ROAD_USE": "0", "MULTI_LINK": "0", "CONNECT": "0", "MAX_SPD": 70, "REST_VEH": "0", "REST_W": 0, "REST_H": 0, "C-ITS": "0", "LENGTH": 12.054830990514, "UPDATEDATE": "20250512", "REMARK": null, "HIST_TYPE": "LINK0001", "HISTREMARK": null, "link_stats_import_fid": 581, "link_stats_import_vehicle_count": 8.0, "link_stats_import_avg_speed": 11.51, "link_stats_import_sum_weight_kg": 15100.0}, "geometry": {"type": "MultiLineString", "coordinates": [[[128.82438354492893, 35.088955831753], [128.82437276270704, 35.08906409121892]]]}}, {"type": "Feature", "properties": {"LINK_ID": "4180134501", "F_NODE": "4180111001", "T_NODE": "4180111004", "LANES": 2, "ROAD_RANK": "107", "ROAD_TYPE": "000", "ROAD_NO": "-", "ROAD_NAME": "용재로", "ROAD_USE": "0", "MULTI_LINK": "0", "CONNECT": "0", "MAX_SPD": 60, "REST_VEH": "0", "REST_W": 0, "REST_H": 0, "C-ITS": "0", "LENGTH": 11.045000494936, "UPDATEDATE": "20250512", "REMARK": null, "HIST_TYPE": "LINK0001", "HISTREMARK": null, "link_stats_import_fid": null, "link_stats_import_vehicle_count": null, "link_stats_import_avg_speed": null, "link_stats_import_sum_weight_kg": null}, "geometry": {"type": "MultiLineString", "coordinates": [[[128.8135210890487, 35.101787740176604], [128.81340323105076, 35.10181061406889]]]}}, {"type": "Feature", "properties": {"LINK_ID": "1410040900", "F_NODE": "1410015301", "T_NODE": "1410018902", "LANES": 2, "ROAD_RANK": "104", "ROAD_TYPE": "000", "ROAD_NO": "-", "ROAD_NAME": "녹산산단231로", "ROAD_USE": "0", "MULTI_LINK": "0", "CONNECT": "0", "MAX_SPD": 50, "REST_VEH": "0", "REST_W": 0, "REST_H": 0, "C-ITS": "0", "LENGTH": 112.431701759348, "UPDATEDATE": "20250512", "REMARK": null, "HIST_TYPE": "LINK0003", "HISTREMARK": null, "link_stats_import_fid": 941, "link_stats_import_vehicle_count": 2.0, "link_stats_import_avg_speed": 11.79, "link_stats_import_sum_weight_kg": 0.0}, "geometry": {"type": "MultiLineString", "coordinates": [[[128.84278988090549, 35.08902102887981], [128.8427880941233, 35.090034101133945]]]}}, {"type": "Feature", "properties": {"LINK_ID": "1410705400", "F_NODE": "1410277502", "T_NODE": "1410914600", "LANES": 2, "ROAD_RANK": "104", "ROAD_TYPE": "000", "ROAD_NO": "-", "ROAD_NAME": "신항로", "ROAD_USE": "0", "MULTI_LINK": "0", "CONNECT": "0", "MAX_SPD": 30, "REST_VEH": "0", "REST_W": 0, "REST_H": 0, "C-ITS": "0", "LENGTH": 321.745246318026, "UPDATEDATE": "20250512", "REMARK": null, "HIST_TYPE": "LINK0003", "HISTREMARK": null, "link_stats_import_fid": 434, "link_stats_import_vehicle_count": 13.0, "link_stats_import_avg_speed": 8.37, "link_stats_import_sum_weight_kg": 189924.0}, "geometry": {"type": "MultiLineString", "coordinates": [[[128.82453178487728, 35.08451209906334], [128.82553957086446, 35.08453344781036], [128.8280582673095, 35.084552888418216]]]}}, {"type": "Feature", "properties": {"LINK_ID": "4180074600", "F_NODE": "4180091304", "T_NODE": "4180090401", "LANES": 2, "ROAD_RANK": "107", "ROAD_TYPE": "000", "ROAD_NO": "-", "ROAD_NAME": "신항9로", "ROAD_USE": "0", "MULTI_LINK": "0", "CONNECT": "0", "MAX_SPD": 60, "REST_VEH": "0", "REST_W": 0, "REST_H": 0, "C-ITS": "0", "LENGTH": 393.630982469507, "UPDATEDATE": "20250512", "REMARK": null, "HIST_TYPE": "LINK0003", "HISTREMARK": null, "link_stats_import_fid": 666, "link_stats_import_vehicle_count": 6.0, "link_stats_import_avg_speed": 6.74, "link_stats_import_sum_weight_kg": 5830.0}, "geometry": {"type": "MultiLineString", "coordinates": [[[128.77429074859717, 35.08917310100854], [128.77283148390237, 35.08917491705441], [128.76997549300307, 35.08917842004161]]]}}, {"type": "Feature", "properties": {"LINK_ID": "4180060904", "F_NODE": "4180217900", "T_NODE": "4180098202", "LANES": 2, "ROAD_RANK": "107", "ROAD_TYPE": "000", "ROAD_NO": "-", "ROAD_NAME": "안골로108번길", "ROAD_USE": "0", "MULTI_LINK": "0", "CONNECT": "0", "MAX_SPD": 50, "REST_VEH": "0", "REST_W": 0, "REST_H": 0, "C-ITS": "0", "LENGTH": 41.066531379851, "UPDATEDATE": "20250512", "REMARK": null, "HIST_TYPE": "LINK1007", "HISTREMARK": "4180060900", "link_stats_import_fid": 75, "link_stats_import_vehicle_count": 215.0, "link_stats_import_avg_speed": 9.61, "link_stats_import_sum_weight_kg": 4372727.0}, "geometry": {"type": "MultiLineString", "coordinates": [[[128.7868645377368, 35.08292180332289], [128.78727966914164, 35.083064921981126]]]}}, {"type": "Feature", "properties": {"LINK_ID": "4180124901", "F_NODE": "4180122503", "T_NODE": "4180122502", "LANES": 2, "ROAD_RANK": "107", "ROAD_TYPE": "000", "ROAD_NO": "-", "ROAD_NAME": "용재로", "ROAD_USE": "0", "MULTI_LINK": "0", "CONNECT": "0", "MAX_SPD": 60, "REST_VEH": "0", "REST_W": 0, "REST_H": 0, "C-ITS": "0", "LENGTH": 11.270409499055, "UPDATEDATE": "20250512", "REMARK": null, "HIST_TYPE": "LINK0001", "HISTREMARK": null, "link_stats_import_fid": null, "link_stats_import_vehicle_count": null, "link_stats_import_avg_speed": null, "link_stats_import_sum_weight_kg": null}, "geometry": {"type": "MultiLineString", "coordinates": [[[128.82093969896957, 35.10017848566238], [128.82105974981076, 35.10015442695279]]]}}, {"type": "Feature", "properties": {"LINK_ID": "4180140000", "F_NODE": "4180117004", "T_NODE": "4180114701", "LANES": 3, "ROAD_RANK": "103", "ROAD_TYPE": "000", "ROAD_NO": "2", "ROAD_NAME": "진해대로", "ROAD_USE": "0", "MULTI_LINK": "0", "CONNECT": "0", "MAX_SPD": 70, "REST_VEH": "0", "REST_W": 0, "REST_H": 0, "C-ITS": "0", "LENGTH": 140.72134017817, "UPDATEDATE": "20250512", "REMARK": null, "HIST_TYPE": "LINK0003", "HISTREMARK": null, "link_stats_import_fid": 921, "link_stats_import_vehicle_count": 3.0, "link_stats_import_avg_speed": 10.1, "link_stats_import_sum_weight_kg": 28317.0}, "geometry": {"type": "MultiLineString", "coordinates": [[[128.8170790093946, 35.10255003620481], [128.8155741844034, 35.10283004704192]]]}}, {"type": "Feature", "properties": {"LINK_ID": "4180064100", "F_NODE": "4180119501", "T_NODE": "4180119402", "LANES": 3, "ROAD_RANK": "107", "ROAD_TYPE": "000", "ROAD_NO": "-", "ROAD_NAME": "신항4로", "ROAD_USE": "0", "MULTI_LINK": "0", "CONNECT": "0", "MAX_SPD": 60, "REST_VEH": "0", "REST_W": 0, "REST_H": 0, "C-ITS": "0", "LENGTH": 156.460852713215, "UPDATEDATE": "20250512", "REMARK": null, "HIST_TYPE": "LINK0003", "HISTREMARK": null, "link_stats_import_fid": 92, "link_stats_import_vehicle_count": 171.0, "link_stats_import_avg_speed": 8.18, "link_stats_import_sum_weight_kg": 784679.0}, "geometry": {"type": "MultiLineString", "coordinates": [[[128.8183462200525, 35.084592447735275], [128.81835643687046, 35.08600223748689]]]}}, {"type": "Feature", "properties": {"LINK_ID": "4180080901", "F_NODE": "4180090303", "T_NODE": "4180090302", "LANES": 4, "ROAD_RANK": "107", "ROAD_TYPE": "000", "ROAD_NO": "-", "ROAD_NAME": "신항10로", "ROAD_USE": "0", "MULTI_LINK": "0", "CONNECT": "0", "MAX_SPD": 80, "REST_VEH": "0", "REST_W": 0, "REST_H": 0, "C-ITS": "0", "LENGTH": 12.00063458045, "UPDATEDATE": "20250512", "REMARK": null, "HIST_TYPE": "LINK0001", "HISTREMARK": null, "link_stats_import_fid": 882, "link_stats_import_vehicle_count": 3.0, "link_stats_import_avg_speed": 7.77, "link_stats_import_sum_weight_kg": 20544.0}, "geometry": {"type": "MultiLineString", "coordinates": [[[128.76983065974773, 35.0912809823106], [128.76996222114363, 35.0912804636249]]]}}, {"type": "Feature", "properties": {"LINK_ID": "4180126502", "F_NODE": "4180201600", "T_NODE": "4180107604", "LANES": 2, "ROAD_RANK": "107", "ROAD_TYPE": "000", "ROAD_NO": "-", "ROAD_NAME": "안골로", "ROAD_USE": "0", "MULTI_LINK": "0", "CONNECT": "0", "MAX_SPD": 50, "REST_VEH": "0", "REST_W": 0, "REST_H": 0, "C-ITS": "0", "LENGTH": 99.194440355255, "UPDATEDATE": "20250512", "REMARK": null, "HIST_TYPE": "LINK1007", "HISTREMARK": "4180126500", "link_stats_import_fid": 1060, "link_stats_import_vehicle_count": 2.0, "link_stats_import_avg_speed": 10.16, "link_stats_import_sum_weight_kg": 16670.0}, "geometry": {"type": "MultiLineString", "coordinates": [[[128.8097023234425, 35.101506542234354], [128.80945980799885, 35.100635239212956]]]}}, {"type": "Feature", "properties": {"LINK_ID": "4180121700", "F_NODE": "4180107802", "T_NODE": "4180110103", "LANES": 2, "ROAD_RANK": "107", "ROAD_TYPE": "000", "ROAD_NO": "-", "ROAD_NAME": "용원로", "ROAD_USE": "0", "MULTI_LINK": "0", "CONNECT": "0", "MAX_SPD": 60, "REST_VEH": "0", "REST_W": 0, "REST_H": 0, "C-ITS": "0", "LENGTH": 244.282860800359, "UPDATEDATE": "20250512", "REMARK": null, "HIST_TYPE": "LINK0003", "HISTREMARK": null, "link_stats_import_fid": 736, "link_stats_import_vehicle_count": 5.0, "link_stats_import_avg_speed": 10.4, "link_stats_import_sum_weight_kg": 91668.0}, "geometry": {"type": "MultiLineString", "coordinates": [[[128.8101939190077, 35.10037268422245], [128.81116421337637, 35.10016655779295], [128.81278700251949, 35.099821797803926]]]}}, {"type": "Feature", "properties": {"LINK_ID": "1410087301", "F_NODE": "1410029101", "T_NODE": "1410029104", "LANES": 3, "ROAD_RANK": "104", "ROAD_TYPE": "000", "ROAD_NO": "-", "ROAD_NAME": "녹산산업북로", "ROAD_USE": "0", "MULTI_LINK": "0", "CONNECT": "0", "MAX_SPD": 50, "REST_VEH": "0", "REST_W": 0, "REST_H": 0, "C-ITS": "0", "LENGTH": 10.963462536865, "UPDATEDATE": "20250512", "REMARK": null, "HIST_TYPE": "LINK0001", "HISTREMARK": null, "link_stats_import_fid": 1155, "link_stats_import_vehicle_count": 1.0, "link_stats_import_avg_speed": 8.31, "link_stats_import_sum_weight_kg": 0.0}, "geometry": {"type": "MultiLineString", "coordinates": [[[128.8356028277998, 35.09803109185583], [128.83548263346654, 35.09803018531469]]]}}, {"type": "Feature", "properties": {"LINK_ID": "4180081200", "F_NODE": "4180087503", "T_NODE": "4180087704", "LANES": 4, "ROAD_RANK": "107", "ROAD_TYPE": "000", "ROAD_NO": "-", "ROAD_NAME": "신항배후로", "ROAD_USE": "0", "MULTI_LINK": "0", "CONNECT": "0", "MAX_SPD": 80, "REST_VEH": "0", "REST_W": 0, "REST_H": 0, "C-ITS": "0", "LENGTH": 298.026168744, "UPDATEDATE": "20250512", "REMARK": null, "HIST_TYPE": "LINK0003", "HISTREMARK": null, "link_stats_import_fid": 142, "link_stats_import_vehicle_count": 97.0, "link_stats_import_avg_speed": 11.29, "link_stats_import_sum_weight_kg": 116600.0}, "geometry": {"type": "MultiLineString", "coordinates": [[[128.76506435299876, 35.09407304644774], [128.7650776985385, 35.09263338075935], [128.7650893432843, 35.0913876646322]]]}}, {"type": "Feature", "properties": {"LINK_ID": "4180060802", "F_NODE": "4180217800", "T_NODE": "4180313000", "LANES": 2, "ROAD_RANK": "107", "ROAD_TYPE": "000", "ROAD_NO": "-", "ROAD_NAME": "안골로108번길", "ROAD_USE": "0", "MULTI_LINK": "0", "CONNECT": "0", "MAX_SPD": 50, "REST_VEH": "0", "REST_W": 0, "REST_H": 0, "C-ITS": "0", "LENGTH": 299.022645879996, "UPDATEDATE": "20250512", "REMARK": null, "HIST_TYPE": "LINK1007", "HISTREMARK": "4180060800", "link_stats_import_fid": 79, "link_stats_import_vehicle_count": 208.0, "link_stats_import_avg_speed": 10.97, "link_stats_import_sum_weight_kg": 3710370.0}, "geometry": {"type": "MultiLineString", "coordinates": [[[128.78681446186215, 35.08302085405641], [128.78669524272436, 35.08298026566517], [128.78414470855247, 35.082831276246736], [128.7840881936154, 35.08282797431183], [128.78379767840326, 35.08282669327167], [128.78376009312197, 35.08283970423026], [128.78360305213133, 35.08289406719922], [128.783584847705, 35.082917151624876]]]}}, {"type": "Feature", "properties": {"LINK_ID": "4180122101", "F_NODE": "4180103004", "T_NODE": "4180103003", "LANES": 2, "ROAD_RANK": "107", "ROAD_TYPE": "000", "ROAD_NO": "-", "ROAD_NAME": "안청로", "ROAD_USE": "0", "MULTI_LINK": "0", "CONNECT": "0", "MAX_SPD": 60, "REST_VEH": "0", "REST_W": 0, "REST_H": 0, "C-ITS": "0", "LENGTH": 13.318780352474, "UPDATEDATE": "20250512", "REMARK": null, "HIST_TYPE": "LINK0001", "HISTREMARK": null, "link_stats_import_fid": null, "link_stats_import_vehicle_count": null, "link_stats_import_avg_speed": null, "link_stats_import_sum_weight_kg": null}, "geometry": {"type": "MultiLineString", "coordinates": [[[128.8029402467545, 35.10017685334073], [128.8029369653954, 35.10005687230188]]]}}, {"type": "Feature", "properties": {"LINK_ID": "1410000804", "F_NODE": "1410000214", "T_NODE": "1410000213", "LANES": 4, "ROAD_RANK": "105", "ROAD_TYPE": "000", "ROAD_NO": "58", "ROAD_NAME": "가락대로", "ROAD_USE": "0", "MULTI_LINK": "0", "CONNECT": "0", "MAX_SPD": 60, "REST_VEH": "0", "REST_W": 0, "REST_H": 0, "C-ITS": "0", "LENGTH": 12.745370699593, "UPDATEDATE": "20250512", "REMARK": null, "HIST_TYPE": "LINK0001", "HISTREMARK": null, "link_stats_import_fid": null, "link_stats_import_vehicle_count": null, "link_stats_import_avg_speed": null, "link_stats_import_sum_weight_kg": null}, "geometry": {"type": "MultiLineString", "coordinates": [[[128.8394561695898, 35.10404648813913], [128.8394518829318, 35.103931699288275]]]}}, {"type": "Feature", "properties": {"LINK_ID": "4180061400", "F_NODE": "4180101703", "T_NODE": "4180101204", "LANES": 2, "ROAD_RANK": "107", "ROAD_TYPE": "000", "ROAD_NO": "-", "ROAD_NAME": "-", "ROAD_USE": "0", "MULTI_LINK": "0", "CONNECT": "0", "MAX_SPD": 60, "REST_VEH": "0", "REST_W": 0, "REST_H": 0, "C-ITS": "0", "LENGTH": 344.871596311184, "UPDATEDATE": "20250512", "REMARK": "도로명없음", "HIST_TYPE": "LINK0003", "HISTREMARK": null, "link_stats_import_fid": 102, "link_stats_import_vehicle_count": 152.0, "link_stats_import_avg_speed": 7.53, "link_stats_import_sum_weight_kg": 667012.0}, "geometry": {"type": "MultiLineString", "coordinates": [[[128.79738366193783, 35.086177736106634], [128.79641664680702, 35.08367329526018], [128.79630308110694, 35.0833481796509], [128.79625549532727, 35.08321195023358]]]}}, {"type": "Feature", "properties": {"LINK_ID": "4180064201", "F_NODE": "4180119504", "T_NODE": "4180119503", "LANES": 3, "ROAD_RANK": "107", "ROAD_TYPE": "000", "ROAD_NO": "-", "ROAD_NAME": "신항4로", "ROAD_USE": "0", "MULTI_LINK": "0", "CONNECT": "0", "MAX_SPD": 60, "REST_VEH": "0", "REST_W": 0, "REST_H": 0, "C-ITS": "0", "LENGTH": 12.000040006196, "UPDATEDATE": "20250512", "REMARK": null, "HIST_TYPE": "LINK0001", "HISTREMARK": null, "link_stats_import_fid": 352, "link_stats_import_vehicle_count": 19.0, "link_stats_import_avg_speed": 8.17, "link_stats_import_sum_weight_kg": 73496.0}, "geometry": {"type": "MultiLineString", "coordinates": [[[128.81821467283618, 35.084592188267806], [128.81821404353758, 35.08448406126623]]]}}, {"type": "Feature", "properties": {"LINK_ID": "1410072301", "F_NODE": "1410024604", "T_NODE": "1410024603", "LANES": 2, "ROAD_RANK": "104", "ROAD_TYPE": "000", "ROAD_NO": "-", "ROAD_NAME": "녹산산단261로", "ROAD_USE": "0", "MULTI_LINK": "0", "CONNECT": "0", "MAX_SPD": 50, "REST_VEH": "0", "REST_W": 0, "REST_H": 0, "C-ITS": "0", "LENGTH": 13.317699768905, "UPDATEDATE": "20250512", "REMARK": null, "HIST_TYPE": "LINK0001", "HISTREMARK": null, "link_stats_import_fid": null, "link_stats_import_vehicle_count": null, "link_stats_import_avg_speed": null, "link_stats_import_sum_weight_kg": null}, "geometry": {"type": "MultiLineString", "coordinates": [[[128.8459638466475, 35.09442997413073], [128.8459641213849, 35.09430997455958]]]}}, {"type": "Feature", "properties": {"LINK_ID": "4180081301", "F_NODE": "4180091103", "T_NODE": "4180091102", "LANES": 4, "ROAD_RANK": "107", "ROAD_TYPE": "000", "ROAD_NO": "-", "ROAD_NAME": "신항10로", "ROAD_USE": "0", "MULTI_LINK": "0", "CONNECT": "0", "MAX_SPD": 80, "REST_VEH": "0", "REST_W": 0, "REST_H": 0, "C-ITS": "0", "LENGTH": 12.000424393691, "UPDATEDATE": "20250512", "REMARK": null, "HIST_TYPE": "LINK0001", "HISTREMARK": null, "link_stats_import_fid": 1264, "link_stats_import_vehicle_count": 1.0, "link_stats_import_avg_speed": 6.46, "link_stats_import_sum_weight_kg": 1000.0}, "geometry": {"type": "MultiLineString", "coordinates": [[[128.7742705020028, 35.09125791996279], [128.77440206231657, 35.091257832970626]]]}}, {"type": "Feature", "properties": {"LINK_ID": "1410036601", "F_NODE": "1410015402", "T_NODE": "1410015401", "LANES": 2, "ROAD_RANK": "104", "ROAD_TYPE": "000", "ROAD_NO": "-", "ROAD_NAME": "녹산산단262로", "ROAD_USE": "0", "MULTI_LINK": "0", "CONNECT": "0", "MAX_SPD": 50, "REST_VEH": "0", "REST_W": 0, "REST_H": 0, "C-ITS": "0", "LENGTH": 13.317779240326, "UPDATEDATE": "20250512", "REMARK": null, "HIST_TYPE": "LINK0001", "HISTREMARK": null, "link_stats_import_fid": 692, "link_stats_import_vehicle_count": 5.0, "link_stats_import_avg_speed": 11.05, "link_stats_import_sum_weight_kg": 13300.0}, "geometry": {"type": "MultiLineString", "coordinates": [[[128.84609809664855, 35.08890304873675], [128.84609783134368, 35.089023049133864]]]}}, {"type": "Feature", "properties": {"LINK_ID": "1410705301", "F_NODE": "1410277902", "T_NODE": "1410277901", "LANES": 4, "ROAD_RANK": "104", "ROAD_TYPE": "000", "ROAD_NO": "-", "ROAD_NAME": "신항북로", "ROAD_USE": "0", "MULTI_LINK": "0", "CONNECT": "0", "MAX_SPD": 50, "REST_VEH": "0", "REST_W": 0, "REST_H": 0, "C-ITS": "0", "LENGTH": 11.846910374069, "UPDATEDATE": "20250512", "REMARK": null, "HIST_TYPE": "LINK0001", "HISTREMARK": null, "link_stats_import_fid": 264, "link_stats_import_vehicle_count": 34.0, "link_stats_import_avg_speed": 9.98, "link_stats_import_sum_weight_kg": 170901.0}, "geometry": {"type": "MultiLineString", "coordinates": [[[128.8311691030738, 35.08708312769333], [128.83125931143152, 35.087159920137374]]]}}, {"type": "Feature", "properties": {"LINK_ID": "4180138000", "F_NODE": "4180108002", "T_NODE": "4180108403", "LANES": 2, "ROAD_RANK": "107", "ROAD_TYPE": "000", "ROAD_NO": "-", "ROAD_NAME": "용재로", "ROAD_USE": "0", "MULTI_LINK": "0", "CONNECT": "0", "MAX_SPD": 60, "REST_VEH": "0", "REST_W": 0, "REST_H": 0, "C-ITS": "0", "LENGTH": 17.065769949187, "UPDATEDATE": "20250512", "REMARK": null, "HIST_TYPE": "LINK0003", "HISTREMARK": null, "link_stats_import_fid": null, "link_stats_import_vehicle_count": null, "link_stats_import_avg_speed": null, "link_stats_import_sum_weight_kg": null}, "geometry": {"type": "MultiLineString", "coordinates": [[[128.81045038339306, 35.10228028027214], [128.81063159775158, 35.102241969904824]]]}}, {"type": "Feature", "properties": {"LINK_ID": "1410095001", "F_NODE": "1410032802", "T_NODE": "1410032801", "LANES": 3, "ROAD_RANK": "105", "ROAD_TYPE": "000", "ROAD_NO": "58", "ROAD_NAME": "가락대로", "ROAD_USE": "0", "MULTI_LINK": "0", "CONNECT": "0", "MAX_SPD": 60, "REST_VEH": "0", "REST_W": 0, "REST_H": 0, "C-ITS": "0", "LENGTH": 21.153768643222, "UPDATEDATE": "20250512", "REMARK": null, "HIST_TYPE": "LINK0001", "HISTREMARK": null, "link_stats_import_fid": 531, "link_stats_import_vehicle_count": 9.0, "link_stats_import_avg_speed": 12.96, "link_stats_import_sum_weight_kg": 0.0}, "geometry": {"type": "MultiLineString", "coordinates": [[[128.83947705017926, 35.10170560276232], [128.8394764823712, 35.10189620950047]]]}}, {"type": "Feature", "properties": {"LINK_ID": "4180135700", "F_NODE": "1410401504", "T_NODE": "4180123001", "LANES": 3, "ROAD_RANK": "103", "ROAD_TYPE": "000", "ROAD_NO": "2", "ROAD_NAME": "진해대로", "ROAD_USE": "0", "MULTI_LINK": "0", "CONNECT": "0", "MAX_SPD": 70, "REST_VEH": "0", "REST_W": 0, "REST_H": 0, "C-ITS": "0", "LENGTH": 97.79957582915, "UPDATEDATE": "20250512", "REMARK": null, "HIST_TYPE": "LINK0003", "HISTREMARK": null, "link_stats_import_fid": null, "link_stats_import_vehicle_count": null, "link_stats_import_avg_speed": null, "link_stats_import_sum_weight_kg": null}, "geometry": {"type": "MultiLineString", "coordinates": [[[128.82347170207146, 35.10199294919899], [128.82273698790104, 35.10184999146366], [128.82242981370513, 35.10178474463907]]]}}, {"type": "Feature", "properties": {"LINK_ID": "1410077800", "F_NODE": "1410026302", "T_NODE": "1410026403", "LANES": 2, "ROAD_RANK": "104", "ROAD_TYPE": "000", "ROAD_NO": "-", "ROAD_NAME": "녹산산단261로74번길", "ROAD_USE": "0", "MULTI_LINK": "0", "CONNECT": "0", "MAX_SPD": 70, "REST_VEH": "0", "REST_W": 0, "REST_H": 0, "C-ITS": "0", "LENGTH": 280.027091858178, "UPDATEDATE": "20250512", "REMARK": null, "HIST_TYPE": "LINK0003", "HISTREMARK": null, "link_stats_import_fid": null, "link_stats_import_vehicle_count": null, "link_stats_import_avg_speed": null, "link_stats_import_sum_weight_kg": null}, "geometry": {"type": "MultiLineString", "coordinates": [[[128.8460811288247, 35.09558112436413], [128.84915112678664, 35.09558786053294]]]}}, {"type": "Feature", "properties": {"LINK_ID": "4180066001", "F_NODE": "4180102503", "T_NODE": "4180102502", "LANES": 4, "ROAD_RANK": "107", "ROAD_TYPE": "000", "ROAD_NO": "-", "ROAD_NAME": "신항북로", "ROAD_USE": "0", "MULTI_LINK": "0", "CONNECT": "0", "MAX_SPD": 70, "REST_VEH": "0", "REST_W": 0, "REST_H": 0, "C-ITS": "0", "LENGTH": 12.164469386973, "UPDATEDATE": "20250512", "REMARK": null, "HIST_TYPE": "LINK0001", "HISTREMARK": null, "link_stats_import_fid": 371, "link_stats_import_vehicle_count": 18.0, "link_stats_import_avg_speed": 10.87, "link_stats_import_sum_weight_kg": 48168.0}, "geometry": {"type": "MultiLineString", "coordinates": [[[128.800838035972, 35.08594970909276], [128.80097138217744, 35.085949020947176]]]}}, {"type": "Feature", "properties": {"LINK_ID": "1410097901", "F_NODE": "1410032804", "T_NODE": "1410032803", "LANES": 3, "ROAD_RANK": "105", "ROAD_TYPE": "000", "ROAD_NO": "58", "ROAD_NAME": "가락대로", "ROAD_USE": "0", "MULTI_LINK": "0", "CONNECT": "0", "MAX_SPD": 60, "REST_VEH": "0", "REST_W": 0, "REST_H": 0, "C-ITS": "0", "LENGTH": 21.151873299284, "UPDATEDATE": "20250512", "REMARK": null, "HIST_TYPE": "LINK0001", "HISTREMARK": null, "link_stats_import_fid": 838, "link_stats_import_vehicle_count": 3.0, "link_stats_import_avg_speed": 13.11, "link_stats_import_sum_weight_kg": 0.0}, "geometry": {"type": "MultiLineString", "coordinates": [[[128.83935648265248, 35.1018959660048], [128.83935705005356, 35.101705376335374]]]}}, {"type": "Feature", "properties": {"LINK_ID": "4180131601", "F_NODE": "4180116603", "T_NODE": "4180116602", "LANES": 2, "ROAD_RANK": "107", "ROAD_TYPE": "000", "ROAD_NO": "-", "ROAD_NAME": "용재로", "ROAD_USE": "0", "MULTI_LINK": "0", "CONNECT": "0", "MAX_SPD": 60, "REST_VEH": "0", "REST_W": 0, "REST_H": 0, "C-ITS": "0", "LENGTH": 11.078443237856, "UPDATEDATE": "20250512", "REMARK": null, "HIST_TYPE": "LINK0001", "HISTREMARK": null, "link_stats_import_fid": null, "link_stats_import_vehicle_count": null, "link_stats_import_avg_speed": null, "link_stats_import_sum_weight_kg": null}, "geometry": {"type": "MultiLineString", "coordinates": [[[128.81663435981793, 35.10103111728664], [128.8167525467347, 35.10100808154315]]]}}, {"type": "Feature", "properties": {"LINK_ID": "4180089400", "F_NODE": "4180090003", "T_NODE": "4180090204", "LANES": 2, "ROAD_RANK": "107", "ROAD_TYPE": "000", "ROAD_NO": "-", "ROAD_NAME": "신항7로", "ROAD_USE": "0", "MULTI_LINK": "0", "CONNECT": "0", "MAX_SPD": 50, "REST_VEH": "0", "REST_W": 0, "REST_H": 0, "C-ITS": "0", "LENGTH": 305.98391180525, "UPDATEDATE": "20250512", "REMARK": null, "HIST_TYPE": "LINK0003", "HISTREMARK": null, "link_stats_import_fid": 380, "link_stats_import_vehicle_count": 17.0, "link_stats_import_avg_speed": 8.25, "link_stats_import_sum_weight_kg": 13140.0}, "geometry": {"type": "MultiLineString", "coordinates": [[[128.76980294745778, 35.09690340623444], [128.76981271627062, 35.094146257695705]]]}}, {"type": "Feature", "properties": {"LINK_ID": "1410074200", "F_NODE": "1410025201", "T_NODE": "1410027402", "LANES": 2, "ROAD_RANK": "104", "ROAD_TYPE": "000", "ROAD_NO": "-", "ROAD_NAME": "녹산산단27로", "ROAD_USE": "0", "MULTI_LINK": "0", "CONNECT": "0", "MAX_SPD": 50, "REST_VEH": "0", "REST_W": 0, "REST_H": 0, "C-ITS": "0", "LENGTH": 255.693622542709, "UPDATEDATE": "20250512", "REMARK": null, "HIST_TYPE": "LINK0003", "HISTREMARK": null, "link_stats_import_fid": null, "link_stats_import_vehicle_count": null, "link_stats_import_avg_speed": null, "link_stats_import_sum_weight_kg": null}, "geometry": {"type": "MultiLineString", "coordinates": [[[128.83212275816342, 35.09453445611072], [128.8327489873307, 35.09504699113709], [128.8327629871618, 35.09506299135157], [128.83277098776506, 35.09509299157799], [128.8327709882265, 35.09509399191602], [128.8327661733647, 35.09662015509132]]]}}, {"type": "Feature", "properties": {"LINK_ID": "1410119701", "F_NODE": "1410029103", "T_NODE": "1410029102", "LANES": 2, "ROAD_RANK": "104", "ROAD_TYPE": "000", "ROAD_NO": "-", "ROAD_NAME": "녹산산업북로", "ROAD_USE": "0", "MULTI_LINK": "0", "CONNECT": "0", "MAX_SPD": 50, "REST_VEH": "0", "REST_W": 0, "REST_H": 0, "C-ITS": "0", "LENGTH": 10.946109930755, "UPDATEDATE": "20250512", "REMARK": null, "HIST_TYPE": "LINK0001", "HISTREMARK": null, "link_stats_import_fid": 1175, "link_stats_import_vehicle_count": 1.0, "link_stats_import_avg_speed": 7.97, "link_stats_import_sum_weight_kg": 0.0}, "geometry": {"type": "MultiLineString", "coordinates": [[[128.8354800354151, 35.097909872518365], [128.835600035279, 35.09791108757296]]]}}, {"type": "Feature", "properties": {"LINK_ID": "4180093802", "F_NODE": "4180226400", "T_NODE": "4180090001", "LANES": 2, "ROAD_RANK": "107", "ROAD_TYPE": "000", "ROAD_NO": "-", "ROAD_NAME": "신항8로", "ROAD_USE": "0", "MULTI_LINK": "0", "CONNECT": "0", "MAX_SPD": 60, "REST_VEH": "0", "REST_W": 0, "REST_H": 0, "C-ITS": "0", "LENGTH": 398.966620357435, "UPDATEDATE": "20250512", "REMARK": null, "HIST_TYPE": "LINK1007", "HISTREMARK": "4180093800", "link_stats_import_fid": 466, "link_stats_import_vehicle_count": 12.0, "link_stats_import_avg_speed": 9.39, "link_stats_import_sum_weight_kg": 12140.0}, "geometry": {"type": "MultiLineString", "coordinates": [[[128.77430850217723, 35.097016477484274], [128.76993433375475, 35.09701168273261]]]}}, {"type": "Feature", "properties": {"LINK_ID": "4180060402", "F_NODE": "4180220800", "T_NODE": "4180101203", "LANES": 3, "ROAD_RANK": "107", "ROAD_TYPE": "000", "ROAD_NO": "-", "ROAD_NAME": "신항로", "ROAD_USE": "0", "MULTI_LINK": "0", "CONNECT": "0", "MAX_SPD": 60, "REST_VEH": "0", "REST_W": 0, "REST_H": 0, "C-ITS": "0", "LENGTH": 408.744842248356, "UPDATEDATE": "20250512", "REMARK": null, "HIST_TYPE": "LINK1007", "HISTREMARK": "4180060400", "link_stats_import_fid": 18, "link_stats_import_vehicle_count": 445.0, "link_stats_import_avg_speed": 12.83, "link_stats_import_sum_weight_kg": 7215893.0}, "geometry": {"type": "MultiLineString", "coordinates": [[[128.79175998062172, 35.08310313988482], [128.79384806101268, 35.08310186127779], [128.79624055996726, 35.08310380951644]]]}}, {"type": "Feature", "properties": {"LINK_ID": "1410075401", "F_NODE": "1410027303", "T_NODE": "1410027302", "LANES": 2, "ROAD_RANK": "104", "ROAD_TYPE": "000", "ROAD_NO": "-", "ROAD_NAME": "녹산산업북로", "ROAD_USE": "0", "MULTI_LINK": "0", "CONNECT": "0", "MAX_SPD": 50, "REST_VEH": "0", "REST_W": 0, "REST_H": 0, "C-ITS": "0", "LENGTH": 12.136538840708, "UPDATEDATE": "20250512", "REMARK": null, "HIST_TYPE": "LINK0001", "HISTREMARK": null, "link_stats_import_fid": 950, "link_stats_import_vehicle_count": 2.0, "link_stats_import_avg_speed": 13.62, "link_stats_import_sum_weight_kg": 1000.0}, "geometry": {"type": "MultiLineString", "coordinates": [[[128.8295839196687, 35.09646382423065], [128.82968120367022, 35.09653843119529]]]}}, {"type": "Feature", "properties": {"LINK_ID": "4180062001", "F_NODE": "4180107301", "T_NODE": "4180107304", "LANES": 3, "ROAD_RANK": "107", "ROAD_TYPE": "000", "ROAD_NO": "-", "ROAD_NAME": "신항로", "ROAD_USE": "0", "MULTI_LINK": "0", "CONNECT": "0", "MAX_SPD": 60, "REST_VEH": "0", "REST_W": 0, "REST_H": 0, "C-ITS": "0", "LENGTH": 12.004213838358, "UPDATEDATE": "20250512", "REMARK": null, "HIST_TYPE": "LINK0001", "HISTREMARK": null, "link_stats_import_fid": 244, "link_stats_import_vehicle_count": 41.0, "link_stats_import_avg_speed": 13.72, "link_stats_import_sum_weight_kg": 572318.0}, "geometry": {"type": "MultiLineString", "coordinates": [[[128.8073059400824, 35.08322058557839], [128.8071743528953, 35.08322039412438]]]}}, {"type": "Feature", "properties": {"LINK_ID": "1410040600", "F_NODE": "1410018703", "T_NODE": "1410015204", "LANES": 3, "ROAD_RANK": "105", "ROAD_TYPE": "000", "ROAD_NO": "58", "ROAD_NAME": "가락대로", "ROAD_USE": "0", "MULTI_LINK": "0", "CONNECT": "0", "MAX_SPD": 60, "REST_VEH": "0", "REST_W": 0, "REST_H": 0, "C-ITS": "0", "LENGTH": 112.081627783213, "UPDATEDATE": "20250512", "REMARK": null, "HIST_TYPE": "LINK0003", "HISTREMARK": null, "link_stats_import_fid": 315, "link_stats_import_vehicle_count": 23.0, "link_stats_import_avg_speed": 8.08, "link_stats_import_sum_weight_kg": 23938.0}, "geometry": {"type": "MultiLineString", "coordinates": [[[128.83939119982855, 35.090028860277116], [128.83939477555919, 35.08901894430568]]]}}, {"type": "Feature", "properties": {"LINK_ID": "4180076300", "F_NODE": "4180112802", "T_NODE": "4180117303", "LANES": 3, "ROAD_RANK": "107", "ROAD_TYPE": "000", "ROAD_NO": "-", "ROAD_NAME": "신항동로", "ROAD_USE": "0", "MULTI_LINK": "0", "CONNECT": "0", "MAX_SPD": 30, "REST_VEH": "0", "REST_W": 0, "REST_H": 0, "C-ITS": "0", "LENGTH": 226.202607071987, "UPDATEDATE": "20250512", "REMARK": null, "HIST_TYPE": "LINK0003", "HISTREMARK": null, "link_stats_import_fid": 551, "link_stats_import_vehicle_count": 9.0, "link_stats_import_avg_speed": 9.99, "link_stats_import_sum_weight_kg": 1000.0}, "geometry": {"type": "MultiLineString", "coordinates": [[[128.8143192870107, 35.08883904719783], [128.8167990193994, 35.08884496123898]]]}}, {"type": "Feature", "properties": {"LINK_ID": "1411032601", "F_NODE": "1410382103", "T_NODE": "1410382102", "LANES": 3, "ROAD_RANK": "104", "ROAD_TYPE": "000", "ROAD_NO": "-", "ROAD_NAME": "신항남로", "ROAD_USE": "0", "MULTI_LINK": "0", "CONNECT": "0", "MAX_SPD": 10, "REST_VEH": "0", "REST_W": 0, "REST_H": 0, "C-ITS": "0", "LENGTH": 12.000022198644, "UPDATEDATE": "20250512", "REMARK": null, "HIST_TYPE": "LINK0001", "HISTREMARK": null, "link_stats_import_fid": 213, "link_stats_import_vehicle_count": 54.0, "link_stats_import_avg_speed": 14.71, "link_stats_import_sum_weight_kg": 839902.0}, "geometry": {"type": "MultiLineString", "coordinates": [[[128.83474244131108, 35.074157473947636], [128.83487396683137, 35.074157419827856]]]}}, {"type": "Feature", "properties": {"LINK_ID": "4180073701", "F_NODE": "4180119002", "T_NODE": "4180119001", "LANES": 3, "ROAD_RANK": "107", "ROAD_TYPE": "000", "ROAD_NO": "-", "ROAD_NAME": "신항4로", "ROAD_USE": "0", "MULTI_LINK": "0", "CONNECT": "0", "MAX_SPD": 50, "REST_VEH": "0", "REST_W": 0, "REST_H": 0, "C-ITS": "0", "LENGTH": 12.002671803192, "UPDATEDATE": "20250512", "REMARK": null, "HIST_TYPE": "LINK0001", "HISTREMARK": null, "link_stats_import_fid": 998, "link_stats_import_vehicle_count": 2.0, "link_stats_import_avg_speed": 12.17, "link_stats_import_sum_weight_kg": 0.0}, "geometry": {"type": "MultiLineString", "coordinates": [[[128.8183473456639, 35.08884764799134], [128.81834662666623, 35.088955798250396]]]}}, {"type": "Feature", "properties": {"LINK_ID": "1410039700", "F_NODE": "1410015003", "T_NODE": "1410015103", "LANES": 3, "ROAD_RANK": "104", "ROAD_TYPE": "000", "ROAD_NO": "-", "ROAD_NAME": "녹산산업대로", "ROAD_USE": "0", "MULTI_LINK": "0", "CONNECT": "0", "MAX_SPD": 70, "REST_VEH": "0", "REST_W": 0, "REST_H": 0, "C-ITS": "0", "LENGTH": 127.474788413335, "UPDATEDATE": "20250512", "REMARK": null, "HIST_TYPE": "LINK0003", "HISTREMARK": null, "link_stats_import_fid": 143, "link_stats_import_vehicle_count": 95.0, "link_stats_import_avg_speed": 12.66, "link_stats_import_sum_weight_kg": 289627.0}, "geometry": {"type": "MultiLineString", "coordinates": [[[128.83548887934703, 35.08889600955754], [128.83560906189243, 35.08889603431358], [128.8368863095389, 35.088896949236165]]]}}, {"type": "Feature", "properties": {"LINK_ID": "4180139904", "F_NODE": "4180222200", "T_NODE": "4180222400", "LANES": 2, "ROAD_RANK": "107", "ROAD_TYPE": "004", "ROAD_NO": "-", "ROAD_NAME": "-", "ROAD_USE": "0", "MULTI_LINK": "0", "CONNECT": "0", "MAX_SPD": 80, "REST_VEH": "0", "REST_W": 0, "REST_H": 0, "C-ITS": "0", "LENGTH": 433.585130403939, "UPDATEDATE": "20250512", "REMARK": "도로명없음", "HIST_TYPE": "LINK1007", "HISTREMARK": "4180139900", "link_stats_import_fid": 1424, "link_stats_import_vehicle_count": 1.0, "link_stats_import_avg_speed": 20.89, "link_stats_import_sum_weight_kg": 1000.0}, "geometry": {"type": "MultiLineString", "coordinates": [[[128.82061002382142, 35.10939002971341], [128.8209638204958, 35.109138888283525], [128.8216174977409, 35.10855521073034], [128.8222350736453, 35.107930939456786], [128.82271562567743, 35.10727263338272], [128.82310514150527, 35.106666620620025], [128.82329056199296, 35.106219999409944]]]}}, {"type": "Feature", "properties": {"LINK_ID": "1410040801", "F_NODE": "1410015301", "T_NODE": "1410015304", "LANES": 3, "ROAD_RANK": "104", "ROAD_TYPE": "000", "ROAD_NO": "-", "ROAD_NAME": "녹산산업대로", "ROAD_USE": "0", "MULTI_LINK": "0", "CONNECT": "0", "MAX_SPD": 70, "REST_VEH": "0", "REST_W": 0, "REST_H": 0, "C-ITS": "0", "LENGTH": 10.9464599105, "UPDATEDATE": "20250512", "REMARK": null, "HIST_TYPE": "LINK0001", "HISTREMARK": null, "link_stats_import_fid": 749, "link_stats_import_vehicle_count": 4.0, "link_stats_import_avg_speed": 13.92, "link_stats_import_sum_weight_kg": 2000.0}, "geometry": {"type": "MultiLineString", "coordinates": [[[128.84278988090549, 35.08902102887981], [128.84266988148846, 35.089020955940846]]]}}, {"type": "Feature", "properties": {"LINK_ID": "4180141001", "F_NODE": "4180087304", "T_NODE": "4180087303", "LANES": 2, "ROAD_RANK": "107", "ROAD_TYPE": "000", "ROAD_NO": "-", "ROAD_NAME": "남영로", "ROAD_USE": "0", "MULTI_LINK": "0", "CONNECT": "0", "MAX_SPD": 30, "REST_VEH": "0", "REST_W": 0, "REST_H": 0, "C-ITS": "0", "LENGTH": 10.595702990724, "UPDATEDATE": "20250512", "REMARK": null, "HIST_TYPE": "LINK0001", "HISTREMARK": null, "link_stats_import_fid": null, "link_stats_import_vehicle_count": null, "link_stats_import_avg_speed": null, "link_stats_import_sum_weight_kg": null}, "geometry": {"type": "MultiLineString", "coordinates": [[[128.76245819915857, 35.10500414345339], [128.7625152654788, 35.10500412604148], [128.76256531555254, 35.10501244095197], [128.76257155910605, 35.10501661881753]]]}}, {"type": "Feature", "properties": {"LINK_ID": "1410077301", "F_NODE": "1410026101", "T_NODE": "1410026104", "LANES": 2, "ROAD_RANK": "104", "ROAD_TYPE": "000", "ROAD_NO": "-", "ROAD_NAME": "녹산산단261로73번길", "ROAD_USE": "0", "MULTI_LINK": "0", "CONNECT": "0", "MAX_SPD": 70, "REST_VEH": "0", "REST_W": 0, "REST_H": 0, "C-ITS": "0", "LENGTH": 10.948060871066, "UPDATEDATE": "20250512", "REMARK": null, "HIST_TYPE": "LINK0001", "HISTREMARK": null, "link_stats_import_fid": 1138, "link_stats_import_vehicle_count": 1.0, "link_stats_import_avg_speed": 5.9, "link_stats_import_sum_weight_kg": 0.0}, "geometry": {"type": "MultiLineString", "coordinates": [[[128.840859319844, 35.09569011813408], [128.8407392933867, 35.09568986071667]]]}}, {"type": "Feature", "properties": {"LINK_ID": "1410001701", "F_NODE": "1410000702", "T_NODE": "1410000701", "LANES": 3, "ROAD_RANK": "103", "ROAD_TYPE": "000", "ROAD_NO": "2", "ROAD_NAME": "낙동남로", "ROAD_USE": "0", "MULTI_LINK": "0", "CONNECT": "0", "MAX_SPD": 70, "REST_VEH": "0", "REST_W": 0, "REST_H": 0, "C-ITS": "0", "LENGTH": 39.693645917556, "UPDATEDATE": "20250512", "REMARK": null, "HIST_TYPE": "LINK0001", "HISTREMARK": null, "link_stats_import_fid": 808, "link_stats_import_vehicle_count": 3.0, "link_stats_import_avg_speed": 21.67, "link_stats_import_sum_weight_kg": 6768.0}, "geometry": {"type": "MultiLineString", "coordinates": [[[128.8464335604555, 35.1069375241123], [128.84683792336813, 35.107069821277825]]]}}, {"type": "Feature", "properties": {"LINK_ID": "1410087701", "F_NODE": "1410029301", "T_NODE": "1410029304", "LANES": 2, "ROAD_RANK": "104", "ROAD_TYPE": "000", "ROAD_NO": "-", "ROAD_NAME": "녹산산업북로", "ROAD_USE": "0", "MULTI_LINK": "0", "CONNECT": "0", "MAX_SPD": 50, "REST_VEH": "0", "REST_W": 0, "REST_H": 0, "C-ITS": "0", "LENGTH": 10.945454020582, "UPDATEDATE": "20250512", "REMARK": null, "HIST_TYPE": "LINK0001", "HISTREMARK": null, "link_stats_import_fid": 831, "link_stats_import_vehicle_count": 3.0, "link_stats_import_avg_speed": 7.89, "link_stats_import_sum_weight_kg": 1000.0}, "geometry": {"type": "MultiLineString", "coordinates": [[[128.83948779935878, 35.09803706879724], [128.83936779773728, 35.09803690377489]]]}}, {"type": "Feature", "properties": {"LINK_ID": "1410070801", "F_NODE": "1410025602", "T_NODE": "1410025601", "LANES": 2, "ROAD_RANK": "104", "ROAD_TYPE": "000", "ROAD_NO": "-", "ROAD_NAME": "녹산산업북로", "ROAD_USE": "0", "MULTI_LINK": "0", "CONNECT": "0", "MAX_SPD": 50, "REST_VEH": "0", "REST_W": 0, "REST_H": 0, "C-ITS": "0", "LENGTH": 12.248594681627, "UPDATEDATE": "20250512", "REMARK": null, "HIST_TYPE": "LINK0001", "HISTREMARK": null, "link_stats_import_fid": 470, "link_stats_import_vehicle_count": 11.0, "link_stats_import_avg_speed": 9.22, "link_stats_import_sum_weight_kg": 23400.0}, "geometry": {"type": "MultiLineString", "coordinates": [[[128.82769609428328, 35.09491820918508], [128.82779126566257, 35.094996071133565]]]}}, {"type": "Feature", "properties": {"LINK_ID": "4180111401", "F_NODE": "4180115701", "T_NODE": "4180115704", "LANES": 2, "ROAD_RANK": "107", "ROAD_TYPE": "000", "ROAD_NO": "-", "ROAD_NAME": "용원로", "ROAD_USE": "0", "MULTI_LINK": "0", "CONNECT": "0", "MAX_SPD": 50, "REST_VEH": "0", "REST_W": 0, "REST_H": 0, "C-ITS": "0", "LENGTH": 11.110177582555, "UPDATEDATE": "20250512", "REMARK": null, "HIST_TYPE": "LINK0001", "HISTREMARK": null, "link_stats_import_fid": null, "link_stats_import_vehicle_count": null, "link_stats_import_avg_speed": null, "link_stats_import_sum_weight_kg": null}, "geometry": {"type": "MultiLineString", "coordinates": [[[128.81622772647958, 35.099267521343975], [128.81610914069418, 35.099290404305904]]]}}, {"type": "Feature", "properties": {"LINK_ID": "4180077400", "F_NODE": "4180118903", "T_NODE": "4180119004", "LANES": 3, "ROAD_RANK": "107", "ROAD_TYPE": "000", "ROAD_NO": "-", "ROAD_NAME": "신항4로", "ROAD_USE": "0", "MULTI_LINK": "0", "CONNECT": "0", "MAX_SPD": 50, "REST_VEH": "0", "REST_W": 0, "REST_H": 0, "C-ITS": "0", "LENGTH": 116.004141005683, "UPDATEDATE": "20250512", "REMARK": null, "HIST_TYPE": "LINK0003", "HISTREMARK": null, "link_stats_import_fid": 584, "link_stats_import_vehicle_count": 8.0, "link_stats_import_avg_speed": 9.15, "link_stats_import_sum_weight_kg": 30746.0}, "geometry": {"type": "MultiLineString", "coordinates": [[[128.81821230690986, 35.090001713001165], [128.81821588412816, 35.08983812055039], [128.8182150773464, 35.08895646701068]]]}}, {"type": "Feature", "properties": {"LINK_ID": "4180066800", "F_NODE": "4180119404", "T_NODE": "4180113401", "LANES": 4, "ROAD_RANK": "107", "ROAD_TYPE": "000", "ROAD_NO": "-", "ROAD_NAME": "신항북로", "ROAD_USE": "0", "MULTI_LINK": "0", "CONNECT": "0", "MAX_SPD": 70, "REST_VEH": "0", "REST_W": 0, "REST_H": 0, "C-ITS": "0", "LENGTH": 353.662248944305, "UPDATEDATE": "20250512", "REMARK": null, "HIST_TYPE": "LINK0003", "HISTREMARK": null, "link_stats_import_fid": 125, "link_stats_import_vehicle_count": 119.0, "link_stats_import_avg_speed": 12.53, "link_stats_import_sum_weight_kg": 334214.0}, "geometry": {"type": "MultiLineString", "coordinates": [[[128.8182256242699, 35.086110055335254], [128.8162849914296, 35.08611198991771], [128.81434874800212, 35.08610707883639]]]}}, {"type": "Feature", "properties": {"LINK_ID": "1410066600", "F_NODE": "1410023001", "T_NODE": "1410024602", "LANES": 2, "ROAD_RANK": "104", "ROAD_TYPE": "000", "ROAD_NO": "-", "ROAD_NAME": "녹산산단261로", "ROAD_USE": "0", "MULTI_LINK": "0", "CONNECT": "0", "MAX_SPD": 50, "REST_VEH": "0", "REST_W": 0, "REST_H": 0, "C-ITS": "0", "LENGTH": 86.672247802115, "UPDATEDATE": "20250512", "REMARK": null, "HIST_TYPE": "LINK0003", "HISTREMARK": null, "link_stats_import_fid": 1128, "link_stats_import_vehicle_count": 1.0, "link_stats_import_avg_speed": 8.29, "link_stats_import_sum_weight_kg": 0.0}, "geometry": {"type": "MultiLineString", "coordinates": [[[128.84608585433162, 35.093529048260365], [128.84608412001367, 35.09431001149686]]]}}, {"type": "Feature", "properties": {"LINK_ID": "1410081701", "F_NODE": "1410027503", "T_NODE": "1410027502", "LANES": 2, "ROAD_RANK": "104", "ROAD_TYPE": "000", "ROAD_NO": "-", "ROAD_NAME": "녹산산단165로", "ROAD_USE": "0", "MULTI_LINK": "0", "CONNECT": "0", "MAX_SPD": 60, "REST_VEH": "0", "REST_W": 0, "REST_H": 0, "C-ITS": "0", "LENGTH": 10.945350791177, "UPDATEDATE": "20250512", "REMARK": null, "HIST_TYPE": "LINK0001", "HISTREMARK": null, "link_stats_import_fid": null, "link_stats_import_vehicle_count": null, "link_stats_import_avg_speed": null, "link_stats_import_sum_weight_kg": null}, "geometry": {"type": "MultiLineString", "coordinates": [[[128.8380032127292, 35.09662820557301], [128.8381232108101, 35.09662851038359]]]}}, {"type": "Feature", "properties": {"LINK_ID": "4180061502", "F_NODE": "4180226900", "T_NODE": "4180107303", "LANES": 3, "ROAD_RANK": "107", "ROAD_TYPE": "000", "ROAD_NO": "-", "ROAD_NAME": "신항로", "ROAD_USE": "0", "MULTI_LINK": "0", "CONNECT": "0", "MAX_SPD": 60, "REST_VEH": "0", "REST_W": 0, "REST_H": 0, "C-ITS": "0", "LENGTH": 275.221473817545, "UPDATEDATE": "20250512", "REMARK": null, "HIST_TYPE": "LINK1007", "HISTREMARK": "4180061500", "link_stats_import_fid": 30, "link_stats_import_vehicle_count": 399.0, "link_stats_import_avg_speed": 12.87, "link_stats_import_sum_weight_kg": 4674738.0}, "geometry": {"type": "MultiLineString", "coordinates": [[[128.8041576851636, 35.08310773086275], [128.80570719774963, 35.08311006963998], [128.80717459143165, 35.08311226590353]]]}}, {"type": "Feature", "properties": {"LINK_ID": "4180132001", "F_NODE": "4180106302", "T_NODE": "4180106301", "LANES": 2, "ROAD_RANK": "107", "ROAD_TYPE": "000", "ROAD_NO": "-", "ROAD_NAME": "-", "ROAD_USE": "0", "MULTI_LINK": "0", "CONNECT": "0", "MAX_SPD": 30, "REST_VEH": "0", "REST_W": 0, "REST_H": 0, "C-ITS": "0", "LENGTH": 15.186232354715, "UPDATEDATE": "20250512", "REMARK": "도로명없음", "HIST_TYPE": "LINK0001", "HISTREMARK": null, "link_stats_import_fid": null, "link_stats_import_vehicle_count": null, "link_stats_import_avg_speed": null, "link_stats_import_sum_weight_kg": null}, "geometry": {"type": "MultiLineString", "coordinates": [[[128.8065817786552, 35.104121968041255], [128.8065901596864, 35.10425863268812]]]}}, {"type": "Feature", "properties": {"LINK_ID": "4180133401", "F_NODE": "4180112501", "T_NODE": "4180112504", "LANES": 2, "ROAD_RANK": "107", "ROAD_TYPE": "000", "ROAD_NO": "-", "ROAD_NAME": "용재로", "ROAD_USE": "0", "MULTI_LINK": "0", "CONNECT": "0", "MAX_SPD": 60, "REST_VEH": "0", "REST_W": 0, "REST_H": 0, "C-ITS": "0", "LENGTH": 11.050181115924, "UPDATEDATE": "20250512", "REMARK": null, "HIST_TYPE": "LINK0001", "HISTREMARK": null, "link_stats_import_fid": null, "link_stats_import_vehicle_count": null, "link_stats_import_avg_speed": null, "link_stats_import_sum_weight_kg": null}, "geometry": {"type": "MultiLineString", "coordinates": [[[128.8144333000495, 35.10160040259134], [128.81431579507037, 35.101624663179585]]]}}, {"type": "Feature", "properties": {"LINK_ID": "4180063801", "F_NODE": "4180107204", "T_NODE": "4180107203", "LANES": 3, "ROAD_RANK": "107", "ROAD_TYPE": "000", "ROAD_NO": "-", "ROAD_NAME": "신항5로", "ROAD_USE": "0", "MULTI_LINK": "0", "CONNECT": "0", "MAX_SPD": 60, "REST_VEH": "0", "REST_W": 0, "REST_H": 0, "C-ITS": "0", "LENGTH": 12.0015292177, "UPDATEDATE": "20250512", "REMARK": null, "HIST_TYPE": "LINK0001", "HISTREMARK": null, "link_stats_import_fid": 655, "link_stats_import_vehicle_count": 6.0, "link_stats_import_avg_speed": 8.05, "link_stats_import_sum_weight_kg": 7550.0}, "geometry": {"type": "MultiLineString", "coordinates": [[[128.80716517623742, 35.08459862315432], [128.80716645032152, 35.08449048612431]]]}}, {"type": "Feature", "properties": {"LINK_ID": "1410704801", "F_NODE": "1410024307", "T_NODE": "1410024306", "LANES": 3, "ROAD_RANK": "104", "ROAD_TYPE": "000", "ROAD_NO": "-", "ROAD_NAME": "신항동로", "ROAD_USE": "0", "MULTI_LINK": "0", "CONNECT": "0", "MAX_SPD": 50, "REST_VEH": "0", "REST_W": 0, "REST_H": 0, "C-ITS": "0", "LENGTH": 12.24175953295, "UPDATEDATE": "20250512", "REMARK": null, "HIST_TYPE": "LINK0001", "HISTREMARK": null, "link_stats_import_fid": 500, "link_stats_import_vehicle_count": 10.0, "link_stats_import_avg_speed": 8.25, "link_stats_import_sum_weight_kg": 37122.0}, "geometry": {"type": "MultiLineString", "coordinates": [[[128.8267908853966, 35.09417507320601], [128.82688395587067, 35.09425454611746]]]}}, {"type": "Feature", "properties": {"LINK_ID": "4180111500", "F_NODE": "4180115702", "T_NODE": "4180118203", "LANES": 2, "ROAD_RANK": "107", "ROAD_TYPE": "000", "ROAD_NO": "-", "ROAD_NAME": "용원로", "ROAD_USE": "0", "MULTI_LINK": "0", "CONNECT": "0", "MAX_SPD": 50, "REST_VEH": "0", "REST_W": 0, "REST_H": 0, "C-ITS": "0", "LENGTH": 123.871767594857, "UPDATEDATE": "20250512", "REMARK": null, "HIST_TYPE": "LINK0003", "HISTREMARK": null, "link_stats_import_fid": 735, "link_stats_import_vehicle_count": 5.0, "link_stats_import_avg_speed": 10.28, "link_stats_import_sum_weight_kg": 40315.0}, "geometry": {"type": "MultiLineString", "coordinates": [[[128.81619516146156, 35.09915155650928], [128.81751743734637, 35.09889684744169]]]}}, {"type": "Feature", "properties": {"LINK_ID": "4180141000", "F_NODE": "4180087102", "T_NODE": "4180087304", "LANES": 2, "ROAD_RANK": "107", "ROAD_TYPE": "000", "ROAD_NO": "-", "ROAD_NAME": "남영로", "ROAD_USE": "0", "MULTI_LINK": "0", "CONNECT": "0", "MAX_SPD": 60, "REST_VEH": "0", "REST_W": 0, "REST_H": 0, "C-ITS": "0", "LENGTH": 290.222275831312, "UPDATEDATE": "20250512", "REMARK": null, "HIST_TYPE": "LINK0003", "HISTREMARK": null, "link_stats_import_fid": null, "link_stats_import_vehicle_count": null, "link_stats_import_avg_speed": null, "link_stats_import_sum_weight_kg": null}, "geometry": {"type": "MultiLineString", "coordinates": [[[128.75974926738016, 35.10364883395027], [128.7605841620371, 35.10398162403701], [128.7615764061841, 35.10445052842465], [128.76243868739994, 35.10499085724681], [128.76245819915857, 35.10500414345339]]]}}, {"type": "Feature", "properties": {"LINK_ID": "4180066201", "F_NODE": "4180107104", "T_NODE": "4180107103", "LANES": 3, "ROAD_RANK": "107", "ROAD_TYPE": "000", "ROAD_NO": "-", "ROAD_NAME": "신항5로", "ROAD_USE": "0", "MULTI_LINK": "0", "CONNECT": "0", "MAX_SPD": 50, "REST_VEH": "0", "REST_W": 0, "REST_H": 0, "C-ITS": "0", "LENGTH": 11.999967249138, "UPDATEDATE": "20250512", "REMARK": null, "HIST_TYPE": "LINK0001", "HISTREMARK": null, "link_stats_import_fid": 605, "link_stats_import_vehicle_count": 7.0, "link_stats_import_avg_speed": 10.0, "link_stats_import_sum_weight_kg": 0.0}, "geometry": {"type": "MultiLineString", "coordinates": [[[128.80714662287826, 35.0860601410815], [128.8071465772491, 35.08595201308511]]]}}, {"type": "Feature", "properties": {"LINK_ID": "4180059301", "F_NODE": "4180090604", "T_NODE": "4180090603", "LANES": 2, "ROAD_RANK": "107", "ROAD_TYPE": "000", "ROAD_NO": "-", "ROAD_NAME": "신항7로", "ROAD_USE": "0", "MULTI_LINK": "0", "CONNECT": "0", "MAX_SPD": 50, "REST_VEH": "0", "REST_W": 0, "REST_H": 0, "C-ITS": "0", "LENGTH": 11.999962188634, "UPDATEDATE": "20250512", "REMARK": null, "HIST_TYPE": "LINK0001", "HISTREMARK": null, "link_stats_import_fid": 248, "link_stats_import_vehicle_count": 39.0, "link_stats_import_avg_speed": 13.46, "link_stats_import_sum_weight_kg": 106930.0}, "geometry": {"type": "MultiLineString", "coordinates": [[[128.76989061133395, 35.0831839176528], [128.76989023016571, 35.08307578862432]]]}}, {"type": "Feature", "properties": {"LINK_ID": "4180061401", "F_NODE": "4180101204", "T_NODE": "4180101203", "LANES": 2, "ROAD_RANK": "107", "ROAD_TYPE": "000", "ROAD_NO": "-", "ROAD_NAME": "-", "ROAD_USE": "0", "MULTI_LINK": "0", "CONNECT": "0", "MAX_SPD": 60, "REST_VEH": "0", "REST_W": 0, "REST_H": 0, "C-ITS": "0", "LENGTH": 12.078417725364, "UPDATEDATE": "20250512", "REMARK": "도로명없음", "HIST_TYPE": "LINK0001", "HISTREMARK": null, "link_stats_import_fid": 221, "link_stats_import_vehicle_count": 50.0, "link_stats_import_avg_speed": 10.16, "link_stats_import_sum_weight_kg": 652240.0}, "geometry": {"type": "MultiLineString", "coordinates": [[[128.79625549532727, 35.08321195023358], [128.79624055996726, 35.08310380951644]]]}}, {"type": "Feature", "properties": {"LINK_ID": "1410057000", "F_NODE": "1410020101", "T_NODE": "1410020302", "LANES": 2, "ROAD_RANK": "104", "ROAD_TYPE": "000", "ROAD_NO": "-", "ROAD_NAME": "녹산산단261로", "ROAD_USE": "0", "MULTI_LINK": "0", "CONNECT": "0", "MAX_SPD": 50, "REST_VEH": "0", "REST_W": 0, "REST_H": 0, "C-ITS": "0", "LENGTH": 83.901911063749, "UPDATEDATE": "20250512", "REMARK": null, "HIST_TYPE": "LINK0003", "HISTREMARK": null, "link_stats_import_fid": null, "link_stats_import_vehicle_count": null, "link_stats_import_avg_speed": null, "link_stats_import_sum_weight_kg": null}, "geometry": {"type": "MultiLineString", "coordinates": [[[128.84609278448895, 35.091046180013855], [128.8460901955826, 35.091802179595234]]]}}, {"type": "Feature", "properties": {"LINK_ID": "4180138001", "F_NODE": "4180108403", "T_NODE": "4180108402", "LANES": 2, "ROAD_RANK": "107", "ROAD_TYPE": "000", "ROAD_NO": "-", "ROAD_NAME": "용재로", "ROAD_USE": "0", "MULTI_LINK": "0", "CONNECT": "0", "MAX_SPD": 60, "REST_VEH": "0", "REST_W": 0, "REST_H": 0, "C-ITS": "0", "LENGTH": 11.045003953517, "UPDATEDATE": "20250512", "REMARK": null, "HIST_TYPE": "LINK0001", "HISTREMARK": null, "link_stats_import_fid": null, "link_stats_import_vehicle_count": null, "link_stats_import_avg_speed": null, "link_stats_import_sum_weight_kg": null}, "geometry": {"type": "MultiLineString", "coordinates": [[[128.81063159775158, 35.102241969904824], [128.81074904720398, 35.102217715678144]]]}}, {"type": "Feature", "properties": {"LINK_ID": "4180141500", "F_NODE": "4180086603", "T_NODE": "4180086404", "LANES": 2, "ROAD_RANK": "107", "ROAD_TYPE": "000", "ROAD_NO": "-", "ROAD_NAME": "웅천동로", "ROAD_USE": "0", "MULTI_LINK": "0", "CONNECT": "0", "MAX_SPD": 30, "REST_VEH": "0", "REST_W": 0, "REST_H": 0, "C-ITS": "0", "LENGTH": 163.852467377704, "UPDATEDATE": "20250512", "REMARK": null, "HIST_TYPE": "LINK0003", "HISTREMARK": null, "link_stats_import_fid": null, "link_stats_import_vehicle_count": null, "link_stats_import_avg_speed": null, "link_stats_import_sum_weight_kg": null}, "geometry": {"type": "MultiLineString", "coordinates": [[[128.75579256779957, 35.10508191097417], [128.75477567256488, 35.10386472669133]]]}}, {"type": "Feature", "properties": {"LINK_ID": "1411030901", "F_NODE": "1410382501", "T_NODE": "1410382504", "LANES": 3, "ROAD_RANK": "104", "ROAD_TYPE": "000", "ROAD_NO": "-", "ROAD_NAME": "신항남로", "ROAD_USE": "0", "MULTI_LINK": "0", "CONNECT": "0", "MAX_SPD": 60, "REST_VEH": "0", "REST_W": 0, "REST_H": 0, "C-ITS": "0", "LENGTH": 11.094260977968, "UPDATEDATE": "20250512", "REMARK": null, "HIST_TYPE": "LINK0001", "HISTREMARK": null, "link_stats_import_fid": 207, "link_stats_import_vehicle_count": 56.0, "link_stats_import_avg_speed": 11.46, "link_stats_import_sum_weight_kg": 1186718.0}, "geometry": {"type": "MultiLineString", "coordinates": [[[128.83151957936678, 35.06735123160108], [128.83140156696624, 35.067327166764834]]]}}, {"type": "Feature", "properties": {"LINK_ID": "4180088601", "F_NODE": "4180087501", "T_NODE": "4180087504", "LANES": 4, "ROAD_RANK": "107", "ROAD_TYPE": "000", "ROAD_NO": "-", "ROAD_NAME": "신항북로", "ROAD_USE": "0", "MULTI_LINK": "0", "CONNECT": "0", "MAX_SPD": 80, "REST_VEH": "0", "REST_W": 0, "REST_H": 0, "C-ITS": "0", "LENGTH": 11.999991853334, "UPDATEDATE": "20250512", "REMARK": null, "HIST_TYPE": "LINK0001", "HISTREMARK": null, "link_stats_import_fid": 620, "link_stats_import_vehicle_count": 7.0, "link_stats_import_avg_speed": 9.81, "link_stats_import_sum_weight_kg": 36566.0}, "geometry": {"type": "MultiLineString", "coordinates": [[[128.76519877103965, 35.09418197963421], [128.7650673888365, 35.09418761126898]]]}}, {"type": "Feature", "properties": {"LINK_ID": "4180082902", "F_NODE": "4180215600", "T_NODE": "4180313300", "LANES": 2, "ROAD_RANK": "107", "ROAD_TYPE": "000", "ROAD_NO": "-", "ROAD_NAME": "신항8로", "ROAD_USE": "0", "MULTI_LINK": "0", "CONNECT": "0", "MAX_SPD": 60, "REST_VEH": "0", "REST_W": 0, "REST_H": 0, "C-ITS": "0", "LENGTH": 265.818360855687, "UPDATEDATE": "20250512", "REMARK": null, "HIST_TYPE": "LINK1007", "HISTREMARK": "4180082900", "link_stats_import_fid": 403, "link_stats_import_vehicle_count": 15.0, "link_stats_import_avg_speed": 9.96, "link_stats_import_sum_weight_kg": 232164.0}, "geometry": {"type": "MultiLineString", "coordinates": [[[128.7834831431517, 35.09575558706305], [128.78348305908304, 35.09576676967546], [128.78347838724991, 35.09638808988592], [128.78330809649668, 35.09671671264331], [128.78301613091472, 35.096943242366], [128.78266785923836, 35.09703314095266], [128.78232876432884, 35.09706463342636], [128.78184998185532, 35.09705883026966], [128.78181779734868, 35.097058440104455], [128.7817264900066, 35.09705733306005]]]}}, {"type": "Feature", "properties": {"LINK_ID": "4180083501", "F_NODE": "4180122902", "T_NODE": "4180122901", "LANES": 2, "ROAD_RANK": "107", "ROAD_TYPE": "000", "ROAD_NO": "-", "ROAD_NAME": "신항2로", "ROAD_USE": "0", "MULTI_LINK": "0", "CONNECT": "0", "MAX_SPD": 60, "REST_VEH": "0", "REST_W": 0, "REST_H": 0, "C-ITS": "0", "LENGTH": 12.000091906575, "UPDATEDATE": "20250512", "REMARK": null, "HIST_TYPE": "LINK0001", "HISTREMARK": null, "link_stats_import_fid": null, "link_stats_import_vehicle_count": null, "link_stats_import_avg_speed": null, "link_stats_import_sum_weight_kg": null}, "geometry": {"type": "MultiLineString", "coordinates": [[[128.82192667009252, 35.09166488808514], [128.8220186005242, 35.09174223443232]]]}}, {"type": "Feature", "properties": {"LINK_ID": "1410122707", "F_NODE": "1410864000", "T_NODE": "1410278102", "LANES": 3, "ROAD_RANK": "104", "ROAD_TYPE": "000", "ROAD_NO": "-", "ROAD_NAME": "신항남로", "ROAD_USE": "0", "MULTI_LINK": "0", "CONNECT": "0", "MAX_SPD": 60, "REST_VEH": "0", "REST_W": 0, "REST_H": 0, "C-ITS": "0", "LENGTH": 321.476303982188, "UPDATEDATE": "20250512", "REMARK": null, "HIST_TYPE": "LINK1007", "HISTREMARK": "1410122701", "link_stats_import_fid": 16, "link_stats_import_vehicle_count": 452.0, "link_stats_import_avg_speed": 10.69, "link_stats_import_sum_weight_kg": 5088074.0}, "geometry": {"type": "MultiLineString", "coordinates": [[[128.83480596033854, 35.0802433237378], [128.83479956939635, 35.08314001484229]]]}}, {"type": "Feature", "properties": {"LINK_ID": "1411060200", "F_NODE": "1410277904", "T_NODE": "4180124001", "LANES": 2, "ROAD_RANK": "107", "ROAD_TYPE": "000", "ROAD_NO": "-", "ROAD_NAME": "신항2로", "ROAD_USE": "0", "MULTI_LINK": "0", "CONNECT": "0", "MAX_SPD": 30, "REST_VEH": "0", "REST_W": 0, "REST_H": 0, "C-ITS": "0", "LENGTH": 486.870995345859, "UPDATEDATE": "20250512", "REMARK": null, "HIST_TYPE": "LINK0003", "HISTREMARK": null, "link_stats_import_fid": 708, "link_stats_import_vehicle_count": 5.0, "link_stats_import_avg_speed": 10.26, "link_stats_import_sum_weight_kg": 1000.0}, "geometry": {"type": "MultiLineString", "coordinates": [[[128.8311650674608, 35.08723535641844], [128.83107743105563, 35.087306039747034], [128.82821459152552, 35.08961445562544], [128.82735148434958, 35.09030457342621]]]}}, {"type": "Feature", "properties": {"LINK_ID": "4180079200", "F_NODE": "4180123203", "T_NODE": "4180122804", "LANES": 3, "ROAD_RANK": "107", "ROAD_TYPE": "000", "ROAD_NO": "-", "ROAD_NAME": "신항동로", "ROAD_USE": "0", "MULTI_LINK": "0", "CONNECT": "0", "MAX_SPD": 50, "REST_VEH": "0", "REST_W": 0, "REST_H": 0, "C-ITS": "0", "LENGTH": 135.270300184678, "UPDATEDATE": "20250512", "REMARK": null, "HIST_TYPE": "LINK0003", "HISTREMARK": null, "link_stats_import_fid": 443, "link_stats_import_vehicle_count": 13.0, "link_stats_import_avg_speed": 13.83, "link_stats_import_sum_weight_kg": 7300.0}, "geometry": {"type": "MultiLineString", "coordinates": [[[128.82282580369915, 35.09094528288223], [128.82178089949954, 35.09008039474893]]]}}, {"type": "Feature", "properties": {"LINK_ID": "1410081201", "F_NODE": "1410028903", "T_NODE": "1410028902", "LANES": 2, "ROAD_RANK": "104", "ROAD_TYPE": "000", "ROAD_NO": "-", "ROAD_NAME": "녹산산업북로", "ROAD_USE": "0", "MULTI_LINK": "0", "CONNECT": "0", "MAX_SPD": 50, "REST_VEH": "0", "REST_W": 0, "REST_H": 0, "C-ITS": "0", "LENGTH": 10.946223010814, "UPDATEDATE": "20250512", "REMARK": null, "HIST_TYPE": "LINK0001", "HISTREMARK": null, "link_stats_import_fid": null, "link_stats_import_vehicle_count": null, "link_stats_import_avg_speed": null, "link_stats_import_sum_weight_kg": null}, "geometry": {"type": "MultiLineString", "coordinates": [[[128.83264218143142, 35.097873191115674], [128.83276217612183, 35.097874781109255]]]}}, {"type": "Feature", "properties": {"LINK_ID": "4180079600", "F_NODE": "4180118802", "T_NODE": "4180118904", "LANES": 3, "ROAD_RANK": "107", "ROAD_TYPE": "000", "ROAD_NO": "-", "ROAD_NAME": "신항4로", "ROAD_USE": "0", "MULTI_LINK": "0", "CONNECT": "0", "MAX_SPD": 50, "REST_VEH": "0", "REST_W": 0, "REST_H": 0, "C-ITS": "0", "LENGTH": 68.852831583922, "UPDATEDATE": "20250512", "REMARK": null, "HIST_TYPE": "LINK0003", "HISTREMARK": null, "link_stats_import_fid": 616, "link_stats_import_vehicle_count": 7.0, "link_stats_import_avg_speed": 10.97, "link_stats_import_sum_weight_kg": 60966.0}, "geometry": {"type": "MultiLineString", "coordinates": [[[128.8182122748253, 35.090732807693016], [128.81821227430854, 35.0907328079896], [128.81821108539233, 35.090112400632506]]]}}, {"type": "Feature", "properties": {"LINK_ID": "1410029602", "F_NODE": "1410760700", "T_NODE": "1410012001", "LANES": 2, "ROAD_RANK": "104", "ROAD_TYPE": "000", "ROAD_NO": "-", "ROAD_NAME": "녹산산단232로", "ROAD_USE": "0", "MULTI_LINK": "0", "CONNECT": "0", "MAX_SPD": 60, "REST_VEH": "0", "REST_W": 0, "REST_H": 0, "C-ITS": "0", "LENGTH": 68.207060043159, "UPDATEDATE": "20250512", "REMARK": null, "HIST_TYPE": "LINK1007", "HISTREMARK": "1410029600", "link_stats_import_fid": 932, "link_stats_import_vehicle_count": 2.0, "link_stats_import_avg_speed": 6.75, "link_stats_import_sum_weight_kg": 0.0}, "geometry": {"type": "MultiLineString", "coordinates": [[[128.84027150606886, 35.085743759273896], [128.83952382354607, 35.085744900156016]]]}}, {"type": "Feature", "properties": {"LINK_ID": "1410041201", "F_NODE": "1410015401", "T_NODE": "1410015404", "LANES": 3, "ROAD_RANK": "104", "ROAD_TYPE": "000", "ROAD_NO": "-", "ROAD_NAME": "녹산산업대로", "ROAD_USE": "0", "MULTI_LINK": "0", "CONNECT": "0", "MAX_SPD": 70, "REST_VEH": "0", "REST_W": 0, "REST_H": 0, "C-ITS": "0", "LENGTH": 10.946738043522, "UPDATEDATE": "20250512", "REMARK": null, "HIST_TYPE": "LINK0001", "HISTREMARK": null, "link_stats_import_fid": 750, "link_stats_import_vehicle_count": 4.0, "link_stats_import_avg_speed": 12.89, "link_stats_import_sum_weight_kg": 1000.0}, "geometry": {"type": "MultiLineString", "coordinates": [[[128.84609783134368, 35.089023049133864], [128.84597782904422, 35.08902295700341]]]}}, {"type": "Feature", "properties": {"LINK_ID": "1410077200", "F_NODE": "1410026102", "T_NODE": "1410026203", "LANES": 2, "ROAD_RANK": "104", "ROAD_TYPE": "000", "ROAD_NO": "-", "ROAD_NAME": "녹산산단261로73번길", "ROAD_USE": "0", "MULTI_LINK": "0", "CONNECT": "0", "MAX_SPD": 70, "REST_VEH": "0", "REST_W": 0, "REST_H": 0, "C-ITS": "0", "LENGTH": 163.76884758695, "UPDATEDATE": "20250512", "REMARK": null, "HIST_TYPE": "LINK0003", "HISTREMARK": null, "link_stats_import_fid": 1136, "link_stats_import_vehicle_count": 1.0, "link_stats_import_avg_speed": 7.13, "link_stats_import_sum_weight_kg": 0.0}, "geometry": {"type": "MultiLineString", "coordinates": [[[128.84085969202368, 35.09557011637804], [128.8426551298464, 35.09557386723319]]]}}, {"type": "Feature", "properties": {"LINK_ID": "4180142200", "F_NODE": "4180111304", "T_NODE": "4180108102", "LANES": 3, "ROAD_RANK": "103", "ROAD_TYPE": "000", "ROAD_NO": "2", "ROAD_NAME": "진해대로", "ROAD_USE": "0", "MULTI_LINK": "0", "CONNECT": "0", "MAX_SPD": 70, "REST_VEH": "0", "REST_W": 0, "REST_H": 0, "C-ITS": "0", "LENGTH": 302.62833003426, "UPDATEDATE": "20250512", "REMARK": null, "HIST_TYPE": "LINK0003", "HISTREMARK": null, "link_stats_import_fid": 922, "link_stats_import_vehicle_count": 3.0, "link_stats_import_avg_speed": 17.17, "link_stats_import_sum_weight_kg": 1000.0}, "geometry": {"type": "MultiLineString", "coordinates": [[[128.81376648776913, 35.103203180123145], [128.8123089877585, 35.10349699199064], [128.81174398846684, 35.10362099200175], [128.81138698820072, 35.10370899108892], [128.81090598680083, 35.10386099152186], [128.81059893706907, 35.1039895428123]]]}}, {"type": "Feature", "properties": {"LINK_ID": "1410705700", "F_NODE": "1410278104", "T_NODE": "1410889900", "LANES": 3, "ROAD_RANK": "104", "ROAD_TYPE": "000", "ROAD_NO": "-", "ROAD_NAME": "신항로", "ROAD_USE": "0", "MULTI_LINK": "0", "CONNECT": "0", "MAX_SPD": 60, "REST_VEH": "0", "REST_W": 0, "REST_H": 0, "C-ITS": "0", "LENGTH": 462.673823852781, "UPDATEDATE": "20250512", "REMARK": null, "HIST_TYPE": "LINK0003", "HISTREMARK": null, "link_stats_import_fid": 29, "link_stats_import_vehicle_count": 399.0, "link_stats_import_avg_speed": 12.48, "link_stats_import_sum_weight_kg": 5193284.0}, "geometry": {"type": "MultiLineString", "coordinates": [[[128.83466792332686, 35.083247948436544], [128.8307936080099, 35.08326832329798], [128.82959633060912, 35.08326521789285]]]}}, {"type": "Feature", "properties": {"LINK_ID": "4180066103", "F_NODE": "4180205200", "T_NODE": "4180107002", "LANES": 3, "ROAD_RANK": "107", "ROAD_TYPE": "000", "ROAD_NO": "-", "ROAD_NAME": "신항5로", "ROAD_USE": "0", "MULTI_LINK": "0", "CONNECT": "0", "MAX_SPD": 50, "REST_VEH": "0", "REST_W": 0, "REST_H": 0, "C-ITS": "0", "LENGTH": 85.195919163954, "UPDATEDATE": "20250512", "REMARK": null, "HIST_TYPE": "LINK1007", "HISTREMARK": "4180066100", "link_stats_import_fid": 773, "link_stats_import_vehicle_count": 4.0, "link_stats_import_avg_speed": 11.46, "link_stats_import_sum_weight_kg": 33574.0}, "geometry": {"type": "MultiLineString", "coordinates": [[[128.80727934340638, 35.08804010315687], [128.80727339961712, 35.08880776142702]]]}}, {"type": "Feature", "properties": {"LINK_ID": "1411062801", "F_NODE": "1410029101", "T_NODE": "1410402002", "LANES": 2, "ROAD_RANK": "107", "ROAD_TYPE": "000", "ROAD_NO": "-", "ROAD_NAME": "-", "ROAD_USE": "0", "MULTI_LINK": "0", "CONNECT": "0", "MAX_SPD": 60, "REST_VEH": "0", "REST_W": 0, "REST_H": 0, "C-ITS": "0", "LENGTH": 68.648507135156, "UPDATEDATE": "20250512", "REMARK": "도로명없음", "HIST_TYPE": "LINK0003", "HISTREMARK": null, "link_stats_import_fid": 387, "link_stats_import_vehicle_count": 16.0, "link_stats_import_avg_speed": 6.3, "link_stats_import_sum_weight_kg": 1000.0}, "geometry": {"type": "MultiLineString", "coordinates": [[[128.8356028277998, 35.09803109185583], [128.83563601833796, 35.098649052852835]]]}}, {"type": "Feature", "properties": {"LINK_ID": "4180131900", "F_NODE": "4180105104", "T_NODE": "4180103101", "LANES": 2, "ROAD_RANK": "107", "ROAD_TYPE": "000", "ROAD_NO": "-", "ROAD_NAME": "안청남로", "ROAD_USE": "0", "MULTI_LINK": "0", "CONNECT": "0", "MAX_SPD": 60, "REST_VEH": "0", "REST_W": 0, "REST_H": 0, "C-ITS": "0", "LENGTH": 182.0368271434, "UPDATEDATE": "20250512", "REMARK": null, "HIST_TYPE": "LINK0006", "HISTREMARK": null, "link_stats_import_fid": 1399, "link_stats_import_vehicle_count": 1.0, "link_stats_import_avg_speed": 6.8, "link_stats_import_sum_weight_kg": 0.0}, "geometry": {"type": "MultiLineString", "coordinates": [[[128.80514594757636, 35.101339925854596], [128.80361500610297, 35.101391821654666], [128.80349983464933, 35.101397240944436], [128.80315250754634, 35.101418475088344]]]}}, {"type": "Feature", "properties": {"LINK_ID": "4180060902", "F_NODE": "4180202800", "T_NODE": "4180217900", "LANES": 2, "ROAD_RANK": "107", "ROAD_TYPE": "000", "ROAD_NO": "-", "ROAD_NAME": "안골로108번길", "ROAD_USE": "0", "MULTI_LINK": "0", "CONNECT": "0", "MAX_SPD": 50, "REST_VEH": "0", "REST_W": 0, "REST_H": 0, "C-ITS": "0", "LENGTH": 249.027722720322, "UPDATEDATE": "20250512", "REMARK": null, "HIST_TYPE": "LINK1007", "HISTREMARK": "4180060900", "link_stats_import_fid": 100, "link_stats_import_vehicle_count": 156.0, "link_stats_import_avg_speed": 8.25, "link_stats_import_sum_weight_kg": 3705699.0}, "geometry": {"type": "MultiLineString", "coordinates": [[[128.78415397168516, 35.082723171038275], [128.78670870282025, 35.08286807794103], [128.7868645377368, 35.08292180332289]]]}}, {"type": "Feature", "properties": {"LINK_ID": "1410122900", "F_NODE": "1410040901", "T_NODE": "1410041001", "LANES": 2, "ROAD_RANK": "104", "ROAD_TYPE": "000", "ROAD_NO": "-", "ROAD_NAME": "신항남로", "ROAD_USE": "0", "MULTI_LINK": "0", "CONNECT": "0", "MAX_SPD": 80, "REST_VEH": "0", "REST_W": 0, "REST_H": 0, "C-ITS": "0", "LENGTH": 431.953364542465, "UPDATEDATE": "20250512", "REMARK": null, "HIST_TYPE": "LINK0003", "HISTREMARK": null, "link_stats_import_fid": 44, "link_stats_import_vehicle_count": 333.0, "link_stats_import_avg_speed": 20.37, "link_stats_import_sum_weight_kg": 1111033.0}, "geometry": {"type": "MultiLineString", "coordinates": [[[128.8346013420216, 35.09801779540208], [128.8346587189666, 35.09927454564281], [128.83480698717057, 35.10057828715639], [128.83491946764454, 35.10121737569618], [128.83502079066233, 35.10189160546881]]]}}, {"type": "Feature", "properties": {"LINK_ID": "4180121600", "F_NODE": "4180110104", "T_NODE": "4180185000", "LANES": 2, "ROAD_RANK": "107", "ROAD_TYPE": "000", "ROAD_NO": "-", "ROAD_NAME": "용원로", "ROAD_USE": "0", "MULTI_LINK": "0", "CONNECT": "0", "MAX_SPD": 60, "REST_VEH": "0", "REST_W": 0, "REST_H": 0, "C-ITS": "0", "LENGTH": 152.998737898243, "UPDATEDATE": "20250512", "REMARK": null, "HIST_TYPE": "LINK0003", "HISTREMARK": null, "link_stats_import_fid": null, "link_stats_import_vehicle_count": null, "link_stats_import_avg_speed": null, "link_stats_import_sum_weight_kg": null}, "geometry": {"type": "MultiLineString", "coordinates": [[[128.81282459938043, 35.09993690943598], [128.81120050689105, 35.10028194627704]]]}}, {"type": "Feature", "properties": {"LINK_ID": "1410702201", "F_NODE": "1410277503", "T_NODE": "1410277502", "LANES": 2, "ROAD_RANK": "104", "ROAD_TYPE": "000", "ROAD_NO": "-", "ROAD_NAME": "신항4로", "ROAD_USE": "0", "MULTI_LINK": "0", "CONNECT": "0", "MAX_SPD": 30, "REST_VEH": "0", "REST_W": 0, "REST_H": 0, "C-ITS": "0", "LENGTH": 12.002405389407, "UPDATEDATE": "20250512", "REMARK": null, "HIST_TYPE": "LINK0001", "HISTREMARK": null, "link_stats_import_fid": 1179, "link_stats_import_vehicle_count": 1.0, "link_stats_import_avg_speed": 6.21, "link_stats_import_sum_weight_kg": 0.0}, "geometry": {"type": "MultiLineString", "coordinates": [[[128.82440023038848, 35.084510503951535], [128.82453178487728, 35.08451209906334]]]}}, {"type": "Feature", "properties": {"LINK_ID": "4180083003", "F_NODE": "4180215700", "T_NODE": "4180220100", "LANES": 2, "ROAD_RANK": "107", "ROAD_TYPE": "000", "ROAD_NO": "-", "ROAD_NAME": "신항8로", "ROAD_USE": "0", "MULTI_LINK": "0", "CONNECT": "0", "MAX_SPD": 60, "REST_VEH": "0", "REST_W": 0, "REST_H": 0, "C-ITS": "0", "LENGTH": 258.915003423873, "UPDATEDATE": "20250512", "REMARK": null, "HIST_TYPE": "LINK1007", "HISTREMARK": "4180083000", "link_stats_import_fid": 424, "link_stats_import_vehicle_count": 14.0, "link_stats_import_avg_speed": 11.56, "link_stats_import_sum_weight_kg": 106272.0}, "geometry": {"type": "MultiLineString", "coordinates": [[[128.78335158231695, 35.09575491886905], [128.78336825864622, 35.093537425164804], [128.7833625062549, 35.093422037563315]]]}}, {"type": "Feature", "properties": {"LINK_ID": "4180061100", "F_NODE": "4180101202", "T_NODE": "4180102703", "LANES": 3, "ROAD_RANK": "107", "ROAD_TYPE": "000", "ROAD_NO": "-", "ROAD_NAME": "신항로", "ROAD_USE": "0", "MULTI_LINK": "0", "CONNECT": "0", "MAX_SPD": 60, "REST_VEH": "0", "REST_W": 0, "REST_H": 0, "C-ITS": "0", "LENGTH": 422.999024347672, "UPDATEDATE": "20250512", "REMARK": null, "HIST_TYPE": "LINK0003", "HISTREMARK": null, "link_stats_import_fid": 23, "link_stats_import_vehicle_count": 411.0, "link_stats_import_avg_speed": 13.24, "link_stats_import_sum_weight_kg": 5575976.0}, "geometry": {"type": "MultiLineString", "coordinates": [[[128.7963721268092, 35.083103851313574], [128.80100895139805, 35.08310303078041]]]}}, {"type": "Feature", "properties": {"LINK_ID": "1410738000", "F_NODE": "1410287904", "T_NODE": "1410287501", "LANES": 3, "ROAD_RANK": "104", "ROAD_TYPE": "000", "ROAD_NO": "-", "ROAD_NAME": "녹산산업대로", "ROAD_USE": "0", "MULTI_LINK": "0", "CONNECT": "0", "MAX_SPD": 70, "REST_VEH": "0", "REST_W": 0, "REST_H": 0, "C-ITS": "0", "LENGTH": 91.05866777747, "UPDATEDATE": "20250512", "REMARK": null, "HIST_TYPE": "LINK0006", "HISTREMARK": null, "link_stats_import_fid": 170, "link_stats_import_vehicle_count": 76.0, "link_stats_import_avg_speed": 13.94, "link_stats_import_sum_weight_kg": 184882.0}, "geometry": {"type": "MultiLineString", "coordinates": [[[128.82410066847763, 35.09649334096963], [128.82381632819533, 35.096706357290586], [128.8233890946312, 35.09706831230308]]]}}, {"type": "Feature", "properties": {"LINK_ID": "1410057001", "F_NODE": "1410020302", "T_NODE": "1410020301", "LANES": 2, "ROAD_RANK": "104", "ROAD_TYPE": "000", "ROAD_NO": "-", "ROAD_NAME": "녹산산단261로", "ROAD_USE": "0", "MULTI_LINK": "0", "CONNECT": "0", "MAX_SPD": 50, "REST_VEH": "0", "REST_W": 0, "REST_H": 0, "C-ITS": "0", "LENGTH": 13.299463328939, "UPDATEDATE": "20250512", "REMARK": null, "HIST_TYPE": "LINK0001", "HISTREMARK": null, "link_stats_import_fid": null, "link_stats_import_vehicle_count": null, "link_stats_import_avg_speed": null, "link_stats_import_sum_weight_kg": null}, "geometry": {"type": "MultiLineString", "coordinates": [[[128.8460901955826, 35.091802179595234], [128.84608990463136, 35.09192201486127]]]}}, {"type": "Feature", "properties": {"LINK_ID": "4180060800", "F_NODE": "4180098203", "T_NODE": "4180217800", "LANES": 2, "ROAD_RANK": "107", "ROAD_TYPE": "000", "ROAD_NO": "-", "ROAD_NAME": "안골로108번길", "ROAD_USE": "0", "MULTI_LINK": "0", "CONNECT": "0", "MAX_SPD": 50, "REST_VEH": "0", "REST_W": 0, "REST_H": 0, "C-ITS": "0", "LENGTH": 13.680340324526, "UPDATEDATE": "20250512", "REMARK": null, "HIST_TYPE": "LINK0003", "HISTREMARK": null, "link_stats_import_fid": 451, "link_stats_import_vehicle_count": 12.0, "link_stats_import_avg_speed": 8.4, "link_stats_import_sum_weight_kg": 110970.0}, "geometry": {"type": "MultiLineString", "coordinates": [[[128.78695301051332, 35.08306802301789], [128.78681446186215, 35.08302085405641]]]}}, {"type": "Feature", "properties": {"LINK_ID": "4180062101", "F_NODE": "4180107202", "T_NODE": "4180107201", "LANES": 3, "ROAD_RANK": "107", "ROAD_TYPE": "000", "ROAD_NO": "-", "ROAD_NAME": "신항5로", "ROAD_USE": "0", "MULTI_LINK": "0", "CONNECT": "0", "MAX_SPD": 60, "REST_VEH": "0", "REST_W": 0, "REST_H": 0, "C-ITS": "0", "LENGTH": 12.001709307776, "UPDATEDATE": "20250512", "REMARK": null, "HIST_TYPE": "LINK0001", "HISTREMARK": null, "link_stats_import_fid": 1219, "link_stats_import_vehicle_count": 1.0, "link_stats_import_avg_speed": 7.35, "link_stats_import_sum_weight_kg": 25855.0}, "geometry": {"type": "MultiLineString", "coordinates": [[[128.8072979875833, 35.08449158126968], [128.80729671262822, 35.08459971991026]]]}}, {"type": "Feature", "properties": {"LINK_ID": "1410735200", "F_NODE": "1410401304", "T_NODE": "4180122301", "LANES": 2, "ROAD_RANK": "107", "ROAD_TYPE": "000", "ROAD_NO": "-", "ROAD_NAME": "용원로", "ROAD_USE": "0", "MULTI_LINK": "0", "CONNECT": "0", "MAX_SPD": 60, "REST_VEH": "0", "REST_W": 0, "REST_H": 0, "C-ITS": "0", "LENGTH": 102.441317627028, "UPDATEDATE": "20250512", "REMARK": null, "HIST_TYPE": "LINK0003", "HISTREMARK": null, "link_stats_import_fid": 1182, "link_stats_import_vehicle_count": 1.0, "link_stats_import_avg_speed": 6.6, "link_stats_import_sum_weight_kg": 19460.0}, "geometry": {"type": "MultiLineString", "coordinates": [[[128.82208703188851, 35.098075575816885], [128.82100505754002, 35.09832318461748]]]}}, {"type": "Feature", "properties": {"LINK_ID": "4180141401", "F_NODE": "4180086602", "T_NODE": "4180086601", "LANES": 2, "ROAD_RANK": "107", "ROAD_TYPE": "000", "ROAD_NO": "-", "ROAD_NAME": "웅천동로", "ROAD_USE": "0", "MULTI_LINK": "0", "CONNECT": "0", "MAX_SPD": 30, "REST_VEH": "0", "REST_W": 0, "REST_H": 0, "C-ITS": "0", "LENGTH": 12.131472226439, "UPDATEDATE": "20250512", "REMARK": null, "HIST_TYPE": "LINK0001", "HISTREMARK": null, "link_stats_import_fid": null, "link_stats_import_vehicle_count": null, "link_stats_import_avg_speed": null, "link_stats_import_sum_weight_kg": null}, "geometry": {"type": "MultiLineString", "coordinates": [[[128.7559130029198, 35.1050350244019], [128.75598847548545, 35.10512504053498]]]}}, {"type": "Feature", "properties": {"LINK_ID": "1411061002", "F_NODE": "1410423000", "T_NODE": "1410423200", "LANES": 3, "ROAD_RANK": "103", "ROAD_TYPE": "003", "ROAD_NO": "2", "ROAD_NAME": "진해대로", "ROAD_USE": "0", "MULTI_LINK": "0", "CONNECT": "0", "MAX_SPD": 70, "REST_VEH": "0", "REST_W": 0, "REST_H": 0, "C-ITS": "0", "LENGTH": 114.917635850092, "UPDATEDATE": "20250512", "REMARK": null, "HIST_TYPE": "LINK1007", "HISTREMARK": "1411061000", "link_stats_import_fid": 709, "link_stats_import_vehicle_count": 5.0, "link_stats_import_avg_speed": 20.93, "link_stats_import_sum_weight_kg": 0.0}, "geometry": {"type": "MultiLineString", "coordinates": [[[128.83512461598917, 35.101306262577324], [128.83535798718486, 35.101294991924796], [128.83544798762856, 35.10128999172131], [128.83582598704027, 35.10130199087687], [128.83632598786446, 35.101352991419255], [128.83633898789523, 35.101354991604566], [128.8363785461843, 35.1013626506826]]]}}, {"type": "Feature", "properties": {"LINK_ID": "4180084001", "F_NODE": "4180123203", "T_NODE": "4180123202", "LANES": 3, "ROAD_RANK": "107", "ROAD_TYPE": "000", "ROAD_NO": "-", "ROAD_NAME": "신항3로", "ROAD_USE": "0", "MULTI_LINK": "0", "CONNECT": "0", "MAX_SPD": 70, "REST_VEH": "0", "REST_W": 0, "REST_H": 0, "C-ITS": "0", "LENGTH": 12.000356327075, "UPDATEDATE": "20250512", "REMARK": null, "HIST_TYPE": "LINK0001", "HISTREMARK": null, "link_stats_import_fid": 791, "link_stats_import_vehicle_count": 4.0, "link_stats_import_avg_speed": 10.17, "link_stats_import_sum_weight_kg": 1000.0}, "geometry": {"type": "MultiLineString", "coordinates": [[[128.82282580369915, 35.09094528288223], [128.82291991218884, 35.090869724227424]]]}}, {"type": "Feature", "properties": {"LINK_ID": "4180138500", "F_NODE": "4180108004", "T_NODE": "4180107701", "LANES": 2, "ROAD_RANK": "107", "ROAD_TYPE": "000", "ROAD_NO": "-", "ROAD_NAME": "용재로", "ROAD_USE": "0", "MULTI_LINK": "0", "CONNECT": "0", "MAX_SPD": 60, "REST_VEH": "0", "REST_W": 0, "REST_H": 0, "C-ITS": "0", "LENGTH": 25.327294593816, "UPDATEDATE": "20250512", "REMARK": null, "HIST_TYPE": "LINK0003", "HISTREMARK": null, "link_stats_import_fid": null, "link_stats_import_vehicle_count": null, "link_stats_import_avg_speed": null, "link_stats_import_sum_weight_kg": null}, "geometry": {"type": "MultiLineString", "coordinates": [[[128.81036778408148, 35.10242211804745], [128.8101018142101, 35.10248773763717]]]}}, {"type": "Feature", "properties": {"LINK_ID": "4180062402", "F_NODE": "4180226700", "T_NODE": "4180109901", "LANES": 3, "ROAD_RANK": "107", "ROAD_TYPE": "000", "ROAD_NO": "-", "ROAD_NAME": "신항로", "ROAD_USE": "0", "MULTI_LINK": "0", "CONNECT": "0", "MAX_SPD": 60, "REST_VEH": "0", "REST_W": 0, "REST_H": 0, "C-ITS": "0", "LENGTH": 266.734998170394, "UPDATEDATE": "20250512", "REMARK": null, "HIST_TYPE": "LINK1007", "HISTREMARK": "4180062400", "link_stats_import_fid": 51, "link_stats_import_vehicle_count": 307.0, "link_stats_import_avg_speed": 14.48, "link_stats_import_sum_weight_kg": 4234888.0}, "geometry": {"type": "MultiLineString", "coordinates": [[[128.8152856271533, 35.083227557582184], [128.8123617471838, 35.083227587749434]]]}}, {"type": "Feature", "properties": {"LINK_ID": "1410098901", "F_NODE": "1410000301", "T_NODE": "1410000304", "LANES": 3, "ROAD_RANK": "103", "ROAD_TYPE": "000", "ROAD_NO": "2", "ROAD_NAME": "낙동남로", "ROAD_USE": "0", "MULTI_LINK": "0", "CONNECT": "1", "MAX_SPD": 70, "REST_VEH": "0", "REST_W": 0, "REST_H": 0, "C-ITS": "0", "LENGTH": 11.942729039214, "UPDATEDATE": "20250512", "REMARK": null, "HIST_TYPE": "LINK0001", "HISTREMARK": null, "link_stats_import_fid": null, "link_stats_import_vehicle_count": null, "link_stats_import_avg_speed": null, "link_stats_import_sum_weight_kg": null}, "geometry": {"type": "MultiLineString", "coordinates": [[[128.842955958019, 35.10521970523015], [128.84286254450583, 35.10514429313689]]]}}, {"type": "Feature", "properties": {"LINK_ID": "1410000202", "F_NODE": "1410000206", "T_NODE": "1410000207", "LANES": 3, "ROAD_RANK": "103", "ROAD_TYPE": "000", "ROAD_NO": "2", "ROAD_NAME": "낙동남로", "ROAD_USE": "0", "MULTI_LINK": "0", "CONNECT": "0", "MAX_SPD": 70, "REST_VEH": "0", "REST_W": 0, "REST_H": 0, "C-ITS": "0", "LENGTH": 163.285349985466, "UPDATEDATE": "20250512", "REMARK": null, "HIST_TYPE": "LINK0003", "HISTREMARK": null, "link_stats_import_fid": 363, "link_stats_import_vehicle_count": 18.0, "link_stats_import_avg_speed": 10.9, "link_stats_import_sum_weight_kg": 18978.0}, "geometry": {"type": "MultiLineString", "coordinates": [[[128.83935570402016, 35.10297890195315], [128.8390109872305, 35.10272999114485], [128.83871098692558, 35.10252299196803], [128.83847498719516, 35.1023409913711], [128.83815498771975, 35.102129991750665], [128.83802698698452, 35.10205299150541], [128.83798773387306, 35.102031495664676]]]}}, {"type": "Feature", "properties": {"LINK_ID": "1410119700", "F_NODE": "1410040902", "T_NODE": "1410029103", "LANES": 2, "ROAD_RANK": "104", "ROAD_TYPE": "003", "ROAD_NO": "-", "ROAD_NAME": "녹산산업북로", "ROAD_USE": "0", "MULTI_LINK": "0", "CONNECT": "0", "MAX_SPD": 50, "REST_VEH": "0", "REST_W": 0, "REST_H": 0, "C-ITS": "0", "LENGTH": 80.696053846229, "UPDATEDATE": "20250512", "REMARK": null, "HIST_TYPE": "LINK0003", "HISTREMARK": null, "link_stats_import_fid": 323, "link_stats_import_vehicle_count": 22.0, "link_stats_import_avg_speed": 8.43, "link_stats_import_sum_weight_kg": 12768.0}, "geometry": {"type": "MultiLineString", "coordinates": [[[128.83459553510312, 35.09789364004269], [128.8354800354151, 35.097909872518365]]]}}, {"type": "Feature", "properties": {"LINK_ID": "4180063000", "F_NODE": "4180096902", "T_NODE": "4180098004", "LANES": 2, "ROAD_RANK": "107", "ROAD_TYPE": "000", "ROAD_NO": "-", "ROAD_NAME": "안골로108번길", "ROAD_USE": "0", "MULTI_LINK": "0", "CONNECT": "0", "MAX_SPD": 50, "REST_VEH": "0", "REST_W": 0, "REST_H": 0, "C-ITS": "0", "LENGTH": 287.693931821099, "UPDATEDATE": "20250512", "REMARK": null, "HIST_TYPE": "LINK0003", "HISTREMARK": null, "link_stats_import_fid": 158, "link_stats_import_vehicle_count": 84.0, "link_stats_import_avg_speed": 8.39, "link_stats_import_sum_weight_kg": 1834817.0}, "geometry": {"type": "MultiLineString", "coordinates": [[[128.78534219001918, 35.08660319174967], [128.78575478405423, 35.086338472877365], [128.78593997124432, 35.08620046071295], [128.78609327785466, 35.08607522145759], [128.78634721384816, 35.08585447755085], [128.78662264936182, 35.085547406457394], [128.78682638457525, 35.08523963331731], [128.78702715435585, 35.08481505035837], [128.78708883037257, 35.08453263581924], [128.78708902403335, 35.08453182974156]]]}}, {"type": "Feature", "properties": {"LINK_ID": "4180034602", "F_NODE": "4180223400", "T_NODE": "4180101703", "LANES": 3, "ROAD_RANK": "107", "ROAD_TYPE": "000", "ROAD_NO": "-", "ROAD_NAME": "신항북로", "ROAD_USE": "0", "MULTI_LINK": "0", "CONNECT": "0", "MAX_SPD": 80, "REST_VEH": "0", "REST_W": 0, "REST_H": 0, "C-ITS": "0", "LENGTH": 440.888986486779, "UPDATEDATE": "20250512", "REMARK": null, "HIST_TYPE": "LINK1007", "HISTREMARK": "4180034600", "link_stats_import_fid": 149, "link_stats_import_vehicle_count": 90.0, "link_stats_import_avg_speed": 9.48, "link_stats_import_sum_weight_kg": 520613.0}, "geometry": {"type": "MultiLineString", "coordinates": [[[128.79326907034195, 35.08824279486615], [128.79424914755762, 35.08771828367147], [128.79601049751878, 35.08676554036146], [128.7963705987639, 35.08658335851618], [128.79666156528194, 35.086419942574075], [128.79738366193783, 35.086177736106634]]]}}, {"type": "Feature", "properties": {"LINK_ID": "1410076901", "F_NODE": "1410026001", "T_NODE": "1410026004", "LANES": 2, "ROAD_RANK": "104", "ROAD_TYPE": "000", "ROAD_NO": "-", "ROAD_NAME": "녹산산단261로73번길", "ROAD_USE": "0", "MULTI_LINK": "0", "CONNECT": "0", "MAX_SPD": 70, "REST_VEH": "0", "REST_W": 0, "REST_H": 0, "C-ITS": "0", "LENGTH": 10.945844527779, "UPDATEDATE": "20250512", "REMARK": null, "HIST_TYPE": "LINK0001", "HISTREMARK": null, "link_stats_import_fid": null, "link_stats_import_vehicle_count": null, "link_stats_import_avg_speed": null, "link_stats_import_sum_weight_kg": null}, "geometry": {"type": "MultiLineString", "coordinates": [[[128.8394948078977, 35.095687122830505], [128.83937480570134, 35.09568685926385]]]}}, {"type": "Feature", "properties": {"LINK_ID": "4180106700", "F_NODE": "4180120002", "T_NODE": "4180122003", "LANES": 2, "ROAD_RANK": "107", "ROAD_TYPE": "000", "ROAD_NO": "-", "ROAD_NAME": "용원로", "ROAD_USE": "0", "MULTI_LINK": "0", "CONNECT": "0", "MAX_SPD": 60, "REST_VEH": "0", "REST_W": 0, "REST_H": 0, "C-ITS": "0", "LENGTH": 107.321157659, "UPDATEDATE": "20250512", "REMARK": null, "HIST_TYPE": "LINK0003", "HISTREMARK": null, "link_stats_import_fid": 624, "link_stats_import_vehicle_count": 7.0, "link_stats_import_avg_speed": 8.23, "link_stats_import_sum_weight_kg": 13095.0}, "geometry": {"type": "MultiLineString", "coordinates": [[[128.81899387507278, 35.09859685853393], [128.82013623965443, 35.09836514038246]]]}}, {"type": "Feature", "properties": {"LINK_ID": "1410041300", "F_NODE": "1410015401", "T_NODE": "1410019002", "LANES": 2, "ROAD_RANK": "104", "ROAD_TYPE": "000", "ROAD_NO": "-", "ROAD_NAME": "녹산산단261로", "ROAD_USE": "0", "MULTI_LINK": "0", "CONNECT": "0", "MAX_SPD": 50, "REST_VEH": "0", "REST_W": 0, "REST_H": 0, "C-ITS": "0", "LENGTH": 112.872200496463, "UPDATEDATE": "20250512", "REMARK": null, "HIST_TYPE": "LINK0003", "HISTREMARK": null, "link_stats_import_fid": 820, "link_stats_import_vehicle_count": 3.0, "link_stats_import_avg_speed": 15.2, "link_stats_import_sum_weight_kg": 0.0}, "geometry": {"type": "MultiLineString", "coordinates": [[[128.84609783134368, 35.089023049133864], [128.84609514544738, 35.090040087927825]]]}}, {"type": "Feature", "properties": {"LINK_ID": "1410040700", "F_NODE": "1410015302", "T_NODE": "1410015403", "LANES": 3, "ROAD_RANK": "104", "ROAD_TYPE": "000", "ROAD_NO": "-", "ROAD_NAME": "녹산산업대로", "ROAD_USE": "0", "MULTI_LINK": "0", "CONNECT": "0", "MAX_SPD": 70, "REST_VEH": "0", "REST_W": 0, "REST_H": 0, "C-ITS": "0", "LENGTH": 290.808136255904, "UPDATEDATE": "20250512", "REMARK": null, "HIST_TYPE": "LINK0003", "HISTREMARK": null, "link_stats_import_fid": 146, "link_stats_import_vehicle_count": 91.0, "link_stats_import_avg_speed": 13.44, "link_stats_import_sum_weight_kg": 319868.0}, "geometry": {"type": "MultiLineString", "coordinates": [[[128.84279014804736, 35.088901027435135], [128.8459780950791, 35.08890295600258]]]}}, {"type": "Feature", "properties": {"LINK_ID": "4180113401", "F_NODE": "4180113101", "T_NODE": "4180113104", "LANES": 2, "ROAD_RANK": "107", "ROAD_TYPE": "000", "ROAD_NO": "-", "ROAD_NAME": "용원로", "ROAD_USE": "0", "MULTI_LINK": "0", "CONNECT": "0", "MAX_SPD": 60, "REST_VEH": "0", "REST_W": 0, "REST_H": 0, "C-ITS": "0", "LENGTH": 11.108738751945, "UPDATEDATE": "20250512", "REMARK": null, "HIST_TYPE": "LINK0001", "HISTREMARK": null, "link_stats_import_fid": null, "link_stats_import_vehicle_count": null, "link_stats_import_avg_speed": null, "link_stats_import_sum_weight_kg": null}, "geometry": {"type": "MultiLineString", "coordinates": [[[128.81459860627203, 35.0995824970753], [128.814480053678, 35.099605441263556]]]}}, {"type": "Feature", "properties": {"LINK_ID": "4180068700", "F_NODE": "4180090502", "T_NODE": "4180091403", "LANES": 3, "ROAD_RANK": "107", "ROAD_TYPE": "000", "ROAD_NO": "-", "ROAD_NAME": "신항8로", "ROAD_USE": "0", "MULTI_LINK": "0", "CONNECT": "0", "MAX_SPD": 60, "REST_VEH": "0", "REST_W": 0, "REST_H": 0, "C-ITS": "0", "LENGTH": 390.241332007231, "UPDATEDATE": "20250512", "REMARK": null, "HIST_TYPE": "LINK0003", "HISTREMARK": null, "link_stats_import_fid": 511, "link_stats_import_vehicle_count": 10.0, "link_stats_import_avg_speed": 7.88, "link_stats_import_sum_weight_kg": 28440.0}, "geometry": {"type": "MultiLineString", "coordinates": [[[128.76999009404187, 35.08688586963058], [128.77426800304443, 35.0869063552878]]]}}, {"type": "Feature", "properties": {"LINK_ID": "4180136700", "F_NODE": "4180117002", "T_NODE": "4180123003", "LANES": 3, "ROAD_RANK": "103", "ROAD_TYPE": "000", "ROAD_NO": "2", "ROAD_NAME": "진해대로", "ROAD_USE": "0", "MULTI_LINK": "0", "CONNECT": "0", "MAX_SPD": 70, "REST_VEH": "0", "REST_W": 0, "REST_H": 0, "C-ITS": "0", "LENGTH": 473.123555941536, "UPDATEDATE": "20250512", "REMARK": null, "HIST_TYPE": "LINK0003", "HISTREMARK": null, "link_stats_import_fid": 406, "link_stats_import_vehicle_count": 15.0, "link_stats_import_avg_speed": 16.81, "link_stats_import_sum_weight_kg": 67432.0}, "geometry": {"type": "MultiLineString", "coordinates": [[[128.81716445903044, 35.102410818003264], [128.81851398768072, 35.102133991351636], [128.8210849873264, 35.10162999212732], [128.82109498691247, 35.10162899203632], [128.82223822623047, 35.101638263458646]]]}}, {"type": "Feature", "properties": {"LINK_ID": "1411030501", "F_NODE": "1410382304", "T_NODE": "1410382303", "LANES": 3, "ROAD_RANK": "104", "ROAD_TYPE": "000", "ROAD_NO": "-", "ROAD_NAME": "신항남로", "ROAD_USE": "0", "MULTI_LINK": "0", "CONNECT": "0", "MAX_SPD": 60, "REST_VEH": "0", "REST_W": 0, "REST_H": 0, "C-ITS": "0", "LENGTH": 12.073794560755, "UPDATEDATE": "20250512", "REMARK": null, "HIST_TYPE": "LINK0001", "HISTREMARK": null, "link_stats_import_fid": 223, "link_stats_import_vehicle_count": 49.0, "link_stats_import_avg_speed": 9.52, "link_stats_import_sum_weight_kg": 676590.0}, "geometry": {"type": "MultiLineString", "coordinates": [[[128.8346900911283, 35.06991489334677], [128.83466188986029, 35.06980860029002]]]}}, {"type": "Feature", "properties": {"LINK_ID": "1410121000", "F_NODE": "1410014902", "T_NODE": "1410040603", "LANES": 3, "ROAD_RANK": "104", "ROAD_TYPE": "003", "ROAD_NO": "-", "ROAD_NAME": "녹산산업대로", "ROAD_USE": "0", "MULTI_LINK": "0", "CONNECT": "0", "MAX_SPD": 70, "REST_VEH": "0", "REST_W": 0, "REST_H": 0, "C-ITS": "0", "LENGTH": 9.213541746994, "UPDATEDATE": "20250512", "REMARK": null, "HIST_TYPE": "LINK0003", "HISTREMARK": null, "link_stats_import_fid": 330, "link_stats_import_vehicle_count": 21.0, "link_stats_import_avg_speed": 11.32, "link_stats_import_sum_weight_kg": 75834.0}, "geometry": {"type": "MultiLineString", "coordinates": [[[128.8343758051527, 35.088895342645074], [128.83447680533263, 35.08889592589275]]]}}, {"type": "Feature", "properties": {"LINK_ID": "1410097801", "F_NODE": "1410033002", "T_NODE": "1410033001", "LANES": 3, "ROAD_RANK": "105", "ROAD_TYPE": "000", "ROAD_NO": "58", "ROAD_NAME": "가락대로", "ROAD_USE": "0", "MULTI_LINK": "0", "CONNECT": "0", "MAX_SPD": 60, "REST_VEH": "0", "REST_W": 0, "REST_H": 0, "C-ITS": "0", "LENGTH": 27.913240400218, "UPDATEDATE": "20250512", "REMARK": null, "HIST_TYPE": "LINK0001", "HISTREMARK": null, "link_stats_import_fid": 959, "link_stats_import_vehicle_count": 2.0, "link_stats_import_avg_speed": 9.93, "link_stats_import_sum_weight_kg": 0.0}, "geometry": {"type": "MultiLineString", "coordinates": [[[128.83947602995954, 35.1020468316337], [128.8394751837261, 35.102298344595326]]]}}, {"type": "Feature", "properties": {"LINK_ID": "1411061102", "F_NODE": "1410423300", "T_NODE": "1410423100", "LANES": 3, "ROAD_RANK": "103", "ROAD_TYPE": "003", "ROAD_NO": "2", "ROAD_NAME": "진해대로", "ROAD_USE": "0", "MULTI_LINK": "0", "CONNECT": "0", "MAX_SPD": 70, "REST_VEH": "0", "REST_W": 0, "REST_H": 0, "C-ITS": "0", "LENGTH": 111.027736378573, "UPDATEDATE": "20250512", "REMARK": null, "HIST_TYPE": "LINK1007", "HISTREMARK": "1411061100", "link_stats_import_fid": 1199, "link_stats_import_vehicle_count": 1.0, "link_stats_import_avg_speed": 20.02, "link_stats_import_sum_weight_kg": 0.0}, "geometry": {"type": "MultiLineString", "coordinates": [[[128.83634555837577, 35.10147864186022], [128.83631598782785, 35.101472992181236], [128.83581798754435, 35.10142199104776], [128.83544098765577, 35.10140999115889], [128.83535998744995, 35.101413991708135], [128.83535098769966, 35.10141399190939], [128.83513377608514, 35.1014256977756]]]}}, {"type": "Feature", "properties": {"LINK_ID": "1410030000", "F_NODE": "1410012004", "T_NODE": "1410822800", "LANES": 2, "ROAD_RANK": "104", "ROAD_TYPE": "000", "ROAD_NO": "-", "ROAD_NAME": "녹산산단232로", "ROAD_USE": "0", "MULTI_LINK": "0", "CONNECT": "0", "MAX_SPD": 60, "REST_VEH": "0", "REST_W": 0, "REST_H": 0, "C-ITS": "0", "LENGTH": 64.509999797785, "UPDATEDATE": "20250512", "REMARK": null, "HIST_TYPE": "LINK0003", "HISTREMARK": null, "link_stats_import_fid": 1088, "link_stats_import_vehicle_count": 1.0, "link_stats_import_avg_speed": 13.57, "link_stats_import_sum_weight_kg": 1000.0}, "geometry": {"type": "MultiLineString", "coordinates": [[[128.83940382051335, 35.08574512896231], [128.83869666626308, 35.08574674516524]]]}}, {"type": "Feature", "properties": {"LINK_ID": "4180072501", "F_NODE": "4180112802", "T_NODE": "4180112801", "LANES": 3, "ROAD_RANK": "107", "ROAD_TYPE": "000", "ROAD_NO": "-", "ROAD_NAME": "-", "ROAD_USE": "0", "MULTI_LINK": "0", "CONNECT": "0", "MAX_SPD": 70, "REST_VEH": "0", "REST_W": 0, "REST_H": 0, "C-ITS": "0", "LENGTH": 11.99995319709, "UPDATEDATE": "20250512", "REMARK": "도로명없음", "HIST_TYPE": "LINK0001", "HISTREMARK": null, "link_stats_import_fid": 1231, "link_stats_import_vehicle_count": 1.0, "link_stats_import_avg_speed": 5.91, "link_stats_import_sum_weight_kg": 0.0}, "geometry": {"type": "MultiLineString", "coordinates": [[[128.8143192870107, 35.08883904719783], [128.81431890362265, 35.088947174278175]]]}}, {"type": "Feature", "properties": {"LINK_ID": "4180061600", "F_NODE": "4180107304", "T_NODE": "4180226800", "LANES": 3, "ROAD_RANK": "107", "ROAD_TYPE": "000", "ROAD_NO": "-", "ROAD_NAME": "신항로", "ROAD_USE": "0", "MULTI_LINK": "0", "CONNECT": "0", "MAX_SPD": 60, "REST_VEH": "0", "REST_W": 0, "REST_H": 0, "C-ITS": "0", "LENGTH": 275.22147669377, "UPDATEDATE": "20250512", "REMARK": null, "HIST_TYPE": "LINK0003", "HISTREMARK": null, "link_stats_import_fid": 54, "link_stats_import_vehicle_count": 297.0, "link_stats_import_avg_speed": 14.39, "link_stats_import_sum_weight_kg": 4098063.0}, "geometry": {"type": "MultiLineString", "coordinates": [[[128.8071743528953, 35.08322039412438], [128.8057069566019, 35.08321819775631], [128.80415744261157, 35.083215859179525]]]}}, {"type": "Feature", "properties": {"LINK_ID": "4180132700", "F_NODE": "4180103203", "T_NODE": "4180103104", "LANES": 2, "ROAD_RANK": "107", "ROAD_TYPE": "000", "ROAD_NO": "-", "ROAD_NAME": "안청로", "ROAD_USE": "0", "MULTI_LINK": "0", "CONNECT": "0", "MAX_SPD": 60, "REST_VEH": "0", "REST_W": 0, "REST_H": 0, "C-ITS": "0", "LENGTH": 311.399945319547, "UPDATEDATE": "20250512", "REMARK": null, "HIST_TYPE": "LINK0003", "HISTREMARK": null, "link_stats_import_fid": 689, "link_stats_import_vehicle_count": 6.0, "link_stats_import_avg_speed": 9.34, "link_stats_import_sum_weight_kg": 107960.0}, "geometry": {"type": "MultiLineString", "coordinates": [[[128.80310537274005, 35.10422586822923], [128.80305590696508, 35.10232279301014], [128.8030324577157, 35.10142058248262]]]}}, {"type": "Feature", "properties": {"LINK_ID": "1410956900", "F_NODE": "1410040502", "T_NODE": "1410382002", "LANES": 3, "ROAD_RANK": "104", "ROAD_TYPE": "003", "ROAD_NO": "-", "ROAD_NAME": "신항남로", "ROAD_USE": "0", "MULTI_LINK": "0", "CONNECT": "0", "MAX_SPD": 60, "REST_VEH": "0", "REST_W": 0, "REST_H": 0, "C-ITS": "0", "LENGTH": 290.094853912422, "UPDATEDATE": "20250512", "REMARK": null, "HIST_TYPE": "LINK0003", "HISTREMARK": null, "link_stats_import_fid": 4, "link_stats_import_vehicle_count": 587.0, "link_stats_import_avg_speed": 14.88, "link_stats_import_sum_weight_kg": 11684062.0}, "geometry": {"type": "MultiLineString", "coordinates": [[[128.83471797136752, 35.07734565213906], [128.8347422602312, 35.0747317959879]]]}}, {"type": "Feature", "properties": {"LINK_ID": "4180082300", "F_NODE": "4180093102", "T_NODE": "4180095103", "LANES": 4, "ROAD_RANK": "107", "ROAD_TYPE": "000", "ROAD_NO": "-", "ROAD_NAME": "신항10로", "ROAD_USE": "0", "MULTI_LINK": "0", "CONNECT": "0", "MAX_SPD": 60, "REST_VEH": "0", "REST_W": 0, "REST_H": 0, "C-ITS": "0", "LENGTH": 314.421366949035, "UPDATEDATE": "20250512", "REMARK": null, "HIST_TYPE": "LINK0006", "HISTREMARK": null, "link_stats_import_fid": 789, "link_stats_import_vehicle_count": 4.0, "link_stats_import_avg_speed": 7.42, "link_stats_import_sum_weight_kg": 1000.0}, "geometry": {"type": "MultiLineString", "coordinates": [[[128.7788338115941, 35.09129228354745], [128.78124678856, 35.091278592992346], [128.78137834279437, 35.09127784499691], [128.78140074863114, 35.09127771755013], [128.78220453275725, 35.09127314486631], [128.78228006710796, 35.091264976501854]]]}}, {"type": "Feature", "properties": {"LINK_ID": "4180099900", "F_NODE": "4180104201", "T_NODE": "4180103402", "LANES": 2, "ROAD_RANK": "107", "ROAD_TYPE": "000", "ROAD_NO": "-", "ROAD_NAME": "안청로", "ROAD_USE": "0", "MULTI_LINK": "0", "CONNECT": "0", "MAX_SPD": 60, "REST_VEH": "0", "REST_W": 0, "REST_H": 0, "C-ITS": "0", "LENGTH": 122.930282921759, "UPDATEDATE": "20250512", "REMARK": null, "HIST_TYPE": "LINK0003", "HISTREMARK": null, "link_stats_import_fid": 905, "link_stats_import_vehicle_count": 3.0, "link_stats_import_avg_speed": 9.27, "link_stats_import_sum_weight_kg": 0.0}, "geometry": {"type": "MultiLineString", "coordinates": [[[128.80432063622732, 35.097818756989106], [128.80348556502003, 35.0986882089252]]]}}, {"type": "Feature", "properties": {"LINK_ID": "4180082501", "F_NODE": "4180095103", "T_NODE": "4180095102", "LANES": 4, "ROAD_RANK": "107", "ROAD_TYPE": "000", "ROAD_NO": "-", "ROAD_NAME": "신항10로", "ROAD_USE": "0", "MULTI_LINK": "0", "CONNECT": "0", "MAX_SPD": 60, "REST_VEH": "0", "REST_W": 0, "REST_H": 0, "C-ITS": "0", "LENGTH": 12.00003494208, "UPDATEDATE": "20250512", "REMARK": null, "HIST_TYPE": "LINK0001", "HISTREMARK": null, "link_stats_import_fid": 1007, "link_stats_import_vehicle_count": 2.0, "link_stats_import_avg_speed": 6.66, "link_stats_import_sum_weight_kg": 0.0}, "geometry": {"type": "MultiLineString", "coordinates": [[[128.78228006710796, 35.091264976501854], [128.78238923908876, 35.091204642315205]]]}}, {"type": "Feature", "properties": {"LINK_ID": "1410195703", "F_NODE": "1410071603", "T_NODE": "1410071602", "LANES": 2, "ROAD_RANK": "105", "ROAD_TYPE": "000", "ROAD_NO": "58", "ROAD_NAME": "거가대로", "ROAD_USE": "0", "MULTI_LINK": "0", "CONNECT": "0", "MAX_SPD": 80, "REST_VEH": "5", "REST_W": 0, "REST_H": 0, "C-ITS": "0", "LENGTH": 14.821636921827, "UPDATEDATE": "20250512", "REMARK": null, "HIST_TYPE": "LINK0001", "HISTREMARK": null, "link_stats_import_fid": null, "link_stats_import_vehicle_count": null, "link_stats_import_avg_speed": null, "link_stats_import_sum_weight_kg": null}, "geometry": {"type": "MultiLineString", "coordinates": [[[128.82869568129982, 35.05762305285089], [128.82876967091477, 35.05774194306792]]]}}, {"type": "Feature", "properties": {"LINK_ID": "1410081000", "F_NODE": "1410027301", "T_NODE": "1410028701", "LANES": 2, "ROAD_RANK": "104", "ROAD_TYPE": "000", "ROAD_NO": "-", "ROAD_NAME": "녹산산업중로", "ROAD_USE": "0", "MULTI_LINK": "0", "CONNECT": "0", "MAX_SPD": 50, "REST_VEH": "0", "REST_W": 0, "REST_H": 0, "C-ITS": "0", "LENGTH": 139.29512298416, "UPDATEDATE": "20250512", "REMARK": null, "HIST_TYPE": "LINK0003", "HISTREMARK": null, "link_stats_import_fid": 1144, "link_stats_import_vehicle_count": 1.0, "link_stats_import_avg_speed": 8.34, "link_stats_import_sum_weight_kg": 10200.0}, "geometry": {"type": "MultiLineString", "coordinates": [[[128.82958541589926, 35.096616353322936], [128.8284892920454, 35.097490303322225]]]}}, {"type": "Feature", "properties": {"LINK_ID": "4180067900", "F_NODE": "4180087802", "T_NODE": "4180090503", "LANES": 3, "ROAD_RANK": "107", "ROAD_TYPE": "000", "ROAD_NO": "-", "ROAD_NAME": "신항8로", "ROAD_USE": "0", "MULTI_LINK": "0", "CONNECT": "0", "MAX_SPD": 60, "REST_VEH": "0", "REST_W": 0, "REST_H": 0, "C-ITS": "0", "LENGTH": 422.556717073776, "UPDATEDATE": "20250512", "REMARK": null, "HIST_TYPE": "LINK0003", "HISTREMARK": null, "link_stats_import_fid": 417, "link_stats_import_vehicle_count": 14.0, "link_stats_import_avg_speed": 7.37, "link_stats_import_sum_weight_kg": 36514.0}, "geometry": {"type": "MultiLineString", "coordinates": [[[128.7652263802293, 35.0868662089564], [128.76684687928193, 35.08686799723352], [128.7698585484218, 35.08688517868564]]]}}, {"type": "Feature", "properties": {"LINK_ID": "1410196600", "F_NODE": "1410072102", "T_NODE": "1410072202", "LANES": 2, "ROAD_RANK": "105", "ROAD_TYPE": "003", "ROAD_NO": "58", "ROAD_NAME": "거가대로", "ROAD_USE": "0", "MULTI_LINK": "0", "CONNECT": "0", "MAX_SPD": 60, "REST_VEH": "5", "REST_W": 0, "REST_H": 0, "C-ITS": "0", "LENGTH": 346.777453182784, "UPDATEDATE": "20250512", "REMARK": null, "HIST_TYPE": "LINK0003", "HISTREMARK": null, "link_stats_import_fid": 499, "link_stats_import_vehicle_count": 10.0, "link_stats_import_avg_speed": 10.46, "link_stats_import_sum_weight_kg": 2000.0}, "geometry": {"type": "MultiLineString", "coordinates": [[[128.8393521076662, 35.085134737169774], [128.83936373651304, 35.0820100835499]]]}}, {"type": "Feature", "properties": {"LINK_ID": "4180077800", "F_NODE": "4180123202", "T_NODE": "4180123504", "LANES": 3, "ROAD_RANK": "107", "ROAD_TYPE": "000", "ROAD_NO": "-", "ROAD_NAME": "신항3로", "ROAD_USE": "0", "MULTI_LINK": "0", "CONNECT": "0", "MAX_SPD": 70, "REST_VEH": "0", "REST_W": 0, "REST_H": 0, "C-ITS": "0", "LENGTH": 347.599519343677, "UPDATEDATE": "20250512", "REMARK": null, "HIST_TYPE": "LINK0006", "HISTREMARK": null, "link_stats_import_fid": 152, "link_stats_import_vehicle_count": 87.0, "link_stats_import_avg_speed": 9.75, "link_stats_import_sum_weight_kg": 319951.0}, "geometry": {"type": "MultiLineString", "coordinates": [[[128.82291991218884, 35.090869724227424], [128.82346452265284, 35.09043103897504], [128.8236045812977, 35.09030165356827], [128.82372850254947, 35.09016800922817], [128.82384983638616, 35.09001853872493], [128.823941052173, 35.08988824400381], [128.8240373715062, 35.089715461292485], [128.8241071706334, 35.08956063413432], [128.82416108119995, 35.08940778267443], [128.82420679434256, 35.089246205531495], [128.82424136539075, 35.08905814715034], [128.82424165189815, 35.089055270137784], [128.82425243337664, 35.08894701001667], [128.82425988971804, 35.08887214078573], [128.82426621465436, 35.08859062078892], [128.8242582133646, 35.088095154832025]]]}}, {"type": "Feature", "properties": {"LINK_ID": "4180069001", "F_NODE": "4180090504", "T_NODE": "4180090503", "LANES": 2, "ROAD_RANK": "107", "ROAD_TYPE": "000", "ROAD_NO": "-", "ROAD_NAME": "신항7로", "ROAD_USE": "0", "MULTI_LINK": "0", "CONNECT": "0", "MAX_SPD": 50, "REST_VEH": "0", "REST_W": 0, "REST_H": 0, "C-ITS": "0", "LENGTH": 12.000046923331, "UPDATEDATE": "20250512", "REMARK": null, "HIST_TYPE": "LINK0001", "HISTREMARK": null, "link_stats_import_fid": 1225, "link_stats_import_vehicle_count": 1.0, "link_stats_import_avg_speed": 9.03, "link_stats_import_sum_weight_kg": 0.0}, "geometry": {"type": "MultiLineString", "coordinates": [[[128.7698577383524, 35.086993306817924], [128.7698585484218, 35.08688517868564]]]}}, {"type": "Feature", "properties": {"LINK_ID": "4180065002", "F_NODE": "4180229400", "T_NODE": "4180102501", "LANES": 4, "ROAD_RANK": "107", "ROAD_TYPE": "000", "ROAD_NO": "-", "ROAD_NAME": "신항북로", "ROAD_USE": "0", "MULTI_LINK": "0", "CONNECT": "0", "MAX_SPD": 70, "REST_VEH": "0", "REST_W": 0, "REST_H": 0, "C-ITS": "0", "LENGTH": 281.665454765121, "UPDATEDATE": "20250512", "REMARK": null, "HIST_TYPE": "LINK1007", "HISTREMARK": "4180065000", "link_stats_import_fid": 109, "link_stats_import_vehicle_count": 140.0, "link_stats_import_avg_speed": 15.15, "link_stats_import_sum_weight_kg": 438869.0}, "geometry": {"type": "MultiLineString", "coordinates": [[[128.8040589634246, 35.08605868444896], [128.8009713005598, 35.08605714914235]]]}}, {"type": "Feature", "properties": {"LINK_ID": "4180092702", "F_NODE": "4180102803", "T_NODE": "4180102802", "LANES": 2, "ROAD_RANK": "107", "ROAD_TYPE": "000", "ROAD_NO": "-", "ROAD_NAME": "안골로", "ROAD_USE": "0", "MULTI_LINK": "0", "CONNECT": "0", "MAX_SPD": 30, "REST_VEH": "0", "REST_W": 0, "REST_H": 0, "C-ITS": "0", "LENGTH": 10.482538627729, "UPDATEDATE": "20250512", "REMARK": null, "HIST_TYPE": "LINK0001", "HISTREMARK": null, "link_stats_import_fid": null, "link_stats_import_vehicle_count": null, "link_stats_import_avg_speed": null, "link_stats_import_sum_weight_kg": null}, "geometry": {"type": "MultiLineString", "coordinates": [[[128.80229060891023, 35.09593391625476], [128.80227446259386, 35.09595543495819], [128.8022494080494, 35.09598040931368], [128.80220791611362, 35.09599425358887]]]}}, {"type": "Feature", "properties": {"LINK_ID": "4180125600", "F_NODE": "4180106801", "T_NODE": "4180200100", "LANES": 2, "ROAD_RANK": "107", "ROAD_TYPE": "000", "ROAD_NO": "-", "ROAD_NAME": "안청남로", "ROAD_USE": "0", "MULTI_LINK": "0", "CONNECT": "0", "MAX_SPD": 30, "REST_VEH": "0", "REST_W": 0, "REST_H": 0, "C-ITS": "0", "LENGTH": 34.506095835981, "UPDATEDATE": "20250512", "REMARK": null, "HIST_TYPE": "LINK0003", "HISTREMARK": null, "link_stats_import_fid": null, "link_stats_import_vehicle_count": null, "link_stats_import_avg_speed": null, "link_stats_import_sum_weight_kg": null}, "geometry": {"type": "MultiLineString", "coordinates": [[[128.80704409831156, 35.10054699793814], [128.80682095262284, 35.10079807914452]]]}}, {"type": "Feature", "properties": {"LINK_ID": "1410085401", "F_NODE": "1410030602", "T_NODE": "1410030601", "LANES": 2, "ROAD_RANK": "104", "ROAD_TYPE": "000", "ROAD_NO": "-", "ROAD_NAME": "녹산산단27로", "ROAD_USE": "0", "MULTI_LINK": "0", "CONNECT": "0", "MAX_SPD": 50, "REST_VEH": "0", "REST_W": 0, "REST_H": 0, "C-ITS": "0", "LENGTH": 12.247996447316, "UPDATEDATE": "20250512", "REMARK": null, "HIST_TYPE": "LINK0001", "HISTREMARK": null, "link_stats_import_fid": null, "link_stats_import_vehicle_count": null, "link_stats_import_avg_speed": null, "link_stats_import_sum_weight_kg": null}, "geometry": {"type": "MultiLineString", "coordinates": [[[128.8268513277641, 35.0986424469442], [128.82694596393995, 35.09872074423701]]]}}, {"type": "Feature", "properties": {"LINK_ID": "4180059901", "F_NODE": "4180090603", "T_NODE": "4180090602", "LANES": 4, "ROAD_RANK": "107", "ROAD_TYPE": "000", "ROAD_NO": "-", "ROAD_NAME": "신항로", "ROAD_USE": "0", "MULTI_LINK": "0", "CONNECT": "0", "MAX_SPD": 60, "REST_VEH": "0", "REST_W": 0, "REST_H": 0, "C-ITS": "0", "LENGTH": 12.036882655022, "UPDATEDATE": "20250512", "REMARK": null, "HIST_TYPE": "LINK0001", "HISTREMARK": null, "link_stats_import_fid": 185, "link_stats_import_vehicle_count": 68.0, "link_stats_import_avg_speed": 12.3, "link_stats_import_sum_weight_kg": 636485.0}, "geometry": {"type": "MultiLineString", "coordinates": [[[128.76989023016571, 35.08307578862432], [128.77002217710802, 35.08307563721698]]]}}, {"type": "Feature", "properties": {"LINK_ID": "4180033901", "F_NODE": "4180098001", "T_NODE": "4180098004", "LANES": 2, "ROAD_RANK": "107", "ROAD_TYPE": "000", "ROAD_NO": "-", "ROAD_NAME": "-", "ROAD_USE": "0", "MULTI_LINK": "0", "CONNECT": "0", "MAX_SPD": 60, "REST_VEH": "0", "REST_W": 0, "REST_H": 0, "C-ITS": "0", "LENGTH": 12.279639216464, "UPDATEDATE": "20250512", "REMARK": "도로명없음", "HIST_TYPE": "LINK0001", "HISTREMARK": null, "link_stats_import_fid": 648, "link_stats_import_vehicle_count": 6.0, "link_stats_import_avg_speed": 8.7, "link_stats_import_sum_weight_kg": 66798.0}, "geometry": {"type": "MultiLineString", "coordinates": [[[128.78722360986333, 35.08452974643359], [128.78708902403335, 35.08453182974156]]]}}, {"type": "Feature", "properties": {"LINK_ID": "4180079201", "F_NODE": "4180122804", "T_NODE": "4180122803", "LANES": 3, "ROAD_RANK": "107", "ROAD_TYPE": "000", "ROAD_NO": "-", "ROAD_NAME": "신항동로", "ROAD_USE": "0", "MULTI_LINK": "0", "CONNECT": "0", "MAX_SPD": 50, "REST_VEH": "0", "REST_W": 0, "REST_H": 0, "C-ITS": "0", "LENGTH": 11.999960964074, "UPDATEDATE": "20250512", "REMARK": null, "HIST_TYPE": "LINK0001", "HISTREMARK": null, "link_stats_import_fid": 723, "link_stats_import_vehicle_count": 5.0, "link_stats_import_avg_speed": 13.21, "link_stats_import_sum_weight_kg": 1000.0}, "geometry": {"type": "MultiLineString", "coordinates": [[[128.82178089949954, 35.09008039474893], [128.8216892555488, 35.090002822168685]]]}}, {"type": "Feature", "properties": {"LINK_ID": "1410040401", "F_NODE": "1410015201", "T_NODE": "1410015204", "LANES": 3, "ROAD_RANK": "104", "ROAD_TYPE": "000", "ROAD_NO": "-", "ROAD_NAME": "녹산산업대로", "ROAD_USE": "0", "MULTI_LINK": "0", "CONNECT": "0", "MAX_SPD": 70, "REST_VEH": "0", "REST_W": 0, "REST_H": 0, "C-ITS": "0", "LENGTH": 10.94643719492, "UPDATEDATE": "20250512", "REMARK": null, "HIST_TYPE": "LINK0001", "HISTREMARK": null, "link_stats_import_fid": 630, "link_stats_import_vehicle_count": 6.0, "link_stats_import_avg_speed": 9.74, "link_stats_import_sum_weight_kg": 0.0}, "geometry": {"type": "MultiLineString", "coordinates": [[[128.8395147748611, 35.089019028987906], [128.83939477555919, 35.08901894430568]]]}}, {"type": "Feature", "properties": {"LINK_ID": "1410196700", "F_NODE": "1410072201", "T_NODE": "1410072101", "LANES": 2, "ROAD_RANK": "105", "ROAD_TYPE": "003", "ROAD_NO": "58", "ROAD_NAME": "거가대로", "ROAD_USE": "0", "MULTI_LINK": "0", "CONNECT": "0", "MAX_SPD": 60, "REST_VEH": "5", "REST_W": 0, "REST_H": 0, "C-ITS": "0", "LENGTH": 343.519131953502, "UPDATEDATE": "20250512", "REMARK": null, "HIST_TYPE": "LINK0003", "HISTREMARK": null, "link_stats_import_fid": 537, "link_stats_import_vehicle_count": 9.0, "link_stats_import_avg_speed": 11.78, "link_stats_import_sum_weight_kg": 1000.0}, "geometry": {"type": "MultiLineString", "coordinates": [[[128.8395825755991, 35.08201088171241], [128.83957114047016, 35.08510617604724]]]}}, {"type": "Feature", "properties": {"LINK_ID": "4180156200", "F_NODE": "4180107501", "T_NODE": "4180106202", "LANES": 3, "ROAD_RANK": "103", "ROAD_TYPE": "000", "ROAD_NO": "2", "ROAD_NAME": "진해대로", "ROAD_USE": "0", "MULTI_LINK": "0", "CONNECT": "0", "MAX_SPD": 70, "REST_VEH": "0", "REST_W": 0, "REST_H": 0, "C-ITS": "0", "LENGTH": 413.431384588117, "UPDATEDATE": "20250512", "REMARK": null, "HIST_TYPE": "LINK0003", "HISTREMARK": null, "link_stats_import_fid": 925, "link_stats_import_vehicle_count": 3.0, "link_stats_import_avg_speed": 14.68, "link_stats_import_sum_weight_kg": 2000.0}, "geometry": {"type": "MultiLineString", "coordinates": [[[128.80902137230333, 35.105364503050396], [128.80812198754086, 35.10682199217076], [128.8078719875028, 35.10719999155152], [128.80786698758828, 35.1072059916208], [128.80725198820454, 35.1079449918984], [128.80724498703952, 35.1079529918405], [128.8066068563752, 35.10848707018896]]]}}, {"type": "Feature", "properties": {"LINK_ID": "1410702200", "F_NODE": "4180119502", "T_NODE": "1410824000", "LANES": 2, "ROAD_RANK": "104", "ROAD_TYPE": "000", "ROAD_NO": "-", "ROAD_NAME": "신항4로", "ROAD_USE": "0", "MULTI_LINK": "0", "CONNECT": "0", "MAX_SPD": 30, "REST_VEH": "0", "REST_W": 0, "REST_H": 0, "C-ITS": "0", "LENGTH": 459.762422814866, "UPDATEDATE": "20250512", "REMARK": null, "HIST_TYPE": "LINK0003", "HISTREMARK": null, "link_stats_import_fid": 233, "link_stats_import_vehicle_count": 45.0, "link_stats_import_avg_speed": 9.49, "link_stats_import_sum_weight_kg": 286768.0}, "geometry": {"type": "MultiLineString", "coordinates": [[[128.81834558792804, 35.084484311724204], [128.81938739368815, 35.08449149320987], [128.81990241071642, 35.08449503960367], [128.82124277479954, 35.084499665671686], [128.8213734836973, 35.084500115975565], [128.82338536423777, 35.08450702929597]]]}}, {"type": "Feature", "properties": {"LINK_ID": "4180082800", "F_NODE": "4180119203", "T_NODE": "4180118802", "LANES": 3, "ROAD_RANK": "107", "ROAD_TYPE": "003", "ROAD_NO": "-", "ROAD_NAME": "신항4로", "ROAD_USE": "0", "MULTI_LINK": "0", "CONNECT": "0", "MAX_SPD": 50, "REST_VEH": "0", "REST_W": 4500, "REST_H": 0, "C-ITS": "0", "LENGTH": 131.320666443337, "UPDATEDATE": "20250512", "REMARK": null, "HIST_TYPE": "LINK0003", "HISTREMARK": null, "link_stats_import_fid": 490, "link_stats_import_vehicle_count": 11.0, "link_stats_import_avg_speed": 11.78, "link_stats_import_sum_weight_kg": 92306.0}, "geometry": {"type": "MultiLineString", "coordinates": [[[128.81831213810884, 35.091909431318236], [128.81828153536256, 35.091796247867585], [128.81826112740893, 35.091711488339904], [128.81823945911265, 35.091600087078156], [128.81822422685738, 35.091477611574355], [128.81821541616284, 35.09133955867789], [128.8182131693006, 35.0911997941481], [128.8182122748253, 35.090732807693016]]]}}, {"type": "Feature", "properties": {"LINK_ID": "4180068601", "F_NODE": "4180123704", "T_NODE": "4180123703", "LANES": 3, "ROAD_RANK": "107", "ROAD_TYPE": "000", "ROAD_NO": "-", "ROAD_NAME": "신항3로", "ROAD_USE": "0", "MULTI_LINK": "0", "CONNECT": "0", "MAX_SPD": 60, "REST_VEH": "0", "REST_W": 0, "REST_H": 0, "C-ITS": "0", "LENGTH": 11.999961265515, "UPDATEDATE": "20250512", "REMARK": null, "HIST_TYPE": "LINK0001", "HISTREMARK": null, "link_stats_import_fid": 660, "link_stats_import_vehicle_count": 6.0, "link_stats_import_avg_speed": 9.78, "link_stats_import_sum_weight_kg": 4850.0}, "geometry": {"type": "MultiLineString", "coordinates": [[[128.82425302275527, 35.08612682227065], [128.82425378000767, 35.08601869680255]]]}}, {"type": "Feature", "properties": {"LINK_ID": "1410066001", "F_NODE": "1410023003", "T_NODE": "1410023002", "LANES": 2, "ROAD_RANK": "104", "ROAD_TYPE": "000", "ROAD_NO": "-", "ROAD_NAME": "녹산산업중로", "ROAD_USE": "0", "MULTI_LINK": "0", "CONNECT": "0", "MAX_SPD": 50, "REST_VEH": "0", "REST_W": 0, "REST_H": 0, "C-ITS": "0", "LENGTH": 10.945951624402, "UPDATEDATE": "20250512", "REMARK": null, "HIST_TYPE": "LINK0001", "HISTREMARK": null, "link_stats_import_fid": 1125, "link_stats_import_vehicle_count": 1.0, "link_stats_import_avg_speed": 7.24, "link_stats_import_sum_weight_kg": 0.0}, "geometry": {"type": "MultiLineString", "coordinates": [[[128.8459661891622, 35.09340893804421], [128.84608618924696, 35.09340904891494]]]}}, {"type": "Feature", "properties": {"LINK_ID": "4180104501", "F_NODE": "1410401303", "T_NODE": "1410401302", "LANES": 2, "ROAD_RANK": "107", "ROAD_TYPE": "000", "ROAD_NO": "-", "ROAD_NAME": "용원로", "ROAD_USE": "0", "MULTI_LINK": "0", "CONNECT": "0", "MAX_SPD": 60, "REST_VEH": "0", "REST_W": 0, "REST_H": 0, "C-ITS": "0", "LENGTH": 6.000926220344, "UPDATEDATE": "20250512", "REMARK": null, "HIST_TYPE": "LINK0001", "HISTREMARK": null, "link_stats_import_fid": 734, "link_stats_import_vehicle_count": 5.0, "link_stats_import_avg_speed": 5.91, "link_stats_import_sum_weight_kg": 20460.0}, "geometry": {"type": "MultiLineString", "coordinates": [[[128.82205292318832, 35.09797059944959], [128.8221120987286, 35.09794696649042]]]}}, {"type": "Feature", "properties": {"LINK_ID": "4180034000", "F_NODE": "4180011001", "T_NODE": "4180098003", "LANES": 2, "ROAD_RANK": "107", "ROAD_TYPE": "000", "ROAD_NO": "-", "ROAD_NAME": "-", "ROAD_USE": "0", "MULTI_LINK": "0", "CONNECT": "0", "MAX_SPD": 60, "REST_VEH": "0", "REST_W": 0, "REST_H": 0, "C-ITS": "0", "LENGTH": 311.436419863564, "UPDATEDATE": "20250512", "REMARK": "도로명없음", "HIST_TYPE": "LINK0003", "HISTREMARK": null, "link_stats_import_fid": 1206, "link_stats_import_vehicle_count": 1.0, "link_stats_import_avg_speed": 5.55, "link_stats_import_sum_weight_kg": 0.0}, "geometry": {"type": "MultiLineString", "coordinates": [[[128.7837012268169, 35.08443588092858], [128.78571325586017, 35.08443589417697], [128.78683753886864, 35.08442757341481], [128.78711510348714, 35.08442327765545]]]}}, {"type": "Feature", "properties": {"LINK_ID": "1411031801", "F_NODE": "1410382503", "T_NODE": "1410382502", "LANES": 3, "ROAD_RANK": "104", "ROAD_TYPE": "000", "ROAD_NO": "-", "ROAD_NAME": "신항남로", "ROAD_USE": "0", "MULTI_LINK": "0", "CONNECT": "0", "MAX_SPD": 60, "REST_VEH": "0", "REST_W": 0, "REST_H": 0, "C-ITS": "0", "LENGTH": 12.030248391404, "UPDATEDATE": "20250512", "REMARK": null, "HIST_TYPE": "LINK0001", "HISTREMARK": null, "link_stats_import_fid": 413, "link_stats_import_vehicle_count": 14.0, "link_stats_import_avg_speed": 10.65, "link_stats_import_sum_weight_kg": 113516.0}, "geometry": {"type": "MultiLineString", "coordinates": [[[128.83142783760567, 35.067221217845585], [128.83155581346455, 35.06724728876483]]]}}, {"type": "Feature", "properties": {"LINK_ID": "4180060900", "F_NODE": "4180096103", "T_NODE": "4180212200", "LANES": 2, "ROAD_RANK": "107", "ROAD_TYPE": "000", "ROAD_NO": "-", "ROAD_NAME": "안골로108번길", "ROAD_USE": "0", "MULTI_LINK": "0", "CONNECT": "0", "MAX_SPD": 50, "REST_VEH": "0", "REST_W": 0, "REST_H": 550, "C-ITS": "0", "LENGTH": 341.002362774621, "UPDATEDATE": "20250512", "REMARK": null, "HIST_TYPE": "LINK0003", "HISTREMARK": null, "link_stats_import_fid": 21, "link_stats_import_vehicle_count": 414.0, "link_stats_import_avg_speed": 13.92, "link_stats_import_sum_weight_kg": 5568593.0}, "geometry": {"type": "MultiLineString", "coordinates": [[[128.78401587224226, 35.08550846419442], [128.78392018471507, 35.08542430091584], [128.7838118612819, 35.085328396269894], [128.78369637737154, 35.0851990507151], [128.78356385040811, 35.08502191708221], [128.7834651117513, 35.084839819760845], [128.78341778494314, 35.08473244603189], [128.78334285702843, 35.08449666491703], [128.78334146983647, 35.08437649661581], [128.7833342363448, 35.08333356786933], [128.78333254993, 35.08310018796998], [128.7833919371179, 35.08296298925026], [128.78351469281304, 35.08280732769639], [128.78370904009162, 35.08274005095827]]]}}, {"type": "Feature", "properties": {"LINK_ID": "1410085600", "F_NODE": "1410028704", "T_NODE": "1410030301", "LANES": 2, "ROAD_RANK": "104", "ROAD_TYPE": "000", "ROAD_NO": "-", "ROAD_NAME": "녹산산업중로", "ROAD_USE": "0", "MULTI_LINK": "0", "CONNECT": "0", "MAX_SPD": 50, "REST_VEH": "0", "REST_W": 0, "REST_H": 0, "C-ITS": "0", "LENGTH": 84.773924765007, "UPDATEDATE": "20250512", "REMARK": null, "HIST_TYPE": "LINK0003", "HISTREMARK": null, "link_stats_import_fid": null, "link_stats_import_vehicle_count": null, "link_stats_import_avg_speed": null, "link_stats_import_sum_weight_kg": null}, "geometry": {"type": "MultiLineString", "coordinates": [[[128.82839359040673, 35.09756658920237], [128.82772630966127, 35.09809831448204]]]}}, {"type": "Feature", "properties": {"LINK_ID": "1410000703", "F_NODE": "1410000212", "T_NODE": "1410000211", "LANES": 3, "ROAD_RANK": "105", "ROAD_TYPE": "000", "ROAD_NO": "58", "ROAD_NAME": "가락대로", "ROAD_USE": "0", "MULTI_LINK": "0", "CONNECT": "0", "MAX_SPD": 60, "REST_VEH": "0", "REST_W": 0, "REST_H": 0, "C-ITS": "0", "LENGTH": 13.603299453178, "UPDATEDATE": "20250512", "REMARK": null, "HIST_TYPE": "LINK0001", "HISTREMARK": null, "link_stats_import_fid": null, "link_stats_import_vehicle_count": null, "link_stats_import_avg_speed": null, "link_stats_import_sum_weight_kg": null}, "geometry": {"type": "MultiLineString", "coordinates": [[[128.83957473656005, 35.10395748040776], [128.83957231703508, 35.10408003758305]]]}}, {"type": "Feature", "properties": {"LINK_ID": "1410085500", "F_NODE": "1410030603", "T_NODE": "1410028604", "LANES": 2, "ROAD_RANK": "104", "ROAD_TYPE": "000", "ROAD_NO": "-", "ROAD_NAME": "녹산산단27로", "ROAD_USE": "0", "MULTI_LINK": "0", "CONNECT": "0", "MAX_SPD": 50, "REST_VEH": "0", "REST_W": 0, "REST_H": 0, "C-ITS": "0", "LENGTH": 228.475801033047, "UPDATEDATE": "20250512", "REMARK": null, "HIST_TYPE": "LINK0003", "HISTREMARK": null, "link_stats_import_fid": null, "link_stats_import_vehicle_count": null, "link_stats_import_avg_speed": null, "link_stats_import_sum_weight_kg": null}, "geometry": {"type": "MultiLineString", "coordinates": [[[128.82675560306365, 35.09871876092577], [128.825001292276, 35.09724924163336]]]}}, {"type": "Feature", "properties": {"LINK_ID": "4180070001", "F_NODE": "4180113204", "T_NODE": "4180113203", "LANES": 3, "ROAD_RANK": "107", "ROAD_TYPE": "000", "ROAD_NO": "-", "ROAD_NAME": "-", "ROAD_USE": "0", "MULTI_LINK": "0", "CONNECT": "0", "MAX_SPD": 70, "REST_VEH": "0", "REST_W": 0, "REST_H": 0, "C-ITS": "0", "LENGTH": 11.845562906521, "UPDATEDATE": "20250512", "REMARK": "도로명없음", "HIST_TYPE": "LINK0001", "HISTREMARK": null, "link_stats_import_fid": 1227, "link_stats_import_vehicle_count": 1.0, "link_stats_import_avg_speed": 10.13, "link_stats_import_sum_weight_kg": 0.0}, "geometry": {"type": "MultiLineString", "coordinates": [[[128.81421049899635, 35.086982266162664], [128.81421204859842, 35.08687553734516]]]}}, {"type": "Feature", "properties": {"LINK_ID": "4180082401", "F_NODE": "4180093101", "T_NODE": "4180093104", "LANES": 4, "ROAD_RANK": "107", "ROAD_TYPE": "000", "ROAD_NO": "-", "ROAD_NAME": "신항10로", "ROAD_USE": "0", "MULTI_LINK": "0", "CONNECT": "0", "MAX_SPD": 60, "REST_VEH": "0", "REST_W": 0, "REST_H": 0, "C-ITS": "0", "LENGTH": 12.000008209165, "UPDATEDATE": "20250512", "REMARK": null, "HIST_TYPE": "LINK0001", "HISTREMARK": null, "link_stats_import_fid": 618, "link_stats_import_vehicle_count": 7.0, "link_stats_import_avg_speed": 5.98, "link_stats_import_sum_weight_kg": 59341.0}, "geometry": {"type": "MultiLineString", "coordinates": [[[128.77883294579743, 35.09140042061962], [128.7787013929024, 35.0913997008002]]]}}, {"type": "Feature", "properties": {"LINK_ID": "4180063500", "F_NODE": "4180107202", "T_NODE": "4180109803", "LANES": 2, "ROAD_RANK": "107", "ROAD_TYPE": "000", "ROAD_NO": "-", "ROAD_NAME": "신항4로", "ROAD_USE": "0", "MULTI_LINK": "0", "CONNECT": "0", "MAX_SPD": 60, "REST_VEH": "0", "REST_W": 0, "REST_H": 0, "C-ITS": "0", "LENGTH": 450.662678092949, "UPDATEDATE": "20250512", "REMARK": null, "HIST_TYPE": "LINK0003", "HISTREMARK": null, "link_stats_import_fid": 654, "link_stats_import_vehicle_count": 6.0, "link_stats_import_avg_speed": 8.82, "link_stats_import_sum_weight_kg": 48400.0}, "geometry": {"type": "MultiLineString", "coordinates": [[[128.8072979875833, 35.08449158126968], [128.8077638773756, 35.084501907074475], [128.80839485743581, 35.08450361448631], [128.809300635688, 35.08450605894521], [128.80992067769606, 35.08450769364634], [128.81223779459086, 35.08448646099176]]]}}, {"type": "Feature", "properties": {"LINK_ID": "1410081700", "F_NODE": "1410027602", "T_NODE": "1410027503", "LANES": 2, "ROAD_RANK": "104", "ROAD_TYPE": "000", "ROAD_NO": "-", "ROAD_NAME": "녹산산단165로", "ROAD_USE": "0", "MULTI_LINK": "0", "CONNECT": "0", "MAX_SPD": 60, "REST_VEH": "0", "REST_W": 0, "REST_H": 0, "C-ITS": "0", "LENGTH": 219.108760378235, "UPDATEDATE": "20250512", "REMARK": null, "HIST_TYPE": "LINK0003", "HISTREMARK": null, "link_stats_import_fid": null, "link_stats_import_vehicle_count": null, "link_stats_import_avg_speed": null, "link_stats_import_sum_weight_kg": null}, "geometry": {"type": "MultiLineString", "coordinates": [[[128.8356010492206, 35.096636778466866], [128.8380032127292, 35.09662820557301]]]}}, {"type": "Feature", "properties": {"LINK_ID": "1410039301", "F_NODE": "1410014904", "T_NODE": "1410278006", "LANES": 3, "ROAD_RANK": "104", "ROAD_TYPE": "000", "ROAD_NO": "-", "ROAD_NAME": "녹산산업대로", "ROAD_USE": "0", "MULTI_LINK": "0", "CONNECT": "0", "MAX_SPD": 70, "REST_VEH": "0", "REST_W": 0, "REST_H": 0, "C-ITS": "0", "LENGTH": 77.893310688321, "UPDATEDATE": "20250512", "REMARK": null, "HIST_TYPE": "LINK0003", "HISTREMARK": null, "link_stats_import_fid": 295, "link_stats_import_vehicle_count": 27.0, "link_stats_import_avg_speed": 7.77, "link_stats_import_sum_weight_kg": 58800.0}, "geometry": {"type": "MultiLineString", "coordinates": [[[128.8342547856102, 35.08901471112767], [128.83388637926498, 35.08901299513339], [128.83375910965506, 35.089020708967546], [128.83366746761814, 35.089031420099126], [128.8335863037824, 35.089045053912464], [128.83350687560733, 35.08906495819022], [128.83343620673983, 35.08908735876954], [128.83341432879564, 35.089094824196245]]]}}, {"type": "Feature", "properties": {"LINK_ID": "4180069300", "F_NODE": "4180092102", "T_NODE": "4180223600", "LANES": 3, "ROAD_RANK": "107", "ROAD_TYPE": "000", "ROAD_NO": "-", "ROAD_NAME": "신항8로", "ROAD_USE": "0", "MULTI_LINK": "0", "CONNECT": "0", "MAX_SPD": 60, "REST_VEH": "0", "REST_W": 0, "REST_H": 0, "C-ITS": "0", "LENGTH": 379.927420385111, "UPDATEDATE": "20250512", "REMARK": null, "HIST_TYPE": "LINK0003", "HISTREMARK": null, "link_stats_import_fid": 480, "link_stats_import_vehicle_count": 11.0, "link_stats_import_avg_speed": 9.96, "link_stats_import_sum_weight_kg": 17700.0}, "geometry": {"type": "MultiLineString", "coordinates": [[[128.77675520728894, 35.086891624597904], [128.77679263701327, 35.08689139156607], [128.7775969920754, 35.08689606886111], [128.77842371100496, 35.086900870635695], [128.77865924687487, 35.086943947797394], [128.77888525884595, 35.087034799240165], [128.77907513979144, 35.087204280398964], [128.77984000170028, 35.08813070838799], [128.7800456124855, 35.088374688255186]]]}}, {"type": "Feature", "properties": {"LINK_ID": "4180065301", "F_NODE": "4180102502", "T_NODE": "4180102501", "LANES": 3, "ROAD_RANK": "107", "ROAD_TYPE": "000", "ROAD_NO": "-", "ROAD_NAME": "신항동로", "ROAD_USE": "0", "MULTI_LINK": "0", "CONNECT": "0", "MAX_SPD": 50, "REST_VEH": "0", "REST_W": 0, "REST_H": 0, "C-ITS": "0", "LENGTH": 11.999963501342, "UPDATEDATE": "20250512", "REMARK": null, "HIST_TYPE": "LINK0001", "HISTREMARK": null, "link_stats_import_fid": 770, "link_stats_import_vehicle_count": 4.0, "link_stats_import_avg_speed": 15.75, "link_stats_import_sum_weight_kg": 37891.0}, "geometry": {"type": "MultiLineString", "coordinates": [[[128.80097138217744, 35.085949020947176], [128.8009713005598, 35.08605714914235]]]}}, {"type": "Feature", "properties": {"LINK_ID": "4180060600", "F_NODE": "4180098201", "T_NODE": "4180098002", "LANES": 2, "ROAD_RANK": "107", "ROAD_TYPE": "000", "ROAD_NO": "-", "ROAD_NAME": "안골로108번길", "ROAD_USE": "0", "MULTI_LINK": "0", "CONNECT": "0", "MAX_SPD": 60, "REST_VEH": "0", "REST_W": 0, "REST_H": 0, "C-ITS": "0", "LENGTH": 138.894317114108, "UPDATEDATE": "20250512", "REMARK": null, "HIST_TYPE": "LINK0003", "HISTREMARK": null, "link_stats_import_fid": 182, "link_stats_import_vehicle_count": 69.0, "link_stats_import_avg_speed": 8.66, "link_stats_import_sum_weight_kg": 866104.0}, "geometry": {"type": "MultiLineString", "coordinates": [[[128.78734428679763, 35.08317404381412], [128.78734074146226, 35.083334432962374], [128.78732477748332, 35.08385384731654], [128.78728806438866, 35.08426145475853], [128.78724968875648, 35.084421194502866]]]}}, {"type": "Feature", "properties": {"LINK_ID": "4180133500", "F_NODE": "4180112502", "T_NODE": "4180114103", "LANES": 2, "ROAD_RANK": "107", "ROAD_TYPE": "000", "ROAD_NO": "-", "ROAD_NAME": "용재로", "ROAD_USE": "0", "MULTI_LINK": "0", "CONNECT": "0", "MAX_SPD": 60, "REST_VEH": "0", "REST_W": 0, "REST_H": 0, "C-ITS": "0", "LENGTH": 57.390171430036, "UPDATEDATE": "20250512", "REMARK": null, "HIST_TYPE": "LINK0003", "HISTREMARK": null, "link_stats_import_fid": null, "link_stats_import_vehicle_count": null, "link_stats_import_avg_speed": null, "link_stats_import_sum_weight_kg": null}, "geometry": {"type": "MultiLineString", "coordinates": [[[128.81439818998422, 35.101484680077526], [128.81500873220037, 35.10135956819232]]]}}, {"type": "Feature", "properties": {"LINK_ID": "4180098100", "F_NODE": "4180104401", "T_NODE": "4180104202", "LANES": 2, "ROAD_RANK": "107", "ROAD_TYPE": "000", "ROAD_NO": "-", "ROAD_NAME": "안청로", "ROAD_USE": "0", "MULTI_LINK": "0", "CONNECT": "0", "MAX_SPD": 60, "REST_VEH": "0", "REST_W": 0, "REST_H": 0, "C-ITS": "0", "LENGTH": 23.810924859329, "UPDATEDATE": "20250512", "REMARK": null, "HIST_TYPE": "LINK0003", "HISTREMARK": null, "link_stats_import_fid": null, "link_stats_import_vehicle_count": null, "link_stats_import_avg_speed": null, "link_stats_import_sum_weight_kg": null}, "geometry": {"type": "MultiLineString", "coordinates": [[[128.80456207875775, 35.09755958532121], [128.80440391112342, 35.097730274668564]]]}}, {"type": "Feature", "properties": {"LINK_ID": "4180083100", "F_NODE": "4180093101", "T_NODE": "4180093002", "LANES": 2, "ROAD_RANK": "107", "ROAD_TYPE": "000", "ROAD_NO": "-", "ROAD_NAME": "신항9로", "ROAD_USE": "0", "MULTI_LINK": "0", "CONNECT": "0", "MAX_SPD": 60, "REST_VEH": "0", "REST_W": 0, "REST_H": 0, "C-ITS": "0", "LENGTH": 300.65218435669, "UPDATEDATE": "20250512", "REMARK": null, "HIST_TYPE": "LINK0003", "HISTREMARK": null, "link_stats_import_fid": 181, "link_stats_import_vehicle_count": 70.0, "link_stats_import_avg_speed": 8.95, "link_stats_import_sum_weight_kg": 373875.0}, "geometry": {"type": "MultiLineString", "coordinates": [[[128.77883294579743, 35.09140042061962], [128.77882382886915, 35.094109519646594]]]}}, {"type": "Feature", "properties": {"LINK_ID": "1411030800", "F_NODE": "1410382502", "T_NODE": "1410382302", "LANES": 3, "ROAD_RANK": "104", "ROAD_TYPE": "000", "ROAD_NO": "-", "ROAD_NAME": "신항남로", "ROAD_USE": "0", "MULTI_LINK": "0", "CONNECT": "0", "MAX_SPD": 60, "REST_VEH": "0", "REST_W": 0, "REST_H": 0, "C-ITS": "0", "LENGTH": 441.373195054867, "UPDATEDATE": "20250512", "REMARK": null, "HIST_TYPE": "LINK0003", "HISTREMARK": null, "link_stats_import_fid": 17, "link_stats_import_vehicle_count": 447.0, "link_stats_import_avg_speed": 11.3, "link_stats_import_sum_weight_kg": 22935345.0}, "geometry": {"type": "MultiLineString", "coordinates": [[[128.83155581346455, 35.06724728876483], [128.83202303473317, 35.06735738400257], [128.83250707982234, 35.06745484303316], [128.83296635895115, 35.06760711151241], [128.8334781421867, 35.06785700692354], [128.83385135976712, 35.06809729183249], [128.8340677092472, 35.06829834117256], [128.8343786974611, 35.06865890815784], [128.83446580783257, 35.06883535489845], [128.8347885028208, 35.069779344802356]]]}}, {"type": "Feature", "properties": {"LINK_ID": "4180077300", "F_NODE": "4180119001", "T_NODE": "4180118902", "LANES": 3, "ROAD_RANK": "107", "ROAD_TYPE": "000", "ROAD_NO": "-", "ROAD_NAME": "신항4로", "ROAD_USE": "0", "MULTI_LINK": "0", "CONNECT": "0", "MAX_SPD": 50, "REST_VEH": "0", "REST_W": 0, "REST_H": 0, "C-ITS": "0", "LENGTH": 116.294018113546, "UPDATEDATE": "20250512", "REMARK": null, "HIST_TYPE": "LINK0003", "HISTREMARK": null, "link_stats_import_fid": 388, "link_stats_import_vehicle_count": 16.0, "link_stats_import_avg_speed": 10.6, "link_stats_import_sum_weight_kg": 73643.0}, "geometry": {"type": "MultiLineString", "coordinates": [[[128.81834662666623, 35.088955798250396], [128.8183474363211, 35.08983905098739], [128.8183438376703, 35.09000365601605]]]}}, {"type": "Feature", "properties": {"LINK_ID": "4180068801", "F_NODE": "4180090501", "T_NODE": "4180090504", "LANES": 3, "ROAD_RANK": "107", "ROAD_TYPE": "000", "ROAD_NO": "-", "ROAD_NAME": "신항8로", "ROAD_USE": "0", "MULTI_LINK": "0", "CONNECT": "0", "MAX_SPD": 60, "REST_VEH": "0", "REST_W": 0, "REST_H": 0, "C-ITS": "0", "LENGTH": 11.999962915955, "UPDATEDATE": "20250512", "REMARK": null, "HIST_TYPE": "LINK0001", "HISTREMARK": null, "link_stats_import_fid": 859, "link_stats_import_vehicle_count": 3.0, "link_stats_import_avg_speed": 6.72, "link_stats_import_sum_weight_kg": 21544.0}, "geometry": {"type": "MultiLineString", "coordinates": [[[128.76998928432636, 35.086993997308], [128.7698577383524, 35.086993306817924]]]}}, {"type": "Feature", "properties": {"LINK_ID": "4180060201", "F_NODE": "4180098203", "T_NODE": "4180098202", "LANES": 3, "ROAD_RANK": "107", "ROAD_TYPE": "000", "ROAD_NO": "-", "ROAD_NAME": "신항로", "ROAD_USE": "0", "MULTI_LINK": "0", "CONNECT": "0", "MAX_SPD": 60, "REST_VEH": "0", "REST_W": 0, "REST_H": 0, "C-ITS": "0", "LENGTH": 29.801637782017, "UPDATEDATE": "20250512", "REMARK": null, "HIST_TYPE": "LINK0001", "HISTREMARK": null, "link_stats_import_fid": 436, "link_stats_import_vehicle_count": 13.0, "link_stats_import_avg_speed": 8.61, "link_stats_import_sum_weight_kg": 111020.0}, "geometry": {"type": "MultiLineString", "coordinates": [[[128.78695301051332, 35.08306802301789], [128.78727966914164, 35.083064921981126]]]}}, {"type": "Feature", "properties": {"LINK_ID": "4180068800", "F_NODE": "4180091404", "T_NODE": "4180090501", "LANES": 3, "ROAD_RANK": "107", "ROAD_TYPE": "000", "ROAD_NO": "-", "ROAD_NAME": "신항8로", "ROAD_USE": "0", "MULTI_LINK": "0", "CONNECT": "0", "MAX_SPD": 60, "REST_VEH": "0", "REST_W": 0, "REST_H": 0, "C-ITS": "0", "LENGTH": 390.347343755569, "UPDATEDATE": "20250512", "REMARK": null, "HIST_TYPE": "LINK0003", "HISTREMARK": null, "link_stats_import_fid": 441, "link_stats_import_vehicle_count": 13.0, "link_stats_import_avg_speed": 8.32, "link_stats_import_sum_weight_kg": 51880.0}, "geometry": {"type": "MultiLineString", "coordinates": [[[128.7742683611027, 35.08701448868658], [128.76998928432636, 35.086993997308]]]}}, {"type": "Feature", "properties": {"LINK_ID": "1411060202", "F_NODE": "1410277901", "T_NODE": "1410277904", "LANES": 2, "ROAD_RANK": "107", "ROAD_TYPE": "000", "ROAD_NO": "-", "ROAD_NAME": "신항2로", "ROAD_USE": "0", "MULTI_LINK": "0", "CONNECT": "0", "MAX_SPD": 30, "REST_VEH": "0", "REST_W": 0, "REST_H": 0, "C-ITS": "0", "LENGTH": 12.00003395544, "UPDATEDATE": "20250512", "REMARK": null, "HIST_TYPE": "LINK0001", "HISTREMARK": null, "link_stats_import_fid": 977, "link_stats_import_vehicle_count": 2.0, "link_stats_import_avg_speed": 12.4, "link_stats_import_sum_weight_kg": 0.0}, "geometry": {"type": "MultiLineString", "coordinates": [[[128.83125931143152, 35.087159920137374], [128.8311650674608, 35.08723535641844]]]}}, {"type": "Feature", "properties": {"LINK_ID": "4180137201", "F_NODE": "4180108401", "T_NODE": "4180108404", "LANES": 2, "ROAD_RANK": "107", "ROAD_TYPE": "000", "ROAD_NO": "-", "ROAD_NAME": "용재로", "ROAD_USE": "0", "MULTI_LINK": "0", "CONNECT": "0", "MAX_SPD": 60, "REST_VEH": "0", "REST_W": 0, "REST_H": 0, "C-ITS": "0", "LENGTH": 10.889340070038, "UPDATEDATE": "20250512", "REMARK": null, "HIST_TYPE": "LINK0001", "HISTREMARK": null, "link_stats_import_fid": null, "link_stats_import_vehicle_count": null, "link_stats_import_avg_speed": null, "link_stats_import_sum_weight_kg": null}, "geometry": {"type": "MultiLineString", "coordinates": [[[128.81078355951016, 35.10233360095286], [128.8106677319704, 35.10235740446938]]]}}, {"type": "Feature", "properties": {"LINK_ID": "1410738501", "F_NODE": "1410024309", "T_NODE": "1410024302", "LANES": 3, "ROAD_RANK": "104", "ROAD_TYPE": "000", "ROAD_NO": "-", "ROAD_NAME": "녹산산업대로", "ROAD_USE": "0", "MULTI_LINK": "0", "CONNECT": "0", "MAX_SPD": 70, "REST_VEH": "0", "REST_W": 0, "REST_H": 0, "C-ITS": "0", "LENGTH": 144.636301568381, "UPDATEDATE": "20250512", "REMARK": null, "HIST_TYPE": "LINK0003", "HISTREMARK": null, "link_stats_import_fid": 706, "link_stats_import_vehicle_count": 5.0, "link_stats_import_avg_speed": 7.93, "link_stats_import_sum_weight_kg": 5000.0}, "geometry": {"type": "MultiLineString", "coordinates": [[[128.82678880695167, 35.09433093857321], [128.82565628281046, 35.095243120928934]]]}}, {"type": "Feature", "properties": {"LINK_ID": "4180063400", "F_NODE": "4180107204", "T_NODE": "4180224800", "LANES": 2, "ROAD_RANK": "107", "ROAD_TYPE": "000", "ROAD_NO": "-", "ROAD_NAME": "신항5로", "ROAD_USE": "0", "MULTI_LINK": "0", "CONNECT": "0", "MAX_SPD": 60, "REST_VEH": "0", "REST_W": 0, "REST_H": 0, "C-ITS": "0", "LENGTH": 274.468100064065, "UPDATEDATE": "20250512", "REMARK": null, "HIST_TYPE": "LINK0003", "HISTREMARK": null, "link_stats_import_fid": 711, "link_stats_import_vehicle_count": 5.0, "link_stats_import_avg_speed": 7.14, "link_stats_import_sum_weight_kg": 29750.0}, "geometry": {"type": "MultiLineString", "coordinates": [[[128.80716517623742, 35.08459862315432], [128.80614065748367, 35.08460420501663], [128.80614043160512, 35.08460420387586], [128.80569556226337, 35.08460238484769], [128.80477562867569, 35.08459861734225], [128.804156515588, 35.084596078305644]]]}}, {"type": "Feature", "properties": {"LINK_ID": "1410121300", "F_NODE": "1410040904", "T_NODE": "1410029001", "LANES": 2, "ROAD_RANK": "104", "ROAD_TYPE": "003", "ROAD_NO": "-", "ROAD_NAME": "녹산산업북로", "ROAD_USE": "0", "MULTI_LINK": "0", "CONNECT": "0", "MAX_SPD": 50, "REST_VEH": "0", "REST_W": 0, "REST_H": 0, "C-ITS": "0", "LENGTH": 12.362492155749, "UPDATEDATE": "20250512", "REMARK": null, "HIST_TYPE": "LINK0003", "HISTREMARK": null, "link_stats_import_fid": 472, "link_stats_import_vehicle_count": 11.0, "link_stats_import_avg_speed": 13.9, "link_stats_import_sum_weight_kg": 28922.0}, "geometry": {"type": "MultiLineString", "coordinates": [[[128.83447223547148, 35.098016421444726], [128.8343367029217, 35.09801543380192]]]}}, {"type": "Feature", "properties": {"LINK_ID": "4180134400", "F_NODE": "4180111002", "T_NODE": "4180112503", "LANES": 2, "ROAD_RANK": "107", "ROAD_TYPE": "000", "ROAD_NO": "-", "ROAD_NAME": "용재로", "ROAD_USE": "0", "MULTI_LINK": "0", "CONNECT": "0", "MAX_SPD": 60, "REST_VEH": "0", "REST_W": 0, "REST_H": 0, "C-ITS": "0", "LENGTH": 74.185680063673, "UPDATEDATE": "20250512", "REMARK": null, "HIST_TYPE": "LINK0006", "HISTREMARK": null, "link_stats_import_fid": 1410, "link_stats_import_vehicle_count": 1.0, "link_stats_import_avg_speed": 12.68, "link_stats_import_sum_weight_kg": 16670.0}, "geometry": {"type": "MultiLineString", "coordinates": [[[128.81349095207358, 35.10167095082612], [128.81366445050793, 35.10163672339909], [128.81378153813915, 35.10161303658962], [128.81428012370276, 35.101509097242875]]]}}, {"type": "Feature", "properties": {"LINK_ID": "4180133801", "F_NODE": "4180111201", "T_NODE": "4180111204", "LANES": 2, "ROAD_RANK": "107", "ROAD_TYPE": "000", "ROAD_NO": "-", "ROAD_NAME": "용재로", "ROAD_USE": "0", "MULTI_LINK": "0", "CONNECT": "0", "MAX_SPD": 60, "REST_VEH": "0", "REST_W": 0, "REST_H": 0, "C-ITS": "0", "LENGTH": 11.167708234035, "UPDATEDATE": "20250512", "REMARK": null, "HIST_TYPE": "LINK0001", "HISTREMARK": null, "link_stats_import_fid": null, "link_stats_import_vehicle_count": null, "link_stats_import_avg_speed": null, "link_stats_import_sum_weight_kg": null}, "geometry": {"type": "MultiLineString", "coordinates": [[[128.81381720883732, 35.10172860343117], [128.81369834735472, 35.1017527708818]]]}}, {"type": "Feature", "properties": {"LINK_ID": "1410039303", "F_NODE": "1410278009", "T_NODE": "1410278002", "LANES": 3, "ROAD_RANK": "104", "ROAD_TYPE": "000", "ROAD_NO": "-", "ROAD_NAME": "녹산산업대로", "ROAD_USE": "0", "MULTI_LINK": "0", "CONNECT": "0", "MAX_SPD": 70, "REST_VEH": "0", "REST_W": 0, "REST_H": 0, "C-ITS": "0", "LENGTH": 21.86550340608, "UPDATEDATE": "20250512", "REMARK": null, "HIST_TYPE": "LINK0003", "HISTREMARK": null, "link_stats_import_fid": 747, "link_stats_import_vehicle_count": 4.0, "link_stats_import_avg_speed": 8.46, "link_stats_import_sum_weight_kg": 5000.0}, "geometry": {"type": "MultiLineString", "coordinates": [[[128.83329067807338, 35.089138806155816], [128.83327829370955, 35.089143307946514], [128.83321550990922, 35.08916779982182], [128.8331620103625, 35.08919208277052], [128.8331085584004, 35.08922329349775], [128.83308448418734, 35.08923798126533]]]}}, {"type": "Feature", "properties": {"LINK_ID": "4180072701", "F_NODE": "4180110202", "T_NODE": "4180110201", "LANES": 2, "ROAD_RANK": "107", "ROAD_TYPE": "000", "ROAD_NO": "-", "ROAD_NAME": "-", "ROAD_USE": "0", "MULTI_LINK": "0", "CONNECT": "0", "MAX_SPD": 50, "REST_VEH": "0", "REST_W": 0, "REST_H": 0, "C-ITS": "0", "LENGTH": 11.999995584294, "UPDATEDATE": "20250512", "REMARK": "도로명없음", "HIST_TYPE": "LINK0001", "HISTREMARK": null, "link_stats_import_fid": 1232, "link_stats_import_vehicle_count": 1.0, "link_stats_import_avg_speed": 8.24, "link_stats_import_sum_weight_kg": 2300.0}, "geometry": {"type": "MultiLineString", "coordinates": [[[128.8128470431063, 35.0888414634007], [128.8128473350663, 35.088949591114975]]]}}, {"type": "Feature", "properties": {"LINK_ID": "4180062900", "F_NODE": "4180098001", "T_NODE": "4180096901", "LANES": 2, "ROAD_RANK": "107", "ROAD_TYPE": "000", "ROAD_NO": "-", "ROAD_NAME": "안골로108번길", "ROAD_USE": "0", "MULTI_LINK": "0", "CONNECT": "0", "MAX_SPD": 50, "REST_VEH": "0", "REST_W": 0, "REST_H": 0, "C-ITS": "0", "LENGTH": 298.223466383535, "UPDATEDATE": "20250512", "REMARK": null, "HIST_TYPE": "LINK0003", "HISTREMARK": null, "link_stats_import_fid": 208, "link_stats_import_vehicle_count": 56.0, "link_stats_import_avg_speed": 8.43, "link_stats_import_sum_weight_kg": 1326177.0}, "geometry": {"type": "MultiLineString", "coordinates": [[[128.78722360986333, 35.08452974643359], [128.78715437893294, 35.0848444634559], [128.78694594855088, 35.085285245426356], [128.78673388370174, 35.085605602709364], [128.78644832060283, 35.08592396598914], [128.78618745629123, 35.086150732308816], [128.78603056257506, 35.08627890212924], [128.78583954946708, 35.08642125672184], [128.785428716357, 35.08668484643499]]]}}, {"type": "Feature", "properties": {"LINK_ID": "4180081201", "F_NODE": "4180087704", "T_NODE": "4180087703", "LANES": 4, "ROAD_RANK": "107", "ROAD_TYPE": "000", "ROAD_NO": "-", "ROAD_NAME": "신항배후로", "ROAD_USE": "0", "MULTI_LINK": "0", "CONNECT": "0", "MAX_SPD": 80, "REST_VEH": "0", "REST_W": 0, "REST_H": 0, "C-ITS": "0", "LENGTH": 11.918501858935, "UPDATEDATE": "20250512", "REMARK": null, "HIST_TYPE": "LINK0001", "HISTREMARK": null, "link_stats_import_fid": 374, "link_stats_import_vehicle_count": 18.0, "link_stats_import_avg_speed": 9.77, "link_stats_import_sum_weight_kg": 23472.0}, "geometry": {"type": "MultiLineString", "coordinates": [[[128.7650893432843, 35.0913876646322], [128.76508990504752, 35.0912802701185]]]}}, {"type": "Feature", "properties": {"LINK_ID": "1410702300", "F_NODE": "1410277604", "T_NODE": "1410867500", "LANES": 3, "ROAD_RANK": "104", "ROAD_TYPE": "000", "ROAD_NO": "-", "ROAD_NAME": "신항로", "ROAD_USE": "0", "MULTI_LINK": "0", "CONNECT": "0", "MAX_SPD": 60, "REST_VEH": "0", "REST_W": 0, "REST_H": 0, "C-ITS": "0", "LENGTH": 276.076633097002, "UPDATEDATE": "20250512", "REMARK": null, "HIST_TYPE": "LINK0003", "HISTREMARK": null, "link_stats_import_fid": 41, "link_stats_import_vehicle_count": 342.0, "link_stats_import_avg_speed": 13.99, "link_stats_import_sum_weight_kg": 4340924.0}, "geometry": {"type": "MultiLineString", "coordinates": [[[128.82439294270378, 35.08324512401012], [128.82136667428657, 35.083241917988815]]]}}, {"type": "Feature", "properties": {"LINK_ID": "4180034600", "F_NODE": "4180099302", "T_NODE": "4180223400", "LANES": 3, "ROAD_RANK": "107", "ROAD_TYPE": "000", "ROAD_NO": "-", "ROAD_NAME": "신항북로", "ROAD_USE": "0", "MULTI_LINK": "0", "CONNECT": "0", "MAX_SPD": 80, "REST_VEH": "0", "REST_W": 0, "REST_H": 0, "C-ITS": "0", "LENGTH": 440.888986486805, "UPDATEDATE": "20250512", "REMARK": null, "HIST_TYPE": "LINK0003", "HISTREMARK": null, "link_stats_import_fid": 85, "link_stats_import_vehicle_count": 190.0, "link_stats_import_avg_speed": 18.67, "link_stats_import_sum_weight_kg": 969178.0}, "geometry": {"type": "MultiLineString", "coordinates": [[[128.78916913899104, 35.09034600376274], [128.791990344824, 35.088927112987335], [128.79326907034195, 35.08824279486615]]]}}, {"type": "Feature", "properties": {"LINK_ID": "4180148000", "F_NODE": "4180106302", "T_NODE": "4180186200", "LANES": 2, "ROAD_RANK": "107", "ROAD_TYPE": "000", "ROAD_NO": "-", "ROAD_NAME": "안청북로", "ROAD_USE": "0", "MULTI_LINK": "0", "CONNECT": "0", "MAX_SPD": 30, "REST_VEH": "0", "REST_W": 0, "REST_H": 0, "C-ITS": "0", "LENGTH": 139.545225021522, "UPDATEDATE": "20250512", "REMARK": null, "HIST_TYPE": "LINK0003", "HISTREMARK": null, "link_stats_import_fid": null, "link_stats_import_vehicle_count": null, "link_stats_import_avg_speed": null, "link_stats_import_sum_weight_kg": null}, "geometry": {"type": "MultiLineString", "coordinates": [[[128.8065817786552, 35.104121968041255], [128.8072112802178, 35.1044094787401], [128.80791917326079, 35.10473278654591]]]}}, {"type": "Feature", "properties": {"LINK_ID": "1410196100", "F_NODE": "1410071801", "T_NODE": "1410909600", "LANES": 2, "ROAD_RANK": "105", "ROAD_TYPE": "003", "ROAD_NO": "58", "ROAD_NAME": "거가대로", "ROAD_USE": "0", "MULTI_LINK": "0", "CONNECT": "0", "MAX_SPD": 80, "REST_VEH": "5", "REST_W": 0, "REST_H": 0, "C-ITS": "0", "LENGTH": 512.518698988181, "UPDATEDATE": "20250512", "REMARK": null, "HIST_TYPE": "LINK0003", "HISTREMARK": null, "link_stats_import_fid": 34, "link_stats_import_vehicle_count": 376.0, "link_stats_import_avg_speed": 13.08, "link_stats_import_sum_weight_kg": 10444432.0}, "geometry": {"type": "MultiLineString", "coordinates": [[[128.83319321580313, 35.064225796070716], [128.83403977663113, 35.06531757053192], [128.83528445466192, 35.06695860137802], [128.83569754516122, 35.06768590555572], [128.83595797420892, 35.06823211026863]]]}}, {"type": "Feature", "properties": {"LINK_ID": "4180062800", "F_NODE": "4180119503", "T_NODE": "4180119604", "LANES": 3, "ROAD_RANK": "107", "ROAD_TYPE": "000", "ROAD_NO": "-", "ROAD_NAME": "신항4로", "ROAD_USE": "0", "MULTI_LINK": "0", "CONNECT": "0", "MAX_SPD": 60, "REST_VEH": "0", "REST_W": 0, "REST_H": 0, "C-ITS": "0", "LENGTH": 138.253204816828, "UPDATEDATE": "20250512", "REMARK": null, "HIST_TYPE": "LINK0003", "HISTREMARK": null, "link_stats_import_fid": 112, "link_stats_import_vehicle_count": 138.0, "link_stats_import_avg_speed": 7.6, "link_stats_import_sum_weight_kg": 487600.0}, "geometry": {"type": "MultiLineString", "coordinates": [[[128.81821404353758, 35.08448406126623], [128.8182089751342, 35.083333383273114], [128.8182088615701, 35.08323831657711]]]}}, {"type": "Feature", "properties": {"LINK_ID": "4180063200", "F_NODE": "4180102604", "T_NODE": "4180101602", "LANES": 2, "ROAD_RANK": "107", "ROAD_TYPE": "000", "ROAD_NO": "-", "ROAD_NAME": "신항5로", "ROAD_USE": "0", "MULTI_LINK": "0", "CONNECT": "0", "MAX_SPD": 60, "REST_VEH": "0", "REST_W": 0, "REST_H": 0, "C-ITS": "0", "LENGTH": 346.138014994099, "UPDATEDATE": "20250512", "REMARK": null, "HIST_TYPE": "LINK0003", "HISTREMARK": null, "link_stats_import_fid": 985, "link_stats_import_vehicle_count": 2.0, "link_stats_import_avg_speed": 6.91, "link_stats_import_sum_weight_kg": 0.0}, "geometry": {"type": "MultiLineString", "coordinates": [[[128.80102096561717, 35.08457124574912], [128.79986751050976, 35.08456805461414], [128.79890543621858, 35.084565384561145], [128.79787946745813, 35.084562527948336], [128.79722662933958, 35.084560706786704]]]}}, {"type": "Feature", "properties": {"LINK_ID": "4180066101", "F_NODE": "4180107002", "T_NODE": "4180107001", "LANES": 3, "ROAD_RANK": "107", "ROAD_TYPE": "000", "ROAD_NO": "-", "ROAD_NAME": "신항5로", "ROAD_USE": "0", "MULTI_LINK": "0", "CONNECT": "0", "MAX_SPD": 50, "REST_VEH": "0", "REST_W": 0, "REST_H": 0, "C-ITS": "0", "LENGTH": 12.000903444225, "UPDATEDATE": "20250512", "REMARK": null, "HIST_TYPE": "LINK0001", "HISTREMARK": null, "link_stats_import_fid": null, "link_stats_import_vehicle_count": null, "link_stats_import_avg_speed": null, "link_stats_import_sum_weight_kg": null}, "geometry": {"type": "MultiLineString", "coordinates": [[[128.80727339961712, 35.08880776142702], [128.80727141024192, 35.08891588544837]]]}}, {"type": "Feature", "properties": {"LINK_ID": "4180067700", "F_NODE": "4180119401", "T_NODE": "4180119302", "LANES": 3, "ROAD_RANK": "107", "ROAD_TYPE": "000", "ROAD_NO": "-", "ROAD_NAME": "신항4로", "ROAD_USE": "0", "MULTI_LINK": "0", "CONNECT": "0", "MAX_SPD": 50, "REST_VEH": "0", "REST_W": 0, "REST_H": 0, "C-ITS": "0", "LENGTH": 87.801570444629, "UPDATEDATE": "20250512", "REMARK": null, "HIST_TYPE": "LINK0003", "HISTREMARK": null, "link_stats_import_fid": 237, "link_stats_import_vehicle_count": 45.0, "link_stats_import_avg_speed": 8.63, "link_stats_import_sum_weight_kg": 180425.0}, "geometry": {"type": "MultiLineString", "coordinates": [[[128.8183571730576, 35.086110372026596], [128.8183622101691, 35.08690151069985]]]}}, {"type": "Feature", "properties": {"LINK_ID": "4180149400", "F_NODE": "4180103202", "T_NODE": "4180201100", "LANES": 2, "ROAD_RANK": "107", "ROAD_TYPE": "000", "ROAD_NO": "-", "ROAD_NAME": "안청북로", "ROAD_USE": "0", "MULTI_LINK": "0", "CONNECT": "0", "MAX_SPD": 30, "REST_VEH": "0", "REST_W": 0, "REST_H": 0, "C-ITS": "0", "LENGTH": 103.623046201591, "UPDATEDATE": "20250512", "REMARK": null, "HIST_TYPE": "LINK0003", "HISTREMARK": null, "link_stats_import_fid": 923, "link_stats_import_vehicle_count": 3.0, "link_stats_import_avg_speed": 7.03, "link_stats_import_sum_weight_kg": 31340.0}, "geometry": {"type": "MultiLineString", "coordinates": [[[128.80322542141275, 35.104223760731756], [128.80436046029132, 35.10418184449081]]]}}, {"type": "Feature", "properties": {"LINK_ID": "1410076501", "F_NODE": "1410025903", "T_NODE": "1410025902", "LANES": 2, "ROAD_RANK": "104", "ROAD_TYPE": "000", "ROAD_NO": "-", "ROAD_NAME": "녹산산업중로", "ROAD_USE": "0", "MULTI_LINK": "0", "CONNECT": "0", "MAX_SPD": 50, "REST_VEH": "0", "REST_W": 0, "REST_H": 0, "C-ITS": "0", "LENGTH": 12.161607421982, "UPDATEDATE": "20250512", "REMARK": null, "HIST_TYPE": "LINK0001", "HISTREMARK": null, "link_stats_import_fid": null, "link_stats_import_vehicle_count": null, "link_stats_import_avg_speed": null, "link_stats_import_sum_weight_kg": null}, "geometry": {"type": "MultiLineString", "coordinates": [[[128.83060601437043, 35.09562398494334], [128.83070034414774, 35.09554653895275]]]}}, {"type": "Feature", "properties": {"LINK_ID": "1410705100", "F_NODE": "1410277802", "T_NODE": "1410914700", "LANES": 2, "ROAD_RANK": "104", "ROAD_TYPE": "000", "ROAD_NO": "-", "ROAD_NAME": "신항로", "ROAD_USE": "0", "MULTI_LINK": "0", "CONNECT": "0", "MAX_SPD": 30, "REST_VEH": "0", "REST_W": 0, "REST_H": 0, "C-ITS": "0", "LENGTH": 402.20206400082, "UPDATEDATE": "20250512", "REMARK": null, "HIST_TYPE": "LINK0003", "HISTREMARK": null, "link_stats_import_fid": 160, "link_stats_import_vehicle_count": 83.0, "link_stats_import_avg_speed": 14.64, "link_stats_import_sum_weight_kg": 283770.0}, "geometry": {"type": "MultiLineString", "coordinates": [[[128.83082896519056, 35.08596690202593], [128.83083226671107, 35.08505385365208], [128.83083269714146, 35.085022540494215], [128.83083354007343, 35.084961218521], [128.83083810612203, 35.084629130814626], [128.82819176776164, 35.08466204994282], [128.82805703384713, 35.084661011475916]]]}}, {"type": "Feature", "properties": {"LINK_ID": "1410029000", "F_NODE": "1410011701", "T_NODE": "1410014002", "LANES": 2, "ROAD_RANK": "104", "ROAD_TYPE": "000", "ROAD_NO": "-", "ROAD_NAME": "녹산산단232로", "ROAD_USE": "0", "MULTI_LINK": "0", "CONNECT": "0", "MAX_SPD": 50, "REST_VEH": "0", "REST_W": 0, "REST_H": 0, "C-ITS": "0", "LENGTH": 227.045363617209, "UPDATEDATE": "20250512", "REMARK": null, "HIST_TYPE": "LINK0003", "HISTREMARK": null, "link_stats_import_fid": 743, "link_stats_import_vehicle_count": 4.0, "link_stats_import_avg_speed": 8.37, "link_stats_import_sum_weight_kg": 0.0}, "geometry": {"type": "MultiLineString", "coordinates": [[[128.8427968767922, 35.08573925901136], [128.84279309852107, 35.08778506486958]]]}}, {"type": "Feature", "properties": {"LINK_ID": "4180107401", "F_NODE": "4180107403", "T_NODE": "4180107402", "LANES": 2, "ROAD_RANK": "107", "ROAD_TYPE": "000", "ROAD_NO": "-", "ROAD_NAME": "안골로", "ROAD_USE": "0", "MULTI_LINK": "0", "CONNECT": "0", "MAX_SPD": 30, "REST_VEH": "0", "REST_W": 0, "REST_H": 0, "C-ITS": "0", "LENGTH": 12.379384845483, "UPDATEDATE": "20250512", "REMARK": null, "HIST_TYPE": "LINK0001", "HISTREMARK": null, "link_stats_import_fid": null, "link_stats_import_vehicle_count": null, "link_stats_import_avg_speed": null, "link_stats_import_sum_weight_kg": null}, "geometry": {"type": "MultiLineString", "coordinates": [[[128.80785746488863, 35.099446488109244], [128.80796613949119, 35.09951331387602]]]}}, {"type": "Feature", "properties": {"LINK_ID": "4180108600", "F_NODE": "4180120004", "T_NODE": "4180118201", "LANES": 2, "ROAD_RANK": "107", "ROAD_TYPE": "000", "ROAD_NO": "-", "ROAD_NAME": "용원로", "ROAD_USE": "0", "MULTI_LINK": "0", "CONNECT": "0", "MAX_SPD": 50, "REST_VEH": "0", "REST_W": 0, "REST_H": 0, "C-ITS": "0", "LENGTH": 117.530080422174, "UPDATEDATE": "20250512", "REMARK": null, "HIST_TYPE": "LINK0003", "HISTREMARK": null, "link_stats_import_fid": 1045, "link_stats_import_vehicle_count": 2.0, "link_stats_import_avg_speed": 10.49, "link_stats_import_sum_weight_kg": 10095.0}, "geometry": {"type": "MultiLineString", "coordinates": [[[128.8189105386212, 35.09873666748374], [128.817659743556, 35.098991236968665]]]}}, {"type": "Feature", "properties": {"LINK_ID": "1410095101", "F_NODE": "1410031604", "T_NODE": "1410031603", "LANES": 3, "ROAD_RANK": "105", "ROAD_TYPE": "000", "ROAD_NO": "58", "ROAD_NAME": "가락대로", "ROAD_USE": "0", "MULTI_LINK": "0", "CONNECT": "0", "MAX_SPD": 60, "REST_VEH": "0", "REST_W": 0, "REST_H": 0, "C-ITS": "0", "LENGTH": 13.321512491188, "UPDATEDATE": "20250512", "REMARK": null, "HIST_TYPE": "LINK0001", "HISTREMARK": null, "link_stats_import_fid": 836, "link_stats_import_vehicle_count": 3.0, "link_stats_import_avg_speed": 10.88, "link_stats_import_sum_weight_kg": 2624.0}, "geometry": {"type": "MultiLineString", "coordinates": [[[128.8393628210893, 35.09963947474542], [128.83936317602544, 35.099519440760446]]]}}, {"type": "Feature", "properties": {"LINK_ID": "1410196001", "F_NODE": "1410909700", "T_NODE": "1410071802", "LANES": 2, "ROAD_RANK": "105", "ROAD_TYPE": "003", "ROAD_NO": "58", "ROAD_NAME": "거가대로", "ROAD_USE": "0", "MULTI_LINK": "0", "CONNECT": "0", "MAX_SPD": 80, "REST_VEH": "5", "REST_W": 0, "REST_H": 0, "C-ITS": "0", "LENGTH": 510.358650060039, "UPDATEDATE": "20250512", "REMARK": null, "HIST_TYPE": "LINK1007", "HISTREMARK": "1410196000", "link_stats_import_fid": 106, "link_stats_import_vehicle_count": 148.0, "link_stats_import_avg_speed": 12.71, "link_stats_import_sum_weight_kg": 2950329.0}, "geometry": {"type": "MultiLineString", "coordinates": [[[128.83586334728136, 35.06826276614317], [128.83556552654207, 35.06764174575973], [128.8352196880691, 35.06705820433546], [128.83307479392585, 35.06429028456476]]]}}, {"type": "Feature", "properties": {"LINK_ID": "4180097502", "F_NODE": "4180189900", "T_NODE": "4180106703", "LANES": 2, "ROAD_RANK": "107", "ROAD_TYPE": "000", "ROAD_NO": "-", "ROAD_NAME": "안골로", "ROAD_USE": "0", "MULTI_LINK": "0", "CONNECT": "0", "MAX_SPD": 30, "REST_VEH": "0", "REST_W": 0, "REST_H": 0, "C-ITS": "0", "LENGTH": 115.809128111606, "UPDATEDATE": "20250512", "REMARK": null, "HIST_TYPE": "LINK1007", "HISTREMARK": "4180097500", "link_stats_import_fid": 684, "link_stats_import_vehicle_count": 6.0, "link_stats_import_avg_speed": 9.62, "link_stats_import_sum_weight_kg": 83906.0}, "geometry": {"type": "MultiLineString", "coordinates": [[[128.805655714839, 35.09810809428365], [128.80666237082337, 35.09874406718161]]]}}, {"type": "Feature", "properties": {"LINK_ID": "1410025101", "F_NODE": "1410010604", "T_NODE": "1410010603", "LANES": 2, "ROAD_RANK": "104", "ROAD_TYPE": "000", "ROAD_NO": "-", "ROAD_NAME": "녹산산단262로", "ROAD_USE": "0", "MULTI_LINK": "0", "CONNECT": "0", "MAX_SPD": 50, "REST_VEH": "0", "REST_W": 0, "REST_H": 0, "C-ITS": "0", "LENGTH": 13.318979213902, "UPDATEDATE": "20250512", "REMARK": null, "HIST_TYPE": "LINK0001", "HISTREMARK": null, "link_stats_import_fid": null, "link_stats_import_vehicle_count": null, "link_stats_import_avg_speed": null, "link_stats_import_sum_weight_kg": null}, "geometry": {"type": "MultiLineString", "coordinates": [[[128.84598784193193, 35.084601973750786], [128.8459899888489, 35.0844819752311]]]}}, {"type": "Feature", "properties": {"LINK_ID": "1410099404", "F_NODE": "1410000703", "T_NODE": "1410000702", "LANES": 3, "ROAD_RANK": "104", "ROAD_TYPE": "000", "ROAD_NO": "-", "ROAD_NAME": "-", "ROAD_USE": "0", "MULTI_LINK": "0", "CONNECT": "1", "MAX_SPD": 50, "REST_VEH": "0", "REST_W": 0, "REST_H": 0, "C-ITS": "0", "LENGTH": 13.043840237897, "UPDATEDATE": "20250512", "REMARK": "도로명없음", "HIST_TYPE": "LINK0001", "HISTREMARK": null, "link_stats_import_fid": null, "link_stats_import_vehicle_count": null, "link_stats_import_avg_speed": null, "link_stats_import_sum_weight_kg": null}, "geometry": {"type": "MultiLineString", "coordinates": [[[128.84638076827687, 35.107046756271174], [128.8464335604555, 35.1069375241123]]]}}, {"type": "Feature", "properties": {"LINK_ID": "4180065303", "F_NODE": "4180194100", "T_NODE": "4180203500", "LANES": 3, "ROAD_RANK": "107", "ROAD_TYPE": "000", "ROAD_NO": "-", "ROAD_NAME": "신항동로", "ROAD_USE": "0", "MULTI_LINK": "0", "CONNECT": "0", "MAX_SPD": 50, "REST_VEH": "0", "REST_W": 0, "REST_H": 0, "C-ITS": "0", "LENGTH": 395.309249340764, "UPDATEDATE": "20250512", "REMARK": null, "HIST_TYPE": "LINK1007", "HISTREMARK": "4180065300", "link_stats_import_fid": 416, "link_stats_import_vehicle_count": 14.0, "link_stats_import_avg_speed": 13.04, "link_stats_import_sum_weight_kg": 41304.0}, "geometry": {"type": "MultiLineString", "coordinates": [[[128.80096775149158, 35.08683170745564], [128.80096418334696, 35.08761048626784], [128.80097687545236, 35.087739426043704], [128.80100024079834, 35.0878743778844], [128.80104179899215, 35.08800792568903], [128.80109804477138, 35.08813059293958], [128.8011652494029, 35.088221999470164], [128.80121551096462, 35.088290361186324], [128.80133070908929, 35.088401873048156], [128.80145616548927, 35.0885108819714], [128.80162190650893, 35.088611382957815], [128.80174870303, 35.08868104970819], [128.8019381776957, 35.0887499865102], [128.80211520460554, 35.088792851082445], [128.8023337569885, 35.08880996122837], [128.80351202933244, 35.088811485520715]]]}}, {"type": "Feature", "properties": {"LINK_ID": "1410121401", "F_NODE": "1410040903", "T_NODE": "1410040902", "LANES": 2, "ROAD_RANK": "104", "ROAD_TYPE": "000", "ROAD_NO": "-", "ROAD_NAME": "녹산산업북로", "ROAD_USE": "0", "MULTI_LINK": "0", "CONNECT": "0", "MAX_SPD": 50, "REST_VEH": "0", "REST_W": 0, "REST_H": 0, "C-ITS": "0", "LENGTH": 11.784188881462, "UPDATEDATE": "20250512", "REMARK": null, "HIST_TYPE": "LINK0001", "HISTREMARK": null, "link_stats_import_fid": 341, "link_stats_import_vehicle_count": 20.0, "link_stats_import_avg_speed": 19.09, "link_stats_import_sum_weight_kg": 43163.0}, "geometry": {"type": "MultiLineString", "coordinates": [[[128.83446633812147, 35.09789337947665], [128.83459553510312, 35.09789364004269]]]}}, {"type": "Feature", "properties": {"LINK_ID": "4180089801", "F_NODE": "4180090901", "T_NODE": "4180090904", "LANES": 4, "ROAD_RANK": "107", "ROAD_TYPE": "000", "ROAD_NO": "-", "ROAD_NAME": "신항북로", "ROAD_USE": "0", "MULTI_LINK": "0", "CONNECT": "0", "MAX_SPD": 80, "REST_VEH": "0", "REST_W": 0, "REST_H": 0, "C-ITS": "0", "LENGTH": 12.000101182839, "UPDATEDATE": "20250512", "REMARK": null, "HIST_TYPE": "LINK0001", "HISTREMARK": null, "link_stats_import_fid": 621, "link_stats_import_vehicle_count": 7.0, "link_stats_import_avg_speed": 11.21, "link_stats_import_sum_weight_kg": 1000.0}, "geometry": {"type": "MultiLineString", "coordinates": [[[128.77438448086417, 35.094182595986666], [128.77425292583413, 35.09418152251576]]]}}, {"type": "Feature", "properties": {"LINK_ID": "4180061800", "F_NODE": "4180102603", "T_NODE": "4180102704", "LANES": 3, "ROAD_RANK": "107", "ROAD_TYPE": "000", "ROAD_NO": "-", "ROAD_NAME": "신항로", "ROAD_USE": "0", "MULTI_LINK": "0", "CONNECT": "0", "MAX_SPD": 60, "REST_VEH": "0", "REST_W": 0, "REST_H": 0, "C-ITS": "0", "LENGTH": 138.945818629295, "UPDATEDATE": "20250512", "REMARK": null, "HIST_TYPE": "LINK0003", "HISTREMARK": null, "link_stats_import_fid": 312, "link_stats_import_vehicle_count": 24.0, "link_stats_import_avg_speed": 10.33, "link_stats_import_sum_weight_kg": 147587.0}, "geometry": {"type": "MultiLineString", "coordinates": [[[128.80102140758768, 35.08446311853276], [128.80102065542073, 35.084358991392044], [128.8010101849134, 35.08333371332857], [128.80100898278036, 35.08321115930605]]]}}, {"type": "Feature", "properties": {"LINK_ID": "1410064900", "F_NODE": "1410022704", "T_NODE": "1410022601", "LANES": 2, "ROAD_RANK": "104", "ROAD_TYPE": "000", "ROAD_NO": "-", "ROAD_NAME": "녹산산업중로", "ROAD_USE": "0", "MULTI_LINK": "0", "CONNECT": "0", "MAX_SPD": 50, "REST_VEH": "0", "REST_W": 0, "REST_H": 0, "C-ITS": "0", "LENGTH": 113.748105741975, "UPDATEDATE": "20250512", "REMARK": null, "HIST_TYPE": "LINK0003", "HISTREMARK": null, "link_stats_import_fid": 822, "link_stats_import_vehicle_count": 3.0, "link_stats_import_avg_speed": 9.75, "link_stats_import_sum_weight_kg": 27800.0}, "geometry": {"type": "MultiLineString", "coordinates": [[[128.83938082169652, 35.09352294753222], [128.83813379974816, 35.09352203507997]]]}}, {"type": "Feature", "properties": {"LINK_ID": "4180132301", "F_NODE": "4180103101", "T_NODE": "4180103104", "LANES": 2, "ROAD_RANK": "107", "ROAD_TYPE": "000", "ROAD_NO": "-", "ROAD_NAME": "안청남로", "ROAD_USE": "0", "MULTI_LINK": "0", "CONNECT": "0", "MAX_SPD": 60, "REST_VEH": "0", "REST_W": 0, "REST_H": 0, "C-ITS": "0", "LENGTH": 10.951732440595, "UPDATEDATE": "20250512", "REMARK": null, "HIST_TYPE": "LINK0001", "HISTREMARK": null, "link_stats_import_fid": 1400, "link_stats_import_vehicle_count": 1.0, "link_stats_import_avg_speed": 7.51, "link_stats_import_sum_weight_kg": 22200.0}, "geometry": {"type": "MultiLineString", "coordinates": [[[128.80315250754634, 35.101418475088344], [128.8030324577157, 35.10142058248262]]]}}, {"type": "Feature", "properties": {"LINK_ID": "1410041301", "F_NODE": "1410019002", "T_NODE": "1410019001", "LANES": 2, "ROAD_RANK": "104", "ROAD_TYPE": "000", "ROAD_NO": "-", "ROAD_NAME": "녹산산단261로", "ROAD_USE": "0", "MULTI_LINK": "0", "CONNECT": "0", "MAX_SPD": 50, "REST_VEH": "0", "REST_W": 0, "REST_H": 0, "C-ITS": "0", "LENGTH": 13.317657175131, "UPDATEDATE": "20250512", "REMARK": null, "HIST_TYPE": "LINK0001", "HISTREMARK": null, "link_stats_import_fid": null, "link_stats_import_vehicle_count": null, "link_stats_import_avg_speed": null, "link_stats_import_sum_weight_kg": null}, "geometry": {"type": "MultiLineString", "coordinates": [[[128.84609514544738, 35.090040087927825], [128.84609485174315, 35.09016008715913]]]}}, {"type": "Feature", "properties": {"LINK_ID": "4180080600", "F_NODE": "4180088904", "T_NODE": "4180087701", "LANES": 4, "ROAD_RANK": "107", "ROAD_TYPE": "000", "ROAD_NO": "-", "ROAD_NAME": "신항10로", "ROAD_USE": "0", "MULTI_LINK": "0", "CONNECT": "0", "MAX_SPD": 80, "REST_VEH": "0", "REST_W": 0, "REST_H": 0, "C-ITS": "0", "LENGTH": 175.959843086292, "UPDATEDATE": "20250512", "REMARK": null, "HIST_TYPE": "LINK0003", "HISTREMARK": null, "link_stats_import_fid": 297, "link_stats_import_vehicle_count": 27.0, "link_stats_import_avg_speed": 8.36, "link_stats_import_sum_weight_kg": 39240.0}, "geometry": {"type": "MultiLineString", "coordinates": [[[128.76714984408378, 35.09139900793979], [128.7670542521648, 35.09139944795855], [128.76684188827193, 35.09140042470257], [128.76656995767823, 35.09140167436899], [128.7652208960544, 35.09138849534354]]]}}, {"type": "Feature", "properties": {"LINK_ID": "4180033900", "F_NODE": "4180098004", "T_NODE": "4180011002", "LANES": 2, "ROAD_RANK": "107", "ROAD_TYPE": "000", "ROAD_NO": "-", "ROAD_NAME": "-", "ROAD_USE": "0", "MULTI_LINK": "0", "CONNECT": "0", "MAX_SPD": 60, "REST_VEH": "0", "REST_W": 0, "REST_H": 0, "C-ITS": "0", "LENGTH": 309.056627428492, "UPDATEDATE": "20250512", "REMARK": "도로명없음", "HIST_TYPE": "LINK0003", "HISTREMARK": null, "link_stats_import_fid": null, "link_stats_import_vehicle_count": null, "link_stats_import_avg_speed": null, "link_stats_import_sum_weight_kg": null}, "geometry": {"type": "MultiLineString", "coordinates": [[[128.78708902403335, 35.08453182974156], [128.78683937006548, 35.084535693839534], [128.7857138479629, 35.084544023880994], [128.7837012253077, 35.08454401040479]]]}}, {"type": "Feature", "properties": {"LINK_ID": "4180061201", "F_NODE": "4180101201", "T_NODE": "4180101204", "LANES": 3, "ROAD_RANK": "107", "ROAD_TYPE": "000", "ROAD_NO": "-", "ROAD_NAME": "신항로", "ROAD_USE": "0", "MULTI_LINK": "0", "CONNECT": "0", "MAX_SPD": 60, "REST_VEH": "0", "REST_W": 0, "REST_H": 0, "C-ITS": "0", "LENGTH": 12.485692817066, "UPDATEDATE": "20250512", "REMARK": null, "HIST_TYPE": "LINK0001", "HISTREMARK": null, "link_stats_import_fid": 280, "link_stats_import_vehicle_count": 30.0, "link_stats_import_avg_speed": 11.65, "link_stats_import_sum_weight_kg": 223850.0}, "geometry": {"type": "MultiLineString", "coordinates": [[[128.79639236111444, 35.083211976310714], [128.79625549532727, 35.08321195023358]]]}}, {"type": "Feature", "properties": {"LINK_ID": "1410098902", "F_NODE": "1410000603", "T_NODE": "1410000602", "LANES": 3, "ROAD_RANK": "103", "ROAD_TYPE": "000", "ROAD_NO": "2", "ROAD_NAME": "낙동남로", "ROAD_USE": "0", "MULTI_LINK": "0", "CONNECT": "1", "MAX_SPD": 70, "REST_VEH": "0", "REST_W": 0, "REST_H": 0, "C-ITS": "0", "LENGTH": 11.48372031416, "UPDATEDATE": "20250512", "REMARK": null, "HIST_TYPE": "LINK0001", "HISTREMARK": null, "link_stats_import_fid": null, "link_stats_import_vehicle_count": null, "link_stats_import_avg_speed": null, "link_stats_import_sum_weight_kg": null}, "geometry": {"type": "MultiLineString", "coordinates": [[[128.8443740329531, 35.10627930119866], [128.84443063884387, 35.10618687231153]]]}}, {"type": "Feature", "properties": {"LINK_ID": "1410705201", "F_NODE": "4180123701", "T_NODE": "4180123704", "LANES": 4, "ROAD_RANK": "104", "ROAD_TYPE": "000", "ROAD_NO": "-", "ROAD_NAME": "신항북로", "ROAD_USE": "0", "MULTI_LINK": "0", "CONNECT": "0", "MAX_SPD": 50, "REST_VEH": "0", "REST_W": 0, "REST_H": 0, "C-ITS": "0", "LENGTH": 12.000091067618, "UPDATEDATE": "20250512", "REMARK": null, "HIST_TYPE": "LINK0001", "HISTREMARK": null, "link_stats_import_fid": 447, "link_stats_import_vehicle_count": 12.0, "link_stats_import_avg_speed": 8.62, "link_stats_import_sum_weight_kg": 13550.0}, "geometry": {"type": "MultiLineString", "coordinates": [[[128.82438456803223, 35.086127189067035], [128.82425302275527, 35.08612682227065]]]}}, {"type": "Feature", "properties": {"LINK_ID": "4180063700", "F_NODE": "4180107201", "T_NODE": "4180107102", "LANES": 3, "ROAD_RANK": "107", "ROAD_TYPE": "000", "ROAD_NO": "-", "ROAD_NAME": "신항5로", "ROAD_USE": "0", "MULTI_LINK": "0", "CONNECT": "0", "MAX_SPD": 60, "REST_VEH": "0", "REST_W": 0, "REST_H": 0, "C-ITS": "0", "LENGTH": 150.15709734826, "UPDATEDATE": "20250512", "REMARK": null, "HIST_TYPE": "LINK0003", "HISTREMARK": null, "link_stats_import_fid": 265, "link_stats_import_vehicle_count": 34.0, "link_stats_import_avg_speed": 8.21, "link_stats_import_sum_weight_kg": 69765.0}, "geometry": {"type": "MultiLineString", "coordinates": [[[128.80729671262822, 35.08459971991026], [128.80727812222275, 35.0859526529794]]]}}, {"type": "Feature", "properties": {"LINK_ID": "1410737702", "F_NODE": "1410287403", "T_NODE": "1410287402", "LANES": 2, "ROAD_RANK": "104", "ROAD_TYPE": "000", "ROAD_NO": "-", "ROAD_NAME": "녹산산업중로", "ROAD_USE": "0", "MULTI_LINK": "0", "CONNECT": "0", "MAX_SPD": 50, "REST_VEH": "0", "REST_W": 0, "REST_H": 0, "C-ITS": "0", "LENGTH": 11.999702448326, "UPDATEDATE": "20250512", "REMARK": null, "HIST_TYPE": "LINK0001", "HISTREMARK": null, "link_stats_import_fid": null, "link_stats_import_vehicle_count": null, "link_stats_import_avg_speed": null, "link_stats_import_sum_weight_kg": null}, "geometry": {"type": "MultiLineString", "coordinates": [[[128.8230926225452, 35.10053066784988], [128.8232181485092, 35.100498285354156]]]}}, {"type": "Feature", "properties": {"LINK_ID": "4180081900", "F_NODE": "4180091101", "T_NODE": "4180090902", "LANES": 3, "ROAD_RANK": "107", "ROAD_TYPE": "000", "ROAD_NO": "-", "ROAD_NAME": "신항6로", "ROAD_USE": "0", "MULTI_LINK": "0", "CONNECT": "0", "MAX_SPD": 60, "REST_VEH": "0", "REST_W": 0, "REST_H": 0, "C-ITS": "0", "LENGTH": 300.588664538134, "UPDATEDATE": "20250512", "REMARK": null, "HIST_TYPE": "LINK0003", "HISTREMARK": null, "link_stats_import_fid": 346, "link_stats_import_vehicle_count": 20.0, "link_stats_import_avg_speed": 8.53, "link_stats_import_sum_weight_kg": 45766.0}, "geometry": {"type": "MultiLineString", "coordinates": [[[128.7744012286935, 35.091365959933235], [128.7743857869403, 35.09407447161114]]]}}, {"type": "Feature", "properties": {"LINK_ID": "4180093801", "F_NODE": "4180090001", "T_NODE": "4180090004", "LANES": 2, "ROAD_RANK": "107", "ROAD_TYPE": "000", "ROAD_NO": "-", "ROAD_NAME": "신항8로", "ROAD_USE": "0", "MULTI_LINK": "0", "CONNECT": "0", "MAX_SPD": 60, "REST_VEH": "0", "REST_W": 0, "REST_H": 0, "C-ITS": "0", "LENGTH": 11.999981300686, "UPDATEDATE": "20250512", "REMARK": null, "HIST_TYPE": "LINK0001", "HISTREMARK": null, "link_stats_import_fid": null, "link_stats_import_vehicle_count": null, "link_stats_import_avg_speed": null, "link_stats_import_sum_weight_kg": null}, "geometry": {"type": "MultiLineString", "coordinates": [[[128.76993433375475, 35.09701168273261], [128.76980276891686, 35.097011535662105]]]}}, {"type": "Feature", "properties": {"LINK_ID": "4180114300", "F_NODE": "4180107603", "T_NODE": "4180107401", "LANES": 2, "ROAD_RANK": "107", "ROAD_TYPE": "000", "ROAD_NO": "-", "ROAD_NAME": "안골로", "ROAD_USE": "0", "MULTI_LINK": "0", "CONNECT": "0", "MAX_SPD": 30, "REST_VEH": "0", "REST_W": 0, "REST_H": 0, "C-ITS": "0", "LENGTH": 168.736628609191, "UPDATEDATE": "20250512", "REMARK": null, "HIST_TYPE": "LINK0003", "HISTREMARK": null, "link_stats_import_fid": 909, "link_stats_import_vehicle_count": 3.0, "link_stats_import_avg_speed": 6.64, "link_stats_import_sum_weight_kg": 62560.0}, "geometry": {"type": "MultiLineString", "coordinates": [[[128.8093428739189, 35.10053519512463], [128.80788192118501, 35.099602403926205]]]}}, {"type": "Feature", "properties": {"LINK_ID": "4180059201", "F_NODE": "4180090502", "T_NODE": "4180090501", "LANES": 2, "ROAD_RANK": "107", "ROAD_TYPE": "000", "ROAD_NO": "-", "ROAD_NAME": "신항7로", "ROAD_USE": "0", "MULTI_LINK": "0", "CONNECT": "0", "MAX_SPD": 50, "REST_VEH": "0", "REST_W": 0, "REST_H": 0, "C-ITS": "0", "LENGTH": 11.99999681857, "UPDATEDATE": "20250512", "REMARK": null, "HIST_TYPE": "LINK0001", "HISTREMARK": null, "link_stats_import_fid": 1217, "link_stats_import_vehicle_count": 1.0, "link_stats_import_avg_speed": 8.23, "link_stats_import_sum_weight_kg": 1000.0}, "geometry": {"type": "MultiLineString", "coordinates": [[[128.76999009404187, 35.08688586963058], [128.76998928432636, 35.086993997308]]]}}, {"type": "Feature", "properties": {"LINK_ID": "4180063002", "F_NODE": "4180096903", "T_NODE": "4180096902", "LANES": 2, "ROAD_RANK": "107", "ROAD_TYPE": "000", "ROAD_NO": "-", "ROAD_NAME": "안골로108번길", "ROAD_USE": "0", "MULTI_LINK": "0", "CONNECT": "0", "MAX_SPD": 50, "REST_VEH": "0", "REST_W": 0, "REST_H": 0, "C-ITS": "0", "LENGTH": 11.999964388163, "UPDATEDATE": "20250512", "REMARK": null, "HIST_TYPE": "LINK0001", "HISTREMARK": null, "link_stats_import_fid": 1220, "link_stats_import_vehicle_count": 1.0, "link_stats_import_avg_speed": 5.08, "link_stats_import_sum_weight_kg": 0.0}, "geometry": {"type": "MultiLineString", "coordinates": [[[128.78524081855556, 35.08667210326415], [128.78534219001918, 35.08660319174967]]]}}, {"type": "Feature", "properties": {"LINK_ID": "1410064001", "F_NODE": "1410022603", "T_NODE": "1410022602", "LANES": 2, "ROAD_RANK": "104", "ROAD_TYPE": "000", "ROAD_NO": "-", "ROAD_NAME": "녹산산업중로", "ROAD_USE": "0", "MULTI_LINK": "0", "CONNECT": "0", "MAX_SPD": 50, "REST_VEH": "0", "REST_W": 0, "REST_H": 0, "C-ITS": "0", "LENGTH": 10.945845783008, "UPDATEDATE": "20250512", "REMARK": null, "HIST_TYPE": "LINK0001", "HISTREMARK": null, "link_stats_import_fid": null, "link_stats_import_vehicle_count": null, "link_stats_import_avg_speed": null, "link_stats_import_sum_weight_kg": null}, "geometry": {"type": "MultiLineString", "coordinates": [[[128.83801417922297, 35.093401920861545], [128.83813417849194, 35.093402035517734]]]}}, {"type": "Feature", "properties": {"LINK_ID": "1410040100", "F_NODE": "1410015102", "T_NODE": "1410015203", "LANES": 3, "ROAD_RANK": "104", "ROAD_TYPE": "000", "ROAD_NO": "-", "ROAD_NAME": "녹산산업대로", "ROAD_USE": "0", "MULTI_LINK": "0", "CONNECT": "0", "MAX_SPD": 70, "REST_VEH": "0", "REST_W": 0, "REST_H": 0, "C-ITS": "0", "LENGTH": 217.911721391118, "UPDATEDATE": "20250512", "REMARK": null, "HIST_TYPE": "LINK0003", "HISTREMARK": null, "link_stats_import_fid": 138, "link_stats_import_vehicle_count": 102.0, "link_stats_import_avg_speed": 9.37, "link_stats_import_sum_weight_kg": 349846.0}, "geometry": {"type": "MultiLineString", "coordinates": [[[128.8370063144232, 35.08889704033501], [128.8393951488024, 35.08889894380482]]]}}, {"type": "Feature", "properties": {"LINK_ID": "4180093800", "F_NODE": "4180092904", "T_NODE": "4180226400", "LANES": 2, "ROAD_RANK": "107", "ROAD_TYPE": "000", "ROAD_NO": "-", "ROAD_NAME": "신항8로", "ROAD_USE": "0", "MULTI_LINK": "0", "CONNECT": "0", "MAX_SPD": 60, "REST_VEH": "0", "REST_W": 0, "REST_H": 0, "C-ITS": "0", "LENGTH": 398.966620357376, "UPDATEDATE": "20250512", "REMARK": null, "HIST_TYPE": "LINK0003", "HISTREMARK": null, "link_stats_import_fid": 493, "link_stats_import_vehicle_count": 11.0, "link_stats_import_avg_speed": 9.61, "link_stats_import_sum_weight_kg": 5000.0}, "geometry": {"type": "MultiLineString", "coordinates": [[[128.7786826641499, 35.097021114316796], [128.77430850217723, 35.097016477484274]]]}}, {"type": "Feature", "properties": {"LINK_ID": "4180080501", "F_NODE": "4180087703", "T_NODE": "4180087702", "LANES": 4, "ROAD_RANK": "107", "ROAD_TYPE": "000", "ROAD_NO": "-", "ROAD_NAME": "신항10로", "ROAD_USE": "0", "MULTI_LINK": "0", "CONNECT": "0", "MAX_SPD": 80, "REST_VEH": "0", "REST_W": 0, "REST_H": 0, "C-ITS": "0", "LENGTH": 11.999968790583, "UPDATEDATE": "20250512", "REMARK": null, "HIST_TYPE": "LINK0001", "HISTREMARK": null, "link_stats_import_fid": 402, "link_stats_import_vehicle_count": 15.0, "link_stats_import_avg_speed": 10.1, "link_stats_import_sum_weight_kg": 8606.0}, "geometry": {"type": "MultiLineString", "coordinates": [[[128.76508990504752, 35.0912802701185], [128.76522146083465, 35.0912803628712]]]}}, {"type": "Feature", "properties": {"LINK_ID": "4180075400", "F_NODE": "4180110204", "T_NODE": "4180186300", "LANES": 3, "ROAD_RANK": "107", "ROAD_TYPE": "000", "ROAD_NO": "-", "ROAD_NAME": "신항동로", "ROAD_USE": "0", "MULTI_LINK": "0", "CONNECT": "0", "MAX_SPD": 30, "REST_VEH": "0", "REST_W": 0, "REST_H": 0, "C-ITS": "0", "LENGTH": 148.464670332873, "UPDATEDATE": "20250512", "REMARK": null, "HIST_TYPE": "LINK0003", "HISTREMARK": null, "link_stats_import_fid": 486, "link_stats_import_vehicle_count": 11.0, "link_stats_import_avg_speed": 7.51, "link_stats_import_sum_weight_kg": 16700.0}, "geometry": {"type": "MultiLineString", "coordinates": [[[128.81271337679945, 35.08894883331025], [128.81108604191687, 35.08892729006479]]]}}, {"type": "Feature", "properties": {"LINK_ID": "1410065401", "F_NODE": "1410026002", "T_NODE": "1410026001", "LANES": 3, "ROAD_RANK": "105", "ROAD_TYPE": "000", "ROAD_NO": "58", "ROAD_NAME": "가락대로", "ROAD_USE": "0", "MULTI_LINK": "0", "CONNECT": "0", "MAX_SPD": 60, "REST_VEH": "0", "REST_W": 0, "REST_H": 0, "C-ITS": "0", "LENGTH": 13.317637865773, "UPDATEDATE": "20250512", "REMARK": null, "HIST_TYPE": "LINK0001", "HISTREMARK": null, "link_stats_import_fid": null, "link_stats_import_vehicle_count": null, "link_stats_import_avg_speed": null, "link_stats_import_sum_weight_kg": null}, "geometry": {"type": "MultiLineString", "coordinates": [[[128.83949515303198, 35.095567123670556], [128.8394948078977, 35.095687122830505]]]}}, {"type": "Feature", "properties": {"LINK_ID": "4180090301", "F_NODE": "4180092902", "T_NODE": "4180092901", "LANES": 2, "ROAD_RANK": "107", "ROAD_TYPE": "000", "ROAD_NO": "-", "ROAD_NAME": "신항9로", "ROAD_USE": "0", "MULTI_LINK": "0", "CONNECT": "0", "MAX_SPD": 60, "REST_VEH": "0", "REST_W": 0, "REST_H": 0, "C-ITS": "0", "LENGTH": 11.999991020342, "UPDATEDATE": "20250512", "REMARK": null, "HIST_TYPE": "LINK0001", "HISTREMARK": null, "link_stats_import_fid": null, "link_stats_import_vehicle_count": null, "link_stats_import_avg_speed": null, "link_stats_import_sum_weight_kg": null}, "geometry": {"type": "MultiLineString", "coordinates": [[[128.77881439261415, 35.0969138486062], [128.7788124480486, 35.097021965950894]]]}}, {"type": "Feature", "properties": {"LINK_ID": "4180069100", "F_NODE": "4180091402", "T_NODE": "4180092103", "LANES": 3, "ROAD_RANK": "107", "ROAD_TYPE": "000", "ROAD_NO": "-", "ROAD_NAME": "신항8로", "ROAD_USE": "0", "MULTI_LINK": "0", "CONNECT": "0", "MAX_SPD": 60, "REST_VEH": "0", "REST_W": 0, "REST_H": 0, "C-ITS": "0", "LENGTH": 202.891067542342, "UPDATEDATE": "20250512", "REMARK": null, "HIST_TYPE": "LINK0003", "HISTREMARK": null, "link_stats_import_fid": 479, "link_stats_import_vehicle_count": 11.0, "link_stats_import_avg_speed": 8.36, "link_stats_import_sum_weight_kg": 47024.0}, "geometry": {"type": "MultiLineString", "coordinates": [[[128.77439955239154, 35.086906258708176], [128.7757229205721, 35.08689804256537], [128.77662365928788, 35.08689244321104]]]}}, {"type": "Feature", "properties": {"LINK_ID": "1410705901", "F_NODE": "1410278009", "T_NODE": "1410278008", "LANES": 4, "ROAD_RANK": "104", "ROAD_TYPE": "000", "ROAD_NO": "-", "ROAD_NAME": "신항북로", "ROAD_USE": "0", "MULTI_LINK": "0", "CONNECT": "0", "MAX_SPD": 50, "REST_VEH": "0", "REST_W": 0, "REST_H": 0, "C-ITS": "0", "LENGTH": 11.999988927335, "UPDATEDATE": "20250512", "REMARK": null, "HIST_TYPE": "LINK0001", "HISTREMARK": null, "link_stats_import_fid": 763, "link_stats_import_vehicle_count": 4.0, "link_stats_import_avg_speed": 6.4, "link_stats_import_sum_weight_kg": 28800.0}, "geometry": {"type": "MultiLineString", "coordinates": [[[128.83329067807338, 35.089138806155816], [128.8332374716728, 35.08903991790719]]]}}, {"type": "Feature", "properties": {"LINK_ID": "4180156300", "F_NODE": "4180106203", "T_NODE": "4180107504", "LANES": 3, "ROAD_RANK": "103", "ROAD_TYPE": "000", "ROAD_NO": "2", "ROAD_NAME": "진해대로", "ROAD_USE": "0", "MULTI_LINK": "0", "CONNECT": "0", "MAX_SPD": 70, "REST_VEH": "0", "REST_W": 0, "REST_H": 0, "C-ITS": "0", "LENGTH": 409.792648876913, "UPDATEDATE": "20250512", "REMARK": null, "HIST_TYPE": "LINK0003", "HISTREMARK": null, "link_stats_import_fid": 429, "link_stats_import_vehicle_count": 14.0, "link_stats_import_avg_speed": 14.41, "link_stats_import_sum_weight_kg": 75117.0}, "geometry": {"type": "MultiLineString", "coordinates": [[[128.80651116312274, 35.10840986000143], [128.8071629876245, 35.10786399133031], [128.80777298750175, 35.10713199190027], [128.80801998683629, 35.106757992010735], [128.8089088223014, 35.105317600603605]]]}}, {"type": "Feature", "properties": {"LINK_ID": "4180068502", "F_NODE": "4180123702", "T_NODE": "4180123701", "LANES": 3, "ROAD_RANK": "107", "ROAD_TYPE": "000", "ROAD_NO": "-", "ROAD_NAME": "신항3로", "ROAD_USE": "0", "MULTI_LINK": "0", "CONNECT": "0", "MAX_SPD": 60, "REST_VEH": "0", "REST_W": 0, "REST_H": 0, "C-ITS": "0", "LENGTH": 11.999995847561, "UPDATEDATE": "20250512", "REMARK": null, "HIST_TYPE": "LINK0001", "HISTREMARK": null, "link_stats_import_fid": 478, "link_stats_import_vehicle_count": 11.0, "link_stats_import_avg_speed": 10.56, "link_stats_import_sum_weight_kg": 4000.0}, "geometry": {"type": "MultiLineString", "coordinates": [[[128.8243847059261, 35.08601906156046], [128.82438456803223, 35.086127189067035]]]}}, {"type": "Feature", "properties": {"LINK_ID": "4180069600", "F_NODE": "4180091303", "T_NODE": "4180091404", "LANES": 3, "ROAD_RANK": "107", "ROAD_TYPE": "000", "ROAD_NO": "-", "ROAD_NAME": "신항6로", "ROAD_USE": "0", "MULTI_LINK": "0", "CONNECT": "0", "MAX_SPD": 60, "REST_VEH": "0", "REST_W": 0, "REST_H": 0, "C-ITS": "0", "LENGTH": 227.56753726328, "UPDATEDATE": "20250512", "REMARK": null, "HIST_TYPE": "LINK0003", "HISTREMARK": null, "link_stats_import_fid": 313, "link_stats_import_vehicle_count": 24.0, "link_stats_import_avg_speed": 8.8, "link_stats_import_sum_weight_kg": 98177.0}, "geometry": {"type": "MultiLineString", "coordinates": [[[128.77429068629235, 35.08906497152137], [128.7742683611027, 35.08701448868658]]]}}, {"type": "Feature", "properties": {"LINK_ID": "1410057800", "F_NODE": "1410020404", "T_NODE": "1410022302", "LANES": 3, "ROAD_RANK": "104", "ROAD_TYPE": "000", "ROAD_NO": "-", "ROAD_NAME": "녹산산업대로", "ROAD_USE": "0", "MULTI_LINK": "0", "CONNECT": "0", "MAX_SPD": 70, "REST_VEH": "0", "REST_W": 0, "REST_H": 0, "C-ITS": "0", "LENGTH": 176.030450679654, "UPDATEDATE": "20250512", "REMARK": null, "HIST_TYPE": "LINK0003", "HISTREMARK": null, "link_stats_import_fid": null, "link_stats_import_vehicle_count": null, "link_stats_import_avg_speed": null, "link_stats_import_sum_weight_kg": null}, "geometry": {"type": "MultiLineString", "coordinates": [[[128.82942342550584, 35.09220709290934], [128.82804600035462, 35.0933180104347]]]}}, {"type": "Feature", "properties": {"LINK_ID": "1410081501", "F_NODE": "1410027404", "T_NODE": "1410027403", "LANES": 2, "ROAD_RANK": "104", "ROAD_TYPE": "000", "ROAD_NO": "-", "ROAD_NAME": "녹산산단27로", "ROAD_USE": "0", "MULTI_LINK": "0", "CONNECT": "0", "MAX_SPD": 50, "REST_VEH": "0", "REST_W": 0, "REST_H": 0, "C-ITS": "0", "LENGTH": 13.318458456225, "UPDATEDATE": "20250512", "REMARK": null, "HIST_TYPE": "LINK0001", "HISTREMARK": null, "link_stats_import_fid": null, "link_stats_import_vehicle_count": null, "link_stats_import_avg_speed": null, "link_stats_import_sum_weight_kg": null}, "geometry": {"type": "MultiLineString", "coordinates": [[[128.83264579350396, 35.09673990610742], [128.83264617741742, 35.09661989934369]]]}}, {"type": "Feature", "properties": {"LINK_ID": "1411060801", "F_NODE": "1410401404", "T_NODE": "1410401403", "LANES": 2, "ROAD_RANK": "104", "ROAD_TYPE": "000", "ROAD_NO": "-", "ROAD_NAME": "만금로", "ROAD_USE": "0", "MULTI_LINK": "0", "CONNECT": "0", "MAX_SPD": 40, "REST_VEH": "0", "REST_W": 0, "REST_H": 0, "C-ITS": "0", "LENGTH": 12.009886530429, "UPDATEDATE": "20250512", "REMARK": null, "HIST_TYPE": "LINK0001", "HISTREMARK": null, "link_stats_import_fid": null, "link_stats_import_vehicle_count": null, "link_stats_import_avg_speed": null, "link_stats_import_sum_weight_kg": null}, "geometry": {"type": "MultiLineString", "coordinates": [[[128.8224804601514, 35.09895307548492], [128.8224349165418, 35.098851538254365]]]}}, {"type": "Feature", "properties": {"LINK_ID": "4180086301", "F_NODE": "4180120302", "T_NODE": "4180120301", "LANES": 2, "ROAD_RANK": "107", "ROAD_TYPE": "000", "ROAD_NO": "-", "ROAD_NAME": "용원동로", "ROAD_USE": "0", "MULTI_LINK": "0", "CONNECT": "0", "MAX_SPD": 50, "REST_VEH": "0", "REST_W": 0, "REST_H": 0, "C-ITS": "0", "LENGTH": 12.116755640921, "UPDATEDATE": "20250512", "REMARK": null, "HIST_TYPE": "LINK0001", "HISTREMARK": null, "link_stats_import_fid": null, "link_stats_import_vehicle_count": null, "link_stats_import_avg_speed": null, "link_stats_import_sum_weight_kg": null}, "geometry": {"type": "MultiLineString", "coordinates": [[[128.81908449633116, 35.093517745103696], [128.819126477443, 35.0936213291355]]]}}, {"type": "Feature", "properties": {"LINK_ID": "1411030401", "F_NODE": "1410382102", "T_NODE": "1410382101", "LANES": 3, "ROAD_RANK": "104", "ROAD_TYPE": "000", "ROAD_NO": "-", "ROAD_NAME": "신항남로", "ROAD_USE": "0", "MULTI_LINK": "0", "CONNECT": "0", "MAX_SPD": 60, "REST_VEH": "0", "REST_W": 0, "REST_H": 0, "C-ITS": "0", "LENGTH": 12.010484873843, "UPDATEDATE": "20250512", "REMARK": null, "HIST_TYPE": "LINK0001", "HISTREMARK": null, "link_stats_import_fid": 228, "link_stats_import_vehicle_count": 47.0, "link_stats_import_avg_speed": 14.14, "link_stats_import_sum_weight_kg": 362521.0}, "geometry": {"type": "MultiLineString", "coordinates": [[[128.83487396683137, 35.074157419827856], [128.8348739777396, 35.07426564168189]]]}}, {"type": "Feature", "properties": {"LINK_ID": "1410122801", "F_NODE": "1410040904", "T_NODE": "1410040903", "LANES": 2, "ROAD_RANK": "104", "ROAD_TYPE": "000", "ROAD_NO": "-", "ROAD_NAME": "신항남로", "ROAD_USE": "0", "MULTI_LINK": "0", "CONNECT": "0", "MAX_SPD": 80, "REST_VEH": "0", "REST_W": 0, "REST_H": 0, "C-ITS": "0", "LENGTH": 13.665863297212, "UPDATEDATE": "20250512", "REMARK": null, "HIST_TYPE": "LINK0001", "HISTREMARK": null, "link_stats_import_fid": 282, "link_stats_import_vehicle_count": 29.0, "link_stats_import_avg_speed": 18.14, "link_stats_import_sum_weight_kg": 69988.0}, "geometry": {"type": "MultiLineString", "coordinates": [[[128.83447223547148, 35.098016421444726], [128.83446633812147, 35.09789337947665]]]}}, {"type": "Feature", "properties": {"LINK_ID": "1410195602", "F_NODE": "1410071604", "T_NODE": "1410071607", "LANES": 2, "ROAD_RANK": "105", "ROAD_TYPE": "000", "ROAD_NO": "58", "ROAD_NAME": "거가대로", "ROAD_USE": "0", "MULTI_LINK": "0", "CONNECT": "0", "MAX_SPD": 80, "REST_VEH": "5", "REST_W": 0, "REST_H": 0, "C-ITS": "0", "LENGTH": 369.508194128989, "UPDATEDATE": "20250512", "REMARK": null, "HIST_TYPE": "LINK0003", "HISTREMARK": null, "link_stats_import_fid": 705, "link_stats_import_vehicle_count": 5.0, "link_stats_import_avg_speed": 23.39, "link_stats_import_sum_weight_kg": 0.0}, "geometry": {"type": "MultiLineString", "coordinates": [[[128.82858638589448, 35.05766861651823], [128.82697415363444, 35.05505370038155], [128.82673172169117, 35.05470952596805]]]}}, {"type": "Feature", "properties": {"LINK_ID": "4180065901", "F_NODE": "4180101701", "T_NODE": "4180101704", "LANES": 4, "ROAD_RANK": "107", "ROAD_TYPE": "000", "ROAD_NO": "-", "ROAD_NAME": "신항북로", "ROAD_USE": "0", "MULTI_LINK": "0", "CONNECT": "0", "MAX_SPD": 70, "REST_VEH": "0", "REST_W": 0, "REST_H": 0, "C-ITS": "0", "LENGTH": 12.037172906464, "UPDATEDATE": "20250512", "REMARK": null, "HIST_TYPE": "LINK0001", "HISTREMARK": null, "link_stats_import_fid": 771, "link_stats_import_vehicle_count": 4.0, "link_stats_import_avg_speed": 8.03, "link_stats_import_sum_weight_kg": 0.0}, "geometry": {"type": "MultiLineString", "coordinates": [[[128.79754437842377, 35.08624823229415], [128.79741922138248, 35.08628259451258]]]}}, {"type": "Feature", "properties": {"LINK_ID": "4180061501", "F_NODE": "4180107303", "T_NODE": "4180107302", "LANES": 3, "ROAD_RANK": "107", "ROAD_TYPE": "000", "ROAD_NO": "-", "ROAD_NAME": "신항로", "ROAD_USE": "0", "MULTI_LINK": "0", "CONNECT": "0", "MAX_SPD": 60, "REST_VEH": "0", "REST_W": 0, "REST_H": 0, "C-ITS": "0", "LENGTH": 12.003265917137, "UPDATEDATE": "20250512", "REMARK": null, "HIST_TYPE": "LINK0001", "HISTREMARK": null, "link_stats_import_fid": 172, "link_stats_import_vehicle_count": 75.0, "link_stats_import_avg_speed": 12.32, "link_stats_import_sum_weight_kg": 744879.0}, "geometry": {"type": "MultiLineString", "coordinates": [[[128.80717459143165, 35.08311226590353], [128.80730616805283, 35.08311245792876]]]}}, {"type": "Feature", "properties": {"LINK_ID": "1410029101", "F_NODE": "1410011704", "T_NODE": "1410011703", "LANES": 2, "ROAD_RANK": "104", "ROAD_TYPE": "000", "ROAD_NO": "-", "ROAD_NAME": "녹산산단232로", "ROAD_USE": "0", "MULTI_LINK": "0", "CONNECT": "0", "MAX_SPD": 50, "REST_VEH": "0", "REST_W": 0, "REST_H": 0, "C-ITS": "0", "LENGTH": 13.31777037249, "UPDATEDATE": "20250512", "REMARK": null, "HIST_TYPE": "LINK0001", "HISTREMARK": null, "link_stats_import_fid": null, "link_stats_import_vehicle_count": null, "link_stats_import_avg_speed": null, "link_stats_import_sum_weight_kg": null}, "geometry": {"type": "MultiLineString", "coordinates": [[[128.84267687449045, 35.0857391091663], [128.842677142758, 35.085619108636706]]]}}, {"type": "Feature", "properties": {"LINK_ID": "4180070900", "F_NODE": "4180119301", "T_NODE": "4180119102", "LANES": 3, "ROAD_RANK": "107", "ROAD_TYPE": "000", "ROAD_NO": "-", "ROAD_NAME": "신항4로", "ROAD_USE": "0", "MULTI_LINK": "0", "CONNECT": "0", "MAX_SPD": 50, "REST_VEH": "0", "REST_W": 0, "REST_H": 0, "C-ITS": "0", "LENGTH": 108.173014107454, "UPDATEDATE": "20250512", "REMARK": null, "HIST_TYPE": "LINK0003", "HISTREMARK": null, "link_stats_import_fid": 263, "link_stats_import_vehicle_count": 35.0, "link_stats_import_avg_speed": 8.9, "link_stats_import_sum_weight_kg": 96645.0}, "geometry": {"type": "MultiLineString", "coordinates": [[[128.81836235895875, 35.08700963838597], [128.8183587866896, 35.087984343334185]]]}}, {"type": "Feature", "properties": {"LINK_ID": "4180149401", "F_NODE": "4180103203", "T_NODE": "4180103202", "LANES": 2, "ROAD_RANK": "107", "ROAD_TYPE": "000", "ROAD_NO": "-", "ROAD_NAME": "안청북로", "ROAD_USE": "0", "MULTI_LINK": "0", "CONNECT": "0", "MAX_SPD": 30, "REST_VEH": "0", "REST_W": 0, "REST_H": 0, "C-ITS": "0", "LENGTH": 10.951252118325, "UPDATEDATE": "20250512", "REMARK": null, "HIST_TYPE": "LINK0001", "HISTREMARK": null, "link_stats_import_fid": null, "link_stats_import_vehicle_count": null, "link_stats_import_avg_speed": null, "link_stats_import_sum_weight_kg": null}, "geometry": {"type": "MultiLineString", "coordinates": [[[128.80310537274005, 35.10422586822923], [128.80322542141275, 35.104223760731756]]]}}, {"type": "Feature", "properties": {"LINK_ID": "4180068701", "F_NODE": "4180091403", "T_NODE": "4180091402", "LANES": 3, "ROAD_RANK": "107", "ROAD_TYPE": "000", "ROAD_NO": "-", "ROAD_NAME": "신항8로", "ROAD_USE": "0", "MULTI_LINK": "0", "CONNECT": "0", "MAX_SPD": 60, "REST_VEH": "0", "REST_W": 0, "REST_H": 0, "C-ITS": "0", "LENGTH": 12.000062748987, "UPDATEDATE": "20250512", "REMARK": null, "HIST_TYPE": "LINK0001", "HISTREMARK": null, "link_stats_import_fid": 715, "link_stats_import_vehicle_count": 5.0, "link_stats_import_avg_speed": 6.24, "link_stats_import_sum_weight_kg": 32287.0}, "geometry": {"type": "MultiLineString", "coordinates": [[[128.77426800304443, 35.0869063552878], [128.77439955239154, 35.086906258708176]]]}}, {"type": "Feature", "properties": {"LINK_ID": "4180093700", "F_NODE": "4180090002", "T_NODE": "4180226500", "LANES": 2, "ROAD_RANK": "107", "ROAD_TYPE": "000", "ROAD_NO": "-", "ROAD_NAME": "신항8로", "ROAD_USE": "0", "MULTI_LINK": "0", "CONNECT": "0", "MAX_SPD": 60, "REST_VEH": "0", "REST_W": 0, "REST_H": 0, "C-ITS": "0", "LENGTH": 398.966620167409, "UPDATEDATE": "20250512", "REMARK": null, "HIST_TYPE": "LINK0003", "HISTREMARK": null, "link_stats_import_fid": 492, "link_stats_import_vehicle_count": 11.0, "link_stats_import_avg_speed": 8.09, "link_stats_import_sum_weight_kg": 6000.0}, "geometry": {"type": "MultiLineString", "coordinates": [[[128.76993451211914, 35.09690355319049], [128.77430867476033, 35.096908348045496]]]}}, {"type": "Feature", "properties": {"LINK_ID": "1410057701", "F_NODE": "1410020304", "T_NODE": "1410020303", "LANES": 2, "ROAD_RANK": "104", "ROAD_TYPE": "000", "ROAD_NO": "-", "ROAD_NAME": "녹산산단261로", "ROAD_USE": "0", "MULTI_LINK": "0", "CONNECT": "0", "MAX_SPD": 50, "REST_VEH": "0", "REST_W": 0, "REST_H": 0, "C-ITS": "0", "LENGTH": 13.317663009018, "UPDATEDATE": "20250512", "REMARK": null, "HIST_TYPE": "LINK0001", "HISTREMARK": null, "link_stats_import_fid": 1117, "link_stats_import_vehicle_count": 1.0, "link_stats_import_avg_speed": 10.76, "link_stats_import_sum_weight_kg": 0.0}, "geometry": {"type": "MultiLineString", "coordinates": [[[128.84596990367442, 35.091921901195505], [128.84597019323286, 35.091801901932264]]]}}, {"type": "Feature", "properties": {"LINK_ID": "4180062200", "F_NODE": "4180107203", "T_NODE": "4180107304", "LANES": 3, "ROAD_RANK": "107", "ROAD_TYPE": "000", "ROAD_NO": "-", "ROAD_NAME": "신항5로", "ROAD_USE": "0", "MULTI_LINK": "0", "CONNECT": "0", "MAX_SPD": 60, "REST_VEH": "0", "REST_W": 0, "REST_H": 0, "C-ITS": "0", "LENGTH": 140.961796987457, "UPDATEDATE": "20250512", "REMARK": null, "HIST_TYPE": "LINK0003", "HISTREMARK": null, "link_stats_import_fid": 240, "link_stats_import_vehicle_count": 43.0, "link_stats_import_avg_speed": 9.06, "link_stats_import_sum_weight_kg": 126210.0}, "geometry": {"type": "MultiLineString", "coordinates": [[[128.80716645032152, 35.08449048612431], [128.80717774962176, 35.08333370816658], [128.8071743528953, 35.08322039412438]]]}}, {"type": "Feature", "properties": {"LINK_ID": "4180062901", "F_NODE": "4180096901", "T_NODE": "4180096904", "LANES": 2, "ROAD_RANK": "107", "ROAD_TYPE": "000", "ROAD_NO": "-", "ROAD_NAME": "안골로108번길", "ROAD_USE": "0", "MULTI_LINK": "0", "CONNECT": "0", "MAX_SPD": 50, "REST_VEH": "0", "REST_W": 0, "REST_H": 0, "C-ITS": "0", "LENGTH": 12.000039168333, "UPDATEDATE": "20250512", "REMARK": null, "HIST_TYPE": "LINK0001", "HISTREMARK": null, "link_stats_import_fid": null, "link_stats_import_vehicle_count": null, "link_stats_import_avg_speed": null, "link_stats_import_sum_weight_kg": null}, "geometry": {"type": "MultiLineString", "coordinates": [[[128.785428716357, 35.08668484643499], [128.78533153008956, 35.086757719049864]]]}}, {"type": "Feature", "properties": {"LINK_ID": "4180065000", "F_NODE": "4180107104", "T_NODE": "4180229400", "LANES": 4, "ROAD_RANK": "107", "ROAD_TYPE": "000", "ROAD_NO": "-", "ROAD_NAME": "신항북로", "ROAD_USE": "0", "MULTI_LINK": "0", "CONNECT": "0", "MAX_SPD": 70, "REST_VEH": "0", "REST_W": 0, "REST_H": 0, "C-ITS": "0", "LENGTH": 281.665454765121, "UPDATEDATE": "20250512", "REMARK": null, "HIST_TYPE": "LINK0003", "HISTREMARK": null, "link_stats_import_fid": 108, "link_stats_import_vehicle_count": 143.0, "link_stats_import_avg_speed": 12.97, "link_stats_import_sum_weight_kg": 436758.0}, "geometry": {"type": "MultiLineString", "coordinates": [[[128.80714662287826, 35.0860601410815], [128.8040589634246, 35.08605868444896]]]}}, {"type": "Feature", "properties": {"LINK_ID": "4180124900", "F_NODE": "4180120902", "T_NODE": "4180122503", "LANES": 2, "ROAD_RANK": "107", "ROAD_TYPE": "000", "ROAD_NO": "-", "ROAD_NAME": "용재로", "ROAD_USE": "0", "MULTI_LINK": "0", "CONNECT": "0", "MAX_SPD": 60, "REST_VEH": "0", "REST_W": 0, "REST_H": 0, "C-ITS": "0", "LENGTH": 132.784383470051, "UPDATEDATE": "20250512", "REMARK": null, "HIST_TYPE": "LINK0003", "HISTREMARK": null, "link_stats_import_fid": null, "link_stats_import_vehicle_count": null, "link_stats_import_avg_speed": null, "link_stats_import_sum_weight_kg": null}, "geometry": {"type": "MultiLineString", "coordinates": [[[128.81952221843503, 35.10045135982952], [128.82093969896957, 35.10017848566238]]]}}, {"type": "Feature", "properties": {"LINK_ID": "4180080400", "F_NODE": "4180123902", "T_NODE": "4180124003", "LANES": 2, "ROAD_RANK": "107", "ROAD_TYPE": "000", "ROAD_NO": "-", "ROAD_NAME": "신항2로", "ROAD_USE": "0", "MULTI_LINK": "0", "CONNECT": "0", "MAX_SPD": 60, "REST_VEH": "0", "REST_W": 0, "REST_H": 0, "C-ITS": "0", "LENGTH": 85.937721105134, "UPDATEDATE": "20250512", "REMARK": null, "HIST_TYPE": "LINK0003", "HISTREMARK": null, "link_stats_import_fid": 423, "link_stats_import_vehicle_count": 14.0, "link_stats_import_avg_speed": 8.48, "link_stats_import_sum_weight_kg": 27046.0}, "geometry": {"type": "MultiLineString", "coordinates": [[[128.82649015925242, 35.090842403007514], [128.82716546112857, 35.09030246336302]]]}}, {"type": "Feature", "properties": {"LINK_ID": "4180071400", "F_NODE": "4180123503", "T_NODE": "4180123604", "LANES": 3, "ROAD_RANK": "107", "ROAD_TYPE": "000", "ROAD_NO": "-", "ROAD_NAME": "신항3로", "ROAD_USE": "0", "MULTI_LINK": "0", "CONNECT": "0", "MAX_SPD": 70, "REST_VEH": "0", "REST_W": 0, "REST_H": 0, "C-ITS": "0", "LENGTH": 108.358140219128, "UPDATEDATE": "20250512", "REMARK": null, "HIST_TYPE": "LINK0003", "HISTREMARK": null, "link_stats_import_fid": 218, "link_stats_import_vehicle_count": 52.0, "link_stats_import_avg_speed": 10.7, "link_stats_import_sum_weight_kg": 215158.0}, "geometry": {"type": "MultiLineString", "coordinates": [[[128.82425715281755, 35.08798702973069], [128.82425373389952, 35.08701065844507]]]}}, {"type": "Feature", "properties": {"LINK_ID": "4180090000", "F_NODE": "4180093002", "T_NODE": "4180095202", "LANES": 3, "ROAD_RANK": "107", "ROAD_TYPE": "000", "ROAD_NO": "-", "ROAD_NAME": "신항북로", "ROAD_USE": "0", "MULTI_LINK": "0", "CONNECT": "0", "MAX_SPD": 80, "REST_VEH": "0", "REST_W": 0, "REST_H": 0, "C-ITS": "0", "LENGTH": 338.389140999205, "UPDATEDATE": "20250512", "REMARK": null, "HIST_TYPE": "LINK0003", "HISTREMARK": null, "link_stats_import_fid": 107, "link_stats_import_vehicle_count": 147.0, "link_stats_import_avg_speed": 13.74, "link_stats_import_sum_weight_kg": 706475.0}, "geometry": {"type": "MultiLineString", "coordinates": [[[128.77882382886915, 35.094109519646594], [128.78119207575776, 35.09408982430662], [128.78132414507178, 35.09408621447301], [128.78148714745706, 35.09407562684177], [128.7816290426312, 35.094061892148936], [128.78179322600877, 35.09404340016789], [128.78195575404692, 35.094021604092966], [128.78213171599234, 35.09399409662573], [128.78232538596313, 35.09395856000864], [128.7825145415498, 35.093919532357475]]]}}, {"type": "Feature", "properties": {"LINK_ID": "4180061900", "F_NODE": "4180107302", "T_NODE": "4180109903", "LANES": 3, "ROAD_RANK": "107", "ROAD_TYPE": "000", "ROAD_NO": "-", "ROAD_NAME": "신항로", "ROAD_USE": "0", "MULTI_LINK": "0", "CONNECT": "0", "MAX_SPD": 60, "REST_VEH": "0", "REST_W": 0, "REST_H": 0, "C-ITS": "0", "LENGTH": 449.209379255572, "UPDATEDATE": "20250512", "REMARK": null, "HIST_TYPE": "LINK0003", "HISTREMARK": null, "link_stats_import_fid": 22, "link_stats_import_vehicle_count": 413.0, "link_stats_import_avg_speed": 14.01, "link_stats_import_sum_weight_kg": 4945203.0}, "geometry": {"type": "MultiLineString", "coordinates": [[[128.80730616805283, 35.08311245792876], [128.81223027844328, 35.083119372949675]]]}}, {"type": "Feature", "properties": {"LINK_ID": "4180100300", "F_NODE": "4180087601", "T_NODE": "4180087901", "LANES": 2, "ROAD_RANK": "101", "ROAD_TYPE": "003", "ROAD_NO": "105", "ROAD_NAME": "남해고속도로제3지선", "ROAD_USE": "0", "MULTI_LINK": "0", "CONNECT": "0", "MAX_SPD": 100, "REST_VEH": "5", "REST_W": 0, "REST_H": 0, "C-ITS": "0", "LENGTH": 645.973680101119, "UPDATEDATE": "20250512", "REMARK": null, "HIST_TYPE": "LINK0003", "HISTREMARK": null, "link_stats_import_fid": 98, "link_stats_import_vehicle_count": 160.0, "link_stats_import_avg_speed": 20.72, "link_stats_import_sum_weight_kg": 208211.0}, "geometry": {"type": "MultiLineString", "coordinates": [[[128.7653447178033, 35.098404747171784], [128.7653840450615, 35.098845412618935], [128.7654317674907, 35.09934322428398], [128.76549387306662, 35.0998973059902], [128.76556207127655, 35.10046008397208], [128.76562313353102, 35.10092034452758], [128.76569931031133, 35.101394903512514], [128.76577764702125, 35.101879361501716], [128.76586941999406, 35.10240791599063], [128.76596883689072, 35.10292753240709], [128.76607324007762, 35.103418564069166], [128.76616872704602, 35.10381878683112], [128.76626302787383, 35.104171321087236]]]}}, {"type": "Feature", "properties": {"LINK_ID": "1410081702", "F_NODE": "1410027603", "T_NODE": "1410027602", "LANES": 2, "ROAD_RANK": "104", "ROAD_TYPE": "000", "ROAD_NO": "-", "ROAD_NAME": "녹산산단165로", "ROAD_USE": "0", "MULTI_LINK": "0", "CONNECT": "0", "MAX_SPD": 60, "REST_VEH": "0", "REST_W": 0, "REST_H": 0, "C-ITS": "0", "LENGTH": 10.945559009725, "UPDATEDATE": "20250512", "REMARK": null, "HIST_TYPE": "LINK0001", "HISTREMARK": null, "link_stats_import_fid": null, "link_stats_import_vehicle_count": null, "link_stats_import_avg_speed": null, "link_stats_import_sum_weight_kg": null}, "geometry": {"type": "MultiLineString", "coordinates": [[[128.83548104819906, 35.09663669649192], [128.8356010492206, 35.096636778466866]]]}}, {"type": "Feature", "properties": {"LINK_ID": "4180060002", "F_NODE": "4180091502", "T_NODE": "4180091501", "LANES": 3, "ROAD_RANK": "107", "ROAD_TYPE": "000", "ROAD_NO": "-", "ROAD_NAME": "신항6로", "ROAD_USE": "0", "MULTI_LINK": "0", "CONNECT": "0", "MAX_SPD": 60, "REST_VEH": "0", "REST_W": 0, "REST_H": 0, "C-ITS": "0", "LENGTH": 12.000002866489, "UPDATEDATE": "20250512", "REMARK": null, "HIST_TYPE": "LINK0001", "HISTREMARK": null, "link_stats_import_fid": 262, "link_stats_import_vehicle_count": 35.0, "link_stats_import_avg_speed": 8.02, "link_stats_import_sum_weight_kg": 273365.0}, "geometry": {"type": "MultiLineString", "coordinates": [[[128.7744147298505, 35.08310457613809], [128.77441696474386, 35.08321269020167]]]}}, {"type": "Feature", "properties": {"LINK_ID": "4180081700", "F_NODE": "4180090301", "T_NODE": "4180090202", "LANES": 2, "ROAD_RANK": "107", "ROAD_TYPE": "000", "ROAD_NO": "-", "ROAD_NAME": "신항7로", "ROAD_USE": "0", "MULTI_LINK": "0", "CONNECT": "0", "MAX_SPD": 50, "REST_VEH": "0", "REST_W": 0, "REST_H": 0, "C-ITS": "0", "LENGTH": 294.04579684741, "UPDATEDATE": "20250512", "REMARK": null, "HIST_TYPE": "LINK0003", "HISTREMARK": null, "link_stats_import_fid": 460, "link_stats_import_vehicle_count": 12.0, "link_stats_import_avg_speed": 8.1, "link_stats_import_sum_weight_kg": 47904.0}, "geometry": {"type": "MultiLineString", "coordinates": [[[128.76996153866563, 35.09138859899683], [128.76994480975463, 35.094038152599765]]]}}, {"type": "Feature", "properties": {"LINK_ID": "4180058100", "F_NODE": "4180000301", "T_NODE": "4180000201", "LANES": 2, "ROAD_RANK": "107", "ROAD_TYPE": "000", "ROAD_NO": "-", "ROAD_NAME": "신항남로", "ROAD_USE": "0", "MULTI_LINK": "0", "CONNECT": "0", "MAX_SPD": 80, "REST_VEH": "0", "REST_W": 0, "REST_H": 0, "C-ITS": "0", "LENGTH": 482.101432168903, "UPDATEDATE": "20250512", "REMARK": null, "HIST_TYPE": "LINK0003", "HISTREMARK": null, "link_stats_import_fid": 40, "link_stats_import_vehicle_count": 345.0, "link_stats_import_avg_speed": 19.25, "link_stats_import_sum_weight_kg": 1234254.0}, "geometry": {"type": "MultiLineString", "coordinates": [[[128.8363570976351, 35.105226390180555], [128.83656014130756, 35.10559233098503], [128.83695128139254, 35.10609911563118], [128.83742925022915, 35.106565396116736], [128.8378155791982, 35.10687574019854], [128.8382111623208, 35.10712347440738], [128.83874164919567, 35.10739969082842], [128.83928654992852, 35.10756045031916], [128.83993484218274, 35.10773013854962], [128.84032395240436, 35.10780494447362]]]}}, {"type": "Feature", "properties": {"LINK_ID": "4180075101", "F_NODE": "4180091102", "T_NODE": "4180091101", "LANES": 3, "ROAD_RANK": "107", "ROAD_TYPE": "000", "ROAD_NO": "-", "ROAD_NAME": "신항6로", "ROAD_USE": "0", "MULTI_LINK": "0", "CONNECT": "0", "MAX_SPD": 60, "REST_VEH": "0", "REST_W": 0, "REST_H": 0, "C-ITS": "0", "LENGTH": 11.999958564039, "UPDATEDATE": "20250512", "REMARK": null, "HIST_TYPE": "LINK0001", "HISTREMARK": null, "link_stats_import_fid": 999, "link_stats_import_vehicle_count": 2.0, "link_stats_import_avg_speed": 6.48, "link_stats_import_sum_weight_kg": 21180.0}, "geometry": {"type": "MultiLineString", "coordinates": [[[128.77440206231657, 35.091257832970626], [128.7744012286935, 35.091365959933235]]]}}, {"type": "Feature", "properties": {"LINK_ID": "4180097501", "F_NODE": "4180106703", "T_NODE": "4180106702", "LANES": 2, "ROAD_RANK": "107", "ROAD_TYPE": "000", "ROAD_NO": "-", "ROAD_NAME": "안골로", "ROAD_USE": "0", "MULTI_LINK": "0", "CONNECT": "0", "MAX_SPD": 30, "REST_VEH": "0", "REST_W": 0, "REST_H": 0, "C-ITS": "0", "LENGTH": 12.001130160193, "UPDATEDATE": "20250512", "REMARK": null, "HIST_TYPE": "LINK0001", "HISTREMARK": null, "link_stats_import_fid": null, "link_stats_import_vehicle_count": null, "link_stats_import_avg_speed": null, "link_stats_import_sum_weight_kg": null}, "geometry": {"type": "MultiLineString", "coordinates": [[[128.80666237082337, 35.09874406718161], [128.8067682705624, 35.09880824636439]]]}}, {"type": "Feature", "properties": {"LINK_ID": "4180067701", "F_NODE": "4180119302", "T_NODE": "4180119301", "LANES": 3, "ROAD_RANK": "107", "ROAD_TYPE": "000", "ROAD_NO": "-", "ROAD_NAME": "신항4로", "ROAD_USE": "0", "MULTI_LINK": "0", "CONNECT": "0", "MAX_SPD": 50, "REST_VEH": "0", "REST_W": 0, "REST_H": 0, "C-ITS": "0", "LENGTH": 11.999991544941, "UPDATEDATE": "20250512", "REMARK": null, "HIST_TYPE": "LINK0001", "HISTREMARK": null, "link_stats_import_fid": 606, "link_stats_import_vehicle_count": 7.0, "link_stats_import_avg_speed": 9.06, "link_stats_import_sum_weight_kg": 42390.0}, "geometry": {"type": "MultiLineString", "coordinates": [[[128.8183622101691, 35.08690151069985], [128.81836235895875, 35.08700963838597]]]}}, {"type": "Feature", "properties": {"LINK_ID": "4180081101", "F_NODE": "4180087502", "T_NODE": "4180087501", "LANES": 4, "ROAD_RANK": "107", "ROAD_TYPE": "000", "ROAD_NO": "-", "ROAD_NAME": "신항배후로", "ROAD_USE": "0", "MULTI_LINK": "0", "CONNECT": "0", "MAX_SPD": 80, "REST_VEH": "0", "REST_W": 0, "REST_H": 0, "C-ITS": "0", "LENGTH": 12.001203795069, "UPDATEDATE": "20250512", "REMARK": null, "HIST_TYPE": "LINK0001", "HISTREMARK": null, "link_stats_import_fid": 788, "link_stats_import_vehicle_count": 4.0, "link_stats_import_avg_speed": 13.27, "link_stats_import_sum_weight_kg": 0.0}, "geometry": {"type": "MultiLineString", "coordinates": [[[128.76519568337304, 35.094073868748254], [128.76519877103965, 35.09418197963421]]]}}, {"type": "Feature", "properties": {"LINK_ID": "4180062301", "F_NODE": "4180119603", "T_NODE": "4180119602", "LANES": 3, "ROAD_RANK": "107", "ROAD_TYPE": "000", "ROAD_NO": "-", "ROAD_NAME": "신항로", "ROAD_USE": "0", "MULTI_LINK": "0", "CONNECT": "0", "MAX_SPD": 60, "REST_VEH": "0", "REST_W": 0, "REST_H": 0, "C-ITS": "0", "LENGTH": 11.960937348126, "UPDATEDATE": "20250512", "REMARK": null, "HIST_TYPE": "LINK0001", "HISTREMARK": null, "link_stats_import_fid": 161, "link_stats_import_vehicle_count": 83.0, "link_stats_import_avg_speed": 10.0, "link_stats_import_sum_weight_kg": 697600.0}, "geometry": {"type": "MultiLineString", "coordinates": [[[128.81820946646636, 35.083130189088614], [128.81834057821555, 35.08313050841346]]]}}, {"type": "Feature", "properties": {"LINK_ID": "1410098900", "F_NODE": "1410000602", "T_NODE": "1410000301", "LANES": 3, "ROAD_RANK": "103", "ROAD_TYPE": "000", "ROAD_NO": "2", "ROAD_NAME": "낙동남로", "ROAD_USE": "1", "MULTI_LINK": "0", "CONNECT": "1", "MAX_SPD": 70, "REST_VEH": "0", "REST_W": 0, "REST_H": 0, "C-ITS": "0", "LENGTH": 172.490005570709, "UPDATEDATE": "20250512", "REMARK": null, "HIST_TYPE": "LINK0003", "HISTREMARK": null, "link_stats_import_fid": 568, "link_stats_import_vehicle_count": 8.0, "link_stats_import_avg_speed": 14.45, "link_stats_import_sum_weight_kg": 9768.0}, "geometry": {"type": "MultiLineString", "coordinates": [[[128.84443063884387, 35.10618687231153], [128.8443039879778, 35.106062991117334], [128.8436029874413, 35.105609991386274], [128.842955958019, 35.10521970523015]]]}}, {"type": "Feature", "properties": {"LINK_ID": "1410000102", "F_NODE": "1410000208", "T_NODE": "1410000205", "LANES": 3, "ROAD_RANK": "103", "ROAD_TYPE": "000", "ROAD_NO": "2", "ROAD_NAME": "낙동남로", "ROAD_USE": "0", "MULTI_LINK": "0", "CONNECT": "0", "MAX_SPD": 70, "REST_VEH": "0", "REST_W": 0, "REST_H": 0, "C-ITS": "0", "LENGTH": 153.800672829992, "UPDATEDATE": "20250512", "REMARK": null, "HIST_TYPE": "LINK0003", "HISTREMARK": null, "link_stats_import_fid": 311, "link_stats_import_vehicle_count": 24.0, "link_stats_import_avg_speed": 12.53, "link_stats_import_sum_weight_kg": 10800.0}, "geometry": {"type": "MultiLineString", "coordinates": [[[128.83806436883037, 35.101936980776415], [128.83808098808476, 35.10194599110134], [128.83821598820896, 35.10202699104642], [128.83821898847134, 35.10202899128832], [128.8382229871582, 35.102031991149474], [128.83854498771714, 35.10224299088203], [128.83877998719484, 35.102424991201964], [128.83907998731613, 35.102631991117725], [128.83935338464929, 35.10282886723722]]]}}, {"type": "Feature", "properties": {"LINK_ID": "4180085600", "F_NODE": "4180123804", "T_NODE": "4180122904", "LANES": 2, "ROAD_RANK": "107", "ROAD_TYPE": "000", "ROAD_NO": "-", "ROAD_NAME": "신항2로", "ROAD_USE": "0", "MULTI_LINK": "0", "CONNECT": "0", "MAX_SPD": 60, "REST_VEH": "0", "REST_W": 0, "REST_H": 0, "C-ITS": "0", "LENGTH": 340.915810843711, "UPDATEDATE": "20250512", "REMARK": null, "HIST_TYPE": "LINK0003", "HISTREMARK": null, "link_stats_import_fid": 894, "link_stats_import_vehicle_count": 3.0, "link_stats_import_avg_speed": 7.02, "link_stats_import_sum_weight_kg": 1000.0}, "geometry": {"type": "MultiLineString", "coordinates": [[[128.82463842365294, 35.09247358535599], [128.82382346493304, 35.09312226860925], [128.82370300507205, 35.0931734260738], [128.82357273240598, 35.09317484707436], [128.8234682124693, 35.09312302074736], [128.82192427064143, 35.09181760182965]]]}}, {"type": "Feature", "properties": {"LINK_ID": "4180126501", "F_NODE": "4180107604", "T_NODE": "4180107603", "LANES": 2, "ROAD_RANK": "107", "ROAD_TYPE": "000", "ROAD_NO": "-", "ROAD_NAME": "안골로", "ROAD_USE": "0", "MULTI_LINK": "0", "CONNECT": "0", "MAX_SPD": 50, "REST_VEH": "0", "REST_W": 0, "REST_H": 0, "C-ITS": "0", "LENGTH": 15.395445902488, "UPDATEDATE": "20250512", "REMARK": null, "HIST_TYPE": "LINK0001", "HISTREMARK": null, "link_stats_import_fid": 916, "link_stats_import_vehicle_count": 3.0, "link_stats_import_avg_speed": 7.0, "link_stats_import_sum_weight_kg": 57970.0}, "geometry": {"type": "MultiLineString", "coordinates": [[[128.80945980799885, 35.100635239212956], [128.8093428739189, 35.10053519512463]]]}}, {"type": "Feature", "properties": {"LINK_ID": "4180121602", "F_NODE": "4180185000", "T_NODE": "4180107801", "LANES": 2, "ROAD_RANK": "107", "ROAD_TYPE": "000", "ROAD_NO": "-", "ROAD_NAME": "용원로", "ROAD_USE": "0", "MULTI_LINK": "0", "CONNECT": "0", "MAX_SPD": 60, "REST_VEH": "0", "REST_W": 0, "REST_H": 0, "C-ITS": "0", "LENGTH": 91.40670374971, "UPDATEDATE": "20250512", "REMARK": null, "HIST_TYPE": "LINK1007", "HISTREMARK": "4180121600", "link_stats_import_fid": 913, "link_stats_import_vehicle_count": 3.0, "link_stats_import_avg_speed": 9.91, "link_stats_import_sum_weight_kg": 46394.0}, "geometry": {"type": "MultiLineString", "coordinates": [[[128.81120050689105, 35.10028194627704], [128.810230211256, 35.10048807294422]]]}}, {"type": "Feature", "properties": {"LINK_ID": "4180133901", "F_NODE": "4180112503", "T_NODE": "4180112502", "LANES": 2, "ROAD_RANK": "107", "ROAD_TYPE": "000", "ROAD_NO": "-", "ROAD_NAME": "용재로", "ROAD_USE": "0", "MULTI_LINK": "0", "CONNECT": "0", "MAX_SPD": 60, "REST_VEH": "0", "REST_W": 0, "REST_H": 0, "C-ITS": "0", "LENGTH": 11.104081754522, "UPDATEDATE": "20250512", "REMARK": null, "HIST_TYPE": "LINK0001", "HISTREMARK": null, "link_stats_import_fid": null, "link_stats_import_vehicle_count": null, "link_stats_import_avg_speed": null, "link_stats_import_sum_weight_kg": null}, "geometry": {"type": "MultiLineString", "coordinates": [[[128.81428012370276, 35.101509097242875], [128.81439818998422, 35.101484680077526]]]}}, {"type": "Feature", "properties": {"LINK_ID": "1410123002", "F_NODE": "1410278103", "T_NODE": "1410864100", "LANES": 3, "ROAD_RANK": "104", "ROAD_TYPE": "000", "ROAD_NO": "-", "ROAD_NAME": "신항남로", "ROAD_USE": "0", "MULTI_LINK": "0", "CONNECT": "0", "MAX_SPD": 60, "REST_VEH": "0", "REST_W": 0, "REST_H": 0, "C-ITS": "0", "LENGTH": 321.476305417165, "UPDATEDATE": "20250512", "REMARK": null, "HIST_TYPE": "LINK0003", "HISTREMARK": null, "link_stats_import_fid": 2, "link_stats_import_vehicle_count": 682.0, "link_stats_import_avg_speed": 10.25, "link_stats_import_sum_weight_kg": 6147874.0}, "geometry": {"type": "MultiLineString", "coordinates": [[[128.8346680296262, 35.083139818736214], [128.83467442568158, 35.08024312748307]]]}}, {"type": "Feature", "properties": {"LINK_ID": "1410030100", "F_NODE": "1410012202", "T_NODE": "1410012003", "LANES": 2, "ROAD_RANK": "104", "ROAD_TYPE": "000", "ROAD_NO": "-", "ROAD_NAME": "녹산산단232로", "ROAD_USE": "0", "MULTI_LINK": "0", "CONNECT": "0", "MAX_SPD": 60, "REST_VEH": "0", "REST_W": 0, "REST_H": 0, "C-ITS": "0", "LENGTH": 108.996094400801, "UPDATEDATE": "20250512", "REMARK": null, "HIST_TYPE": "LINK0003", "HISTREMARK": null, "link_stats_import_fid": 590, "link_stats_import_vehicle_count": 7.0, "link_stats_import_avg_speed": 5.99, "link_stats_import_sum_weight_kg": 1000.0}, "geometry": {"type": "MultiLineString", "coordinates": [[[128.8382093878386, 35.08562785644125], [128.83869626087395, 35.0856267461068], [128.83940419402094, 35.08562512814578]]]}}, {"type": "Feature", "properties": {"LINK_ID": "4180148102", "F_NODE": "4180106301", "T_NODE": "4180106304", "LANES": 2, "ROAD_RANK": "107", "ROAD_TYPE": "000", "ROAD_NO": "-", "ROAD_NAME": "안청북로", "ROAD_USE": "0", "MULTI_LINK": "0", "CONNECT": "0", "MAX_SPD": 30, "REST_VEH": "0", "REST_W": 0, "REST_H": 0, "C-ITS": "0", "LENGTH": 11.818688928801, "UPDATEDATE": "20250512", "REMARK": null, "HIST_TYPE": "LINK0001", "HISTREMARK": null, "link_stats_import_fid": null, "link_stats_import_vehicle_count": null, "link_stats_import_avg_speed": null, "link_stats_import_sum_weight_kg": null}, "geometry": {"type": "MultiLineString", "coordinates": [[[128.8065901596864, 35.10425863268812], [128.806467553744, 35.10422415068265]]]}}, {"type": "Feature", "properties": {"LINK_ID": "4180066202", "F_NODE": "4180211000", "T_NODE": "4180210800", "LANES": 3, "ROAD_RANK": "107", "ROAD_TYPE": "000", "ROAD_NO": "-", "ROAD_NAME": "신항5로", "ROAD_USE": "0", "MULTI_LINK": "0", "CONNECT": "0", "MAX_SPD": 50, "REST_VEH": "0", "REST_W": 0, "REST_H": 0, "C-ITS": "0", "LENGTH": 78.599131255756, "UPDATEDATE": "20250512", "REMARK": null, "HIST_TYPE": "LINK1007", "HISTREMARK": "4180066200", "link_stats_import_fid": 774, "link_stats_import_vehicle_count": 4.0, "link_stats_import_avg_speed": 8.28, "link_stats_import_sum_weight_kg": 48290.0}, "geometry": {"type": "MultiLineString", "coordinates": [[[128.8071518624772, 35.0875144939755], [128.80715554098455, 35.08703952369994], [128.80715734745056, 35.08680627593233]]]}}, {"type": "Feature", "properties": {"LINK_ID": "4180060701", "F_NODE": "4180098204", "T_NODE": "4180098203", "LANES": 2, "ROAD_RANK": "107", "ROAD_TYPE": "000", "ROAD_NO": "-", "ROAD_NAME": "안골로108번길", "ROAD_USE": "0", "MULTI_LINK": "0", "CONNECT": "0", "MAX_SPD": 60, "REST_VEH": "0", "REST_W": 0, "REST_H": 0, "C-ITS": "0", "LENGTH": 26.436636831259, "UPDATEDATE": "20250512", "REMARK": null, "HIST_TYPE": "LINK0001", "HISTREMARK": null, "link_stats_import_fid": 89, "link_stats_import_vehicle_count": 173.0, "link_stats_import_avg_speed": 8.99, "link_stats_import_sum_weight_kg": 1478006.0}, "geometry": {"type": "MultiLineString", "coordinates": [[[128.78721273148213, 35.08317369430533], [128.78695301051332, 35.08306802301789]]]}}, {"type": "Feature", "properties": {"LINK_ID": "4180069400", "F_NODE": "4180095103", "T_NODE": "4180223700", "LANES": 2, "ROAD_RANK": "107", "ROAD_TYPE": "000", "ROAD_NO": "-", "ROAD_NAME": "신항8로", "ROAD_USE": "0", "MULTI_LINK": "0", "CONNECT": "0", "MAX_SPD": 60, "REST_VEH": "0", "REST_W": 0, "REST_H": 0, "C-ITS": "0", "LENGTH": 379.760835639452, "UPDATEDATE": "20250512", "REMARK": null, "HIST_TYPE": "LINK0003", "HISTREMARK": null, "link_stats_import_fid": 989, "link_stats_import_vehicle_count": 2.0, "link_stats_import_avg_speed": 8.11, "link_stats_import_sum_weight_kg": 0.0}, "geometry": {"type": "MultiLineString", "coordinates": [[[128.78228006710796, 35.091264976501854], [128.78091282270933, 35.089593595938695], [128.77993747265475, 35.088436259623215]]]}}, {"type": "Feature", "properties": {"LINK_ID": "1410123003", "F_NODE": "1410278104", "T_NODE": "1410278103", "LANES": 2, "ROAD_RANK": "104", "ROAD_TYPE": "000", "ROAD_NO": "-", "ROAD_NAME": "신항남로", "ROAD_USE": "0", "MULTI_LINK": "0", "CONNECT": "0", "MAX_SPD": 80, "REST_VEH": "0", "REST_W": 0, "REST_H": 0, "C-ITS": "0", "LENGTH": 12.00027747536, "UPDATEDATE": "20250512", "REMARK": null, "HIST_TYPE": "LINK0001", "HISTREMARK": null, "link_stats_import_fid": 179, "link_stats_import_vehicle_count": 70.0, "link_stats_import_avg_speed": 7.07, "link_stats_import_sum_weight_kg": 565949.0}, "geometry": {"type": "MultiLineString", "coordinates": [[[128.83466792332686, 35.083247948436544], [128.8346680296262, 35.083139818736214]]]}}, {"type": "Feature", "properties": {"LINK_ID": "4180136200", "F_NODE": "4180110504", "T_NODE": "4180108901", "LANES": 2, "ROAD_RANK": "107", "ROAD_TYPE": "000", "ROAD_NO": "-", "ROAD_NAME": "용재로", "ROAD_USE": "0", "MULTI_LINK": "0", "CONNECT": "0", "MAX_SPD": 60, "REST_VEH": "0", "REST_W": 0, "REST_H": 0, "C-ITS": "0", "LENGTH": 112.891394831516, "UPDATEDATE": "20250512", "REMARK": null, "HIST_TYPE": "LINK0003", "HISTREMARK": null, "link_stats_import_fid": 1414, "link_stats_import_vehicle_count": 1.0, "link_stats_import_avg_speed": 9.4, "link_stats_import_sum_weight_kg": 0.0}, "geometry": {"type": "MultiLineString", "coordinates": [[[128.81303700408273, 35.10188217172868], [128.81183423404164, 35.10212236350382]]]}}, {"type": "Feature", "properties": {"LINK_ID": "4180059501", "F_NODE": "4180091501", "T_NODE": "4180091504", "LANES": 2, "ROAD_RANK": "107", "ROAD_TYPE": "000", "ROAD_NO": "-", "ROAD_NAME": "신항로", "ROAD_USE": "0", "MULTI_LINK": "0", "CONNECT": "0", "MAX_SPD": 60, "REST_VEH": "0", "REST_W": 0, "REST_H": 0, "C-ITS": "0", "LENGTH": 12.001726644492, "UPDATEDATE": "20250512", "REMARK": null, "HIST_TYPE": "LINK0001", "HISTREMARK": null, "link_stats_import_fid": 278, "link_stats_import_vehicle_count": 30.0, "link_stats_import_avg_speed": 7.98, "link_stats_import_sum_weight_kg": 137101.0}, "geometry": {"type": "MultiLineString", "coordinates": [[[128.77441696474386, 35.08321269020167], [128.77428548300477, 35.08320892026618]]]}}, {"type": "Feature", "properties": {"LINK_ID": "4180152100", "F_NODE": "4180086202", "T_NODE": "4180086603", "LANES": 3, "ROAD_RANK": "107", "ROAD_TYPE": "000", "ROAD_NO": "-", "ROAD_NAME": "남영로", "ROAD_USE": "0", "MULTI_LINK": "0", "CONNECT": "0", "MAX_SPD": 50, "REST_VEH": "0", "REST_W": 0, "REST_H": 0, "C-ITS": "0", "LENGTH": 146.086203462067, "UPDATEDATE": "20250512", "REMARK": null, "HIST_TYPE": "LINK0003", "HISTREMARK": null, "link_stats_import_fid": null, "link_stats_import_vehicle_count": null, "link_stats_import_avg_speed": null, "link_stats_import_sum_weight_kg": null}, "geometry": {"type": "MultiLineString", "coordinates": [[[128.75433255415254, 35.10561952344424], [128.75450529265262, 35.10557831835623], [128.75579256779957, 35.10508191097417]]]}}, {"type": "Feature", "properties": {"LINK_ID": "1410030901", "F_NODE": "1410012203", "T_NODE": "1410012202", "LANES": 2, "ROAD_RANK": "104", "ROAD_TYPE": "000", "ROAD_NO": "-", "ROAD_NAME": "녹산산단178로", "ROAD_USE": "0", "MULTI_LINK": "0", "CONNECT": "0", "MAX_SPD": 60, "REST_VEH": "0", "REST_W": 0, "REST_H": 0, "C-ITS": "0", "LENGTH": 10.951231289014, "UPDATEDATE": "20250512", "REMARK": null, "HIST_TYPE": "LINK0001", "HISTREMARK": null, "link_stats_import_fid": null, "link_stats_import_vehicle_count": null, "link_stats_import_avg_speed": null, "link_stats_import_sum_weight_kg": null}, "geometry": {"type": "MultiLineString", "coordinates": [[[128.83808934136562, 35.08562814543735], [128.8382093878386, 35.08562785644125]]]}}, {"type": "Feature", "properties": {"LINK_ID": "4180089200", "F_NODE": "4180087602", "T_NODE": "4180087504", "LANES": 4, "ROAD_RANK": "101", "ROAD_TYPE": "000", "ROAD_NO": "105", "ROAD_NAME": "남해고속도로제3지선", "ROAD_USE": "0", "MULTI_LINK": "0", "CONNECT": "0", "MAX_SPD": 80, "REST_VEH": "5", "REST_W": 0, "REST_H": 0, "C-ITS": "0", "LENGTH": 468.933819114357, "UPDATEDATE": "20250512", "REMARK": null, "HIST_TYPE": "LINK0003", "HISTREMARK": null, "link_stats_import_fid": 124, "link_stats_import_vehicle_count": 122.0, "link_stats_import_avg_speed": 14.09, "link_stats_import_sum_weight_kg": 164807.0}, "geometry": {"type": "MultiLineString", "coordinates": [[[128.7652133742367, 35.09841075286088], [128.76519030920844, 35.097912113479396], [128.7650953129387, 35.09582476049405], [128.76508964210876, 35.095700618486326], [128.76508181185125, 35.095410380961816], [128.76508358789397, 35.09509941960233], [128.76508384431983, 35.09444694199342], [128.7650673888365, 35.09418761126898]]]}}, {"type": "Feature", "properties": {"LINK_ID": "4180062600", "F_NODE": "4180109803", "T_NODE": "4180109904", "LANES": 3, "ROAD_RANK": "107", "ROAD_TYPE": "000", "ROAD_NO": "-", "ROAD_NAME": "-", "ROAD_USE": "0", "MULTI_LINK": "0", "CONNECT": "0", "MAX_SPD": 60, "REST_VEH": "0", "REST_W": 0, "REST_H": 0, "C-ITS": "0", "LENGTH": 139.731919012808, "UPDATEDATE": "20250512", "REMARK": "도로명없음", "HIST_TYPE": "LINK0003", "HISTREMARK": null, "link_stats_import_fid": 332, "link_stats_import_vehicle_count": 21.0, "link_stats_import_avg_speed": 10.43, "link_stats_import_sum_weight_kg": 138599.0}, "geometry": {"type": "MultiLineString", "coordinates": [[[128.81223779459086, 35.08448646099176], [128.81223616881425, 35.08333455821468], [128.8122300569758, 35.083227500321534]]]}}, {"type": "Feature", "properties": {"LINK_ID": "4180148002", "F_NODE": "4180186200", "T_NODE": "4180107503", "LANES": 2, "ROAD_RANK": "107", "ROAD_TYPE": "000", "ROAD_NO": "-", "ROAD_NAME": "안청북로", "ROAD_USE": "0", "MULTI_LINK": "0", "CONNECT": "0", "MAX_SPD": 30, "REST_VEH": "0", "REST_W": 0, "REST_H": 0, "C-ITS": "0", "LENGTH": 110.450431818, "UPDATEDATE": "20250512", "REMARK": null, "HIST_TYPE": "LINK1007", "HISTREMARK": "4180148000", "link_stats_import_fid": null, "link_stats_import_vehicle_count": null, "link_stats_import_avg_speed": null, "link_stats_import_sum_weight_kg": null}, "geometry": {"type": "MultiLineString", "coordinates": [[[128.80791917326079, 35.10473278654591], [128.80897773862503, 35.10521624014554]]]}}, {"type": "Feature", "properties": {"LINK_ID": "4180073801", "F_NODE": "4180119104", "T_NODE": "4180119103", "LANES": 3, "ROAD_RANK": "107", "ROAD_TYPE": "000", "ROAD_NO": "-", "ROAD_NAME": "신항4로", "ROAD_USE": "0", "MULTI_LINK": "0", "CONNECT": "0", "MAX_SPD": 50, "REST_VEH": "0", "REST_W": 0, "REST_H": 0, "C-ITS": "0", "LENGTH": 12.00039192149, "UPDATEDATE": "20250512", "REMARK": null, "HIST_TYPE": "LINK0001", "HISTREMARK": null, "link_stats_import_fid": 783, "link_stats_import_vehicle_count": 4.0, "link_stats_import_avg_speed": 7.49, "link_stats_import_sum_weight_kg": 37696.0}, "geometry": {"type": "MultiLineString", "coordinates": [[[128.8182262970021, 35.08809152009634], [128.8182272412012, 35.087983391531495]]]}}, {"type": "Feature", "properties": {"LINK_ID": "4180093502", "F_NODE": "4180219000", "T_NODE": "4180090003", "LANES": 2, "ROAD_RANK": "107", "ROAD_TYPE": "000", "ROAD_NO": "-", "ROAD_NAME": "신항8로", "ROAD_USE": "0", "MULTI_LINK": "0", "CONNECT": "0", "MAX_SPD": 60, "REST_VEH": "0", "REST_W": 0, "REST_H": 0, "C-ITS": "0", "LENGTH": 294.179035297215, "UPDATEDATE": "20250512", "REMARK": null, "HIST_TYPE": "LINK1007", "HISTREMARK": "4180093500", "link_stats_import_fid": 1302, "link_stats_import_vehicle_count": 1.0, "link_stats_import_avg_speed": 5.23, "link_stats_import_sum_weight_kg": 1000.0}, "geometry": {"type": "MultiLineString", "coordinates": [[[128.76657764344023, 35.09689976597908], [128.76980294745778, 35.09690340623444]]]}}, {"type": "Feature", "properties": {"LINK_ID": "4180072801", "F_NODE": "4180110604", "T_NODE": "4180110603", "LANES": 2, "ROAD_RANK": "107", "ROAD_TYPE": "000", "ROAD_NO": "-", "ROAD_NAME": "-", "ROAD_USE": "0", "MULTI_LINK": "0", "CONNECT": "0", "MAX_SPD": 50, "REST_VEH": "0", "REST_W": 0, "REST_H": 0, "C-ITS": "0", "LENGTH": 11.85866106786, "UPDATEDATE": "20250512", "REMARK": "도로명없음", "HIST_TYPE": "LINK0001", "HISTREMARK": null, "link_stats_import_fid": null, "link_stats_import_vehicle_count": null, "link_stats_import_avg_speed": null, "link_stats_import_sum_weight_kg": null}, "geometry": {"type": "MultiLineString", "coordinates": [[[128.81272700117083, 35.088076845624705], [128.81272780139605, 35.08796999316766]]]}}, {"type": "Feature", "properties": {"LINK_ID": "4180105501", "F_NODE": "4180122303", "T_NODE": "4180122302", "LANES": 2, "ROAD_RANK": "107", "ROAD_TYPE": "000", "ROAD_NO": "-", "ROAD_NAME": "용원로", "ROAD_USE": "0", "MULTI_LINK": "0", "CONNECT": "0", "MAX_SPD": 60, "REST_VEH": "0", "REST_W": 0, "REST_H": 0, "C-ITS": "0", "LENGTH": 11.196426926952, "UPDATEDATE": "20250512", "REMARK": null, "HIST_TYPE": "LINK0001", "HISTREMARK": null, "link_stats_import_fid": null, "link_stats_import_vehicle_count": null, "link_stats_import_avg_speed": null, "link_stats_import_sum_weight_kg": null}, "geometry": {"type": "MultiLineString", "coordinates": [[[128.8208393389066, 35.098234387931726], [128.82095867511455, 35.09821074560343]]]}}, {"type": "Feature", "properties": {"LINK_ID": "1410028900", "F_NODE": "1410011802", "T_NODE": "1410011703", "LANES": 2, "ROAD_RANK": "104", "ROAD_TYPE": "000", "ROAD_NO": "-", "ROAD_NAME": "녹산산단232로", "ROAD_USE": "0", "MULTI_LINK": "0", "CONNECT": "0", "MAX_SPD": 60, "REST_VEH": "0", "REST_W": 0, "REST_H": 0, "C-ITS": "0", "LENGTH": 82.34841246187, "UPDATEDATE": "20250512", "REMARK": null, "HIST_TYPE": "LINK0003", "HISTREMARK": null, "link_stats_import_fid": null, "link_stats_import_vehicle_count": null, "link_stats_import_avg_speed": null, "link_stats_import_sum_weight_kg": null}, "geometry": {"type": "MultiLineString", "coordinates": [[[128.84177444657522, 35.08562087548764], [128.842677142758, 35.085619108636706]]]}}, {"type": "Feature", "properties": {"LINK_ID": "4180072800", "F_NODE": "4180110203", "T_NODE": "4180110604", "LANES": 2, "ROAD_RANK": "107", "ROAD_TYPE": "000", "ROAD_NO": "-", "ROAD_NAME": "-", "ROAD_USE": "0", "MULTI_LINK": "0", "CONNECT": "0", "MAX_SPD": 50, "REST_VEH": "0", "REST_W": 0, "REST_H": 0, "C-ITS": "0", "LENGTH": 84.780769483052, "UPDATEDATE": "20250512", "REMARK": "도로명없음", "HIST_TYPE": "LINK0003", "HISTREMARK": null, "link_stats_import_fid": 1233, "link_stats_import_vehicle_count": 1.0, "link_stats_import_avg_speed": 5.3, "link_stats_import_sum_weight_kg": 0.0}, "geometry": {"type": "MultiLineString", "coordinates": [[[128.81271549420836, 35.088840718556796], [128.81272700117083, 35.088076845624705]]]}}, {"type": "Feature", "properties": {"LINK_ID": "4180062000", "F_NODE": "4180109904", "T_NODE": "4180107301", "LANES": 3, "ROAD_RANK": "107", "ROAD_TYPE": "000", "ROAD_NO": "-", "ROAD_NAME": "신항로", "ROAD_USE": "0", "MULTI_LINK": "0", "CONNECT": "0", "MAX_SPD": 60, "REST_VEH": "0", "REST_W": 0, "REST_H": 0, "C-ITS": "0", "LENGTH": 449.209379255574, "UPDATEDATE": "20250512", "REMARK": null, "HIST_TYPE": "LINK0003", "HISTREMARK": null, "link_stats_import_fid": 47, "link_stats_import_vehicle_count": 325.0, "link_stats_import_avg_speed": 14.58, "link_stats_import_sum_weight_kg": 4583814.0}, "geometry": {"type": "MultiLineString", "coordinates": [[[128.8122300569758, 35.083227500321534], [128.8073059400824, 35.08322058557839]]]}}, {"type": "Feature", "properties": {"LINK_ID": "1410735201", "F_NODE": "4180122301", "T_NODE": "4180122304", "LANES": 2, "ROAD_RANK": "107", "ROAD_TYPE": "000", "ROAD_NO": "-", "ROAD_NAME": "용원로", "ROAD_USE": "0", "MULTI_LINK": "0", "CONNECT": "0", "MAX_SPD": 60, "REST_VEH": "0", "REST_W": 0, "REST_H": 0, "C-ITS": "0", "LENGTH": 11.257725535626, "UPDATEDATE": "20250512", "REMARK": null, "HIST_TYPE": "LINK0001", "HISTREMARK": null, "link_stats_import_fid": 1183, "link_stats_import_vehicle_count": 1.0, "link_stats_import_avg_speed": 7.05, "link_stats_import_sum_weight_kg": 0.0}, "geometry": {"type": "MultiLineString", "coordinates": [[[128.82100505754002, 35.09832318461748], [128.8208853678068, 35.09834795681471]]]}}, {"type": "Feature", "properties": {"LINK_ID": "1410064901", "F_NODE": "1410022601", "T_NODE": "1410022604", "LANES": 2, "ROAD_RANK": "104", "ROAD_TYPE": "000", "ROAD_NO": "-", "ROAD_NAME": "녹산산업중로", "ROAD_USE": "0", "MULTI_LINK": "0", "CONNECT": "0", "MAX_SPD": 50, "REST_VEH": "0", "REST_W": 0, "REST_H": 0, "C-ITS": "0", "LENGTH": 10.945843102461, "UPDATEDATE": "20250512", "REMARK": null, "HIST_TYPE": "LINK0001", "HISTREMARK": null, "link_stats_import_fid": null, "link_stats_import_vehicle_count": null, "link_stats_import_avg_speed": null, "link_stats_import_sum_weight_kg": null}, "geometry": {"type": "MultiLineString", "coordinates": [[[128.83813379974816, 35.09352203507997], [128.8380138003329, 35.093521920238956]]]}}, {"type": "Feature", "properties": {"LINK_ID": "4180060700", "F_NODE": "4180098003", "T_NODE": "4180098204", "LANES": 2, "ROAD_RANK": "107", "ROAD_TYPE": "000", "ROAD_NO": "-", "ROAD_NAME": "안골로108번길", "ROAD_USE": "0", "MULTI_LINK": "0", "CONNECT": "0", "MAX_SPD": 60, "REST_VEH": "0", "REST_W": 0, "REST_H": 0, "C-ITS": "0", "LENGTH": 139.196963996839, "UPDATEDATE": "20250512", "REMARK": null, "HIST_TYPE": "LINK0003", "HISTREMARK": null, "link_stats_import_fid": 116, "link_stats_import_vehicle_count": 128.0, "link_stats_import_avg_speed": 8.61, "link_stats_import_sum_weight_kg": 1794469.0}, "geometry": {"type": "MultiLineString", "coordinates": [[[128.78711510348714, 35.08442327765545], [128.78715746865862, 35.08424693549336], [128.7871933571197, 35.08384848672892], [128.78720922979934, 35.083332085605655], [128.78721273148213, 35.08317369430533]]]}}, {"type": "Feature", "properties": {"LINK_ID": "4180066102", "F_NODE": "4180190500", "T_NODE": "4180205200", "LANES": 3, "ROAD_RANK": "107", "ROAD_TYPE": "000", "ROAD_NO": "-", "ROAD_NAME": "신항5로", "ROAD_USE": "0", "MULTI_LINK": "0", "CONNECT": "0", "MAX_SPD": 50, "REST_VEH": "0", "REST_W": 0, "REST_H": 0, "C-ITS": "0", "LENGTH": 110.969478435887, "UPDATEDATE": "20250512", "REMARK": null, "HIST_TYPE": "LINK1007", "HISTREMARK": "4180066100", "link_stats_import_fid": 772, "link_stats_import_vehicle_count": 4.0, "link_stats_import_avg_speed": 7.76, "link_stats_import_sum_weight_kg": 50737.0}, "geometry": {"type": "MultiLineString", "coordinates": [[[128.8072870856342, 35.08704021196354], [128.80728340786152, 35.0875151822196], [128.80727934340638, 35.08804010315687]]]}}, {"type": "Feature", "properties": {"LINK_ID": "1410057600", "F_NODE": "1410020301", "T_NODE": "1410021102", "LANES": 2, "ROAD_RANK": "104", "ROAD_TYPE": "000", "ROAD_NO": "-", "ROAD_NAME": "녹산산단261로", "ROAD_USE": "0", "MULTI_LINK": "0", "CONNECT": "0", "MAX_SPD": 50, "REST_VEH": "0", "REST_W": 0, "REST_H": 0, "C-ITS": "0", "LENGTH": 66.031198901322, "UPDATEDATE": "20250512", "REMARK": null, "HIST_TYPE": "LINK0003", "HISTREMARK": null, "link_stats_import_fid": 1116, "link_stats_import_vehicle_count": 1.0, "link_stats_import_avg_speed": 16.15, "link_stats_import_sum_weight_kg": 3960.0}, "geometry": {"type": "MultiLineString", "coordinates": [[[128.84608990463136, 35.09192201486127], [128.84608907093545, 35.09251699197856]]]}}, {"type": "Feature", "properties": {"LINK_ID": "4180116600", "F_NODE": "4180113104", "T_NODE": "4180111701", "LANES": 2, "ROAD_RANK": "107", "ROAD_TYPE": "000", "ROAD_NO": "-", "ROAD_NAME": "용원로", "ROAD_USE": "0", "MULTI_LINK": "0", "CONNECT": "0", "MAX_SPD": 60, "REST_VEH": "0", "REST_W": 0, "REST_H": 0, "C-ITS": "0", "LENGTH": 51.899484181718, "UPDATEDATE": "20250512", "REMARK": null, "HIST_TYPE": "LINK0003", "HISTREMARK": null, "link_stats_import_fid": null, "link_stats_import_vehicle_count": null, "link_stats_import_avg_speed": null, "link_stats_import_sum_weight_kg": null}, "geometry": {"type": "MultiLineString", "coordinates": [[[128.814480053678, 35.099605441263556], [128.81392621196665, 35.09971274255653]]]}}, {"type": "Feature", "properties": {"LINK_ID": "1410000103", "F_NODE": "1410000205", "T_NODE": "1410000204", "LANES": 3, "ROAD_RANK": "103", "ROAD_TYPE": "000", "ROAD_NO": "2", "ROAD_NAME": "낙동남로", "ROAD_USE": "0", "MULTI_LINK": "0", "CONNECT": "0", "MAX_SPD": 70, "REST_VEH": "0", "REST_W": 0, "REST_H": 0, "C-ITS": "0", "LENGTH": 14.590647979572, "UPDATEDATE": "20250512", "REMARK": null, "HIST_TYPE": "LINK0001", "HISTREMARK": null, "link_stats_import_fid": 690, "link_stats_import_vehicle_count": 5.0, "link_stats_import_avg_speed": 10.55, "link_stats_import_sum_weight_kg": 6800.0}, "geometry": {"type": "MultiLineString", "coordinates": [[[128.83935338464929, 35.10282886723722], [128.83947309212803, 35.10291608137816]]]}}, {"type": "Feature", "properties": {"LINK_ID": "1410066101", "F_NODE": "1410022901", "T_NODE": "1410022904", "LANES": 2, "ROAD_RANK": "104", "ROAD_TYPE": "000", "ROAD_NO": "-", "ROAD_NAME": "녹산산업중로", "ROAD_USE": "0", "MULTI_LINK": "0", "CONNECT": "0", "MAX_SPD": 50, "REST_VEH": "0", "REST_W": 0, "REST_H": 0, "C-ITS": "0", "LENGTH": 10.945948732854, "UPDATEDATE": "20250512", "REMARK": null, "HIST_TYPE": "LINK0001", "HISTREMARK": null, "link_stats_import_fid": null, "link_stats_import_vehicle_count": null, "link_stats_import_avg_speed": null, "link_stats_import_sum_weight_kg": null}, "geometry": {"type": "MultiLineString", "coordinates": [[[128.84277985508982, 35.09352604669436], [128.8426598547253, 35.09352592874907]]]}}, {"type": "Feature", "properties": {"LINK_ID": "1410705402", "F_NODE": "1410914600", "T_NODE": "1410687400", "LANES": 2, "ROAD_RANK": "104", "ROAD_TYPE": "000", "ROAD_NO": "-", "ROAD_NAME": "신항로", "ROAD_USE": "0", "MULTI_LINK": "0", "CONNECT": "0", "MAX_SPD": 30, "REST_VEH": "0", "REST_W": 0, "REST_H": 0, "C-ITS": "0", "LENGTH": 321.745246318011, "UPDATEDATE": "20250512", "REMARK": null, "HIST_TYPE": "LINK1007", "HISTREMARK": "1410705400", "link_stats_import_fid": 538, "link_stats_import_vehicle_count": 9.0, "link_stats_import_avg_speed": 7.96, "link_stats_import_sum_weight_kg": 91564.0}, "geometry": {"type": "MultiLineString", "coordinates": [[[128.8280582673095, 35.084552888418216], [128.82819139019966, 35.08455391447256], [128.83097116652823, 35.08451933424854], [128.83096531808823, 35.0849447511591], [128.83096423181541, 35.08502376216851]]]}}, {"type": "Feature", "properties": {"LINK_ID": "4180088502", "F_NODE": "4180090203", "T_NODE": "4180090202", "LANES": 4, "ROAD_RANK": "107", "ROAD_TYPE": "000", "ROAD_NO": "-", "ROAD_NAME": "신항북로", "ROAD_USE": "0", "MULTI_LINK": "0", "CONNECT": "0", "MAX_SPD": 80, "REST_VEH": "0", "REST_W": 0, "REST_H": 0, "C-ITS": "0", "LENGTH": 12.000173862807, "UPDATEDATE": "20250512", "REMARK": null, "HIST_TYPE": "LINK0001", "HISTREMARK": null, "link_stats_import_fid": 1285, "link_stats_import_vehicle_count": 1.0, "link_stats_import_avg_speed": 7.22, "link_stats_import_sum_weight_kg": 0.0}, "geometry": {"type": "MultiLineString", "coordinates": [[[128.76981324747, 35.09403811924257], [128.76994480975463, 35.094038152599765]]]}}, {"type": "Feature", "properties": {"LINK_ID": "4180143500", "F_NODE": "4180088002", "T_NODE": "4180087902", "LANES": 2, "ROAD_RANK": "101", "ROAD_TYPE": "000", "ROAD_NO": "105", "ROAD_NAME": "남해고속도로제3지선", "ROAD_USE": "0", "MULTI_LINK": "0", "CONNECT": "0", "MAX_SPD": 100, "REST_VEH": "5", "REST_W": 0, "REST_H": 0, "C-ITS": "0", "LENGTH": 47.413585557551, "UPDATEDATE": "20250512", "REMARK": null, "HIST_TYPE": "LINK0003", "HISTREMARK": null, "link_stats_import_fid": 1073, "link_stats_import_vehicle_count": 2.0, "link_stats_import_avg_speed": 21.13, "link_stats_import_sum_weight_kg": 0.0}, "geometry": {"type": "MultiLineString", "coordinates": [[[128.76626143973598, 35.10461117006767], [128.766220878863, 35.10448775716559], [128.76613514604514, 35.104196765721056]]]}}, {"type": "Feature", "properties": {"LINK_ID": "4180071000", "F_NODE": "4180119103", "T_NODE": "4180119304", "LANES": 3, "ROAD_RANK": "107", "ROAD_TYPE": "000", "ROAD_NO": "-", "ROAD_NAME": "신항4로", "ROAD_USE": "0", "MULTI_LINK": "0", "CONNECT": "0", "MAX_SPD": 50, "REST_VEH": "0", "REST_W": 0, "REST_H": 0, "C-ITS": "0", "LENGTH": 108.063337136673, "UPDATEDATE": "20250512", "REMARK": null, "HIST_TYPE": "LINK0003", "HISTREMARK": null, "link_stats_import_fid": 173, "link_stats_import_vehicle_count": 75.0, "link_stats_import_avg_speed": 9.44, "link_stats_import_sum_weight_kg": 190163.0}, "geometry": {"type": "MultiLineString", "coordinates": [[[128.8182272412012, 35.087983391531495], [128.81823081083735, 35.087009674794466]]]}}, {"type": "Feature", "properties": {"LINK_ID": "1410063403", "F_NODE": "1410024306", "T_NODE": "1410024309", "LANES": 3, "ROAD_RANK": "104", "ROAD_TYPE": "000", "ROAD_NO": "-", "ROAD_NAME": "녹산산업대로", "ROAD_USE": "0", "MULTI_LINK": "0", "CONNECT": "0", "MAX_SPD": 70, "REST_VEH": "0", "REST_W": 0, "REST_H": 0, "C-ITS": "0", "LENGTH": 12.132672225262, "UPDATEDATE": "20250512", "REMARK": null, "HIST_TYPE": "LINK0001", "HISTREMARK": null, "link_stats_import_fid": 591, "link_stats_import_vehicle_count": 7.0, "link_stats_import_avg_speed": 7.13, "link_stats_import_sum_weight_kg": 2000.0}, "geometry": {"type": "MultiLineString", "coordinates": [[[128.82688395587067, 35.09425454611746], [128.82678880695167, 35.09433093857321]]]}}, {"type": "Feature", "properties": {"LINK_ID": "4180058600", "F_NODE": "1410041001", "T_NODE": "4180000401", "LANES": 2, "ROAD_RANK": "107", "ROAD_TYPE": "000", "ROAD_NO": "-", "ROAD_NAME": "신항남로", "ROAD_USE": "0", "MULTI_LINK": "0", "CONNECT": "0", "MAX_SPD": 80, "REST_VEH": "0", "REST_W": 0, "REST_H": 0, "C-ITS": "0", "LENGTH": 50.267756014215, "UPDATEDATE": "20250512", "REMARK": null, "HIST_TYPE": "LINK0003", "HISTREMARK": null, "link_stats_import_fid": 229, "link_stats_import_vehicle_count": 47.0, "link_stats_import_avg_speed": 19.62, "link_stats_import_sum_weight_kg": 76420.0}, "geometry": {"type": "MultiLineString", "coordinates": [[[128.83502079066233, 35.10189160546881], [128.8351684562523, 35.10232798718038]]]}}, {"type": "Feature", "properties": {"LINK_ID": "4180066400", "F_NODE": "4180101802", "T_NODE": "4180101704", "LANES": 2, "ROAD_RANK": "107", "ROAD_TYPE": "000", "ROAD_NO": "-", "ROAD_NAME": "-", "ROAD_USE": "0", "MULTI_LINK": "0", "CONNECT": "0", "MAX_SPD": 60, "REST_VEH": "0", "REST_W": 0, "REST_H": 0, "C-ITS": "0", "LENGTH": 220.944567433723, "UPDATEDATE": "20250512", "REMARK": "도로명없음", "HIST_TYPE": "LINK0003", "HISTREMARK": null, "link_stats_import_fid": 510, "link_stats_import_vehicle_count": 10.0, "link_stats_import_avg_speed": 9.3, "link_stats_import_sum_weight_kg": 0.0}, "geometry": {"type": "MultiLineString", "coordinates": [[[128.7980036577664, 35.088214637213966], [128.79795082840425, 35.08803999692446], [128.79741922138248, 35.08628259451258]]]}}, {"type": "Feature", "properties": {"LINK_ID": "1410081600", "F_NODE": "1410027504", "T_NODE": "1410027601", "LANES": 2, "ROAD_RANK": "104", "ROAD_TYPE": "000", "ROAD_NO": "-", "ROAD_NAME": "녹산산단165로", "ROAD_USE": "0", "MULTI_LINK": "0", "CONNECT": "0", "MAX_SPD": 60, "REST_VEH": "0", "REST_W": 0, "REST_H": 0, "C-ITS": "0", "LENGTH": 219.080728276179, "UPDATEDATE": "20250512", "REMARK": null, "HIST_TYPE": "LINK0003", "HISTREMARK": null, "link_stats_import_fid": 1145, "link_stats_import_vehicle_count": 1.0, "link_stats_import_avg_speed": 6.24, "link_stats_import_sum_weight_kg": 1000.0}, "geometry": {"type": "MultiLineString", "coordinates": [[[128.83800280106232, 35.09674821057173], [128.8356009413529, 35.096756781553445]]]}}, {"type": "Feature", "properties": {"LINK_ID": "1410704900", "F_NODE": "1410277702", "T_NODE": "4180123501", "LANES": 2, "ROAD_RANK": "104", "ROAD_TYPE": "000", "ROAD_NO": "-", "ROAD_NAME": "-", "ROAD_USE": "0", "MULTI_LINK": "0", "CONNECT": "0", "MAX_SPD": 30, "REST_VEH": "0", "REST_W": 0, "REST_H": 0, "C-ITS": "0", "LENGTH": 487.456554947485, "UPDATEDATE": "20250512", "REMARK": "도로명없음", "HIST_TYPE": "LINK0003", "HISTREMARK": null, "link_stats_import_fid": 569, "link_stats_import_vehicle_count": 8.0, "link_stats_import_avg_speed": 8.02, "link_stats_import_sum_weight_kg": 12550.0}, "geometry": {"type": "MultiLineString", "coordinates": [[[128.8297332920597, 35.08807913890981], [128.82939811906053, 35.08808130993244], [128.82723178592033, 35.08809531960841], [128.82521924067993, 35.088103077136864], [128.8251211246192, 35.08810218467404], [128.8243897787756, 35.08809552985405]]]}}, {"type": "Feature", "properties": {"LINK_ID": "4180124100", "F_NODE": "4180122502", "T_NODE": "4180122703", "LANES": 2, "ROAD_RANK": "107", "ROAD_TYPE": "000", "ROAD_NO": "-", "ROAD_NAME": "용재로", "ROAD_USE": "0", "MULTI_LINK": "0", "CONNECT": "0", "MAX_SPD": 60, "REST_VEH": "0", "REST_W": 0, "REST_H": 0, "C-ITS": "0", "LENGTH": 47.595578345548, "UPDATEDATE": "20250512", "REMARK": null, "HIST_TYPE": "LINK0003", "HISTREMARK": null, "link_stats_import_fid": null, "link_stats_import_vehicle_count": null, "link_stats_import_avg_speed": null, "link_stats_import_sum_weight_kg": null}, "geometry": {"type": "MultiLineString", "coordinates": [[[128.82105974981076, 35.10015442695279], [128.82156548839083, 35.100048726039624]]]}}, {"type": "Feature", "properties": {"LINK_ID": "1411060800", "F_NODE": "1410287403", "T_NODE": "1410401404", "LANES": 2, "ROAD_RANK": "104", "ROAD_TYPE": "000", "ROAD_NO": "-", "ROAD_NAME": "만금로", "ROAD_USE": "0", "MULTI_LINK": "0", "CONNECT": "0", "MAX_SPD": 40, "REST_VEH": "0", "REST_W": 0, "REST_H": 0, "C-ITS": "0", "LENGTH": 183.787503580665, "UPDATEDATE": "20250512", "REMARK": null, "HIST_TYPE": "LINK0006", "HISTREMARK": null, "link_stats_import_fid": 214, "link_stats_import_vehicle_count": 54.0, "link_stats_import_avg_speed": 14.12, "link_stats_import_sum_weight_kg": 65304.0}, "geometry": {"type": "MultiLineString", "coordinates": [[[128.8230926225452, 35.10053066784988], [128.82254501642802, 35.09909692739159], [128.8224804601514, 35.09895307548492]]]}}, {"type": "Feature", "properties": {"LINK_ID": "1410087801", "F_NODE": "1410031602", "T_NODE": "1410031601", "LANES": 3, "ROAD_RANK": "105", "ROAD_TYPE": "000", "ROAD_NO": "58", "ROAD_NAME": "가락대로", "ROAD_USE": "0", "MULTI_LINK": "0", "CONNECT": "0", "MAX_SPD": 60, "REST_VEH": "0", "REST_W": 0, "REST_H": 0, "C-ITS": "0", "LENGTH": 13.318606665674, "UPDATEDATE": "20250512", "REMARK": null, "HIST_TYPE": "LINK0001", "HISTREMARK": null, "link_stats_import_fid": 832, "link_stats_import_vehicle_count": 3.0, "link_stats_import_avg_speed": 11.54, "link_stats_import_sum_weight_kg": 0.0}, "geometry": {"type": "MultiLineString", "coordinates": [[[128.83948317618191, 35.09951969334546], [128.83948282134816, 35.09963970114201]]]}}, {"type": "Feature", "properties": {"LINK_ID": "1410064500", "F_NODE": "1410025202", "T_NODE": "1410022503", "LANES": 2, "ROAD_RANK": "104", "ROAD_TYPE": "000", "ROAD_NO": "-", "ROAD_NAME": "녹산산업중로", "ROAD_USE": "0", "MULTI_LINK": "0", "CONNECT": "0", "MAX_SPD": 50, "REST_VEH": "0", "REST_W": 0, "REST_H": 0, "C-ITS": "0", "LENGTH": 243.262139709137, "UPDATEDATE": "20250512", "REMARK": null, "HIST_TYPE": "LINK0003", "HISTREMARK": null, "link_stats_import_fid": null, "link_stats_import_vehicle_count": null, "link_stats_import_avg_speed": null, "link_stats_import_sum_weight_kg": null}, "geometry": {"type": "MultiLineString", "coordinates": [[[128.83202877618388, 35.09445714112383], [128.8330019872628, 35.09365799118367], [128.833009987827, 35.09365199159219], [128.83302398774427, 35.093646991742226], [128.8335139882487, 35.09348199127754], [128.833799987765, 35.093420991195806], [128.83381498744285, 35.09341799214122], [128.83423921860026, 35.09340214846756]]]}}, {"type": "Feature", "properties": {"LINK_ID": "4180069101", "F_NODE": "4180092103", "T_NODE": "4180092102", "LANES": 3, "ROAD_RANK": "107", "ROAD_TYPE": "000", "ROAD_NO": "-", "ROAD_NAME": "신항8로", "ROAD_USE": "0", "MULTI_LINK": "0", "CONNECT": "0", "MAX_SPD": 60, "REST_VEH": "0", "REST_W": 0, "REST_H": 0, "C-ITS": "0", "LENGTH": 12.000291437286, "UPDATEDATE": "20250512", "REMARK": null, "HIST_TYPE": "LINK0001", "HISTREMARK": null, "link_stats_import_fid": 987, "link_stats_import_vehicle_count": 2.0, "link_stats_import_avg_speed": 9.17, "link_stats_import_sum_weight_kg": 0.0}, "geometry": {"type": "MultiLineString", "coordinates": [[[128.77662365928788, 35.08689244321104], [128.77675520728894, 35.086891624597904]]]}}, {"type": "Feature", "properties": {"LINK_ID": "4180034700", "F_NODE": "4180101203", "T_NODE": "4180011401", "LANES": 4, "ROAD_RANK": "107", "ROAD_TYPE": "000", "ROAD_NO": "-", "ROAD_NAME": "신항로", "ROAD_USE": "0", "MULTI_LINK": "0", "CONNECT": "0", "MAX_SPD": 60, "REST_VEH": "0", "REST_W": 0, "REST_H": 0, "C-ITS": "0", "LENGTH": 203.05972558842, "UPDATEDATE": "20250512", "REMARK": null, "HIST_TYPE": "LINK0003", "HISTREMARK": null, "link_stats_import_fid": 5, "link_stats_import_vehicle_count": 586.0, "link_stats_import_avg_speed": 8.55, "link_stats_import_sum_weight_kg": 5279561.0}, "geometry": {"type": "MultiLineString", "coordinates": [[[128.79624055996726, 35.08310380951644], [128.79625958591197, 35.08230620137951], [128.79632955052048, 35.082128968155025], [128.79646050204934, 35.08201257193602], [128.7966292264385, 35.081946959185366], [128.79679351574356, 35.08191957948835], [128.79727507399437, 35.08191958256784]]]}}, {"type": "Feature", "properties": {"LINK_ID": "4180066700", "F_NODE": "4180113402", "T_NODE": "4180119403", "LANES": 4, "ROAD_RANK": "107", "ROAD_TYPE": "000", "ROAD_NO": "-", "ROAD_NAME": "신항북로", "ROAD_USE": "0", "MULTI_LINK": "0", "CONNECT": "0", "MAX_SPD": 70, "REST_VEH": "0", "REST_W": 0, "REST_H": 0, "C-ITS": "0", "LENGTH": 353.558333660114, "UPDATEDATE": "20250512", "REMARK": null, "HIST_TYPE": "LINK0003", "HISTREMARK": null, "link_stats_import_fid": 139, "link_stats_import_vehicle_count": 101.0, "link_stats_import_avg_speed": 13.22, "link_stats_import_sum_weight_kg": 295114.0}, "geometry": {"type": "MultiLineString", "coordinates": [[[128.81434915525227, 35.085998950871556], [128.8162851142817, 35.086003862012454], [128.81822488726934, 35.0860019280925]]]}}, {"type": "Feature", "properties": {"LINK_ID": "1410000802", "F_NODE": "4180124102", "T_NODE": "1410000214", "LANES": 4, "ROAD_RANK": "105", "ROAD_TYPE": "000", "ROAD_NO": "58", "ROAD_NAME": "가락대로", "ROAD_USE": "0", "MULTI_LINK": "0", "CONNECT": "0", "MAX_SPD": 60, "REST_VEH": "0", "REST_W": 0, "REST_H": 0, "C-ITS": "0", "LENGTH": 116.293918438489, "UPDATEDATE": "20250512", "REMARK": null, "HIST_TYPE": "LINK0003", "HISTREMARK": null, "link_stats_import_fid": 337, "link_stats_import_vehicle_count": 20.0, "link_stats_import_avg_speed": 10.92, "link_stats_import_sum_weight_kg": 39920.0}, "geometry": {"type": "MultiLineString", "coordinates": [[[128.8394940911818, 35.10509019016393], [128.83942698740216, 35.104618991084564], [128.8394309867561, 35.10427399161135], [128.8394561695898, 35.10404648813913]]]}}, {"type": "Feature", "properties": {"LINK_ID": "4180082002", "F_NODE": "4180091104", "T_NODE": "4180091103", "LANES": 3, "ROAD_RANK": "107", "ROAD_TYPE": "000", "ROAD_NO": "-", "ROAD_NAME": "신항6로", "ROAD_USE": "0", "MULTI_LINK": "0", "CONNECT": "0", "MAX_SPD": 60, "REST_VEH": "0", "REST_W": 0, "REST_H": 0, "C-ITS": "0", "LENGTH": 12.000929689118, "UPDATEDATE": "20250512", "REMARK": null, "HIST_TYPE": "LINK0001", "HISTREMARK": null, "link_stats_import_fid": 1266, "link_stats_import_vehicle_count": 1.0, "link_stats_import_avg_speed": 5.67, "link_stats_import_sum_weight_kg": 0.0}, "geometry": {"type": "MultiLineString", "coordinates": [[[128.77426967106598, 35.09136605569532], [128.7742705020028, 35.09125791996279]]]}}, {"type": "Feature", "properties": {"LINK_ID": "4180131100", "F_NODE": "4180106104", "T_NODE": "4180105101", "LANES": 2, "ROAD_RANK": "107", "ROAD_TYPE": "000", "ROAD_NO": "-", "ROAD_NAME": "안청남로", "ROAD_USE": "0", "MULTI_LINK": "0", "CONNECT": "0", "MAX_SPD": 60, "REST_VEH": "0", "REST_W": 0, "REST_H": 0, "C-ITS": "0", "LENGTH": 93.386919717833, "UPDATEDATE": "20250512", "REMARK": null, "HIST_TYPE": "LINK0003", "HISTREMARK": null, "link_stats_import_fid": null, "link_stats_import_vehicle_count": null, "link_stats_import_avg_speed": null, "link_stats_import_sum_weight_kg": null}, "geometry": {"type": "MultiLineString", "coordinates": [[[128.80628853031516, 35.10130477970508], [128.80526532656032, 35.101336084938026]]]}}, {"type": "Feature", "properties": {"LINK_ID": "4180076901", "F_NODE": "4180122802", "T_NODE": "4180122801", "LANES": 3, "ROAD_RANK": "107", "ROAD_TYPE": "000", "ROAD_NO": "-", "ROAD_NAME": "신항동로", "ROAD_USE": "0", "MULTI_LINK": "0", "CONNECT": "0", "MAX_SPD": 50, "REST_VEH": "0", "REST_W": 0, "REST_H": 0, "C-ITS": "0", "LENGTH": 12.000358125503, "UPDATEDATE": "20250512", "REMARK": null, "HIST_TYPE": "LINK0001", "HISTREMARK": null, "link_stats_import_fid": 1249, "link_stats_import_vehicle_count": 1.0, "link_stats_import_avg_speed": 11.72, "link_stats_import_sum_weight_kg": 18045.0}, "geometry": {"type": "MultiLineString", "coordinates": [[[128.82178332624832, 35.08992722110547], [128.82187496652583, 35.09000480153347]]]}}, {"type": "Feature", "properties": {"LINK_ID": "4180141700", "F_NODE": "4180086802", "T_NODE": "4180087103", "LANES": 2, "ROAD_RANK": "107", "ROAD_TYPE": "000", "ROAD_NO": "-", "ROAD_NAME": "남영로", "ROAD_USE": "0", "MULTI_LINK": "0", "CONNECT": "0", "MAX_SPD": 60, "REST_VEH": "0", "REST_W": 0, "REST_H": 0, "C-ITS": "0", "LENGTH": 98.745098953591, "UPDATEDATE": "20250512", "REMARK": null, "HIST_TYPE": "LINK0003", "HISTREMARK": null, "link_stats_import_fid": null, "link_stats_import_vehicle_count": null, "link_stats_import_avg_speed": null, "link_stats_import_sum_weight_kg": null}, "geometry": {"type": "MultiLineString", "coordinates": [[[128.75860733401748, 35.10394873561168], [128.75923185435852, 35.1036943120078], [128.7596040390676, 35.10363442483707], [128.75961030827526, 35.103633312338076]]]}}, {"type": "Feature", "properties": {"LINK_ID": "1410041401", "F_NODE": "1410015404", "T_NODE": "1410015403", "LANES": 2, "ROAD_RANK": "104", "ROAD_TYPE": "000", "ROAD_NO": "-", "ROAD_NAME": "녹산산단261로", "ROAD_USE": "0", "MULTI_LINK": "0", "CONNECT": "0", "MAX_SPD": 50, "REST_VEH": "0", "REST_W": 0, "REST_H": 0, "C-ITS": "0", "LENGTH": 13.317845758933, "UPDATEDATE": "20250512", "REMARK": null, "HIST_TYPE": "LINK0001", "HISTREMARK": null, "link_stats_import_fid": 469, "link_stats_import_vehicle_count": 11.0, "link_stats_import_avg_speed": 11.52, "link_stats_import_sum_weight_kg": 29860.0}, "geometry": {"type": "MultiLineString", "coordinates": [[[128.84597782904422, 35.08902295700341], [128.8459780950791, 35.08890295600258]]]}}, {"type": "Feature", "properties": {"LINK_ID": "4180118201", "F_NODE": "4180110101", "T_NODE": "4180110104", "LANES": 2, "ROAD_RANK": "107", "ROAD_TYPE": "000", "ROAD_NO": "-", "ROAD_NAME": "용원로", "ROAD_USE": "0", "MULTI_LINK": "0", "CONNECT": "0", "MAX_SPD": 60, "REST_VEH": "0", "REST_W": 0, "REST_H": 0, "C-ITS": "0", "LENGTH": 11.229507682667, "UPDATEDATE": "20250512", "REMARK": null, "HIST_TYPE": "LINK0001", "HISTREMARK": null, "link_stats_import_fid": null, "link_stats_import_vehicle_count": null, "link_stats_import_avg_speed": null, "link_stats_import_sum_weight_kg": null}, "geometry": {"type": "MultiLineString", "coordinates": [[[128.8129439795933, 35.099912159514254], [128.81282459938043, 35.09993690943598]]]}}, {"type": "Feature", "properties": {"LINK_ID": "4180097600", "F_NODE": "4180106704", "T_NODE": "4180190000", "LANES": 2, "ROAD_RANK": "107", "ROAD_TYPE": "000", "ROAD_NO": "-", "ROAD_NAME": "안골로", "ROAD_USE": "0", "MULTI_LINK": "0", "CONNECT": "0", "MAX_SPD": 30, "REST_VEH": "0", "REST_W": 0, "REST_H": 0, "C-ITS": "0", "LENGTH": 115.763282257266, "UPDATEDATE": "20250512", "REMARK": null, "HIST_TYPE": "LINK0003", "HISTREMARK": null, "link_stats_import_fid": null, "link_stats_import_vehicle_count": null, "link_stats_import_avg_speed": null, "link_stats_import_sum_weight_kg": null}, "geometry": {"type": "MultiLineString", "coordinates": [[[128.806578232332, 35.09883334566264], [128.80557197429715, 35.09819762390888]]]}}, {"type": "Feature", "properties": {"LINK_ID": "4180118300", "F_NODE": "4180110102", "T_NODE": "4180113103", "LANES": 2, "ROAD_RANK": "107", "ROAD_TYPE": "000", "ROAD_NO": "-", "ROAD_NAME": "용원로", "ROAD_USE": "0", "MULTI_LINK": "0", "CONNECT": "0", "MAX_SPD": 60, "REST_VEH": "0", "REST_W": 0, "REST_H": 0, "C-ITS": "0", "LENGTH": 144.743940909339, "UPDATEDATE": "20250512", "REMARK": null, "HIST_TYPE": "LINK0006", "HISTREMARK": null, "link_stats_import_fid": 912, "link_stats_import_vehicle_count": 3.0, "link_stats_import_avg_speed": 9.92, "link_stats_import_sum_weight_kg": 32220.0}, "geometry": {"type": "MultiLineString", "coordinates": [[[128.8129046342051, 35.099797280993975], [128.813773635954, 35.09962048989732], [128.81389298886583, 35.09959691672192], [128.81444679054957, 35.099489623215675]]]}}, {"type": "Feature", "properties": {"LINK_ID": "4180072602", "F_NODE": "4180113004", "T_NODE": "4180113003", "LANES": 3, "ROAD_RANK": "107", "ROAD_TYPE": "000", "ROAD_NO": "-", "ROAD_NAME": "-", "ROAD_USE": "0", "MULTI_LINK": "0", "CONNECT": "0", "MAX_SPD": 70, "REST_VEH": "0", "REST_W": 0, "REST_H": 0, "C-ITS": "0", "LENGTH": 12.005198237853, "UPDATEDATE": "20250512", "REMARK": "도로명없음", "HIST_TYPE": "LINK0001", "HISTREMARK": null, "link_stats_import_fid": null, "link_stats_import_vehicle_count": null, "link_stats_import_avg_speed": null, "link_stats_import_sum_weight_kg": null}, "geometry": {"type": "MultiLineString", "coordinates": [[[128.81418773722748, 35.08805581353647], [128.81418891123243, 35.08794764301948]]]}}, {"type": "Feature", "properties": {"LINK_ID": "1410092200", "F_NODE": "1410030601", "T_NODE": "1410032202", "LANES": 2, "ROAD_RANK": "104", "ROAD_TYPE": "000", "ROAD_NO": "-", "ROAD_NAME": "녹산산단27로", "ROAD_USE": "0", "MULTI_LINK": "0", "CONNECT": "0", "MAX_SPD": 50, "REST_VEH": "0", "REST_W": 0, "REST_H": 0, "C-ITS": "0", "LENGTH": 201.879550407797, "UPDATEDATE": "20250512", "REMARK": null, "HIST_TYPE": "LINK0003", "HISTREMARK": null, "link_stats_import_fid": 1162, "link_stats_import_vehicle_count": 1.0, "link_stats_import_avg_speed": 5.74, "link_stats_import_sum_weight_kg": 0.0}, "geometry": {"type": "MultiLineString", "coordinates": [[[128.82694596393995, 35.09872074423701], [128.8275869870166, 35.09925799146127], [128.82851298039168, 35.10000531779106]]]}}, {"type": "Feature", "properties": {"LINK_ID": "1410030200", "F_NODE": "1410012001", "T_NODE": "1410013702", "LANES": 3, "ROAD_RANK": "105", "ROAD_TYPE": "000", "ROAD_NO": "58", "ROAD_NAME": "가락대로", "ROAD_USE": "0", "MULTI_LINK": "0", "CONNECT": "0", "MAX_SPD": 60, "REST_VEH": "0", "REST_W": 0, "REST_H": 0, "C-ITS": "0", "LENGTH": 225.866492275805, "UPDATEDATE": "20250512", "REMARK": null, "HIST_TYPE": "LINK0003", "HISTREMARK": null, "link_stats_import_fid": 407, "link_stats_import_vehicle_count": 14.0, "link_stats_import_avg_speed": 10.76, "link_stats_import_sum_weight_kg": 9750.0}, "geometry": {"type": "MultiLineString", "coordinates": [[[128.83952382354607, 35.085744900156016], [128.83951815455518, 35.08778008324731]]]}}, {"type": "Feature", "properties": {"LINK_ID": "4180064200", "F_NODE": "4180119403", "T_NODE": "4180119504", "LANES": 3, "ROAD_RANK": "107", "ROAD_TYPE": "000", "ROAD_NO": "-", "ROAD_NAME": "신항4로", "ROAD_USE": "0", "MULTI_LINK": "0", "CONNECT": "0", "MAX_SPD": 60, "REST_VEH": "0", "REST_W": 0, "REST_H": 0, "C-ITS": "0", "LENGTH": 156.45530296627, "UPDATEDATE": "20250512", "REMARK": null, "HIST_TYPE": "LINK0003", "HISTREMARK": null, "link_stats_import_fid": 105, "link_stats_import_vehicle_count": 149.0, "link_stats_import_avg_speed": 7.8, "link_stats_import_sum_weight_kg": 581703.0}, "geometry": {"type": "MultiLineString", "coordinates": [[[128.81822488726934, 35.0860019280925], [128.81821467283618, 35.084592188267806]]]}}, {"type": "Feature", "properties": {"LINK_ID": "1410704800", "F_NODE": "4180123801", "T_NODE": "1410024307", "LANES": 3, "ROAD_RANK": "104", "ROAD_TYPE": "000", "ROAD_NO": "-", "ROAD_NAME": "신항동로", "ROAD_USE": "0", "MULTI_LINK": "0", "CONNECT": "0", "MAX_SPD": 50, "REST_VEH": "0", "REST_W": 0, "REST_H": 0, "C-ITS": "0", "LENGTH": 272.323443308599, "UPDATEDATE": "20250512", "REMARK": null, "HIST_TYPE": "LINK0003", "HISTREMARK": null, "link_stats_import_fid": 122, "link_stats_import_vehicle_count": 123.0, "link_stats_import_avg_speed": 9.02, "link_stats_import_sum_weight_kg": 320150.0}, "geometry": {"type": "MultiLineString", "coordinates": [[[128.82473282956863, 35.09239827539449], [128.8249966567328, 35.09262581226992], [128.82605269348025, 35.093501959490865], [128.8267908853966, 35.09417507320601]]]}}, {"type": "Feature", "properties": {"LINK_ID": "1410041200", "F_NODE": "1410015504", "T_NODE": "1410015401", "LANES": 3, "ROAD_RANK": "104", "ROAD_TYPE": "000", "ROAD_NO": "-", "ROAD_NAME": "녹산산업대로", "ROAD_USE": "0", "MULTI_LINK": "0", "CONNECT": "0", "MAX_SPD": 70, "REST_VEH": "0", "REST_W": 0, "REST_H": 0, "C-ITS": "0", "LENGTH": 280.048471143139, "UPDATEDATE": "20250512", "REMARK": null, "HIST_TYPE": "LINK0003", "HISTREMARK": null, "link_stats_import_fid": 206, "link_stats_import_vehicle_count": 56.0, "link_stats_import_avg_speed": 13.71, "link_stats_import_sum_weight_kg": 85918.0}, "geometry": {"type": "MultiLineString", "coordinates": [[[128.84916782656546, 35.08902593618438], [128.84609783134368, 35.089023049133864]]]}}, {"type": "Feature", "properties": {"LINK_ID": "4180083901", "F_NODE": "4180122901", "T_NODE": "4180122904", "LANES": 3, "ROAD_RANK": "107", "ROAD_TYPE": "000", "ROAD_NO": "-", "ROAD_NAME": "신항3로", "ROAD_USE": "0", "MULTI_LINK": "0", "CONNECT": "0", "MAX_SPD": 70, "REST_VEH": "0", "REST_W": 0, "REST_H": 0, "C-ITS": "0", "LENGTH": 11.999937599114, "UPDATEDATE": "20250512", "REMARK": null, "HIST_TYPE": "LINK0001", "HISTREMARK": null, "link_stats_import_fid": null, "link_stats_import_vehicle_count": null, "link_stats_import_avg_speed": null, "link_stats_import_sum_weight_kg": null}, "geometry": {"type": "MultiLineString", "coordinates": [[[128.8220186005242, 35.09174223443232], [128.82192427064143, 35.09181760182965]]]}}, {"type": "Feature", "properties": {"LINK_ID": "4180079101", "F_NODE": "4180123202", "T_NODE": "4180123201", "LANES": 3, "ROAD_RANK": "107", "ROAD_TYPE": "000", "ROAD_NO": "-", "ROAD_NAME": "신항동로", "ROAD_USE": "0", "MULTI_LINK": "0", "CONNECT": "0", "MAX_SPD": 50, "REST_VEH": "0", "REST_W": 0, "REST_H": 0, "C-ITS": "0", "LENGTH": 11.999996802553, "UPDATEDATE": "20250512", "REMARK": null, "HIST_TYPE": "LINK0001", "HISTREMARK": null, "link_stats_import_fid": 556, "link_stats_import_vehicle_count": 9.0, "link_stats_import_avg_speed": 6.72, "link_stats_import_sum_weight_kg": 19460.0}, "geometry": {"type": "MultiLineString", "coordinates": [[[128.82291991218884, 35.090869724227424], [128.82301198525667, 35.090946953905544]]]}}, {"type": "Feature", "properties": {"LINK_ID": "4180136601", "F_NODE": "4180117001", "T_NODE": "4180117004", "LANES": 3, "ROAD_RANK": "103", "ROAD_TYPE": "000", "ROAD_NO": "2", "ROAD_NAME": "진해대로", "ROAD_USE": "0", "MULTI_LINK": "0", "CONNECT": "0", "MAX_SPD": 70, "REST_VEH": "0", "REST_W": 0, "REST_H": 0, "C-ITS": "0", "LENGTH": 11.109482245304, "UPDATEDATE": "20250512", "REMARK": null, "HIST_TYPE": "LINK0001", "HISTREMARK": null, "link_stats_import_fid": null, "link_stats_import_vehicle_count": null, "link_stats_import_avg_speed": null, "link_stats_import_sum_weight_kg": null}, "geometry": {"type": "MultiLineString", "coordinates": [[[128.8171975354725, 35.10252695621392], [128.8170790093946, 35.10255003620481]]]}}, {"type": "Feature", "properties": {"LINK_ID": "4180079000", "F_NODE": "4180122403", "T_NODE": "4180118901", "LANES": 2, "ROAD_RANK": "107", "ROAD_TYPE": "000", "ROAD_NO": "-", "ROAD_NAME": "신항2로", "ROAD_USE": "0", "MULTI_LINK": "0", "CONNECT": "0", "MAX_SPD": 60, "REST_VEH": "0", "REST_W": 0, "REST_H": 0, "C-ITS": "0", "LENGTH": 243.571419034798, "UPDATEDATE": "20250512", "REMARK": null, "HIST_TYPE": "LINK0003", "HISTREMARK": null, "link_stats_import_fid": 1004, "link_stats_import_vehicle_count": 2.0, "link_stats_import_avg_speed": 7.52, "link_stats_import_sum_weight_kg": 1000.0}, "geometry": {"type": "MultiLineString", "coordinates": [[[128.82070088421895, 35.09079408484821], [128.82006022716598, 35.090273036794215], [128.81997357261866, 35.09022004869144], [128.8198622733825, 35.09017056584502], [128.8197372458888, 35.09012933322535], [128.81961783963743, 35.090103579169664], [128.8194618240943, 35.09009459906458], [128.81851804220761, 35.09010037100828], [128.8183426371136, 35.09011223026285]]]}}, {"type": "Feature", "properties": {"LINK_ID": "1410074000", "F_NODE": "1410025204", "T_NODE": "1410025901", "LANES": 2, "ROAD_RANK": "104", "ROAD_TYPE": "000", "ROAD_NO": "-", "ROAD_NAME": "녹산산업중로", "ROAD_USE": "0", "MULTI_LINK": "0", "CONNECT": "0", "MAX_SPD": 50, "REST_VEH": "0", "REST_W": 0, "REST_H": 0, "C-ITS": "0", "LENGTH": 159.088703337849, "UPDATEDATE": "20250512", "REMARK": null, "HIST_TYPE": "LINK0003", "HISTREMARK": null, "link_stats_import_fid": null, "link_stats_import_vehicle_count": null, "link_stats_import_avg_speed": null, "link_stats_import_sum_weight_kg": null}, "geometry": {"type": "MultiLineString", "coordinates": [[[128.83202805614306, 35.094612149074266], [128.8307944026533, 35.0956254740762]]]}}, {"type": "Feature", "properties": {"LINK_ID": "1410088200", "F_NODE": "1410029502", "T_NODE": "1410029603", "LANES": 2, "ROAD_RANK": "104", "ROAD_TYPE": "000", "ROAD_NO": "-", "ROAD_NAME": "녹산산업북로", "ROAD_USE": "0", "MULTI_LINK": "0", "CONNECT": "0", "MAX_SPD": 50, "REST_VEH": "0", "REST_W": 0, "REST_H": 0, "C-ITS": "0", "LENGTH": 290.508701220577, "UPDATEDATE": "20250512", "REMARK": null, "HIST_TYPE": "LINK0003", "HISTREMARK": null, "link_stats_import_fid": 956, "link_stats_import_vehicle_count": 2.0, "link_stats_import_avg_speed": 9.74, "link_stats_import_sum_weight_kg": 1000.0}, "geometry": {"type": "MultiLineString", "coordinates": [[[128.84277013481992, 35.0979231564318], [128.84595513391398, 35.097931828728484]]]}}, {"type": "Feature", "properties": {"LINK_ID": "1410704901", "F_NODE": "4180123501", "T_NODE": "4180123504", "LANES": 2, "ROAD_RANK": "104", "ROAD_TYPE": "000", "ROAD_NO": "-", "ROAD_NAME": "-", "ROAD_USE": "0", "MULTI_LINK": "0", "CONNECT": "0", "MAX_SPD": 30, "REST_VEH": "0", "REST_W": 0, "REST_H": 0, "C-ITS": "0", "LENGTH": 12.001642378345, "UPDATEDATE": "20250512", "REMARK": "도로명없음", "HIST_TYPE": "LINK0001", "HISTREMARK": null, "link_stats_import_fid": 570, "link_stats_import_vehicle_count": 8.0, "link_stats_import_avg_speed": 11.67, "link_stats_import_sum_weight_kg": 31425.0}, "geometry": {"type": "MultiLineString", "coordinates": [[[128.8243897787756, 35.08809552985405], [128.8242582133646, 35.088095154832025]]]}}, {"type": "Feature", "properties": {"LINK_ID": "4180089001", "F_NODE": "4180090201", "T_NODE": "4180090204", "LANES": 4, "ROAD_RANK": "107", "ROAD_TYPE": "000", "ROAD_NO": "-", "ROAD_NAME": "신항북로", "ROAD_USE": "0", "MULTI_LINK": "0", "CONNECT": "0", "MAX_SPD": 80, "REST_VEH": "0", "REST_W": 0, "REST_H": 0, "C-ITS": "0", "LENGTH": 12.00008964352, "UPDATEDATE": "20250512", "REMARK": null, "HIST_TYPE": "LINK0001", "HISTREMARK": null, "link_stats_import_fid": 901, "link_stats_import_vehicle_count": 3.0, "link_stats_import_avg_speed": 6.08, "link_stats_import_sum_weight_kg": 0.0}, "geometry": {"type": "MultiLineString", "coordinates": [[[128.76994427780832, 35.09414628330616], [128.76981271627062, 35.094146257695705]]]}}, {"type": "Feature", "properties": {"LINK_ID": "1410076500", "F_NODE": "1410027303", "T_NODE": "1410025903", "LANES": 2, "ROAD_RANK": "104", "ROAD_TYPE": "000", "ROAD_NO": "-", "ROAD_NAME": "녹산산업중로", "ROAD_USE": "0", "MULTI_LINK": "0", "CONNECT": "0", "MAX_SPD": 50, "REST_VEH": "0", "REST_W": 0, "REST_H": 0, "C-ITS": "0", "LENGTH": 131.828514952349, "UPDATEDATE": "20250512", "REMARK": null, "HIST_TYPE": "LINK0003", "HISTREMARK": null, "link_stats_import_fid": null, "link_stats_import_vehicle_count": null, "link_stats_import_avg_speed": null, "link_stats_import_sum_weight_kg": null}, "geometry": {"type": "MultiLineString", "coordinates": [[[128.8295839196687, 35.09646382423065], [128.83060601437043, 35.09562398494334]]]}}, {"type": "Feature", "properties": {"LINK_ID": "1410195301", "F_NODE": "1410862600", "T_NODE": "1410071606", "LANES": 2, "ROAD_RANK": "105", "ROAD_TYPE": "000", "ROAD_NO": "58", "ROAD_NAME": "거가대로", "ROAD_USE": "0", "MULTI_LINK": "0", "CONNECT": "0", "MAX_SPD": 80, "REST_VEH": "5", "REST_W": 0, "REST_H": 0, "C-ITS": "0", "LENGTH": 320.357679277156, "UPDATEDATE": "20250512", "REMARK": null, "HIST_TYPE": "LINK1007", "HISTREMARK": "1410195300", "link_stats_import_fid": 704, "link_stats_import_vehicle_count": 5.0, "link_stats_import_avg_speed": 22.97, "link_stats_import_sum_weight_kg": 0.0}, "geometry": {"type": "MultiLineString", "coordinates": [[[128.8260497141444, 35.051861168136696], [128.82605507972087, 35.0519680724256], [128.82617223830925, 35.0527154597763], [128.82641079367258, 35.05354314672772], [128.82673640722504, 35.05430713847321], [128.82688739052264, 35.054651333989625]]]}}, {"type": "Feature", "properties": {"LINK_ID": "4180060300", "F_NODE": "4180098204", "T_NODE": "4180097602", "LANES": 3, "ROAD_RANK": "107", "ROAD_TYPE": "000", "ROAD_NO": "-", "ROAD_NAME": "신항로", "ROAD_USE": "0", "MULTI_LINK": "0", "CONNECT": "0", "MAX_SPD": 60, "REST_VEH": "0", "REST_W": 0, "REST_H": 0, "C-ITS": "0", "LENGTH": 24.8208972399, "UPDATEDATE": "20250512", "REMARK": null, "HIST_TYPE": "LINK0003", "HISTREMARK": null, "link_stats_import_fid": 194, "link_stats_import_vehicle_count": 61.0, "link_stats_import_avg_speed": 8.47, "link_stats_import_sum_weight_kg": 427183.0}, "geometry": {"type": "MultiLineString", "coordinates": [[[128.78721273148213, 35.08317369430533], [128.78694066686563, 35.08317627695408]]]}}, {"type": "Feature", "properties": {"LINK_ID": "4180098101", "F_NODE": "4180104402", "T_NODE": "4180104401", "LANES": 2, "ROAD_RANK": "107", "ROAD_TYPE": "000", "ROAD_NO": "-", "ROAD_NAME": "안청로", "ROAD_USE": "0", "MULTI_LINK": "0", "CONNECT": "0", "MAX_SPD": 60, "REST_VEH": "0", "REST_W": 0, "REST_H": 0, "C-ITS": "0", "LENGTH": 12.53240611138, "UPDATEDATE": "20250512", "REMARK": null, "HIST_TYPE": "LINK0001", "HISTREMARK": null, "link_stats_import_fid": null, "link_stats_import_vehicle_count": null, "link_stats_import_avg_speed": null, "link_stats_import_sum_weight_kg": null}, "geometry": {"type": "MultiLineString", "coordinates": [[[128.80464581986763, 35.097470056319686], [128.80456207875775, 35.09755958532121]]]}}, {"type": "Feature", "properties": {"LINK_ID": "4180076800", "F_NODE": "4180119004", "T_NODE": "4180117304", "LANES": 3, "ROAD_RANK": "107", "ROAD_TYPE": "000", "ROAD_NO": "-", "ROAD_NAME": "신항동로", "ROAD_USE": "0", "MULTI_LINK": "0", "CONNECT": "0", "MAX_SPD": 50, "REST_VEH": "0", "REST_W": 0, "REST_H": 0, "C-ITS": "0", "LENGTH": 129.208205956261, "UPDATEDATE": "20250512", "REMARK": null, "HIST_TYPE": "LINK0003", "HISTREMARK": null, "link_stats_import_fid": 488, "link_stats_import_vehicle_count": 11.0, "link_stats_import_avg_speed": 11.67, "link_stats_import_sum_weight_kg": 18700.0}, "geometry": {"type": "MultiLineString", "coordinates": [[[128.8182150773464, 35.08895646701068], [128.81693019312786, 35.08895340242919], [128.81679863928403, 35.08895308909364]]]}}, {"type": "Feature", "properties": {"LINK_ID": "4180070000", "F_NODE": "4180113003", "T_NODE": "4180113204", "LANES": 3, "ROAD_RANK": "107", "ROAD_TYPE": "000", "ROAD_NO": "-", "ROAD_NAME": "-", "ROAD_USE": "0", "MULTI_LINK": "0", "CONNECT": "0", "MAX_SPD": 70, "REST_VEH": "0", "REST_W": 0, "REST_H": 0, "C-ITS": "0", "LENGTH": 107.155224400837, "UPDATEDATE": "20250512", "REMARK": "도로명없음", "HIST_TYPE": "LINK0003", "HISTREMARK": null, "link_stats_import_fid": 607, "link_stats_import_vehicle_count": 7.0, "link_stats_import_avg_speed": 11.51, "link_stats_import_sum_weight_kg": 8550.0}, "geometry": {"type": "MultiLineString", "coordinates": [[[128.81418891123243, 35.08794764301948], [128.81421049899635, 35.086982266162664]]]}}, {"type": "Feature", "properties": {"LINK_ID": "4180075701", "F_NODE": "4180106902", "T_NODE": "4180106901", "LANES": 2, "ROAD_RANK": "107", "ROAD_TYPE": "000", "ROAD_NO": "-", "ROAD_NAME": "신항5로", "ROAD_USE": "0", "MULTI_LINK": "0", "CONNECT": "0", "MAX_SPD": 50, "REST_VEH": "0", "REST_W": 0, "REST_H": 0, "C-ITS": "0", "LENGTH": 12.000076791129, "UPDATEDATE": "20250512", "REMARK": null, "HIST_TYPE": "LINK0001", "HISTREMARK": null, "link_stats_import_fid": 1244, "link_stats_import_vehicle_count": 1.0, "link_stats_import_avg_speed": 5.48, "link_stats_import_sum_weight_kg": 31340.0}, "geometry": {"type": "MultiLineString", "coordinates": [[[128.80726836363039, 35.08969342658549], [128.80730102377697, 35.08979817016831]]]}}, {"type": "Feature", "properties": {"LINK_ID": "1410736201", "F_NODE": "1410287503", "T_NODE": "1410287502", "LANES": 2, "ROAD_RANK": "104", "ROAD_TYPE": "000", "ROAD_NO": "-", "ROAD_NAME": "녹산산업대로", "ROAD_USE": "0", "MULTI_LINK": "0", "CONNECT": "0", "MAX_SPD": 70, "REST_VEH": "0", "REST_W": 0, "REST_H": 0, "C-ITS": "0", "LENGTH": 13.062601520645, "UPDATEDATE": "20250512", "REMARK": null, "HIST_TYPE": "LINK0001", "HISTREMARK": null, "link_stats_import_fid": null, "link_stats_import_vehicle_count": null, "link_stats_import_avg_speed": null, "link_stats_import_sum_weight_kg": null}, "geometry": {"type": "MultiLineString", "coordinates": [[[128.82319310410324, 35.097075980209894], [128.82329468843392, 35.096993014222726]]]}}, {"type": "Feature", "properties": {"LINK_ID": "1410039701", "F_NODE": "1410015103", "T_NODE": "1410015102", "LANES": 3, "ROAD_RANK": "104", "ROAD_TYPE": "000", "ROAD_NO": "-", "ROAD_NAME": "녹산산업대로", "ROAD_USE": "0", "MULTI_LINK": "0", "CONNECT": "0", "MAX_SPD": 70, "REST_VEH": "0", "REST_W": 0, "REST_H": 0, "C-ITS": "0", "LENGTH": 10.946953031516, "UPDATEDATE": "20250512", "REMARK": null, "HIST_TYPE": "LINK0001", "HISTREMARK": null, "link_stats_import_fid": 382, "link_stats_import_vehicle_count": 16.0, "link_stats_import_avg_speed": 11.49, "link_stats_import_sum_weight_kg": 6360.0}, "geometry": {"type": "MultiLineString", "coordinates": [[[128.8368863095389, 35.088896949236165], [128.8370063144232, 35.08889704033501]]]}}, {"type": "Feature", "properties": {"LINK_ID": "4180083800", "F_NODE": "4180123803", "T_NODE": "4180123204", "LANES": 3, "ROAD_RANK": "107", "ROAD_TYPE": "000", "ROAD_NO": "-", "ROAD_NAME": "신항동로", "ROAD_USE": "0", "MULTI_LINK": "0", "CONNECT": "0", "MAX_SPD": 50, "REST_VEH": "0", "REST_W": 0, "REST_H": 0, "C-ITS": "0", "LENGTH": 212.872968459066, "UPDATEDATE": "20250512", "REMARK": null, "HIST_TYPE": "LINK0003", "HISTREMARK": null, "link_stats_import_fid": 298, "link_stats_import_vehicle_count": 27.0, "link_stats_import_avg_speed": 11.55, "link_stats_import_sum_weight_kg": 45906.0}, "geometry": {"type": "MultiLineString", "coordinates": [[[128.82454640982286, 35.09239630450428], [128.8242181972041, 35.09212777315953], [128.8229178794011, 35.0910225117911]]]}}, {"type": "Feature", "properties": {"LINK_ID": "4180081501", "F_NODE": "4180093103", "T_NODE": "4180093102", "LANES": 4, "ROAD_RANK": "107", "ROAD_TYPE": "000", "ROAD_NO": "-", "ROAD_NAME": "신항10로", "ROAD_USE": "0", "MULTI_LINK": "0", "CONNECT": "0", "MAX_SPD": 80, "REST_VEH": "0", "REST_W": 0, "REST_H": 0, "C-ITS": "0", "LENGTH": 12.000153014399, "UPDATEDATE": "20250512", "REMARK": null, "HIST_TYPE": "LINK0001", "HISTREMARK": null, "link_stats_import_fid": null, "link_stats_import_vehicle_count": null, "link_stats_import_avg_speed": null, "link_stats_import_sum_weight_kg": null}, "geometry": {"type": "MultiLineString", "coordinates": [[[128.77870225728347, 35.0912915639599], [128.7788338115941, 35.09129228354745]]]}}, {"type": "Feature", "properties": {"LINK_ID": "4180131800", "F_NODE": "4180103502", "T_NODE": "4180105103", "LANES": 2, "ROAD_RANK": "107", "ROAD_TYPE": "000", "ROAD_NO": "-", "ROAD_NAME": "안청남로", "ROAD_USE": "0", "MULTI_LINK": "0", "CONNECT": "0", "MAX_SPD": 60, "REST_VEH": "0", "REST_W": 0, "REST_H": 0, "C-ITS": "0", "LENGTH": 139.749552096247, "UPDATEDATE": "20250512", "REMARK": null, "HIST_TYPE": "LINK0003", "HISTREMARK": null, "link_stats_import_fid": 1398, "link_stats_import_vehicle_count": 1.0, "link_stats_import_avg_speed": 5.65, "link_stats_import_sum_weight_kg": 0.0}, "geometry": {"type": "MultiLineString", "coordinates": [[[128.8036089879462, 35.10127189048062], [128.80513992714563, 35.10121999400853]]]}}, {"type": "Feature", "properties": {"LINK_ID": "1410088600", "F_NODE": "1410029602", "T_NODE": "1410029703", "LANES": 2, "ROAD_RANK": "104", "ROAD_TYPE": "000", "ROAD_NO": "-", "ROAD_NAME": "녹산산업북로", "ROAD_USE": "0", "MULTI_LINK": "0", "CONNECT": "0", "MAX_SPD": 50, "REST_VEH": "0", "REST_W": 0, "REST_H": 0, "C-ITS": "0", "LENGTH": 280.019447441409, "UPDATEDATE": "20250512", "REMARK": null, "HIST_TYPE": "LINK0003", "HISTREMARK": null, "link_stats_import_fid": null, "link_stats_import_vehicle_count": null, "link_stats_import_avg_speed": null, "link_stats_import_sum_weight_kg": null}, "geometry": {"type": "MultiLineString", "coordinates": [[[128.846075135611, 35.09793214252501], [128.84914513462414, 35.097939841917764]]]}}, {"type": "Feature", "properties": {"LINK_ID": "4180131700", "F_NODE": "4180116604", "T_NODE": "4180116201", "LANES": 2, "ROAD_RANK": "107", "ROAD_TYPE": "000", "ROAD_NO": "-", "ROAD_NAME": "용재로", "ROAD_USE": "0", "MULTI_LINK": "0", "CONNECT": "0", "MAX_SPD": 60, "REST_VEH": "0", "REST_W": 0, "REST_H": 0, "C-ITS": "0", "LENGTH": 18.768079992097, "UPDATEDATE": "20250512", "REMARK": null, "HIST_TYPE": "LINK0003", "HISTREMARK": null, "link_stats_import_fid": null, "link_stats_import_vehicle_count": null, "link_stats_import_avg_speed": null, "link_stats_import_sum_weight_kg": null}, "geometry": {"type": "MultiLineString", "coordinates": [[[128.81666943815995, 35.10114690175424], [128.81646949801188, 35.101186890126776]]]}}, {"type": "Feature", "properties": {"LINK_ID": "4180132900", "F_NODE": "4180114102", "T_NODE": "4180116603", "LANES": 2, "ROAD_RANK": "107", "ROAD_TYPE": "000", "ROAD_NO": "-", "ROAD_NAME": "용재로", "ROAD_USE": "0", "MULTI_LINK": "0", "CONNECT": "0", "MAX_SPD": 60, "REST_VEH": "0", "REST_W": 0, "REST_H": 0, "C-ITS": "0", "LENGTH": 141.541400966422, "UPDATEDATE": "20250512", "REMARK": null, "HIST_TYPE": "LINK0006", "HISTREMARK": null, "link_stats_import_fid": 1403, "link_stats_import_vehicle_count": 1.0, "link_stats_import_avg_speed": 7.69, "link_stats_import_sum_weight_kg": 16670.0}, "geometry": {"type": "MultiLineString", "coordinates": [[[128.8151272984998, 35.101335408872046], [128.8163168561887, 35.10109476349649], [128.81643516768125, 35.10107095579071], [128.81663435981793, 35.10103111728664]]]}}, {"type": "Feature", "properties": {"LINK_ID": "1410956800", "F_NODE": "1410382001", "T_NODE": "1410040501", "LANES": 3, "ROAD_RANK": "104", "ROAD_TYPE": "003", "ROAD_NO": "-", "ROAD_NAME": "신항남로", "ROAD_USE": "0", "MULTI_LINK": "0", "CONNECT": "0", "MAX_SPD": 60, "REST_VEH": "0", "REST_W": 0, "REST_H": 0, "C-ITS": "0", "LENGTH": 290.182494592093, "UPDATEDATE": "20250512", "REMARK": null, "HIST_TYPE": "LINK0003", "HISTREMARK": null, "link_stats_import_fid": 15, "link_stats_import_vehicle_count": 470.0, "link_stats_import_avg_speed": 15.1, "link_stats_import_sum_weight_kg": 9464904.0}, "geometry": {"type": "MultiLineString", "coordinates": [[[128.83487378439702, 35.074732227406315], [128.83484949223097, 35.077346873126366]]]}}, {"type": "Feature", "properties": {"LINK_ID": "1410077100", "F_NODE": "1410029303", "T_NODE": "1410026004", "LANES": 3, "ROAD_RANK": "105", "ROAD_TYPE": "000", "ROAD_NO": "58", "ROAD_NAME": "가락대로", "ROAD_USE": "0", "MULTI_LINK": "0", "CONNECT": "0", "MAX_SPD": 60, "REST_VEH": "0", "REST_W": 0, "REST_H": 0, "C-ITS": "0", "LENGTH": 247.492949126875, "UPDATEDATE": "20250512", "REMARK": null, "HIST_TYPE": "LINK0003", "HISTREMARK": null, "link_stats_import_fid": 366, "link_stats_import_vehicle_count": 18.0, "link_stats_import_avg_speed": 13.71, "link_stats_import_sum_weight_kg": 45778.0}, "geometry": {"type": "MultiLineString", "coordinates": [[[128.83936816360506, 35.09791690457639], [128.83937480570134, 35.09568685926385]]]}}, {"type": "Feature", "properties": {"LINK_ID": "4180034001", "F_NODE": "4180098003", "T_NODE": "4180098002", "LANES": 2, "ROAD_RANK": "107", "ROAD_TYPE": "000", "ROAD_NO": "-", "ROAD_NAME": "-", "ROAD_USE": "0", "MULTI_LINK": "0", "CONNECT": "0", "MAX_SPD": 60, "REST_VEH": "0", "REST_W": 0, "REST_H": 0, "C-ITS": "0", "LENGTH": 12.279604150487, "UPDATEDATE": "20250512", "REMARK": "도로명없음", "HIST_TYPE": "LINK0001", "HISTREMARK": null, "link_stats_import_fid": 473, "link_stats_import_vehicle_count": 11.0, "link_stats_import_avg_speed": 9.18, "link_stats_import_sum_weight_kg": 129410.0}, "geometry": {"type": "MultiLineString", "coordinates": [[[128.78711510348714, 35.08442327765545], [128.78724968875648, 35.084421194502866]]]}}, {"type": "Feature", "properties": {"LINK_ID": "4180074700", "F_NODE": "4180090401", "T_NODE": "4180090302", "LANES": 2, "ROAD_RANK": "107", "ROAD_TYPE": "000", "ROAD_NO": "-", "ROAD_NAME": "신항7로", "ROAD_USE": "0", "MULTI_LINK": "0", "CONNECT": "0", "MAX_SPD": 50, "REST_VEH": "0", "REST_W": 0, "REST_H": 0, "C-ITS": "0", "LENGTH": 233.283388586385, "UPDATEDATE": "20250512", "REMARK": null, "HIST_TYPE": "LINK0003", "HISTREMARK": null, "link_stats_import_fid": 335, "link_stats_import_vehicle_count": 21.0, "link_stats_import_avg_speed": 9.54, "link_stats_import_sum_weight_kg": 87589.0}, "geometry": {"type": "MultiLineString", "coordinates": [[[128.76997549300307, 35.08917842004161], [128.76996222114363, 35.0912804636249]]]}}, {"type": "Feature", "properties": {"LINK_ID": "1410121101", "F_NODE": "1410040803", "T_NODE": "1410040802", "LANES": 2, "ROAD_RANK": "104", "ROAD_TYPE": "000", "ROAD_NO": "-", "ROAD_NAME": "녹산산업중로", "ROAD_USE": "0", "MULTI_LINK": "0", "CONNECT": "0", "MAX_SPD": 50, "REST_VEH": "0", "REST_W": 0, "REST_H": 0, "C-ITS": "0", "LENGTH": 12.589359108427, "UPDATEDATE": "20250512", "REMARK": null, "HIST_TYPE": "LINK0001", "HISTREMARK": null, "link_stats_import_fid": 317, "link_stats_import_vehicle_count": 23.0, "link_stats_import_avg_speed": 20.34, "link_stats_import_sum_weight_kg": 103079.0}, "geometry": {"type": "MultiLineString", "coordinates": [[[128.83444913620787, 35.09340011747714], [128.83458715357906, 35.093400092527936]]]}}, {"type": "Feature", "properties": {"LINK_ID": "4180141301", "F_NODE": "4180114703", "T_NODE": "4180114702", "LANES": 3, "ROAD_RANK": "103", "ROAD_TYPE": "000", "ROAD_NO": "2", "ROAD_NAME": "진해대로", "ROAD_USE": "0", "MULTI_LINK": "0", "CONNECT": "0", "MAX_SPD": 70, "REST_VEH": "0", "REST_W": 0, "REST_H": 450, "C-ITS": "0", "LENGTH": 11.423725657715, "UPDATEDATE": "20250512", "REMARK": null, "HIST_TYPE": "LINK0001", "HISTREMARK": null, "link_stats_import_fid": 1429, "link_stats_import_vehicle_count": 1.0, "link_stats_import_avg_speed": 18.93, "link_stats_import_sum_weight_kg": 0.0}, "geometry": {"type": "MultiLineString", "coordinates": [[[128.8154203546414, 35.10273780008771], [128.81554218739663, 35.10271390718463]]]}}, {"type": "Feature", "properties": {"LINK_ID": "4180142401", "F_NODE": "4180086601", "T_NODE": "4180086604", "LANES": 2, "ROAD_RANK": "107", "ROAD_TYPE": "000", "ROAD_NO": "-", "ROAD_NAME": "남영로", "ROAD_USE": "0", "MULTI_LINK": "0", "CONNECT": "0", "MAX_SPD": 50, "REST_VEH": "0", "REST_W": 0, "REST_H": 0, "C-ITS": "0", "LENGTH": 12.14753438563, "UPDATEDATE": "20250512", "REMARK": null, "HIST_TYPE": "LINK0001", "HISTREMARK": null, "link_stats_import_fid": null, "link_stats_import_vehicle_count": null, "link_stats_import_avg_speed": null, "link_stats_import_sum_weight_kg": null}, "geometry": {"type": "MultiLineString", "coordinates": [[[128.75598847548545, 35.10512504053498], [128.75586845457616, 35.10517250773777]]]}}, {"type": "Feature", "properties": {"LINK_ID": "4180063301", "F_NODE": "4180107203", "T_NODE": "4180107202", "LANES": 2, "ROAD_RANK": "107", "ROAD_TYPE": "000", "ROAD_NO": "-", "ROAD_NAME": "신항5로", "ROAD_USE": "0", "MULTI_LINK": "0", "CONNECT": "0", "MAX_SPD": 60, "REST_VEH": "0", "REST_W": 0, "REST_H": 0, "C-ITS": "0", "LENGTH": 12.000069811818, "UPDATEDATE": "20250512", "REMARK": null, "HIST_TYPE": "LINK0001", "HISTREMARK": null, "link_stats_import_fid": 853, "link_stats_import_vehicle_count": 3.0, "link_stats_import_avg_speed": 7.42, "link_stats_import_sum_weight_kg": 1000.0}, "geometry": {"type": "MultiLineString", "coordinates": [[[128.80716645032152, 35.08449048612431], [128.8072979875833, 35.08449158126968]]]}}, {"type": "Feature", "properties": {"LINK_ID": "4180059300", "F_NODE": "4180090503", "T_NODE": "4180090604", "LANES": 2, "ROAD_RANK": "107", "ROAD_TYPE": "000", "ROAD_NO": "-", "ROAD_NAME": "신항7로", "ROAD_USE": "0", "MULTI_LINK": "0", "CONNECT": "0", "MAX_SPD": 50, "REST_VEH": "0", "REST_W": 0, "REST_H": 0, "C-ITS": "0", "LENGTH": 410.768002238129, "UPDATEDATE": "20250512", "REMARK": null, "HIST_TYPE": "LINK0003", "HISTREMARK": null, "link_stats_import_fid": 277, "link_stats_import_vehicle_count": 30.0, "link_stats_import_avg_speed": 9.09, "link_stats_import_sum_weight_kg": 55161.0}, "geometry": {"type": "MultiLineString", "coordinates": [[[128.7698585484218, 35.08688517868564], [128.76986459690926, 35.086186864185024], [128.76988332264787, 35.08402530405889], [128.76988932103328, 35.083332873763275], [128.76989061133395, 35.0831839176528]]]}}, {"type": "Feature", "properties": {"LINK_ID": "1410736700", "F_NODE": "4180123302", "T_NODE": "1410923800", "LANES": 2, "ROAD_RANK": "104", "ROAD_TYPE": "001", "ROAD_NO": "-", "ROAD_NAME": "만금로", "ROAD_USE": "0", "MULTI_LINK": "0", "CONNECT": "0", "MAX_SPD": 60, "REST_VEH": "0", "REST_W": 0, "REST_H": 0, "C-ITS": "0", "LENGTH": 347.787798975658, "UPDATEDATE": "20250512", "REMARK": null, "HIST_TYPE": "LINK0003", "HISTREMARK": null, "link_stats_import_fid": 386, "link_stats_import_vehicle_count": 16.0, "link_stats_import_avg_speed": 16.21, "link_stats_import_sum_weight_kg": 72739.0}, "geometry": {"type": "MultiLineString", "coordinates": [[[128.82374350401523, 35.102365074072196], [128.82364722992384, 35.10228590205605], [128.82355136332612, 35.10215152006523], [128.8225611311562, 35.099403405766644]]]}}, {"type": "Feature", "properties": {"LINK_ID": "1410091001", "F_NODE": "1410030601", "T_NODE": "1410030604", "LANES": 2, "ROAD_RANK": "104", "ROAD_TYPE": "000", "ROAD_NO": "-", "ROAD_NAME": "녹산산업중로", "ROAD_USE": "0", "MULTI_LINK": "0", "CONNECT": "0", "MAX_SPD": 50, "REST_VEH": "0", "REST_W": 0, "REST_H": 0, "C-ITS": "0", "LENGTH": 12.237440344668, "UPDATEDATE": "20250512", "REMARK": null, "HIST_TYPE": "LINK0001", "HISTREMARK": null, "link_stats_import_fid": null, "link_stats_import_vehicle_count": null, "link_stats_import_avg_speed": null, "link_stats_import_sum_weight_kg": null}, "geometry": {"type": "MultiLineString", "coordinates": [[[128.82694596393995, 35.09872074423701], [128.826849685469, 35.098797540817735]]]}}, {"type": "Feature", "properties": {"LINK_ID": "4180067002", "F_NODE": "4180207800", "T_NODE": "4180110704", "LANES": 2, "ROAD_RANK": "107", "ROAD_TYPE": "000", "ROAD_NO": "-", "ROAD_NAME": "-", "ROAD_USE": "0", "MULTI_LINK": "0", "CONNECT": "0", "MAX_SPD": 50, "REST_VEH": "0", "REST_W": 0, "REST_H": 0, "C-ITS": "0", "LENGTH": 83.733095822247, "UPDATEDATE": "20250512", "REMARK": "도로명없음", "HIST_TYPE": "LINK1007", "HISTREMARK": "4180067000", "link_stats_import_fid": 858, "link_stats_import_vehicle_count": 3.0, "link_stats_import_avg_speed": 13.21, "link_stats_import_sum_weight_kg": 0.0}, "geometry": {"type": "MultiLineString", "coordinates": [[[128.81272584540562, 35.08686533432092], [128.8127186697229, 35.08611086589848]]]}}, {"type": "Feature", "properties": {"LINK_ID": "4180150501", "F_NODE": "4180103204", "T_NODE": "4180103203", "LANES": 2, "ROAD_RANK": "107", "ROAD_TYPE": "000", "ROAD_NO": "-", "ROAD_NAME": "안청로", "ROAD_USE": "0", "MULTI_LINK": "0", "CONNECT": "0", "MAX_SPD": 60, "REST_VEH": "0", "REST_W": 0, "REST_H": 0, "C-ITS": "0", "LENGTH": 13.742438955136, "UPDATEDATE": "20250512", "REMARK": null, "HIST_TYPE": "LINK0001", "HISTREMARK": null, "link_stats_import_fid": null, "link_stats_import_vehicle_count": null, "link_stats_import_avg_speed": null, "link_stats_import_sum_weight_kg": null}, "geometry": {"type": "MultiLineString", "coordinates": [[[128.8031113341399, 35.10434959998733], [128.80310537274005, 35.10422586822923]]]}}, {"type": "Feature", "properties": {"LINK_ID": "4180114301", "F_NODE": "4180107401", "T_NODE": "4180107404", "LANES": 2, "ROAD_RANK": "107", "ROAD_TYPE": "000", "ROAD_NO": "-", "ROAD_NAME": "안골로", "ROAD_USE": "0", "MULTI_LINK": "0", "CONNECT": "0", "MAX_SPD": 30, "REST_VEH": "0", "REST_W": 0, "REST_H": 0, "C-ITS": "0", "LENGTH": 11.863589426557, "UPDATEDATE": "20250512", "REMARK": null, "HIST_TYPE": "LINK0001", "HISTREMARK": null, "link_stats_import_fid": null, "link_stats_import_vehicle_count": null, "link_stats_import_avg_speed": null, "link_stats_import_sum_weight_kg": null}, "geometry": {"type": "MultiLineString", "coordinates": [[[128.80788192118501, 35.099602403926205], [128.80777742655755, 35.09953874643256]]]}}, {"type": "Feature", "properties": {"LINK_ID": "1411061004", "F_NODE": "1410901200", "T_NODE": "1410901400", "LANES": 3, "ROAD_RANK": "103", "ROAD_TYPE": "000", "ROAD_NO": "2", "ROAD_NAME": "진해대로", "ROAD_USE": "0", "MULTI_LINK": "0", "CONNECT": "0", "MAX_SPD": 70, "REST_VEH": "0", "REST_W": 0, "REST_H": 0, "C-ITS": "0", "LENGTH": 353.189024362969, "UPDATEDATE": "20250512", "REMARK": null, "HIST_TYPE": "LINK1007", "HISTREMARK": "1411061000", "link_stats_import_fid": 504, "link_stats_import_vehicle_count": 10.0, "link_stats_import_avg_speed": 19.44, "link_stats_import_sum_weight_kg": 38920.0}, "geometry": {"type": "MultiLineString", "coordinates": [[[128.82764019561213, 35.10224697860968], [128.8285919871843, 35.10229199207736], [128.82859298727598, 35.10229199140796], [128.82859398738776, 35.10229199163944], [128.82859498749957, 35.10229199187093], [128.82859598761135, 35.10229199210239], [128.8290789871888, 35.102338991081616], [128.83035698776973, 35.10246399128963], [128.83120998736754, 35.10238999154727], [128.83149215008643, 35.10236385321533]]]}}, {"type": "Feature", "properties": {"LINK_ID": "4180135301", "F_NODE": "4180110501", "T_NODE": "4180110504", "LANES": 2, "ROAD_RANK": "107", "ROAD_TYPE": "000", "ROAD_NO": "-", "ROAD_NAME": "용재로", "ROAD_USE": "0", "MULTI_LINK": "0", "CONNECT": "0", "MAX_SPD": 60, "REST_VEH": "0", "REST_W": 0, "REST_H": 0, "C-ITS": "0", "LENGTH": 11.042259467571, "UPDATEDATE": "20250512", "REMARK": null, "HIST_TYPE": "LINK0001", "HISTREMARK": null, "link_stats_import_fid": null, "link_stats_import_vehicle_count": null, "link_stats_import_avg_speed": null, "link_stats_import_sum_weight_kg": null}, "geometry": {"type": "MultiLineString", "coordinates": [[[128.81315469449729, 35.1018588269464], [128.81303700408273, 35.10188217172868]]]}}, {"type": "Feature", "properties": {"LINK_ID": "1410036600", "F_NODE": "1410014101", "T_NODE": "1410015402", "LANES": 2, "ROAD_RANK": "104", "ROAD_TYPE": "000", "ROAD_NO": "-", "ROAD_NAME": "녹산산단262로", "ROAD_USE": "0", "MULTI_LINK": "0", "CONNECT": "0", "MAX_SPD": 50, "REST_VEH": "0", "REST_W": 0, "REST_H": 0, "C-ITS": "0", "LENGTH": 110.313074255263, "UPDATEDATE": "20250512", "REMARK": null, "HIST_TYPE": "LINK0003", "HISTREMARK": null, "link_stats_import_fid": 746, "link_stats_import_vehicle_count": 4.0, "link_stats_import_avg_speed": 9.32, "link_stats_import_sum_weight_kg": 1000.0}, "geometry": {"type": "MultiLineString", "coordinates": [[[128.84609988000378, 35.087909067601466], [128.8460993909096, 35.08818164370078], [128.84609809664855, 35.08890304873675]]]}}, {"type": "Feature", "properties": {"LINK_ID": "4180124001", "F_NODE": "4180122701", "T_NODE": "4180122704", "LANES": 2, "ROAD_RANK": "107", "ROAD_TYPE": "000", "ROAD_NO": "-", "ROAD_NAME": "용재로", "ROAD_USE": "0", "MULTI_LINK": "0", "CONNECT": "0", "MAX_SPD": 60, "REST_VEH": "0", "REST_W": 0, "REST_H": 0, "C-ITS": "0", "LENGTH": 11.153803032875, "UPDATEDATE": "20250512", "REMARK": null, "HIST_TYPE": "LINK0001", "HISTREMARK": null, "link_stats_import_fid": null, "link_stats_import_vehicle_count": null, "link_stats_import_avg_speed": null, "link_stats_import_sum_weight_kg": null}, "geometry": {"type": "MultiLineString", "coordinates": [[[128.8217279415291, 35.100128864489356], [128.82161245748665, 35.10016192534364]]]}}, {"type": "Feature", "properties": {"LINK_ID": "4180152000", "F_NODE": "4180086604", "T_NODE": "4180086201", "LANES": 2, "ROAD_RANK": "107", "ROAD_TYPE": "000", "ROAD_NO": "-", "ROAD_NAME": "남영로", "ROAD_USE": "0", "MULTI_LINK": "0", "CONNECT": "0", "MAX_SPD": 60, "REST_VEH": "0", "REST_W": 0, "REST_H": 0, "C-ITS": "0", "LENGTH": 149.706621385366, "UPDATEDATE": "20250512", "REMARK": null, "HIST_TYPE": "LINK0003", "HISTREMARK": null, "link_stats_import_fid": null, "link_stats_import_vehicle_count": null, "link_stats_import_avg_speed": null, "link_stats_import_sum_weight_kg": null}, "geometry": {"type": "MultiLineString", "coordinates": [[[128.75586845457616, 35.10517250773777], [128.75455181330724, 35.10567981840534], [128.75437185981977, 35.10572264261183]]]}}, {"type": "Feature", "properties": {"LINK_ID": "1410060300", "F_NODE": "1410023003", "T_NODE": "1410021104", "LANES": 2, "ROAD_RANK": "104", "ROAD_TYPE": "000", "ROAD_NO": "-", "ROAD_NAME": "녹산산단261로", "ROAD_USE": "0", "MULTI_LINK": "0", "CONNECT": "0", "MAX_SPD": 50, "REST_VEH": "0", "REST_W": 0, "REST_H": 0, "C-ITS": "0", "LENGTH": 85.673597166402, "UPDATEDATE": "20250512", "REMARK": null, "HIST_TYPE": "LINK0003", "HISTREMARK": null, "link_stats_import_fid": 1121, "link_stats_import_vehicle_count": 1.0, "link_stats_import_avg_speed": 9.37, "link_stats_import_sum_weight_kg": 0.0}, "geometry": {"type": "MultiLineString", "coordinates": [[[128.8459661891622, 35.09340893804421], [128.84596878587473, 35.09263697470495]]]}}, {"type": "Feature", "properties": {"LINK_ID": "1410040601", "F_NODE": "1410015204", "T_NODE": "1410015203", "LANES": 3, "ROAD_RANK": "105", "ROAD_TYPE": "000", "ROAD_NO": "58", "ROAD_NAME": "가락대로", "ROAD_USE": "0", "MULTI_LINK": "0", "CONNECT": "0", "MAX_SPD": 60, "REST_VEH": "0", "REST_W": 0, "REST_H": 0, "C-ITS": "0", "LENGTH": 13.317778575639, "UPDATEDATE": "20250512", "REMARK": null, "HIST_TYPE": "LINK0001", "HISTREMARK": null, "link_stats_import_fid": 748, "link_stats_import_vehicle_count": 4.0, "link_stats_import_avg_speed": 8.45, "link_stats_import_sum_weight_kg": 2000.0}, "geometry": {"type": "MultiLineString", "coordinates": [[[128.83939477555919, 35.08901894430568], [128.8393951488024, 35.08889894380482]]]}}, {"type": "Feature", "properties": {"LINK_ID": "1410066400", "F_NODE": "1410023002", "T_NODE": "1410023103", "LANES": 2, "ROAD_RANK": "104", "ROAD_TYPE": "000", "ROAD_NO": "-", "ROAD_NAME": "녹산산업중로", "ROAD_USE": "0", "MULTI_LINK": "0", "CONNECT": "0", "MAX_SPD": 50, "REST_VEH": "0", "REST_W": 0, "REST_H": 0, "C-ITS": "0", "LENGTH": 280.033884764785, "UPDATEDATE": "20250512", "REMARK": null, "HIST_TYPE": "LINK0003", "HISTREMARK": null, "link_stats_import_fid": 1126, "link_stats_import_vehicle_count": 1.0, "link_stats_import_avg_speed": 16.11, "link_stats_import_sum_weight_kg": 3960.0}, "geometry": {"type": "MultiLineString", "coordinates": [[[128.84608618924696, 35.09340904891494], [128.84915618906356, 35.09341193625821]]]}}, {"type": "Feature", "properties": {"LINK_ID": "4180149402", "F_NODE": "4180106303", "T_NODE": "4180106302", "LANES": 2, "ROAD_RANK": "107", "ROAD_TYPE": "000", "ROAD_NO": "-", "ROAD_NAME": "안청북로", "ROAD_USE": "0", "MULTI_LINK": "0", "CONNECT": "0", "MAX_SPD": 30, "REST_VEH": "0", "REST_W": 0, "REST_H": 0, "C-ITS": "0", "LENGTH": 11.260647719823, "UPDATEDATE": "20250512", "REMARK": null, "HIST_TYPE": "LINK0001", "HISTREMARK": null, "link_stats_import_fid": null, "link_stats_import_vehicle_count": null, "link_stats_import_avg_speed": null, "link_stats_import_sum_weight_kg": null}, "geometry": {"type": "MultiLineString", "coordinates": [[[128.8064602022665, 35.10410427429946], [128.8065817786552, 35.104121968041255]]]}}, {"type": "Feature", "properties": {"LINK_ID": "1410196500", "F_NODE": "1410072001", "T_NODE": "1410868400", "LANES": 2, "ROAD_RANK": "105", "ROAD_TYPE": "003", "ROAD_NO": "58", "ROAD_NAME": "거가대로", "ROAD_USE": "0", "MULTI_LINK": "0", "CONNECT": "0", "MAX_SPD": 80, "REST_VEH": "5", "REST_W": 0, "REST_H": 0, "C-ITS": "0", "LENGTH": 458.945025909236, "UPDATEDATE": "20250512", "REMARK": null, "HIST_TYPE": "LINK0003", "HISTREMARK": null, "link_stats_import_fid": 644, "link_stats_import_vehicle_count": 6.0, "link_stats_import_avg_speed": 21.27, "link_stats_import_sum_weight_kg": 2000.0}, "geometry": {"type": "MultiLineString", "coordinates": [[[128.8385167400544, 35.07390465992229], [128.8389706921739, 35.074676358481604], [128.83926149221267, 35.075233225661435], [128.83945398719516, 35.07582683181604], [128.83958153041223, 35.076502014993466], [128.83961978828904, 35.07702457601961], [128.83961343650395, 35.07787559369202]]]}}, {"type": "Feature", "properties": {"LINK_ID": "4180126100", "F_NODE": "4180107804", "T_NODE": "4180107601", "LANES": 2, "ROAD_RANK": "107", "ROAD_TYPE": "000", "ROAD_NO": "-", "ROAD_NAME": "용원로", "ROAD_USE": "0", "MULTI_LINK": "0", "CONNECT": "0", "MAX_SPD": 60, "REST_VEH": "0", "REST_W": 0, "REST_H": 0, "C-ITS": "0", "LENGTH": 49.777198123085, "UPDATEDATE": "20250512", "REMARK": null, "HIST_TYPE": "LINK0003", "HISTREMARK": null, "link_stats_import_fid": 1057, "link_stats_import_vehicle_count": 2.0, "link_stats_import_avg_speed": 8.21, "link_stats_import_sum_weight_kg": 27630.0}, "geometry": {"type": "MultiLineString", "coordinates": [[[128.81011032350503, 35.10051219604191], [128.8095784669512, 35.10061279549308]]]}}, {"type": "Feature", "properties": {"LINK_ID": "1410097702", "F_NODE": "1410032803", "T_NODE": "1410032802", "LANES": 2, "ROAD_RANK": "103", "ROAD_TYPE": "000", "ROAD_NO": "2", "ROAD_NAME": "낙동남로", "ROAD_USE": "0", "MULTI_LINK": "0", "CONNECT": "1", "MAX_SPD": 40, "REST_VEH": "0", "REST_W": 0, "REST_H": 0, "C-ITS": "0", "LENGTH": 10.944840419079, "UPDATEDATE": "20250512", "REMARK": null, "HIST_TYPE": "LINK0001", "HISTREMARK": null, "link_stats_import_fid": null, "link_stats_import_vehicle_count": null, "link_stats_import_avg_speed": null, "link_stats_import_sum_weight_kg": null}, "geometry": {"type": "MultiLineString", "coordinates": [[[128.83935705005356, 35.101705376335374], [128.83947705017926, 35.10170560276232]]]}}, {"type": "Feature", "properties": {"LINK_ID": "1410088701", "F_NODE": "1410029601", "T_NODE": "1410029604", "LANES": 2, "ROAD_RANK": "104", "ROAD_TYPE": "000", "ROAD_NO": "-", "ROAD_NAME": "녹산산업북로", "ROAD_USE": "0", "MULTI_LINK": "0", "CONNECT": "0", "MAX_SPD": 50, "REST_VEH": "0", "REST_W": 0, "REST_H": 0, "C-ITS": "0", "LENGTH": 10.945384165638, "UPDATEDATE": "20250512", "REMARK": null, "HIST_TYPE": "LINK0001", "HISTREMARK": null, "link_stats_import_fid": 1159, "link_stats_import_vehicle_count": 1.0, "link_stats_import_avg_speed": 5.77, "link_stats_import_sum_weight_kg": 0.0}, "geometry": {"type": "MultiLineString", "coordinates": [[[128.84607498747326, 35.09805214265045], [128.84595498733356, 35.098051828816885]]]}}, {"type": "Feature", "properties": {"LINK_ID": "4180151000", "F_NODE": "4180086601", "T_NODE": "4180086702", "LANES": 2, "ROAD_RANK": "107", "ROAD_TYPE": "000", "ROAD_NO": "-", "ROAD_NAME": "웅천동로", "ROAD_USE": "0", "MULTI_LINK": "0", "CONNECT": "0", "MAX_SPD": 30, "REST_VEH": "0", "REST_W": 0, "REST_H": 0, "C-ITS": "0", "LENGTH": 229.870474553893, "UPDATEDATE": "20250512", "REMARK": null, "HIST_TYPE": "LINK0003", "HISTREMARK": null, "link_stats_import_fid": null, "link_stats_import_vehicle_count": null, "link_stats_import_avg_speed": null, "link_stats_import_sum_weight_kg": null}, "geometry": {"type": "MultiLineString", "coordinates": [[[128.75598847548545, 35.10512504053498], [128.75658265916394, 35.105831841008715], [128.75741403404987, 35.10682948358741], [128.7574161647091, 35.106832042997276]]]}}, {"type": "Feature", "properties": {"LINK_ID": "4180148104", "F_NODE": "4180201800", "T_NODE": "4180106301", "LANES": 2, "ROAD_RANK": "107", "ROAD_TYPE": "000", "ROAD_NO": "-", "ROAD_NAME": "안청북로", "ROAD_USE": "0", "MULTI_LINK": "0", "CONNECT": "0", "MAX_SPD": 30, "REST_VEH": "0", "REST_W": 0, "REST_H": 0, "C-ITS": "0", "LENGTH": 57.647099722197, "UPDATEDATE": "20250512", "REMARK": null, "HIST_TYPE": "LINK1007", "HISTREMARK": "4180148100", "link_stats_import_fid": null, "link_stats_import_vehicle_count": null, "link_stats_import_avg_speed": null, "link_stats_import_sum_weight_kg": null}, "geometry": {"type": "MultiLineString", "coordinates": [[[128.80714264531218, 35.10451096778001], [128.8065901596864, 35.10425863268812]]]}}, {"type": "Feature", "properties": {"LINK_ID": "4180100400", "F_NODE": "4180087902", "T_NODE": "4180087602", "LANES": 2, "ROAD_RANK": "101", "ROAD_TYPE": "003", "ROAD_NO": "105", "ROAD_NAME": "남해고속도로제3지선", "ROAD_USE": "0", "MULTI_LINK": "0", "CONNECT": "0", "MAX_SPD": 100, "REST_VEH": "5", "REST_W": 0, "REST_H": 0, "C-ITS": "0", "LENGTH": 648.157179487497, "UPDATEDATE": "20250512", "REMARK": null, "HIST_TYPE": "LINK0003", "HISTREMARK": null, "link_stats_import_fid": 145, "link_stats_import_vehicle_count": 92.0, "link_stats_import_avg_speed": 21.47, "link_stats_import_sum_weight_kg": 108827.0}, "geometry": {"type": "MultiLineString", "coordinates": [[[128.76613514604514, 35.104196765721056], [128.76613498225888, 35.10419621096751], [128.76603989812145, 35.10384080099798], [128.76594386198352, 35.103438274494145], [128.76583903355427, 35.10294523737878], [128.76573929740636, 35.10242395102551], [128.76564730363233, 35.10189412080923], [128.76556886771812, 35.10140904503084], [128.76549249783218, 35.10093327752374], [128.7654312096131, 35.100471302453826], [128.76536290183188, 35.099907622956806], [128.765300673379, 35.09935242995085], [128.76525285551392, 35.09885361384842], [128.76521341828436, 35.09841170590324], [128.7652133742367, 35.09841075286088]]]}}, {"type": "Feature", "properties": {"LINK_ID": "4180065702", "F_NODE": "4180310200", "T_NODE": "4180113403", "LANES": 4, "ROAD_RANK": "107", "ROAD_TYPE": "000", "ROAD_NO": "-", "ROAD_NAME": "신항북로", "ROAD_USE": "0", "MULTI_LINK": "0", "CONNECT": "0", "MAX_SPD": 70, "REST_VEH": "0", "REST_W": 0, "REST_H": 0, "C-ITS": "0", "LENGTH": 316.496286948488, "UPDATEDATE": "20250512", "REMARK": null, "HIST_TYPE": "LINK1007", "HISTREMARK": "4180065700", "link_stats_import_fid": 135, "link_stats_import_vehicle_count": 104.0, "link_stats_import_avg_speed": 15.65, "link_stats_import_sum_weight_kg": 278235.0}, "geometry": {"type": "MultiLineString", "coordinates": [[[128.81074737698836, 35.08598461474812], [128.8127201390955, 35.08600274521006], [128.81284973879, 35.08600313444914], [128.8142167129008, 35.08599898573479]]]}}, {"type": "Feature", "properties": {"LINK_ID": "4180084000", "F_NODE": "4180122902", "T_NODE": "4180123203", "LANES": 3, "ROAD_RANK": "107", "ROAD_TYPE": "000", "ROAD_NO": "-", "ROAD_NAME": "신항3로", "ROAD_USE": "0", "MULTI_LINK": "0", "CONNECT": "0", "MAX_SPD": 70, "REST_VEH": "0", "REST_W": 0, "REST_H": 0, "C-ITS": "0", "LENGTH": 114.475640760563, "UPDATEDATE": "20250512", "REMARK": null, "HIST_TYPE": "LINK0003", "HISTREMARK": null, "link_stats_import_fid": 673, "link_stats_import_vehicle_count": 6.0, "link_stats_import_avg_speed": 8.46, "link_stats_import_sum_weight_kg": 4900.0}, "geometry": {"type": "MultiLineString", "coordinates": [[[128.82192667009252, 35.09166488808514], [128.82232930465227, 35.09134264919079], [128.82282580369915, 35.09094528288223]]]}}, {"type": "Feature", "properties": {"LINK_ID": "4180106701", "F_NODE": "4180122003", "T_NODE": "4180122002", "LANES": 2, "ROAD_RANK": "107", "ROAD_TYPE": "000", "ROAD_NO": "-", "ROAD_NAME": "용원로", "ROAD_USE": "0", "MULTI_LINK": "0", "CONNECT": "0", "MAX_SPD": 60, "REST_VEH": "0", "REST_W": 0, "REST_H": 0, "C-ITS": "0", "LENGTH": 11.244588488463, "UPDATEDATE": "20250512", "REMARK": null, "HIST_TYPE": "LINK0001", "HISTREMARK": null, "link_stats_import_fid": 1331, "link_stats_import_vehicle_count": 1.0, "link_stats_import_avg_speed": 10.02, "link_stats_import_sum_weight_kg": 10095.0}, "geometry": {"type": "MultiLineString", "coordinates": [[[128.82013623965443, 35.09836514038246], [128.8202562383747, 35.098341910095954]]]}}, {"type": "Feature", "properties": {"LINK_ID": "1410086401", "F_NODE": "1410029003", "T_NODE": "1410029002", "LANES": 2, "ROAD_RANK": "104", "ROAD_TYPE": "000", "ROAD_NO": "-", "ROAD_NAME": "녹산산업북로", "ROAD_USE": "0", "MULTI_LINK": "0", "CONNECT": "0", "MAX_SPD": 50, "REST_VEH": "0", "REST_W": 0, "REST_H": 0, "C-ITS": "0", "LENGTH": 10.945184846533, "UPDATEDATE": "20250512", "REMARK": null, "HIST_TYPE": "LINK0001", "HISTREMARK": null, "link_stats_import_fid": 698, "link_stats_import_vehicle_count": 5.0, "link_stats_import_avg_speed": 8.28, "link_stats_import_sum_weight_kg": 7768.0}, "geometry": {"type": "MultiLineString", "coordinates": [[[128.83421728559782, 35.09789418282612], [128.83433728389906, 35.09789448425982]]]}}, {"type": "Feature", "properties": {"LINK_ID": "4180105400", "F_NODE": "4180122304", "T_NODE": "4180122001", "LANES": 2, "ROAD_RANK": "107", "ROAD_TYPE": "000", "ROAD_NO": "-", "ROAD_NAME": "용원로", "ROAD_USE": "0", "MULTI_LINK": "0", "CONNECT": "0", "MAX_SPD": 60, "REST_VEH": "0", "REST_W": 0, "REST_H": 0, "C-ITS": "0", "LENGTH": 54.393738237999, "UPDATEDATE": "20250512", "REMARK": null, "HIST_TYPE": "LINK0003", "HISTREMARK": null, "link_stats_import_fid": 1328, "link_stats_import_vehicle_count": 1.0, "link_stats_import_avg_speed": 8.5, "link_stats_import_sum_weight_kg": 1000.0}, "geometry": {"type": "MultiLineString", "coordinates": [[[128.8208853678068, 35.09834795681471], [128.82030347526677, 35.09845525633894]]]}}, {"type": "Feature", "properties": {"LINK_ID": "4180083500", "F_NODE": "4180122401", "T_NODE": "4180122902", "LANES": 2, "ROAD_RANK": "107", "ROAD_TYPE": "000", "ROAD_NO": "-", "ROAD_NAME": "신항2로", "ROAD_USE": "0", "MULTI_LINK": "0", "CONNECT": "0", "MAX_SPD": 60, "REST_VEH": "0", "REST_W": 0, "REST_H": 0, "C-ITS": "0", "LENGTH": 135.468236390111, "UPDATEDATE": "20250512", "REMARK": null, "HIST_TYPE": "LINK0003", "HISTREMARK": null, "link_stats_import_fid": 558, "link_stats_import_vehicle_count": 9.0, "link_stats_import_avg_speed": 7.96, "link_stats_import_sum_weight_kg": 51776.0}, "geometry": {"type": "MultiLineString", "coordinates": [[[128.82088625133093, 35.09079384550156], [128.82192667009252, 35.09166488808514]]]}}, {"type": "Feature", "properties": {"LINK_ID": "1410122702", "F_NODE": "1410278101", "T_NODE": "1410432500", "LANES": 2, "ROAD_RANK": "104", "ROAD_TYPE": "000", "ROAD_NO": "-", "ROAD_NAME": "신항남로", "ROAD_USE": "0", "MULTI_LINK": "0", "CONNECT": "0", "MAX_SPD": 80, "REST_VEH": "0", "REST_W": 0, "REST_H": 0, "C-ITS": "0", "LENGTH": 340.831755690505, "UPDATEDATE": "20250512", "REMARK": null, "HIST_TYPE": "LINK0003", "HISTREMARK": null, "link_stats_import_fid": 68, "link_stats_import_vehicle_count": 234.0, "link_stats_import_avg_speed": 13.42, "link_stats_import_sum_weight_kg": 676434.0}, "geometry": {"type": "MultiLineString", "coordinates": [[[128.83479946289725, 35.08324792923161], [128.8347994813296, 35.08333290999696], [128.83480582940052, 35.08374200784427], [128.83479682611264, 35.084211200174316], [128.83480082127676, 35.0847933502096], [128.8348088363794, 35.08521414931466], [128.8347797885665, 35.086212832464525], [128.83477379230703, 35.08631847515712]]]}}, {"type": "Feature", "properties": {"LINK_ID": "4180132201", "F_NODE": "4180103103", "T_NODE": "4180103102", "LANES": 2, "ROAD_RANK": "107", "ROAD_TYPE": "000", "ROAD_NO": "-", "ROAD_NAME": "안청남로", "ROAD_USE": "0", "MULTI_LINK": "0", "CONNECT": "0", "MAX_SPD": 60, "REST_VEH": "0", "REST_W": 0, "REST_H": 0, "C-ITS": "0", "LENGTH": 10.992691018967, "UPDATEDATE": "20250512", "REMARK": null, "HIST_TYPE": "LINK0001", "HISTREMARK": null, "link_stats_import_fid": null, "link_stats_import_vehicle_count": null, "link_stats_import_avg_speed": null, "link_stats_import_sum_weight_kg": null}, "geometry": {"type": "MultiLineString", "coordinates": [[[128.80302622605225, 35.10130454645407], [128.8031465162513, 35.10129835195293]]]}}, {"type": "Feature", "properties": {"LINK_ID": "1411060900", "F_NODE": "1410401502", "T_NODE": "1410401601", "LANES": 3, "ROAD_RANK": "103", "ROAD_TYPE": "000", "ROAD_NO": "2", "ROAD_NAME": "진해대로", "ROAD_USE": "0", "MULTI_LINK": "0", "CONNECT": "0", "MAX_SPD": 70, "REST_VEH": "0", "REST_W": 0, "REST_H": 0, "C-ITS": "0", "LENGTH": 13.276105899325, "UPDATEDATE": "20250512", "REMARK": null, "HIST_TYPE": "LINK0003", "HISTREMARK": null, "link_stats_import_fid": null, "link_stats_import_vehicle_count": null, "link_stats_import_avg_speed": null, "link_stats_import_sum_weight_kg": null}, "geometry": {"type": "MultiLineString", "coordinates": [[[128.82365001375055, 35.10190724062848], [128.82378987613814, 35.10194038754317]]]}}, {"type": "Feature", "properties": {"LINK_ID": "1410039307", "F_NODE": "1410278006", "T_NODE": "1410278009", "LANES": 3, "ROAD_RANK": "104", "ROAD_TYPE": "000", "ROAD_NO": "-", "ROAD_NAME": "녹산산업대로", "ROAD_USE": "0", "MULTI_LINK": "0", "CONNECT": "0", "MAX_SPD": 70, "REST_VEH": "0", "REST_W": 0, "REST_H": 0, "C-ITS": "0", "LENGTH": 12.290327176011, "UPDATEDATE": "20250512", "REMARK": null, "HIST_TYPE": "LINK0001", "HISTREMARK": null, "link_stats_import_fid": null, "link_stats_import_vehicle_count": null, "link_stats_import_avg_speed": null, "link_stats_import_sum_weight_kg": null}, "geometry": {"type": "MultiLineString", "coordinates": [[[128.83341432879564, 35.089094824196245], [128.83329067807338, 35.089138806155816]]]}}, {"type": "Feature", "properties": {"LINK_ID": "4180065302", "F_NODE": "4180107003", "T_NODE": "4180107002", "LANES": 3, "ROAD_RANK": "107", "ROAD_TYPE": "000", "ROAD_NO": "-", "ROAD_NAME": "신항동로", "ROAD_USE": "0", "MULTI_LINK": "0", "CONNECT": "0", "MAX_SPD": 50, "REST_VEH": "0", "REST_W": 0, "REST_H": 0, "C-ITS": "0", "LENGTH": 12.000218040254, "UPDATEDATE": "20250512", "REMARK": null, "HIST_TYPE": "LINK0001", "HISTREMARK": null, "link_stats_import_fid": null, "link_stats_import_vehicle_count": null, "link_stats_import_avg_speed": null, "link_stats_import_sum_weight_kg": null}, "geometry": {"type": "MultiLineString", "coordinates": [[[128.80714184704868, 35.08880774272792], [128.80727339961712, 35.08880776142702]]]}}, {"type": "Feature", "properties": {"LINK_ID": "4180138901", "F_NODE": "4180107704", "T_NODE": "4180107703", "LANES": 2, "ROAD_RANK": "107", "ROAD_TYPE": "000", "ROAD_NO": "-", "ROAD_NAME": "안골로", "ROAD_USE": "0", "MULTI_LINK": "0", "CONNECT": "0", "MAX_SPD": 50, "REST_VEH": "0", "REST_W": 0, "REST_H": 0, "C-ITS": "0", "LENGTH": 13.356920337247, "UPDATEDATE": "20250512", "REMARK": null, "HIST_TYPE": "LINK0001", "HISTREMARK": null, "link_stats_import_fid": null, "link_stats_import_vehicle_count": null, "link_stats_import_avg_speed": null, "link_stats_import_sum_weight_kg": null}, "geometry": {"type": "MultiLineString", "coordinates": [[[128.80998428065632, 35.102512338433606], [128.80994972593618, 35.10239538195405]]]}}, {"type": "Feature", "properties": {"LINK_ID": "4180149502", "F_NODE": "4180184700", "T_NODE": "4180103201", "LANES": 2, "ROAD_RANK": "107", "ROAD_TYPE": "000", "ROAD_NO": "-", "ROAD_NAME": "안청북로", "ROAD_USE": "0", "MULTI_LINK": "0", "CONNECT": "0", "MAX_SPD": 30, "REST_VEH": "0", "REST_W": 0, "REST_H": 0, "C-ITS": "0", "LENGTH": 154.958430283031, "UPDATEDATE": "20250512", "REMARK": null, "HIST_TYPE": "LINK1007", "HISTREMARK": "4180149500", "link_stats_import_fid": null, "link_stats_import_vehicle_count": null, "link_stats_import_avg_speed": null, "link_stats_import_sum_weight_kg": null}, "geometry": {"type": "MultiLineString", "coordinates": [[[128.8049288356662, 35.1042809979886], [128.80436701765194, 35.10430174924192], [128.8032314908393, 35.104343682972114]]]}}, {"type": "Feature", "properties": {"LINK_ID": "1410030801", "F_NODE": "1410012301", "T_NODE": "1410012304", "LANES": 2, "ROAD_RANK": "104", "ROAD_TYPE": "000", "ROAD_NO": "-", "ROAD_NAME": "녹산산단178로", "ROAD_USE": "0", "MULTI_LINK": "0", "CONNECT": "0", "MAX_SPD": 60, "REST_VEH": "0", "REST_W": 0, "REST_H": 0, "C-ITS": "0", "LENGTH": 10.947665174689, "UPDATEDATE": "20250512", "REMARK": null, "HIST_TYPE": "LINK0001", "HISTREMARK": null, "link_stats_import_fid": null, "link_stats_import_vehicle_count": null, "link_stats_import_avg_speed": null, "link_stats_import_sum_weight_kg": null}, "geometry": {"type": "MultiLineString", "coordinates": [[[128.8370246252813, 35.085750840845435], [128.83690461771818, 35.08575114405124]]]}}, {"type": "Feature", "properties": {"LINK_ID": "4180061300", "F_NODE": "4180101201", "T_NODE": "4180101702", "LANES": 2, "ROAD_RANK": "107", "ROAD_TYPE": "000", "ROAD_NO": "-", "ROAD_NAME": "-", "ROAD_USE": "0", "MULTI_LINK": "0", "CONNECT": "0", "MAX_SPD": 60, "REST_VEH": "0", "REST_W": 0, "REST_H": 0, "C-ITS": "0", "LENGTH": 340.984279716028, "UPDATEDATE": "20250512", "REMARK": "도로명없음", "HIST_TYPE": "LINK0003", "HISTREMARK": null, "link_stats_import_fid": 42, "link_stats_import_vehicle_count": 340.0, "link_stats_import_avg_speed": 9.46, "link_stats_import_sum_weight_kg": 1730909.0}, "geometry": {"type": "MultiLineString", "coordinates": [[[128.79639236111444, 35.083211976310714], [128.79642951464282, 35.08331833863357], [128.79654257773655, 35.083642012406166], [128.79750869257848, 35.08614411334973]]]}}, {"type": "Feature", "properties": {"LINK_ID": "4180059701", "F_NODE": "4180228400", "T_NODE": "4180092402", "LANES": 3, "ROAD_RANK": "107", "ROAD_TYPE": "003", "ROAD_NO": "-", "ROAD_NAME": "신항로", "ROAD_USE": "0", "MULTI_LINK": "0", "CONNECT": "0", "MAX_SPD": 60, "REST_VEH": "0", "REST_W": 0, "REST_H": 0, "C-ITS": "0", "LENGTH": 425.868588496503, "UPDATEDATE": "20250512", "REMARK": null, "HIST_TYPE": "LINK1007", "HISTREMARK": "4180059700", "link_stats_import_fid": 28, "link_stats_import_vehicle_count": 402.0, "link_stats_import_avg_speed": 15.97, "link_stats_import_sum_weight_kg": 3346799.0}, "geometry": {"type": "MultiLineString", "coordinates": [[[128.78227266253595, 35.08318318380333], [128.77982159087136, 35.08317632076676], [128.77760438267532, 35.08316812715596]]]}}, {"type": "Feature", "properties": {"LINK_ID": "4180152101", "F_NODE": "4180086603", "T_NODE": "4180086602", "LANES": 3, "ROAD_RANK": "107", "ROAD_TYPE": "000", "ROAD_NO": "-", "ROAD_NAME": "남영로", "ROAD_USE": "0", "MULTI_LINK": "0", "CONNECT": "0", "MAX_SPD": 50, "REST_VEH": "0", "REST_W": 0, "REST_H": 0, "C-ITS": "0", "LENGTH": 12.153869084429, "UPDATEDATE": "20250512", "REMARK": null, "HIST_TYPE": "LINK0001", "HISTREMARK": null, "link_stats_import_fid": null, "link_stats_import_vehicle_count": null, "link_stats_import_avg_speed": null, "link_stats_import_sum_weight_kg": null}, "geometry": {"type": "MultiLineString", "coordinates": [[[128.75579256779957, 35.10508191097417], [128.7559130029198, 35.1050350244019]]]}}, {"type": "Feature", "properties": {"LINK_ID": "4180093701", "F_NODE": "4180092903", "T_NODE": "4180092902", "LANES": 2, "ROAD_RANK": "107", "ROAD_TYPE": "000", "ROAD_NO": "-", "ROAD_NAME": "신항8로", "ROAD_USE": "0", "MULTI_LINK": "0", "CONNECT": "0", "MAX_SPD": 60, "REST_VEH": "0", "REST_W": 0, "REST_H": 0, "C-ITS": "0", "LENGTH": 12.000116062655, "UPDATEDATE": "20250512", "REMARK": null, "HIST_TYPE": "LINK0001", "HISTREMARK": null, "link_stats_import_fid": 683, "link_stats_import_vehicle_count": 6.0, "link_stats_import_avg_speed": 5.85, "link_stats_import_sum_weight_kg": 1000.0}, "geometry": {"type": "MultiLineString", "coordinates": [[[128.77868283095592, 35.09691298498197], [128.77881439261415, 35.0969138486062]]]}}, {"type": "Feature", "properties": {"LINK_ID": "4180065400", "F_NODE": "4180107004", "T_NODE": "4180203600", "LANES": 3, "ROAD_RANK": "107", "ROAD_TYPE": "000", "ROAD_NO": "-", "ROAD_NAME": "신항동로", "ROAD_USE": "0", "MULTI_LINK": "0", "CONNECT": "0", "MAX_SPD": 50, "REST_VEH": "0", "REST_W": 0, "REST_H": 0, "C-ITS": "0", "LENGTH": 330.945962035822, "UPDATEDATE": "20250512", "REMARK": null, "HIST_TYPE": "LINK0003", "HISTREMARK": null, "link_stats_import_fid": 475, "link_stats_import_vehicle_count": 11.0, "link_stats_import_avg_speed": 11.23, "link_stats_import_sum_weight_kg": 33754.0}, "geometry": {"type": "MultiLineString", "coordinates": [[[128.80713982174876, 35.088915875063606], [128.80457940795833, 35.08892098452052], [128.80351182306654, 35.088919613334134]]]}}, {"type": "Feature", "properties": {"LINK_ID": "4180083201", "F_NODE": "4180093104", "T_NODE": "4180093103", "LANES": 2, "ROAD_RANK": "107", "ROAD_TYPE": "000", "ROAD_NO": "-", "ROAD_NAME": "신항9로", "ROAD_USE": "0", "MULTI_LINK": "0", "CONNECT": "0", "MAX_SPD": 60, "REST_VEH": "0", "REST_W": 0, "REST_H": 0, "C-ITS": "0", "LENGTH": 12.001091699532, "UPDATEDATE": "20250512", "REMARK": null, "HIST_TYPE": "LINK0001", "HISTREMARK": null, "link_stats_import_fid": 1008, "link_stats_import_vehicle_count": 2.0, "link_stats_import_avg_speed": 5.56, "link_stats_import_sum_weight_kg": 28293.0}, "geometry": {"type": "MultiLineString", "coordinates": [[[128.7787013929024, 35.0913997008002], [128.77870225728347, 35.0912915639599]]]}}, {"type": "Feature", "properties": {"LINK_ID": "1410060200", "F_NODE": "1410021101", "T_NODE": "1410023002", "LANES": 2, "ROAD_RANK": "104", "ROAD_TYPE": "000", "ROAD_NO": "-", "ROAD_NAME": "녹산산단261로", "ROAD_USE": "0", "MULTI_LINK": "0", "CONNECT": "0", "MAX_SPD": 50, "REST_VEH": "0", "REST_W": 0, "REST_H": 0, "C-ITS": "0", "LENGTH": 85.683923892609, "UPDATEDATE": "20250512", "REMARK": null, "HIST_TYPE": "LINK0003", "HISTREMARK": null, "link_stats_import_fid": null, "link_stats_import_vehicle_count": null, "link_stats_import_avg_speed": null, "link_stats_import_sum_weight_kg": null}, "geometry": {"type": "MultiLineString", "coordinates": [[[128.84608878512032, 35.09263699255898], [128.84608618924696, 35.09340904891494]]]}}, {"type": "Feature", "properties": {"LINK_ID": "1410737900", "F_NODE": "1410287801", "T_NODE": "1410024304", "LANES": 2, "ROAD_RANK": "104", "ROAD_TYPE": "000", "ROAD_NO": "-", "ROAD_NAME": "녹산산업대로", "ROAD_USE": "0", "MULTI_LINK": "0", "CONNECT": "0", "MAX_SPD": 70, "REST_VEH": "0", "REST_W": 0, "REST_H": 0, "C-ITS": "0", "LENGTH": 221.483386609621, "UPDATEDATE": "20250512", "REMARK": null, "HIST_TYPE": "LINK0006", "HISTREMARK": null, "link_stats_import_fid": 164, "link_stats_import_vehicle_count": 80.0, "link_stats_import_avg_speed": 14.61, "link_stats_import_sum_weight_kg": 304756.0}, "geometry": {"type": "MultiLineString", "coordinates": [[[128.8237248084529, 35.09662875053557], [128.82401202548508, 35.09641346031942], [128.8241041553523, 35.09634177769413], [128.82546926940168, 35.09524077346308]]]}}, {"type": "Feature", "properties": {"LINK_ID": "1411030400", "F_NODE": "1410382301", "T_NODE": "1410382102", "LANES": 3, "ROAD_RANK": "104", "ROAD_TYPE": "000", "ROAD_NO": "-", "ROAD_NAME": "신항남로", "ROAD_USE": "0", "MULTI_LINK": "0", "CONNECT": "0", "MAX_SPD": 60, "REST_VEH": "0", "REST_W": 0, "REST_H": 0, "C-ITS": "0", "LENGTH": 472.731191032658, "UPDATEDATE": "20250512", "REMARK": null, "HIST_TYPE": "LINK0003", "HISTREMARK": null, "link_stats_import_fid": 13, "link_stats_import_vehicle_count": 485.0, "link_stats_import_avg_speed": 12.81, "link_stats_import_sum_weight_kg": 10635699.0}, "geometry": {"type": "MultiLineString", "coordinates": [[[128.83482030744324, 35.06989971244042], [128.83484829050033, 35.07006195259245], [128.83487189971845, 35.07076124160375], [128.83487396683137, 35.074157419827856]]]}}, {"type": "Feature", "properties": {"LINK_ID": "4180062502", "F_NODE": "4180109802", "T_NODE": "4180109801", "LANES": 3, "ROAD_RANK": "107", "ROAD_TYPE": "000", "ROAD_NO": "-", "ROAD_NAME": "-", "ROAD_USE": "0", "MULTI_LINK": "0", "CONNECT": "0", "MAX_SPD": 60, "REST_VEH": "0", "REST_W": 0, "REST_H": 0, "C-ITS": "0", "LENGTH": 11.999963151731, "UPDATEDATE": "20250512", "REMARK": "도로명없음", "HIST_TYPE": "LINK0001", "HISTREMARK": null, "link_stats_import_fid": 852, "link_stats_import_vehicle_count": 3.0, "link_stats_import_avg_speed": 6.33, "link_stats_import_sum_weight_kg": 24091.0}, "geometry": {"type": "MultiLineString", "coordinates": [[[128.81236933806727, 35.084486463654926], [128.81236786055243, 35.084594584615346]]]}}, {"type": "Feature", "properties": {"LINK_ID": "4180113500", "F_NODE": "4180113102", "T_NODE": "4180115703", "LANES": 2, "ROAD_RANK": "107", "ROAD_TYPE": "000", "ROAD_NO": "-", "ROAD_NAME": "용원로", "ROAD_USE": "0", "MULTI_LINK": "0", "CONNECT": "0", "MAX_SPD": 60, "REST_VEH": "0", "REST_W": 0, "REST_H": 0, "C-ITS": "0", "LENGTH": 141.713119199073, "UPDATEDATE": "20250512", "REMARK": null, "HIST_TYPE": "LINK0003", "HISTREMARK": null, "link_stats_import_fid": 801, "link_stats_import_vehicle_count": 4.0, "link_stats_import_avg_speed": 10.67, "link_stats_import_sum_weight_kg": 40315.0}, "geometry": {"type": "MultiLineString", "coordinates": [[[128.8145642049292, 35.099466894856384], [128.81607663186037, 35.099174436585095]]]}}, {"type": "Feature", "properties": {"LINK_ID": "4180137300", "F_NODE": "4180108402", "T_NODE": "4180108903", "LANES": 2, "ROAD_RANK": "107", "ROAD_TYPE": "000", "ROAD_NO": "-", "ROAD_NAME": "용재로", "ROAD_USE": "0", "MULTI_LINK": "0", "CONNECT": "0", "MAX_SPD": 60, "REST_VEH": "0", "REST_W": 0, "REST_H": 0, "C-ITS": "0", "LENGTH": 87.41611832053, "UPDATEDATE": "20250512", "REMARK": null, "HIST_TYPE": "LINK0003", "HISTREMARK": null, "link_stats_import_fid": 919, "link_stats_import_vehicle_count": 3.0, "link_stats_import_avg_speed": 9.15, "link_stats_import_sum_weight_kg": 44300.0}, "geometry": {"type": "MultiLineString", "coordinates": [[[128.81074904720398, 35.102217715678144], [128.81168002285534, 35.10203045572797]]]}}, {"type": "Feature", "properties": {"LINK_ID": "1410084501", "F_NODE": "1410028304", "T_NODE": "1410028303", "LANES": 2, "ROAD_RANK": "104", "ROAD_TYPE": "000", "ROAD_NO": "-", "ROAD_NAME": "녹산산단261로", "ROAD_USE": "0", "MULTI_LINK": "0", "CONNECT": "0", "MAX_SPD": 50, "REST_VEH": "0", "REST_W": 0, "REST_H": 0, "C-ITS": "0", "LENGTH": 13.317693271967, "UPDATEDATE": "20250512", "REMARK": null, "HIST_TYPE": "LINK0001", "HISTREMARK": null, "link_stats_import_fid": 1154, "link_stats_import_vehicle_count": 1.0, "link_stats_import_avg_speed": 9.17, "link_stats_import_sum_weight_kg": 0.0}, "geometry": {"type": "MultiLineString", "coordinates": [[[128.84595783961365, 35.096839773979724], [128.84595814636305, 35.09671977456453]]]}}, {"type": "Feature", "properties": {"LINK_ID": "4180084200", "F_NODE": "4180123802", "T_NODE": "4180123903", "LANES": 2, "ROAD_RANK": "107", "ROAD_TYPE": "000", "ROAD_NO": "-", "ROAD_NAME": "신항2로", "ROAD_USE": "0", "MULTI_LINK": "0", "CONNECT": "0", "MAX_SPD": 60, "REST_VEH": "0", "REST_W": 0, "REST_H": 0, "C-ITS": "0", "LENGTH": 223.325613710012, "UPDATEDATE": "20250512", "REMARK": null, "HIST_TYPE": "LINK0003", "HISTREMARK": null, "link_stats_import_fid": 1010, "link_stats_import_vehicle_count": 2.0, "link_stats_import_avg_speed": 8.18, "link_stats_import_sum_weight_kg": 0.0}, "geometry": {"type": "MultiLineString", "coordinates": [[[128.8246408277066, 35.092320986634036], [128.82639577401585, 35.090917868148246]]]}}, {"type": "Feature", "properties": {"LINK_ID": "1410055200", "F_NODE": "1410019604", "T_NODE": "1410020401", "LANES": 3, "ROAD_RANK": "104", "ROAD_TYPE": "000", "ROAD_NO": "-", "ROAD_NAME": "녹산산업대로", "ROAD_USE": "0", "MULTI_LINK": "0", "CONNECT": "0", "MAX_SPD": 70, "REST_VEH": "0", "REST_W": 0, "REST_H": 0, "C-ITS": "0", "LENGTH": 198.692318467864, "UPDATEDATE": "20250512", "REMARK": null, "HIST_TYPE": "LINK0003", "HISTREMARK": null, "link_stats_import_fid": 384, "link_stats_import_vehicle_count": 16.0, "link_stats_import_avg_speed": 14.87, "link_stats_import_sum_weight_kg": 9000.0}, "geometry": {"type": "MultiLineString", "coordinates": [[[128.8310748275613, 35.090876543111506], [128.83020141407087, 35.09158025077724], [128.8295193053393, 35.09212981201394]]]}}, {"type": "Feature", "properties": {"LINK_ID": "1410001001", "F_NODE": "1410000203", "T_NODE": "1410000206", "LANES": 3, "ROAD_RANK": "103", "ROAD_TYPE": "000", "ROAD_NO": "2", "ROAD_NAME": "낙동남로", "ROAD_USE": "0", "MULTI_LINK": "0", "CONNECT": "0", "MAX_SPD": 70, "REST_VEH": "0", "REST_W": 0, "REST_H": 0, "C-ITS": "0", "LENGTH": 15.88858027083, "UPDATEDATE": "20250512", "REMARK": null, "HIST_TYPE": "LINK0001", "HISTREMARK": null, "link_stats_import_fid": 806, "link_stats_import_vehicle_count": 3.0, "link_stats_import_avg_speed": 11.29, "link_stats_import_sum_weight_kg": 2000.0}, "geometry": {"type": "MultiLineString", "coordinates": [[[128.83948634838325, 35.10307360681051], [128.83935570402016, 35.10297890195315]]]}}, {"type": "Feature", "properties": {"LINK_ID": "4180114201", "F_NODE": "4180107602", "T_NODE": "4180107601", "LANES": 2, "ROAD_RANK": "107", "ROAD_TYPE": "000", "ROAD_NO": "-", "ROAD_NAME": "안골로", "ROAD_USE": "0", "MULTI_LINK": "0", "CONNECT": "0", "MAX_SPD": 30, "REST_VEH": "0", "REST_W": 0, "REST_H": 0, "C-ITS": "0", "LENGTH": 13.516566776757, "UPDATEDATE": "20250512", "REMARK": null, "HIST_TYPE": "LINK0001", "HISTREMARK": null, "link_stats_import_fid": 1047, "link_stats_import_vehicle_count": 2.0, "link_stats_import_avg_speed": 7.02, "link_stats_import_sum_weight_kg": 15054.0}, "geometry": {"type": "MultiLineString", "coordinates": [[[128.8095154933626, 35.10050254521082], [128.8095784669512, 35.10061279549308]]]}}, {"type": "Feature", "properties": {"LINK_ID": "1410085400", "F_NODE": "1410028601", "T_NODE": "1410030602", "LANES": 2, "ROAD_RANK": "104", "ROAD_TYPE": "000", "ROAD_NO": "-", "ROAD_NAME": "녹산산단27로", "ROAD_USE": "0", "MULTI_LINK": "0", "CONNECT": "0", "MAX_SPD": 50, "REST_VEH": "0", "REST_W": 0, "REST_H": 0, "C-ITS": "0", "LENGTH": 228.549715132785, "UPDATEDATE": "20250512", "REMARK": null, "HIST_TYPE": "LINK0003", "HISTREMARK": null, "link_stats_import_fid": null, "link_stats_import_vehicle_count": null, "link_stats_import_avg_speed": null, "link_stats_import_sum_weight_kg": null}, "geometry": {"type": "MultiLineString", "coordinates": [[[128.82509645051366, 35.097172452791625], [128.8268513277641, 35.0986424469442]]]}}, {"type": "Feature", "properties": {"LINK_ID": "1410039305", "F_NODE": "1410019601", "T_NODE": "1410019604", "LANES": 3, "ROAD_RANK": "104", "ROAD_TYPE": "000", "ROAD_NO": "-", "ROAD_NAME": "녹산산업대로", "ROAD_USE": "0", "MULTI_LINK": "0", "CONNECT": "0", "MAX_SPD": 70, "REST_VEH": "0", "REST_W": 0, "REST_H": 0, "C-ITS": "0", "LENGTH": 12.124495164055, "UPDATEDATE": "20250512", "REMARK": null, "HIST_TYPE": "LINK0001", "HISTREMARK": null, "link_stats_import_fid": null, "link_stats_import_vehicle_count": null, "link_stats_import_avg_speed": null, "link_stats_import_sum_weight_kg": null}, "geometry": {"type": "MultiLineString", "coordinates": [[[128.83116876003, 35.09079924794791], [128.8310748275613, 35.090876543111506]]]}}, {"type": "Feature", "properties": {"LINK_ID": "4180082905", "F_NODE": "4180313300", "T_NODE": "4180092901", "LANES": 2, "ROAD_RANK": "107", "ROAD_TYPE": "000", "ROAD_NO": "-", "ROAD_NAME": "신항8로", "ROAD_USE": "0", "MULTI_LINK": "0", "CONNECT": "0", "MAX_SPD": 60, "REST_VEH": "0", "REST_W": 0, "REST_H": 0, "C-ITS": "0", "LENGTH": 265.818360855726, "UPDATEDATE": "20250512", "REMARK": null, "HIST_TYPE": "LINK1007", "HISTREMARK": "4180082900", "link_stats_import_fid": 321, "link_stats_import_vehicle_count": 23.0, "link_stats_import_avg_speed": 8.55, "link_stats_import_sum_weight_kg": 74389.0}, "geometry": {"type": "MultiLineString", "coordinates": [[[128.7817264900066, 35.09705733306005], [128.7788124480486, 35.097021965950894]]]}}, {"type": "Feature", "properties": {"LINK_ID": "4180142301", "F_NODE": "4180111303", "T_NODE": "4180111302", "LANES": 3, "ROAD_RANK": "103", "ROAD_TYPE": "000", "ROAD_NO": "2", "ROAD_NAME": "진해대로", "ROAD_USE": "0", "MULTI_LINK": "0", "CONNECT": "0", "MAX_SPD": 70, "REST_VEH": "0", "REST_W": 0, "REST_H": 0, "C-ITS": "0", "LENGTH": 11.048350225971, "UPDATEDATE": "20250512", "REMARK": null, "HIST_TYPE": "LINK0001", "HISTREMARK": null, "link_stats_import_fid": null, "link_stats_import_vehicle_count": null, "link_stats_import_avg_speed": null, "link_stats_import_sum_weight_kg": null}, "geometry": {"type": "MultiLineString", "coordinates": [[[128.81373595106191, 35.103086497910674], [128.81385351309578, 35.10306248602854]]]}}, {"type": "Feature", "properties": {"LINK_ID": "1410735804", "F_NODE": "1410401302", "T_NODE": "1410401301", "LANES": 2, "ROAD_RANK": "104", "ROAD_TYPE": "000", "ROAD_NO": "-", "ROAD_NAME": "만금로", "ROAD_USE": "0", "MULTI_LINK": "0", "CONNECT": "0", "MAX_SPD": 40, "REST_VEH": "0", "REST_W": 0, "REST_H": 0, "C-ITS": "0", "LENGTH": 12.000004442541, "UPDATEDATE": "20250512", "REMARK": null, "HIST_TYPE": "LINK0001", "HISTREMARK": null, "link_stats_import_fid": 1184, "link_stats_import_vehicle_count": 1.0, "link_stats_import_avg_speed": 7.48, "link_stats_import_sum_weight_kg": 1000.0}, "geometry": {"type": "MultiLineString", "coordinates": [[[128.8221120987286, 35.09794696649042], [128.82220420077869, 35.09802417929194]]]}}, {"type": "Feature", "properties": {"LINK_ID": "4180066900", "F_NODE": "4180110701", "T_NODE": "4180110602", "LANES": 2, "ROAD_RANK": "107", "ROAD_TYPE": "000", "ROAD_NO": "-", "ROAD_NAME": "-", "ROAD_USE": "0", "MULTI_LINK": "0", "CONNECT": "0", "MAX_SPD": 50, "REST_VEH": "0", "REST_W": 0, "REST_H": 0, "C-ITS": "0", "LENGTH": 206.287567670457, "UPDATEDATE": "20250512", "REMARK": "도로명없음", "HIST_TYPE": "LINK0003", "HISTREMARK": null, "link_stats_import_fid": 658, "link_stats_import_vehicle_count": 6.0, "link_stats_import_avg_speed": 14.27, "link_stats_import_sum_weight_kg": 27000.0}, "geometry": {"type": "MultiLineString", "coordinates": [[[128.81285022358415, 35.086111261402664], [128.81285738869113, 35.086864488929834], [128.81285961863924, 35.08709890133515], [128.81285934973027, 35.087970020577536]]]}}, {"type": "Feature", "properties": {"LINK_ID": "1410040501", "F_NODE": "1410018702", "T_NODE": "1410018701", "LANES": 3, "ROAD_RANK": "105", "ROAD_TYPE": "000", "ROAD_NO": "58", "ROAD_NAME": "가락대로", "ROAD_USE": "0", "MULTI_LINK": "0", "CONNECT": "0", "MAX_SPD": 60, "REST_VEH": "0", "REST_W": 0, "REST_H": 0, "C-ITS": "0", "LENGTH": 13.317657964242, "UPDATEDATE": "20250512", "REMARK": null, "HIST_TYPE": "LINK0001", "HISTREMARK": null, "link_stats_import_fid": 940, "link_stats_import_vehicle_count": 2.0, "link_stats_import_avg_speed": 11.36, "link_stats_import_sum_weight_kg": 0.0}, "geometry": {"type": "MultiLineString", "coordinates": [[[128.8395111991387, 35.090029078209966], [128.83951080892905, 35.09014907756109]]]}}, {"type": "Feature", "properties": {"LINK_ID": "1410092000", "F_NODE": "1410030604", "T_NODE": "1410031301", "LANES": 2, "ROAD_RANK": "104", "ROAD_TYPE": "000", "ROAD_NO": "-", "ROAD_NAME": "녹산산업중로", "ROAD_USE": "0", "MULTI_LINK": "0", "CONNECT": "0", "MAX_SPD": 50, "REST_VEH": "0", "REST_W": 0, "REST_H": 0, "C-ITS": "0", "LENGTH": 82.668011680756, "UPDATEDATE": "20250512", "REMARK": null, "HIST_TYPE": "LINK0003", "HISTREMARK": null, "link_stats_import_fid": 1161, "link_stats_import_vehicle_count": 1.0, "link_stats_import_avg_speed": 6.22, "link_stats_import_sum_weight_kg": 0.0}, "geometry": {"type": "MultiLineString", "coordinates": [[[128.826849685469, 35.098797540817735], [128.82619926605526, 35.09931630751724]]]}}, {"type": "Feature", "properties": {"LINK_ID": "4180083402", "F_NODE": "4180220700", "T_NODE": "4180098403", "LANES": 3, "ROAD_RANK": "107", "ROAD_TYPE": "003", "ROAD_NO": "-", "ROAD_NAME": "신항북로", "ROAD_USE": "0", "MULTI_LINK": "0", "CONNECT": "0", "MAX_SPD": 80, "REST_VEH": "0", "REST_W": 0, "REST_H": 0, "C-ITS": "0", "LENGTH": 285.011147899692, "UPDATEDATE": "20250512", "REMARK": null, "HIST_TYPE": "LINK1007", "HISTREMARK": "4180083400", "link_stats_import_fid": 461, "link_stats_import_vehicle_count": 12.0, "link_stats_import_avg_speed": 14.95, "link_stats_import_sum_weight_kg": 34000.0}, "geometry": {"type": "MultiLineString", "coordinates": [[[128.78521960552902, 35.09279492963356], [128.7876493777263, 35.09118026930239]]]}}, {"type": "Feature", "properties": {"LINK_ID": "1410738001", "F_NODE": "1410287501", "T_NODE": "1410287504", "LANES": 3, "ROAD_RANK": "104", "ROAD_TYPE": "000", "ROAD_NO": "-", "ROAD_NAME": "녹산산업대로", "ROAD_USE": "0", "MULTI_LINK": "0", "CONNECT": "0", "MAX_SPD": 70, "REST_VEH": "0", "REST_W": 0, "REST_H": 0, "C-ITS": "0", "LENGTH": 13.361393146312, "UPDATEDATE": "20250512", "REMARK": null, "HIST_TYPE": "LINK0001", "HISTREMARK": null, "link_stats_import_fid": null, "link_stats_import_vehicle_count": null, "link_stats_import_avg_speed": null, "link_stats_import_sum_weight_kg": null}, "geometry": {"type": "MultiLineString", "coordinates": [[[128.8233890946312, 35.09706831230308], [128.82328520512186, 35.09715319136339]]]}}, {"type": "Feature", "properties": {"LINK_ID": "4180073700", "F_NODE": "4180119101", "T_NODE": "4180119002", "LANES": 3, "ROAD_RANK": "107", "ROAD_TYPE": "000", "ROAD_NO": "-", "ROAD_NAME": "신항4로", "ROAD_USE": "0", "MULTI_LINK": "0", "CONNECT": "0", "MAX_SPD": 50, "REST_VEH": "0", "REST_W": 0, "REST_H": 0, "C-ITS": "0", "LENGTH": 83.814972111671, "UPDATEDATE": "20250512", "REMARK": null, "HIST_TYPE": "LINK0003", "HISTREMARK": null, "link_stats_import_fid": 230, "link_stats_import_vehicle_count": 46.0, "link_stats_import_avg_speed": 8.29, "link_stats_import_sum_weight_kg": 143119.0}, "geometry": {"type": "MultiLineString", "coordinates": [[[128.81835784073905, 35.0880924698392], [128.8183473456639, 35.08884764799134]]]}}, {"type": "Feature", "properties": {"LINK_ID": "4180125700", "F_NODE": "4180106103", "T_NODE": "4180106804", "LANES": 2, "ROAD_RANK": "107", "ROAD_TYPE": "000", "ROAD_NO": "-", "ROAD_NAME": "안청남로", "ROAD_USE": "0", "MULTI_LINK": "0", "CONNECT": "0", "MAX_SPD": 60, "REST_VEH": "0", "REST_W": 0, "REST_H": 0, "C-ITS": "0", "LENGTH": 96.180169239151, "UPDATEDATE": "20250512", "REMARK": null, "HIST_TYPE": "LINK0003", "HISTREMARK": null, "link_stats_import_fid": 1380, "link_stats_import_vehicle_count": 1.0, "link_stats_import_avg_speed": 8.42, "link_stats_import_sum_weight_kg": 62680.0}, "geometry": {"type": "MultiLineString", "coordinates": [[[128.80631705843814, 35.101183784930534], [128.80671589791166, 35.10073501853596], [128.8069390432371, 35.10048393711841]]]}}, {"type": "Feature", "properties": {"LINK_ID": "1410066500", "F_NODE": "1410023104", "T_NODE": "1410023001", "LANES": 2, "ROAD_RANK": "104", "ROAD_TYPE": "000", "ROAD_NO": "-", "ROAD_NAME": "녹산산업중로", "ROAD_USE": "0", "MULTI_LINK": "0", "CONNECT": "0", "MAX_SPD": 50, "REST_VEH": "0", "REST_W": 0, "REST_H": 0, "C-ITS": "0", "LENGTH": 280.033496913401, "UPDATEDATE": "20250512", "REMARK": null, "HIST_TYPE": "LINK0003", "HISTREMARK": null, "link_stats_import_fid": null, "link_stats_import_vehicle_count": null, "link_stats_import_avg_speed": null, "link_stats_import_sum_weight_kg": null}, "geometry": {"type": "MultiLineString", "coordinates": [[[128.84915585439737, 35.09353193555397], [128.84608585433162, 35.093529048260365]]]}}, {"type": "Feature", "properties": {"LINK_ID": "4180072700", "F_NODE": "4180110601", "T_NODE": "4180110202", "LANES": 2, "ROAD_RANK": "107", "ROAD_TYPE": "000", "ROAD_NO": "-", "ROAD_NAME": "-", "ROAD_USE": "0", "MULTI_LINK": "0", "CONNECT": "0", "MAX_SPD": 50, "REST_VEH": "0", "REST_W": 0, "REST_H": 0, "C-ITS": "0", "LENGTH": 84.714864044076, "UPDATEDATE": "20250512", "REMARK": "도로명없음", "HIST_TYPE": "LINK0003", "HISTREMARK": null, "link_stats_import_fid": null, "link_stats_import_vehicle_count": null, "link_stats_import_avg_speed": null, "link_stats_import_sum_weight_kg": null}, "geometry": {"type": "MultiLineString", "coordinates": [[[128.8128585398132, 35.088078184299306], [128.8128470431063, 35.0888414634007]]]}}, {"type": "Feature", "properties": {"LINK_ID": "4180066301", "F_NODE": "4180216200", "T_NODE": "4180101801", "LANES": 2, "ROAD_RANK": "107", "ROAD_TYPE": "000", "ROAD_NO": "-", "ROAD_NAME": "-", "ROAD_USE": "0", "MULTI_LINK": "0", "CONNECT": "0", "MAX_SPD": 60, "REST_VEH": "0", "REST_W": 0, "REST_H": 0, "C-ITS": "0", "LENGTH": 19.971561590642, "UPDATEDATE": "20250512", "REMARK": "도로명없음", "HIST_TYPE": "LINK1007", "HISTREMARK": "4180066300", "link_stats_import_fid": null, "link_stats_import_vehicle_count": null, "link_stats_import_avg_speed": null, "link_stats_import_sum_weight_kg": null}, "geometry": {"type": "MultiLineString", "coordinates": [[[128.7980784909232, 35.0880139054719], [128.79813132068935, 35.088188545898554]]]}}, {"type": "Feature", "properties": {"LINK_ID": "1411101704", "F_NODE": "1410588300", "T_NODE": "1410383001", "LANES": 3, "ROAD_RANK": "104", "ROAD_TYPE": "000", "ROAD_NO": "-", "ROAD_NAME": "신항남로", "ROAD_USE": "1", "MULTI_LINK": "0", "CONNECT": "0", "MAX_SPD": 60, "REST_VEH": "0", "REST_W": 0, "REST_H": 450, "C-ITS": "0", "LENGTH": 181.568354334441, "UPDATEDATE": "20250512", "REMARK": null, "HIST_TYPE": "LINK1007", "HISTREMARK": "1411101701", "link_stats_import_fid": 81, "link_stats_import_vehicle_count": 203.0, "link_stats_import_avg_speed": 12.82, "link_stats_import_sum_weight_kg": 8837686.0}, "geometry": {"type": "MultiLineString", "coordinates": [[[128.8212029682837, 35.063407202983655], [128.82179551572622, 35.06361987087762], [128.82257927750646, 35.06390116019983], [128.82281100703685, 35.06403187005586], [128.8229621702806, 35.064148254245985]]]}}, {"type": "Feature", "properties": {"LINK_ID": "1410087800", "F_NODE": "1410029301", "T_NODE": "1410031602", "LANES": 3, "ROAD_RANK": "105", "ROAD_TYPE": "000", "ROAD_NO": "58", "ROAD_NAME": "가락대로", "ROAD_USE": "0", "MULTI_LINK": "0", "CONNECT": "0", "MAX_SPD": 60, "REST_VEH": "0", "REST_W": 0, "REST_H": 0, "C-ITS": "0", "LENGTH": 164.543453354853, "UPDATEDATE": "20250512", "REMARK": null, "HIST_TYPE": "LINK0003", "HISTREMARK": null, "link_stats_import_fid": 254, "link_stats_import_vehicle_count": 36.0, "link_stats_import_avg_speed": 10.59, "link_stats_import_sum_weight_kg": 23568.0}, "geometry": {"type": "MultiLineString", "coordinates": [[[128.83948779935878, 35.09803706879724], [128.83948317618191, 35.09951969334546]]]}}, {"type": "Feature", "properties": {"LINK_ID": "4180067501", "F_NODE": "4180123703", "T_NODE": "4180123702", "LANES": 4, "ROAD_RANK": "107", "ROAD_TYPE": "000", "ROAD_NO": "-", "ROAD_NAME": "신항북로", "ROAD_USE": "0", "MULTI_LINK": "0", "CONNECT": "0", "MAX_SPD": 70, "REST_VEH": "0", "REST_W": 0, "REST_H": 0, "C-ITS": "0", "LENGTH": 11.94360634126, "UPDATEDATE": "20250512", "REMARK": null, "HIST_TYPE": "LINK0001", "HISTREMARK": null, "link_stats_import_fid": 345, "link_stats_import_vehicle_count": 20.0, "link_stats_import_avg_speed": 9.38, "link_stats_import_sum_weight_kg": 16000.0}, "geometry": {"type": "MultiLineString", "coordinates": [[[128.82425378000767, 35.08601869680255], [128.8243847059261, 35.08601906156046]]]}}, {"type": "Feature", "properties": {"LINK_ID": "4180067000", "F_NODE": "4180110603", "T_NODE": "4180207800", "LANES": 2, "ROAD_RANK": "107", "ROAD_TYPE": "000", "ROAD_NO": "-", "ROAD_NAME": "-", "ROAD_USE": "0", "MULTI_LINK": "0", "CONNECT": "0", "MAX_SPD": 50, "REST_VEH": "0", "REST_W": 0, "REST_H": 0, "C-ITS": "0", "LENGTH": 122.595314286438, "UPDATEDATE": "20250512", "REMARK": "도로명없음", "HIST_TYPE": "LINK0003", "HISTREMARK": null, "link_stats_import_fid": null, "link_stats_import_vehicle_count": null, "link_stats_import_avg_speed": null, "link_stats_import_sum_weight_kg": null}, "geometry": {"type": "MultiLineString", "coordinates": [[[128.81272780139605, 35.08796999316766], [128.81272807082132, 35.08709931031748], [128.81272584540562, 35.08686533432092]]]}}, {"type": "Feature", "properties": {"LINK_ID": "1410064800", "F_NODE": "1410022602", "T_NODE": "1410022703", "LANES": 2, "ROAD_RANK": "104", "ROAD_TYPE": "000", "ROAD_NO": "-", "ROAD_NAME": "녹산산업중로", "ROAD_USE": "0", "MULTI_LINK": "0", "CONNECT": "0", "MAX_SPD": 50, "REST_VEH": "0", "REST_W": 0, "REST_H": 0, "C-ITS": "0", "LENGTH": 113.745127455389, "UPDATEDATE": "20250512", "REMARK": null, "HIST_TYPE": "LINK0003", "HISTREMARK": null, "link_stats_import_fid": 947, "link_stats_import_vehicle_count": 2.0, "link_stats_import_avg_speed": 14.64, "link_stats_import_sum_weight_kg": 1000.0}, "geometry": {"type": "MultiLineString", "coordinates": [[[128.83813417849194, 35.093402035517734], [128.83938116596102, 35.09340294796693]]]}}, {"type": "Feature", "properties": {"LINK_ID": "1410076001", "F_NODE": "1410025803", "T_NODE": "1410025802", "LANES": 2, "ROAD_RANK": "104", "ROAD_TYPE": "000", "ROAD_NO": "-", "ROAD_NAME": "가락대로", "ROAD_USE": "0", "MULTI_LINK": "0", "CONNECT": "0", "MAX_SPD": 60, "REST_VEH": "0", "REST_W": 0, "REST_H": 0, "C-ITS": "0", "LENGTH": 10.945978059764, "UPDATEDATE": "20250512", "REMARK": null, "HIST_TYPE": "LINK0001", "HISTREMARK": null, "link_stats_import_fid": null, "link_stats_import_vehicle_count": null, "link_stats_import_avg_speed": null, "link_stats_import_sum_weight_kg": null}, "geometry": {"type": "MultiLineString", "coordinates": [[[128.83800718811597, 35.0955638485517], [128.8381271916162, 35.095564124599235]]]}}, {"type": "Feature", "properties": {"LINK_ID": "1410195201", "F_NODE": "1410862700", "T_NODE": "1410071402", "LANES": 2, "ROAD_RANK": "105", "ROAD_TYPE": "000", "ROAD_NO": "58", "ROAD_NAME": "거가대로", "ROAD_USE": "0", "MULTI_LINK": "0", "CONNECT": "0", "MAX_SPD": 80, "REST_VEH": "5", "REST_W": 0, "REST_H": 0, "C-ITS": "0", "LENGTH": 322.464167295029, "UPDATEDATE": "20250512", "REMARK": null, "HIST_TYPE": "LINK1007", "HISTREMARK": "1410195200", "link_stats_import_fid": 840, "link_stats_import_vehicle_count": 3.0, "link_stats_import_avg_speed": 21.24, "link_stats_import_sum_weight_kg": 0.0}, "geometry": {"type": "MultiLineString", "coordinates": [[[128.82590688694714, 35.051866494907266], [128.82585901375936, 35.05100488098292], [128.82589322332765, 35.050049132520606], [128.82602236802205, 35.048967387524854]]]}}, {"type": "Feature", "properties": {"LINK_ID": "4180075200", "F_NODE": "4180091103", "T_NODE": "4180091304", "LANES": 3, "ROAD_RANK": "107", "ROAD_TYPE": "000", "ROAD_NO": "-", "ROAD_NAME": "신항6로", "ROAD_USE": "0", "MULTI_LINK": "0", "CONNECT": "0", "MAX_SPD": 60, "REST_VEH": "0", "REST_W": 0, "REST_H": 0, "C-ITS": "0", "LENGTH": 231.376427767193, "UPDATEDATE": "20250512", "REMARK": null, "HIST_TYPE": "LINK0003", "HISTREMARK": null, "link_stats_import_fid": 373, "link_stats_import_vehicle_count": 18.0, "link_stats_import_avg_speed": 9.31, "link_stats_import_sum_weight_kg": 81366.0}, "geometry": {"type": "MultiLineString", "coordinates": [[[128.7742705020028, 35.09125791996279], [128.77429074859717, 35.08917310100854]]]}}, {"type": "Feature", "properties": {"LINK_ID": "1410000801", "F_NODE": "1410000213", "T_NODE": "1410000206", "LANES": 3, "ROAD_RANK": "105", "ROAD_TYPE": "000", "ROAD_NO": "58", "ROAD_NAME": "가락대로", "ROAD_USE": "0", "MULTI_LINK": "0", "CONNECT": "0", "MAX_SPD": 60, "REST_VEH": "0", "REST_W": 0, "REST_H": 450, "C-ITS": "0", "LENGTH": 106.10554020967, "UPDATEDATE": "20250512", "REMARK": null, "HIST_TYPE": "LINK0003", "HISTREMARK": null, "link_stats_import_fid": 322, "link_stats_import_vehicle_count": 22.0, "link_stats_import_avg_speed": 9.04, "link_stats_import_sum_weight_kg": 44556.0}, "geometry": {"type": "MultiLineString", "coordinates": [[[128.8394518829318, 35.103931699288275], [128.83935570402016, 35.10297890195315]]]}}, {"type": "Feature", "properties": {"LINK_ID": "1410195501", "F_NODE": "1410881300", "T_NODE": "1410071401", "LANES": 2, "ROAD_RANK": "105", "ROAD_TYPE": "004", "ROAD_NO": "58", "ROAD_NAME": "거가대로", "ROAD_USE": "0", "MULTI_LINK": "0", "CONNECT": "0", "MAX_SPD": 80, "REST_VEH": "5", "REST_W": 0, "REST_H": 450, "C-ITS": "0", "LENGTH": 373.572974156187, "UPDATEDATE": "20250512", "REMARK": null, "HIST_TYPE": "LINK1007", "HISTREMARK": "1410195500", "link_stats_import_fid": null, "link_stats_import_vehicle_count": null, "link_stats_import_avg_speed": null, "link_stats_import_sum_weight_kg": null}, "geometry": {"type": "MultiLineString", "coordinates": [[[128.8266191204925, 35.04563439346355], [128.8261679558358, 35.04898003023477]]]}}, {"type": "Feature", "properties": {"LINK_ID": "1410036701", "F_NODE": "1410014104", "T_NODE": "1410014103", "LANES": 2, "ROAD_RANK": "104", "ROAD_TYPE": "000", "ROAD_NO": "-", "ROAD_NAME": "녹산산단262로", "ROAD_USE": "0", "MULTI_LINK": "0", "CONNECT": "0", "MAX_SPD": 50, "REST_VEH": "0", "REST_W": 0, "REST_H": 0, "C-ITS": "0", "LENGTH": 13.317771824083, "UPDATEDATE": "20250512", "REMARK": null, "HIST_TYPE": "LINK0001", "HISTREMARK": null, "link_stats_import_fid": null, "link_stats_import_vehicle_count": null, "link_stats_import_avg_speed": null, "link_stats_import_sum_weight_kg": null}, "geometry": {"type": "MultiLineString", "coordinates": [[[128.84597988020892, 35.08790891986272], [128.8459801331051, 35.087788919488055]]]}}, {"type": "Feature", "properties": {"LINK_ID": "1410097700", "F_NODE": "1410000209", "T_NODE": "1410032803", "LANES": 2, "ROAD_RANK": "103", "ROAD_TYPE": "000", "ROAD_NO": "2", "ROAD_NAME": "낙동남로", "ROAD_USE": "0", "MULTI_LINK": "0", "CONNECT": "1", "MAX_SPD": 40, "REST_VEH": "0", "REST_W": 0, "REST_H": 0, "C-ITS": "0", "LENGTH": 180.357654203048, "UPDATEDATE": "20250512", "REMARK": null, "HIST_TYPE": "LINK0003", "HISTREMARK": null, "link_stats_import_fid": 432, "link_stats_import_vehicle_count": 13.0, "link_stats_import_avg_speed": 10.4, "link_stats_import_sum_weight_kg": 2000.0}, "geometry": {"type": "MultiLineString", "coordinates": [[[128.83756367852789, 35.10169486789041], [128.83863798697797, 35.10194999095708], [128.83881298729705, 35.10196699140956], [128.83892798728246, 35.10197199125866], [128.839022987138, 35.10196199193017], [128.83912598745704, 35.1019309909981], [128.83920098785626, 35.10188499157657], [128.83927798710968, 35.101803992135466], [128.83935705005356, 35.101705376335374]]]}}, {"type": "Feature", "properties": {"LINK_ID": "4180114200", "F_NODE": "4180107402", "T_NODE": "4180107602", "LANES": 2, "ROAD_RANK": "107", "ROAD_TYPE": "000", "ROAD_NO": "-", "ROAD_NAME": "안골로", "ROAD_USE": "0", "MULTI_LINK": "0", "CONNECT": "0", "MAX_SPD": 30, "REST_VEH": "0", "REST_W": 0, "REST_H": 0, "C-ITS": "0", "LENGTH": 178.946684478132, "UPDATEDATE": "20250512", "REMARK": null, "HIST_TYPE": "LINK0003", "HISTREMARK": null, "link_stats_import_fid": 589, "link_stats_import_vehicle_count": 8.0, "link_stats_import_avg_speed": 9.19, "link_stats_import_sum_weight_kg": 153254.0}, "geometry": {"type": "MultiLineString", "coordinates": [[[128.80796613949119, 35.09951331387602], [128.8095154933626, 35.10050254521082]]]}}, {"type": "Feature", "properties": {"LINK_ID": "1410040800", "F_NODE": "1410015404", "T_NODE": "1410015301", "LANES": 3, "ROAD_RANK": "104", "ROAD_TYPE": "000", "ROAD_NO": "-", "ROAD_NAME": "녹산산업대로", "ROAD_USE": "0", "MULTI_LINK": "0", "CONNECT": "0", "MAX_SPD": 70, "REST_VEH": "0", "REST_W": 0, "REST_H": 0, "C-ITS": "0", "LENGTH": 290.807810905566, "UPDATEDATE": "20250512", "REMARK": null, "HIST_TYPE": "LINK0003", "HISTREMARK": null, "link_stats_import_fid": 200, "link_stats_import_vehicle_count": 59.0, "link_stats_import_avg_speed": 12.85, "link_stats_import_sum_weight_kg": 143447.0}, "geometry": {"type": "MultiLineString", "coordinates": [[[128.84597782904422, 35.08902295700341], [128.84278988090549, 35.08902102887981]]]}}, {"type": "Feature", "properties": {"LINK_ID": "1410030002", "F_NODE": "1410822800", "T_NODE": "1410012201", "LANES": 2, "ROAD_RANK": "104", "ROAD_TYPE": "000", "ROAD_NO": "-", "ROAD_NAME": "녹산산단232로", "ROAD_USE": "0", "MULTI_LINK": "0", "CONNECT": "0", "MAX_SPD": 60, "REST_VEH": "0", "REST_W": 0, "REST_H": 0, "C-ITS": "0", "LENGTH": 44.414945139615, "UPDATEDATE": "20250512", "REMARK": null, "HIST_TYPE": "LINK1007", "HISTREMARK": "1410030000", "link_stats_import_fid": 1089, "link_stats_import_vehicle_count": 1.0, "link_stats_import_avg_speed": 8.45, "link_stats_import_sum_weight_kg": 0.0}, "geometry": {"type": "MultiLineString", "coordinates": [[[128.83869666626308, 35.08574674516524], [128.83820979251573, 35.08574785551807]]]}}, {"type": "Feature", "properties": {"LINK_ID": "4180034800", "F_NODE": "4180011402", "T_NODE": "4180101202", "LANES": 4, "ROAD_RANK": "107", "ROAD_TYPE": "000", "ROAD_NO": "-", "ROAD_NAME": "신항로", "ROAD_USE": "0", "MULTI_LINK": "0", "CONNECT": "0", "MAX_SPD": 60, "REST_VEH": "0", "REST_W": 0, "REST_H": 0, "C-ITS": "0", "LENGTH": 184.027383083663, "UPDATEDATE": "20250512", "REMARK": null, "HIST_TYPE": "LINK0003", "HISTREMARK": null, "link_stats_import_fid": null, "link_stats_import_vehicle_count": null, "link_stats_import_avg_speed": null, "link_stats_import_sum_weight_kg": null}, "geometry": {"type": "MultiLineString", "coordinates": [[[128.79727507382094, 35.08202771179123], [128.7968067149036, 35.08202770865641], [128.7966710285945, 35.082050321500205], [128.79653977869654, 35.08210136050875], [128.79644574724225, 35.08218494065497], [128.79639071972247, 35.082324338403296], [128.7963721268092, 35.083103851313574]]]}}, {"type": "Feature", "properties": {"LINK_ID": "1410736401", "F_NODE": "1410401301", "T_NODE": "1410401304", "LANES": 3, "ROAD_RANK": "104", "ROAD_TYPE": "000", "ROAD_NO": "-", "ROAD_NAME": "녹산산업대로", "ROAD_USE": "0", "MULTI_LINK": "0", "CONNECT": "0", "MAX_SPD": 70, "REST_VEH": "0", "REST_W": 0, "REST_H": 0, "C-ITS": "0", "LENGTH": 12.113930916799, "UPDATEDATE": "20250512", "REMARK": null, "HIST_TYPE": "LINK0001", "HISTREMARK": null, "link_stats_import_fid": 1185, "link_stats_import_vehicle_count": 1.0, "link_stats_import_avg_speed": 7.0, "link_stats_import_sum_weight_kg": 30220.0}, "geometry": {"type": "MultiLineString", "coordinates": [[[128.82220420077869, 35.09802417929194], [128.82208703188851, 35.098075575816885]]]}}, {"type": "Feature", "properties": {"LINK_ID": "4180157901", "F_NODE": "4180225700", "T_NODE": "4180124102", "LANES": 4, "ROAD_RANK": "105", "ROAD_TYPE": "000", "ROAD_NO": "58", "ROAD_NAME": "가락대로", "ROAD_USE": "0", "MULTI_LINK": "0", "CONNECT": "0", "MAX_SPD": 60, "REST_VEH": "0", "REST_W": 0, "REST_H": 570, "C-ITS": "0", "LENGTH": 353.433869003184, "UPDATEDATE": "20250512", "REMARK": null, "HIST_TYPE": "LINK1007", "HISTREMARK": "4180157900", "link_stats_import_fid": null, "link_stats_import_vehicle_count": null, "link_stats_import_avg_speed": null, "link_stats_import_sum_weight_kg": null}, "geometry": {"type": "MultiLineString", "coordinates": [[[128.84174235245095, 35.10765634571529], [128.84173598779242, 35.10764599124589], [128.84166498770034, 35.10753799153454], [128.84158998821766, 35.10742999126834], [128.84151398830207, 35.10732499185653], [128.8414349875733, 35.107222991248484], [128.84135298714034, 35.10712199144207], [128.84126798704554, 35.107025991093316], [128.84117698730682, 35.10692999170743], [128.84108498766673, 35.106837991682156], [128.84098998831882, 35.106746991530024], [128.84089398690466, 35.10666199144757], [128.8407959875639, 35.10657699099017], [128.84069798736417, 35.106493991145875], [128.84059998848005, 35.10641099209934], [128.84050298718464, 35.106328991679455], [128.84050298662234, 35.106327991346106], [128.84050198756194, 35.1063279911978], [128.84040898764164, 35.106244991773096], [128.8404089870805, 35.10624399143971], [128.84040798692482, 35.106243991307245], [128.84031798763982, 35.10616099130227], [128.84031798707986, 35.10615999096884], [128.84031698802144, 35.10615999081893], [128.8402269867273, 35.10607299120744], [128.84022598822764, 35.10607199160754], [128.84013898700817, 35.10598399109123], [128.8401389875671, 35.105982991641966], [128.84013798687707, 35.10598199207453], [128.84005598768323, 35.105893991248], [128.84005598714685, 35.10589299181533], [128.84005498699534, 35.10589299167983], [128.83997698749818, 35.10580099178591], [128.83997598679213, 35.10579999131609], [128.83989898708253, 35.10570899185168], [128.83989898762422, 35.10570799150137], [128.8398989870899, 35.10570699206859], [128.8398979869406, 35.105706991931726], [128.83982598702133, 35.10561399153037], [128.83982598758422, 35.10561299208092], [128.8397579878478, 35.105518990948184], [128.83975698770072, 35.10551899081007], [128.83975698826453, 35.10551799136057], [128.83969298708823, 35.1054259914551], [128.83969298763262, 35.10542499110468], [128.83963298773477, 35.105333992050326], [128.8396319870388, 35.10533299157728], [128.83963198758397, 35.10533199122682], [128.8396309874594, 35.1053319919885], [128.8395779880859, 35.105243991307226], [128.83957798753548, 35.105242990973366], [128.8395769879781, 35.105241992284974], [128.83952698693957, 35.105153991128105], [128.8395269875064, 35.10515299167849], [128.8394940911818, 35.10509019016393]]]}}, {"type": "Feature", "properties": {"LINK_ID": "1410705200", "F_NODE": "1410277903", "T_NODE": "1410862300", "LANES": 4, "ROAD_RANK": "104", "ROAD_TYPE": "000", "ROAD_NO": "-", "ROAD_NAME": "신항북로", "ROAD_USE": "0", "MULTI_LINK": "0", "CONNECT": "0", "MAX_SPD": 50, "REST_VEH": "0", "REST_W": 0, "REST_H": 0, "C-ITS": "0", "LENGTH": 318.336767188685, "UPDATEDATE": "20250512", "REMARK": null, "HIST_TYPE": "LINK0003", "HISTREMARK": null, "link_stats_import_fid": 571, "link_stats_import_vehicle_count": 8.0, "link_stats_import_avg_speed": 11.04, "link_stats_import_sum_weight_kg": 2000.0}, "geometry": {"type": "MultiLineString", "coordinates": [[[128.83107369310557, 35.08715756692433], [128.8306295962488, 35.08677298673656], [128.83045326410502, 35.08664708597834], [128.83030509026275, 35.086554454367956], [128.8301263822201, 35.08646339655004], [128.82987355358756, 35.08636344124823], [128.82965376196222, 35.08628821715058], [128.8294729973734, 35.08623721678113], [128.8292713446773, 35.08619098423713], [128.8290380308998, 35.08615615537517], [128.82878210856924, 35.08613684086749], [128.8285299536066, 35.086130690696194], [128.82798087468328, 35.086130235034126]]]}}, {"type": "Feature", "properties": {"LINK_ID": "4180124801", "F_NODE": "4180120901", "T_NODE": "4180120904", "LANES": 2, "ROAD_RANK": "107", "ROAD_TYPE": "000", "ROAD_NO": "-", "ROAD_NAME": "용재로", "ROAD_USE": "0", "MULTI_LINK": "0", "CONNECT": "0", "MAX_SPD": 60, "REST_VEH": "0", "REST_W": 0, "REST_H": 0, "C-ITS": "0", "LENGTH": 12.017881282275, "UPDATEDATE": "20250512", "REMARK": null, "HIST_TYPE": "LINK0001", "HISTREMARK": null, "link_stats_import_fid": null, "link_stats_import_vehicle_count": null, "link_stats_import_avg_speed": null, "link_stats_import_sum_weight_kg": null}, "geometry": {"type": "MultiLineString", "coordinates": [[[128.8195633206313, 35.10056568180399], [128.81943535688217, 35.100591503314]]]}}, {"type": "Feature", "properties": {"LINK_ID": "4180059801", "F_NODE": "4180087802", "T_NODE": "4180087801", "LANES": 4, "ROAD_RANK": "107", "ROAD_TYPE": "000", "ROAD_NO": "-", "ROAD_NAME": "신항로", "ROAD_USE": "0", "MULTI_LINK": "0", "CONNECT": "0", "MAX_SPD": 60, "REST_VEH": "0", "REST_W": 0, "REST_H": 0, "C-ITS": "0", "LENGTH": 12.000004233053, "UPDATEDATE": "20250512", "REMARK": null, "HIST_TYPE": "LINK0001", "HISTREMARK": null, "link_stats_import_fid": 768, "link_stats_import_vehicle_count": 4.0, "link_stats_import_avg_speed": 8.09, "link_stats_import_sum_weight_kg": 0.0}, "geometry": {"type": "MultiLineString", "coordinates": [[[128.7652263802293, 35.0868662089564], [128.7652259555981, 35.08697433837256]]]}}, {"type": "Feature", "properties": {"LINK_ID": "1410028801", "F_NODE": "1410011801", "T_NODE": "1410011804", "LANES": 2, "ROAD_RANK": "104", "ROAD_TYPE": "000", "ROAD_NO": "-", "ROAD_NAME": "녹산산단232로", "ROAD_USE": "0", "MULTI_LINK": "0", "CONNECT": "0", "MAX_SPD": 60, "REST_VEH": "0", "REST_W": 0, "REST_H": 0, "C-ITS": "0", "LENGTH": 10.947402377484, "UPDATEDATE": "20250512", "REMARK": null, "HIST_TYPE": "LINK0001", "HISTREMARK": null, "link_stats_import_fid": null, "link_stats_import_vehicle_count": null, "link_stats_import_avg_speed": null, "link_stats_import_sum_weight_kg": null}, "geometry": {"type": "MultiLineString", "coordinates": [[[128.84177479354585, 35.08574087667857], [128.84165478889622, 35.08574112167454]]]}}, {"type": "Feature", "properties": {"LINK_ID": "1410001600", "F_NODE": "1410000603", "T_NODE": "1410000401", "LANES": 3, "ROAD_RANK": "103", "ROAD_TYPE": "000", "ROAD_NO": "2", "ROAD_NAME": "낙동남로", "ROAD_USE": "0", "MULTI_LINK": "0", "CONNECT": "0", "MAX_SPD": 70, "REST_VEH": "0", "REST_W": 0, "REST_H": 0, "C-ITS": "0", "LENGTH": 175.826653305456, "UPDATEDATE": "20250512", "REMARK": null, "HIST_TYPE": "LINK0003", "HISTREMARK": null, "link_stats_import_fid": 563, "link_stats_import_vehicle_count": 8.0, "link_stats_import_avg_speed": 6.43, "link_stats_import_sum_weight_kg": 32956.0}, "geometry": {"type": "MultiLineString", "coordinates": [[[128.8443740329531, 35.10627930119866], [128.84411698747178, 35.1061729912879], [128.8438419872039, 35.10604899120023], [128.8435139878065, 35.105878991508845], [128.84350898749287, 35.10587599174558], [128.84350698659404, 35.1058749911993], [128.84342898698648, 35.105831991394226], [128.84333298685624, 35.10577199095859], [128.84295398784636, 35.10554399127007], [128.842761726469, 35.1054180275838]]]}}, {"type": "Feature", "properties": {"LINK_ID": "4180063401", "F_NODE": "4180102601", "T_NODE": "4180102604", "LANES": 2, "ROAD_RANK": "107", "ROAD_TYPE": "000", "ROAD_NO": "-", "ROAD_NAME": "신항5로", "ROAD_USE": "0", "MULTI_LINK": "0", "CONNECT": "0", "MAX_SPD": 60, "REST_VEH": "0", "REST_W": 0, "REST_H": 0, "C-ITS": "0", "LENGTH": 11.600791007892, "UPDATEDATE": "20250512", "REMARK": null, "HIST_TYPE": "LINK0001", "HISTREMARK": null, "link_stats_import_fid": null, "link_stats_import_vehicle_count": null, "link_stats_import_avg_speed": null, "link_stats_import_sum_weight_kg": null}, "geometry": {"type": "MultiLineString", "coordinates": [[[128.8011481084512, 35.08457330677921], [128.80102096561717, 35.08457124574912]]]}}, {"type": "Feature", "properties": {"LINK_ID": "1410737400", "F_NODE": "1410287502", "T_NODE": "1410287801", "LANES": 2, "ROAD_RANK": "104", "ROAD_TYPE": "000", "ROAD_NO": "-", "ROAD_NAME": "녹산산업대로", "ROAD_USE": "0", "MULTI_LINK": "0", "CONNECT": "0", "MAX_SPD": 70, "REST_VEH": "0", "REST_W": 0, "REST_H": 0, "C-ITS": "0", "LENGTH": 56.333011955131, "UPDATEDATE": "20250512", "REMARK": null, "HIST_TYPE": "LINK0003", "HISTREMARK": null, "link_stats_import_fid": null, "link_stats_import_vehicle_count": null, "link_stats_import_avg_speed": null, "link_stats_import_sum_weight_kg": null}, "geometry": {"type": "MultiLineString", "coordinates": [[[128.82329468843392, 35.096993014222726], [128.8237248084529, 35.09662875053557]]]}}, {"type": "Feature", "properties": {"LINK_ID": "1411060600", "F_NODE": "1410401403", "T_NODE": "1410401304", "LANES": 2, "ROAD_RANK": "104", "ROAD_TYPE": "000", "ROAD_NO": "-", "ROAD_NAME": "만금로", "ROAD_USE": "0", "MULTI_LINK": "0", "CONNECT": "0", "MAX_SPD": 40, "REST_VEH": "0", "REST_W": 0, "REST_H": 0, "C-ITS": "0", "LENGTH": 91.776118927078, "UPDATEDATE": "20250512", "REMARK": null, "HIST_TYPE": "LINK0003", "HISTREMARK": null, "link_stats_import_fid": 210, "link_stats_import_vehicle_count": 55.0, "link_stats_import_avg_speed": 8.45, "link_stats_import_sum_weight_kg": 151957.0}, "geometry": {"type": "MultiLineString", "coordinates": [[[128.8224349165418, 35.098851538254365], [128.82208703188851, 35.098075575816885]]]}}, {"type": "Feature", "properties": {"LINK_ID": "4180076700", "F_NODE": "4180117302", "T_NODE": "4180119003", "LANES": 3, "ROAD_RANK": "107", "ROAD_TYPE": "000", "ROAD_NO": "-", "ROAD_NAME": "신항동로", "ROAD_USE": "0", "MULTI_LINK": "0", "CONNECT": "0", "MAX_SPD": 50, "REST_VEH": "0", "REST_W": 0, "REST_H": 0, "C-ITS": "0", "LENGTH": 117.236936853916, "UPDATEDATE": "20250512", "REMARK": null, "HIST_TYPE": "LINK0003", "HISTREMARK": null, "link_stats_import_fid": 487, "link_stats_import_vehicle_count": 11.0, "link_stats_import_avg_speed": 11.06, "link_stats_import_sum_weight_kg": 2000.0}, "geometry": {"type": "MultiLineString", "coordinates": [[[128.81693057570234, 35.08884527517413], [128.81821577763898, 35.08884834023003]]]}}, {"type": "Feature", "properties": {"LINK_ID": "4180122100", "F_NODE": "4180103103", "T_NODE": "4180103004", "LANES": 2, "ROAD_RANK": "107", "ROAD_TYPE": "000", "ROAD_NO": "-", "ROAD_NAME": "안청로", "ROAD_USE": "0", "MULTI_LINK": "0", "CONNECT": "0", "MAX_SPD": 60, "REST_VEH": "0", "REST_W": 0, "REST_H": 0, "C-ITS": "0", "LENGTH": 125.396102765277, "UPDATEDATE": "20250512", "REMARK": null, "HIST_TYPE": "LINK0003", "HISTREMARK": null, "link_stats_import_fid": 803, "link_stats_import_vehicle_count": 4.0, "link_stats_import_avg_speed": 8.76, "link_stats_import_sum_weight_kg": 62560.0}, "geometry": {"type": "MultiLineString", "coordinates": [[[128.80302622605225, 35.10130454645407], [128.8029402467545, 35.10017685334073]]]}}, {"type": "Feature", "properties": {"LINK_ID": "4180067500", "F_NODE": "4180119402", "T_NODE": "4180223200", "LANES": 4, "ROAD_RANK": "107", "ROAD_TYPE": "000", "ROAD_NO": "-", "ROAD_NAME": "신항북로", "ROAD_USE": "0", "MULTI_LINK": "0", "CONNECT": "0", "MAX_SPD": 70, "REST_VEH": "0", "REST_W": 0, "REST_H": 0, "C-ITS": "0", "LENGTH": 268.991019619619, "UPDATEDATE": "20250512", "REMARK": null, "HIST_TYPE": "LINK0003", "HISTREMARK": null, "link_stats_import_fid": 86, "link_stats_import_vehicle_count": 184.0, "link_stats_import_avg_speed": 11.22, "link_stats_import_sum_weight_kg": 565557.0}, "geometry": {"type": "MultiLineString", "coordinates": [[[128.81835643687046, 35.08600223748689], [128.81933336926545, 35.08600786253323], [128.82026530388723, 35.0860098628057], [128.82099019610345, 35.08601286185417], [128.82130510392193, 35.08601269092596]]]}}, {"type": "Feature", "properties": {"LINK_ID": "4180059001", "F_NODE": "4180091503", "T_NODE": "4180091502", "LANES": 2, "ROAD_RANK": "107", "ROAD_TYPE": "000", "ROAD_NO": "-", "ROAD_NAME": "신항로", "ROAD_USE": "0", "MULTI_LINK": "0", "CONNECT": "0", "MAX_SPD": 60, "REST_VEH": "0", "REST_W": 0, "REST_H": 0, "C-ITS": "0", "LENGTH": 10.778881059649, "UPDATEDATE": "20250512", "REMARK": null, "HIST_TYPE": "LINK0001", "HISTREMARK": null, "link_stats_import_fid": 211, "link_stats_import_vehicle_count": 55.0, "link_stats_import_avg_speed": 9.23, "link_stats_import_sum_weight_kg": 387428.0}, "geometry": {"type": "MultiLineString", "coordinates": [[[128.7742966452159, 35.08310118119532], [128.7744147298505, 35.08310457613809]]]}}, {"type": "Feature", "properties": {"LINK_ID": "1410076900", "F_NODE": "1410026104", "T_NODE": "1410026001", "LANES": 2, "ROAD_RANK": "104", "ROAD_TYPE": "000", "ROAD_NO": "-", "ROAD_NAME": "녹산산단261로73번길", "ROAD_USE": "0", "MULTI_LINK": "0", "CONNECT": "0", "MAX_SPD": 70, "REST_VEH": "0", "REST_W": 0, "REST_H": 0, "C-ITS": "0", "LENGTH": 113.514156484589, "UPDATEDATE": "20250512", "REMARK": null, "HIST_TYPE": "LINK0003", "HISTREMARK": null, "link_stats_import_fid": 826, "link_stats_import_vehicle_count": 3.0, "link_stats_import_avg_speed": 10.05, "link_stats_import_sum_weight_kg": 0.0}, "geometry": {"type": "MultiLineString", "coordinates": [[[128.8407392933867, 35.09568986071667], [128.8394948078977, 35.095687122830505]]]}}, {"type": "Feature", "properties": {"LINK_ID": "4180089701", "F_NODE": "4180093003", "T_NODE": "4180093002", "LANES": 4, "ROAD_RANK": "107", "ROAD_TYPE": "000", "ROAD_NO": "-", "ROAD_NAME": "신항북로", "ROAD_USE": "0", "MULTI_LINK": "0", "CONNECT": "0", "MAX_SPD": 80, "REST_VEH": "0", "REST_W": 0, "REST_H": 0, "C-ITS": "0", "LENGTH": 12.000103155078, "UPDATEDATE": "20250512", "REMARK": null, "HIST_TYPE": "LINK0001", "HISTREMARK": null, "link_stats_import_fid": 588, "link_stats_import_vehicle_count": 8.0, "link_stats_import_avg_speed": 8.67, "link_stats_import_sum_weight_kg": 15795.0}, "geometry": {"type": "MultiLineString", "coordinates": [[[128.7786922676646, 35.09410953489061], [128.77882382886915, 35.094109519646594]]]}}, {"type": "Feature", "properties": {"LINK_ID": "4180075000", "F_NODE": "4180093103", "T_NODE": "4180224400", "LANES": 2, "ROAD_RANK": "107", "ROAD_TYPE": "000", "ROAD_NO": "-", "ROAD_NAME": "신항9로", "ROAD_USE": "0", "MULTI_LINK": "0", "CONNECT": "0", "MAX_SPD": 60, "REST_VEH": "0", "REST_W": 0, "REST_H": 0, "C-ITS": "0", "LENGTH": 279.912862218964, "UPDATEDATE": "20250512", "REMARK": null, "HIST_TYPE": "LINK0003", "HISTREMARK": null, "link_stats_import_fid": 1241, "link_stats_import_vehicle_count": 1.0, "link_stats_import_avg_speed": 8.26, "link_stats_import_sum_weight_kg": 1000.0}, "geometry": {"type": "MultiLineString", "coordinates": [[[128.77870225728347, 35.0912915639599], [128.77870668380754, 35.090937691714394], [128.77871969735943, 35.09050979006188], [128.77865768480595, 35.09027675459505], [128.77818380595193, 35.08962448034319], [128.77789254135905, 35.08932964152706], [128.777584816796, 35.08920897555061], [128.77748613744728, 35.08919688386671]]]}}, {"type": "Feature", "properties": {"LINK_ID": "4180081400", "F_NODE": "4180091104", "T_NODE": "4180090301", "LANES": 4, "ROAD_RANK": "107", "ROAD_TYPE": "000", "ROAD_NO": "-", "ROAD_NAME": "신항10로", "ROAD_USE": "0", "MULTI_LINK": "0", "CONNECT": "0", "MAX_SPD": 80, "REST_VEH": "0", "REST_W": 0, "REST_H": 0, "C-ITS": "0", "LENGTH": 392.978167222854, "UPDATEDATE": "20250512", "REMARK": null, "HIST_TYPE": "LINK0003", "HISTREMARK": null, "link_stats_import_fid": 359, "link_stats_import_vehicle_count": 19.0, "link_stats_import_avg_speed": 9.17, "link_stats_import_sum_weight_kg": 47717.0}, "geometry": {"type": "MultiLineString", "coordinates": [[[128.77426967106598, 35.09136605569532], [128.76996153866563, 35.09138859899683]]]}}, {"type": "Feature", "properties": {"LINK_ID": "4180084002", "F_NODE": "4180122903", "T_NODE": "4180122902", "LANES": 3, "ROAD_RANK": "107", "ROAD_TYPE": "000", "ROAD_NO": "-", "ROAD_NAME": "신항3로", "ROAD_USE": "0", "MULTI_LINK": "0", "CONNECT": "0", "MAX_SPD": 70, "REST_VEH": "0", "REST_W": 0, "REST_H": 0, "C-ITS": "0", "LENGTH": 12.000003472431, "UPDATEDATE": "20250512", "REMARK": null, "HIST_TYPE": "LINK0001", "HISTREMARK": null, "link_stats_import_fid": null, "link_stats_import_vehicle_count": null, "link_stats_import_avg_speed": null, "link_stats_import_sum_weight_kg": null}, "geometry": {"type": "MultiLineString", "coordinates": [[[128.82183279531202, 35.09174063916374], [128.82192667009252, 35.09166488808514]]]}}, {"type": "Feature", "properties": {"LINK_ID": "1411061005", "F_NODE": "1410901400", "T_NODE": "1410423000", "LANES": 3, "ROAD_RANK": "103", "ROAD_TYPE": "000", "ROAD_NO": "2", "ROAD_NAME": "진해대로", "ROAD_USE": "0", "MULTI_LINK": "0", "CONNECT": "0", "MAX_SPD": 70, "REST_VEH": "0", "REST_W": 0, "REST_H": 0, "C-ITS": "0", "LENGTH": 353.189024362893, "UPDATEDATE": "20250512", "REMARK": null, "HIST_TYPE": "LINK1007", "HISTREMARK": "1411061000", "link_stats_import_fid": 61, "link_stats_import_vehicle_count": 254.0, "link_stats_import_avg_speed": 20.33, "link_stats_import_sum_weight_kg": 716063.0}, "geometry": {"type": "MultiLineString", "coordinates": [[[128.83149215008643, 35.10236385321533], [128.83163098780204, 35.10235099164444], [128.83187798849704, 35.1022959923065], [128.8320359875532, 35.10224199087036], [128.83286598764147, 35.10196099191659], [128.8338329871632, 35.101622991164945], [128.834168987195, 35.101530991374354], [128.8346639872407, 35.10135899149472], [128.83467698749936, 35.10135699138195], [128.83499398769678, 35.10131399187246], [128.83500598784127, 35.10131199154582], [128.83512461598917, 35.101306262577324]]]}}, {"type": "Feature", "properties": {"LINK_ID": "1410060301", "F_NODE": "1410021104", "T_NODE": "1410021103", "LANES": 2, "ROAD_RANK": "104", "ROAD_TYPE": "000", "ROAD_NO": "-", "ROAD_NAME": "녹산산단261로", "ROAD_USE": "0", "MULTI_LINK": "0", "CONNECT": "0", "MAX_SPD": 50, "REST_VEH": "0", "REST_W": 0, "REST_H": 0, "C-ITS": "0", "LENGTH": 13.317799511031, "UPDATEDATE": "20250512", "REMARK": null, "HIST_TYPE": "LINK0001", "HISTREMARK": null, "link_stats_import_fid": null, "link_stats_import_vehicle_count": null, "link_stats_import_avg_speed": null, "link_stats_import_sum_weight_kg": null}, "geometry": {"type": "MultiLineString", "coordinates": [[[128.84596878587473, 35.09263697470495], [128.84596907156873, 35.09251697421888]]]}}, {"type": "Feature", "properties": {"LINK_ID": "4180093702", "F_NODE": "4180226500", "T_NODE": "4180092903", "LANES": 2, "ROAD_RANK": "107", "ROAD_TYPE": "000", "ROAD_NO": "-", "ROAD_NAME": "신항8로", "ROAD_USE": "0", "MULTI_LINK": "0", "CONNECT": "0", "MAX_SPD": 60, "REST_VEH": "0", "REST_W": 0, "REST_H": 0, "C-ITS": "0", "LENGTH": 398.966620547399, "UPDATEDATE": "20250512", "REMARK": null, "HIST_TYPE": "LINK1007", "HISTREMARK": "4180093700", "link_stats_import_fid": 561, "link_stats_import_vehicle_count": 9.0, "link_stats_import_avg_speed": 10.57, "link_stats_import_sum_weight_kg": 5000.0}, "geometry": {"type": "MultiLineString", "coordinates": [[[128.77430867476033, 35.096908348045496], [128.77868283095592, 35.09691298498197]]]}}, {"type": "Feature", "properties": {"LINK_ID": "1410704700", "F_NODE": "1410024308", "T_NODE": "4180123804", "LANES": 3, "ROAD_RANK": "104", "ROAD_TYPE": "000", "ROAD_NO": "-", "ROAD_NAME": "신항동로", "ROAD_USE": "0", "MULTI_LINK": "0", "CONNECT": "0", "MAX_SPD": 50, "REST_VEH": "0", "REST_W": 0, "REST_H": 0, "C-ITS": "0", "LENGTH": 272.368459330651, "UPDATEDATE": "20250512", "REMARK": null, "HIST_TYPE": "LINK0003", "HISTREMARK": null, "link_stats_import_fid": 259, "link_stats_import_vehicle_count": 35.0, "link_stats_import_avg_speed": 7.1, "link_stats_import_sum_weight_kg": 146006.0}, "geometry": {"type": "MultiLineString", "coordinates": [[[128.82669686521103, 35.094250644036094], [128.82595892646432, 35.09357780322617], [128.82490230093404, 35.092701166591375], [128.82463842365294, 35.09247358535599]]]}}, {"type": "Feature", "properties": {"LINK_ID": "1410000701", "F_NODE": "1410000203", "T_NODE": "1410000212", "LANES": 3, "ROAD_RANK": "105", "ROAD_TYPE": "000", "ROAD_NO": "58", "ROAD_NAME": "가락대로", "ROAD_USE": "0", "MULTI_LINK": "0", "CONNECT": "0", "MAX_SPD": 60, "REST_VEH": "0", "REST_W": 0, "REST_H": 450, "C-ITS": "0", "LENGTH": 98.423796991843, "UPDATEDATE": "20250512", "REMARK": null, "HIST_TYPE": "LINK0003", "HISTREMARK": null, "link_stats_import_fid": 381, "link_stats_import_vehicle_count": 16.0, "link_stats_import_avg_speed": 10.56, "link_stats_import_sum_weight_kg": 8800.0}, "geometry": {"type": "MultiLineString", "coordinates": [[[128.83948634838325, 35.10307360681051], [128.83957473656005, 35.10395748040776]]]}}, {"type": "Feature", "properties": {"LINK_ID": "1410076400", "F_NODE": "1410025904", "T_NODE": "1410027302", "LANES": 2, "ROAD_RANK": "104", "ROAD_TYPE": "000", "ROAD_NO": "-", "ROAD_NAME": "녹산산업중로", "ROAD_USE": "0", "MULTI_LINK": "0", "CONNECT": "0", "MAX_SPD": 50, "REST_VEH": "0", "REST_W": 0, "REST_H": 0, "C-ITS": "0", "LENGTH": 131.280123648511, "UPDATEDATE": "20250512", "REMARK": null, "HIST_TYPE": "LINK0003", "HISTREMARK": null, "link_stats_import_fid": null, "link_stats_import_vehicle_count": null, "link_stats_import_avg_speed": null, "link_stats_import_sum_weight_kg": null}, "geometry": {"type": "MultiLineString", "coordinates": [[[128.830700057368, 35.095702916599414], [128.82968120367022, 35.09653843119529]]]}}, {"type": "Feature", "properties": {"LINK_ID": "4180088901", "F_NODE": "4180090903", "T_NODE": "4180090902", "LANES": 4, "ROAD_RANK": "107", "ROAD_TYPE": "000", "ROAD_NO": "-", "ROAD_NAME": "신항북로", "ROAD_USE": "0", "MULTI_LINK": "0", "CONNECT": "0", "MAX_SPD": 80, "REST_VEH": "0", "REST_W": 0, "REST_H": 0, "C-ITS": "0", "LENGTH": 12.000101280366, "UPDATEDATE": "20250512", "REMARK": null, "HIST_TYPE": "LINK0001", "HISTREMARK": null, "link_stats_import_fid": 794, "link_stats_import_vehicle_count": 4.0, "link_stats_import_avg_speed": 9.59, "link_stats_import_sum_weight_kg": 1000.0}, "geometry": {"type": "MultiLineString", "coordinates": [[[128.77425423208177, 35.094073398240674], [128.7743857869403, 35.09407447161114]]]}}, {"type": "Feature", "properties": {"LINK_ID": "1410057100", "F_NODE": "1410020303", "T_NODE": "1410020104", "LANES": 2, "ROAD_RANK": "104", "ROAD_TYPE": "000", "ROAD_NO": "-", "ROAD_NAME": "녹산산단261로", "ROAD_USE": "0", "MULTI_LINK": "0", "CONNECT": "0", "MAX_SPD": 50, "REST_VEH": "0", "REST_W": 0, "REST_H": 0, "C-ITS": "0", "LENGTH": 83.901911063772, "UPDATEDATE": "20250512", "REMARK": null, "HIST_TYPE": "LINK0003", "HISTREMARK": null, "link_stats_import_fid": 1112, "link_stats_import_vehicle_count": 1.0, "link_stats_import_avg_speed": 11.22, "link_stats_import_sum_weight_kg": 0.0}, "geometry": {"type": "MultiLineString", "coordinates": [[[128.84597019323286, 35.091801901932264], [128.84597278228162, 35.09104590231687]]]}}, {"type": "Feature", "properties": {"LINK_ID": "4180074502", "F_NODE": "4180091303", "T_NODE": "4180091302", "LANES": 2, "ROAD_RANK": "107", "ROAD_TYPE": "000", "ROAD_NO": "-", "ROAD_NAME": "신항9로", "ROAD_USE": "0", "MULTI_LINK": "0", "CONNECT": "0", "MAX_SPD": 60, "REST_VEH": "0", "REST_W": 0, "REST_H": 0, "C-ITS": "0", "LENGTH": 12.000000398119, "UPDATEDATE": "20250512", "REMARK": null, "HIST_TYPE": "LINK0001", "HISTREMARK": null, "link_stats_import_fid": 865, "link_stats_import_vehicle_count": 3.0, "link_stats_import_avg_speed": 8.52, "link_stats_import_sum_weight_kg": 0.0}, "geometry": {"type": "MultiLineString", "coordinates": [[[128.77429068629235, 35.08906497152137], [128.77442223545617, 35.0890642389761]]]}}, {"type": "Feature", "properties": {"LINK_ID": "1411062701", "F_NODE": "1410402003", "T_NODE": "1410029104", "LANES": 2, "ROAD_RANK": "107", "ROAD_TYPE": "000", "ROAD_NO": "-", "ROAD_NAME": "-", "ROAD_USE": "0", "MULTI_LINK": "0", "CONNECT": "0", "MAX_SPD": 60, "REST_VEH": "0", "REST_W": 0, "REST_H": 0, "C-ITS": "0", "LENGTH": 68.626043557386, "UPDATEDATE": "20250512", "REMARK": "도로명없음", "HIST_TYPE": "LINK0003", "HISTREMARK": null, "link_stats_import_fid": 601, "link_stats_import_vehicle_count": 7.0, "link_stats_import_avg_speed": 5.94, "link_stats_import_sum_weight_kg": 0.0}, "geometry": {"type": "MultiLineString", "coordinates": [[[128.83550709707046, 35.09864821873832], [128.83548263346654, 35.09803018531469]]]}}, {"type": "Feature", "properties": {"LINK_ID": "1410081500", "F_NODE": "1410028903", "T_NODE": "1410027404", "LANES": 2, "ROAD_RANK": "104", "ROAD_TYPE": "000", "ROAD_NO": "-", "ROAD_NAME": "녹산산단27로", "ROAD_USE": "0", "MULTI_LINK": "0", "CONNECT": "0", "MAX_SPD": 50, "REST_VEH": "0", "REST_W": 0, "REST_H": 0, "C-ITS": "0", "LENGTH": 125.772997442358, "UPDATEDATE": "20250512", "REMARK": null, "HIST_TYPE": "LINK0003", "HISTREMARK": null, "link_stats_import_fid": null, "link_stats_import_vehicle_count": null, "link_stats_import_avg_speed": null, "link_stats_import_sum_weight_kg": null}, "geometry": {"type": "MultiLineString", "coordinates": [[[128.83264218143142, 35.097873191115674], [128.83264579350396, 35.09673990610742]]]}}, {"type": "Feature", "properties": {"LINK_ID": "4180061801", "F_NODE": "4180102704", "T_NODE": "4180102703", "LANES": 3, "ROAD_RANK": "107", "ROAD_TYPE": "000", "ROAD_NO": "-", "ROAD_NAME": "신항로", "ROAD_USE": "0", "MULTI_LINK": "0", "CONNECT": "0", "MAX_SPD": 60, "REST_VEH": "0", "REST_W": 0, "REST_H": 0, "C-ITS": "0", "LENGTH": 11.999993012348, "UPDATEDATE": "20250512", "REMARK": null, "HIST_TYPE": "LINK0001", "HISTREMARK": null, "link_stats_import_fid": 250, "link_stats_import_vehicle_count": 38.0, "link_stats_import_avg_speed": 12.4, "link_stats_import_sum_weight_kg": 319259.0}, "geometry": {"type": "MultiLineString", "coordinates": [[[128.80100898278036, 35.08321115930605], [128.80100895139805, 35.08310303078041]]]}}, {"type": "Feature", "properties": {"LINK_ID": "4180068201", "F_NODE": "4180087804", "T_NODE": "4180087803", "LANES": 4, "ROAD_RANK": "107", "ROAD_TYPE": "000", "ROAD_NO": "-", "ROAD_NAME": "신항배후로", "ROAD_USE": "0", "MULTI_LINK": "0", "CONNECT": "0", "MAX_SPD": 80, "REST_VEH": "0", "REST_W": 0, "REST_H": 0, "C-ITS": "0", "LENGTH": 12.056677942587, "UPDATEDATE": "20250512", "REMARK": null, "HIST_TYPE": "LINK0001", "HISTREMARK": null, "link_stats_import_fid": 356, "link_stats_import_vehicle_count": 19.0, "link_stats_import_avg_speed": 11.89, "link_stats_import_sum_weight_kg": 21472.0}, "geometry": {"type": "MultiLineString", "coordinates": [[[128.7650944071408, 35.0869742454201], [128.76509483324892, 35.08686560532296]]]}}, {"type": "Feature", "properties": {"LINK_ID": "4180067400", "F_NODE": "4180113203", "T_NODE": "4180113404", "LANES": 3, "ROAD_RANK": "107", "ROAD_TYPE": "000", "ROAD_NO": "-", "ROAD_NAME": "-", "ROAD_USE": "0", "MULTI_LINK": "0", "CONNECT": "0", "MAX_SPD": 70, "REST_VEH": "0", "REST_W": 0, "REST_H": 0, "C-ITS": "0", "LENGTH": 85.280696771109, "UPDATEDATE": "20250512", "REMARK": "도로명없음", "HIST_TYPE": "LINK0003", "HISTREMARK": null, "link_stats_import_fid": 326, "link_stats_import_vehicle_count": 22.0, "link_stats_import_avg_speed": 8.77, "link_stats_import_sum_weight_kg": 49950.0}, "geometry": {"type": "MultiLineString", "coordinates": [[[128.81421204859842, 35.08687553734516], [128.8142171995014, 35.0861071130333]]]}}, {"type": "Feature", "properties": {"LINK_ID": "1411061003", "F_NODE": "1410423200", "T_NODE": "1410000209", "LANES": 3, "ROAD_RANK": "103", "ROAD_TYPE": "000", "ROAD_NO": "2", "ROAD_NAME": "진해대로", "ROAD_USE": "0", "MULTI_LINK": "0", "CONNECT": "0", "MAX_SPD": 70, "REST_VEH": "0", "REST_W": 0, "REST_H": 0, "C-ITS": "0", "LENGTH": 114.662245429059, "UPDATEDATE": "20250512", "REMARK": null, "HIST_TYPE": "LINK1007", "HISTREMARK": "1411061000", "link_stats_import_fid": 710, "link_stats_import_vehicle_count": 5.0, "link_stats_import_avg_speed": 19.98, "link_stats_import_sum_weight_kg": 0.0}, "geometry": {"type": "MultiLineString", "coordinates": [[[128.8363785461843, 35.1013626506826], [128.8368399875088, 35.10145199157412], [128.837095987826, 35.101518990803726], [128.83737898833658, 35.10162099141664], [128.83756367852789, 35.10169486789041]]]}}, {"type": "Feature", "properties": {"LINK_ID": "1410074101", "F_NODE": "1410025203", "T_NODE": "1410025202", "LANES": 2, "ROAD_RANK": "104", "ROAD_TYPE": "000", "ROAD_NO": "-", "ROAD_NAME": "녹산산업중로", "ROAD_USE": "0", "MULTI_LINK": "0", "CONNECT": "0", "MAX_SPD": 50, "REST_VEH": "0", "REST_W": 0, "REST_H": 0, "C-ITS": "0", "LENGTH": 12.197036514146, "UPDATEDATE": "20250512", "REMARK": null, "HIST_TYPE": "LINK0001", "HISTREMARK": null, "link_stats_import_fid": null, "link_stats_import_vehicle_count": null, "link_stats_import_avg_speed": null, "link_stats_import_sum_weight_kg": null}, "geometry": {"type": "MultiLineString", "coordinates": [[[128.83193414228924, 35.09453478750033], [128.83202877618388, 35.09445714112383]]]}}, {"type": "Feature", "properties": {"LINK_ID": "1410702401", "F_NODE": "1410277603", "T_NODE": "1410277602", "LANES": 3, "ROAD_RANK": "104", "ROAD_TYPE": "000", "ROAD_NO": "-", "ROAD_NAME": "신항로", "ROAD_USE": "0", "MULTI_LINK": "0", "CONNECT": "0", "MAX_SPD": 60, "REST_VEH": "0", "REST_W": 0, "REST_H": 0, "C-ITS": "0", "LENGTH": 12.071640090338, "UPDATEDATE": "20250512", "REMARK": null, "HIST_TYPE": "LINK0001", "HISTREMARK": null, "link_stats_import_fid": 121, "link_stats_import_vehicle_count": 123.0, "link_stats_import_avg_speed": 10.21, "link_stats_import_sum_weight_kg": 730930.0}, "geometry": {"type": "MultiLineString", "coordinates": [[[128.82439311023774, 35.08313699632329], [128.82452543455466, 35.08313746048331]]]}}, {"type": "Feature", "properties": {"LINK_ID": "4180066204", "F_NODE": "4180210800", "T_NODE": "4180107104", "LANES": 3, "ROAD_RANK": "107", "ROAD_TYPE": "000", "ROAD_NO": "-", "ROAD_NAME": "신항5로", "ROAD_USE": "0", "MULTI_LINK": "0", "CONNECT": "0", "MAX_SPD": 50, "REST_VEH": "0", "REST_W": 0, "REST_H": 0, "C-ITS": "0", "LENGTH": 82.811442048286, "UPDATEDATE": "20250512", "REMARK": null, "HIST_TYPE": "LINK1007", "HISTREMARK": "4180066200", "link_stats_import_fid": 344, "link_stats_import_vehicle_count": 20.0, "link_stats_import_avg_speed": 8.34, "link_stats_import_sum_weight_kg": 128178.0}, "geometry": {"type": "MultiLineString", "coordinates": [[[128.80715734745056, 35.08680627593233], [128.80715741144806, 35.086798012735095], [128.80714662287826, 35.0860601410815]]]}}, {"type": "Feature", "properties": {"LINK_ID": "1411032400", "F_NODE": "1410382101", "T_NODE": "1410382001", "LANES": 3, "ROAD_RANK": "104", "ROAD_TYPE": "000", "ROAD_NO": "-", "ROAD_NAME": "신항남로", "ROAD_USE": "0", "MULTI_LINK": "0", "CONNECT": "0", "MAX_SPD": 60, "REST_VEH": "0", "REST_W": 0, "REST_H": 0, "C-ITS": "0", "LENGTH": 51.781790226878, "UPDATEDATE": "20250512", "REMARK": null, "HIST_TYPE": "LINK0003", "HISTREMARK": null, "link_stats_import_fid": 56, "link_stats_import_vehicle_count": 288.0, "link_stats_import_avg_speed": 14.36, "link_stats_import_sum_weight_kg": 4323252.0}, "geometry": {"type": "MultiLineString", "coordinates": [[[128.8348739777396, 35.07426564168189], [128.83487378439702, 35.074732227406315]]]}}, {"type": "Feature", "properties": {"LINK_ID": "1410029201", "F_NODE": "1410011901", "T_NODE": "1410011904", "LANES": 2, "ROAD_RANK": "104", "ROAD_TYPE": "000", "ROAD_NO": "-", "ROAD_NAME": "녹산산단232로", "ROAD_USE": "0", "MULTI_LINK": "0", "CONNECT": "0", "MAX_SPD": 60, "REST_VEH": "0", "REST_W": 0, "REST_H": 0, "C-ITS": "0", "LENGTH": 10.947255119675, "UPDATEDATE": "20250512", "REMARK": null, "HIST_TYPE": "LINK0001", "HISTREMARK": null, "link_stats_import_fid": null, "link_stats_import_vehicle_count": null, "link_stats_import_avg_speed": null, "link_stats_import_sum_weight_kg": null}, "geometry": {"type": "MultiLineString", "coordinates": [[[128.8408332697219, 35.0857428638628], [128.84071326656706, 35.08574308302759]]]}}, {"type": "Feature", "properties": {"LINK_ID": "4180138501", "F_NODE": "4180107701", "T_NODE": "4180107704", "LANES": 2, "ROAD_RANK": "107", "ROAD_TYPE": "000", "ROAD_NO": "-", "ROAD_NAME": "용재로", "ROAD_USE": "0", "MULTI_LINK": "0", "CONNECT": "0", "MAX_SPD": 60, "REST_VEH": "0", "REST_W": 0, "REST_H": 0, "C-ITS": "0", "LENGTH": 11.061836431579, "UPDATEDATE": "20250512", "REMARK": null, "HIST_TYPE": "LINK0001", "HISTREMARK": null, "link_stats_import_fid": null, "link_stats_import_vehicle_count": null, "link_stats_import_avg_speed": null, "link_stats_import_sum_weight_kg": null}, "geometry": {"type": "MultiLineString", "coordinates": [[[128.8101018142101, 35.10248773763717], [128.80998428065632, 35.102512338433606]]]}}, {"type": "Feature", "properties": {"LINK_ID": "4180083101", "F_NODE": "4180093002", "T_NODE": "4180093001", "LANES": 2, "ROAD_RANK": "107", "ROAD_TYPE": "000", "ROAD_NO": "-", "ROAD_NAME": "신항9로", "ROAD_USE": "0", "MULTI_LINK": "0", "CONNECT": "0", "MAX_SPD": 60, "REST_VEH": "0", "REST_W": 0, "REST_H": 0, "C-ITS": "0", "LENGTH": 12.001055625759, "UPDATEDATE": "20250512", "REMARK": null, "HIST_TYPE": "LINK0001", "HISTREMARK": null, "link_stats_import_fid": null, "link_stats_import_vehicle_count": null, "link_stats_import_avg_speed": null, "link_stats_import_sum_weight_kg": null}, "geometry": {"type": "MultiLineString", "coordinates": [[[128.77882382886915, 35.094109519646594], [128.77882346503637, 35.0942176580295]]]}}, {"type": "Feature", "properties": {"LINK_ID": "1410196200", "F_NODE": "1410072002", "T_NODE": "1410071902", "LANES": 2, "ROAD_RANK": "105", "ROAD_TYPE": "000", "ROAD_NO": "58", "ROAD_NAME": "거가대로", "ROAD_USE": "0", "MULTI_LINK": "0", "CONNECT": "0", "MAX_SPD": 80, "REST_VEH": "5", "REST_W": 0, "REST_H": 0, "C-ITS": "0", "LENGTH": 159.700146940101, "UPDATEDATE": "20250512", "REMARK": null, "HIST_TYPE": "LINK0003", "HISTREMARK": null, "link_stats_import_fid": 966, "link_stats_import_vehicle_count": 2.0, "link_stats_import_avg_speed": 23.32, "link_stats_import_sum_weight_kg": 0.0}, "geometry": {"type": "MultiLineString", "coordinates": [[[128.8383845526812, 35.073952373361344], [128.83769893863177, 35.07262836297669]]]}}, {"type": "Feature", "properties": {"LINK_ID": "4180060200", "F_NODE": "4180097601", "T_NODE": "4180098203", "LANES": 3, "ROAD_RANK": "107", "ROAD_TYPE": "000", "ROAD_NO": "-", "ROAD_NAME": "신항로", "ROAD_USE": "0", "MULTI_LINK": "0", "CONNECT": "0", "MAX_SPD": 60, "REST_VEH": "0", "REST_W": 0, "REST_H": 0, "C-ITS": "0", "LENGTH": 1.264880343001, "UPDATEDATE": "20250512", "REMARK": null, "HIST_TYPE": "LINK0003", "HISTREMARK": null, "link_stats_import_fid": 1218, "link_stats_import_vehicle_count": 1.0, "link_stats_import_avg_speed": 7.51, "link_stats_import_sum_weight_kg": 22435.0}, "geometry": {"type": "MultiLineString", "coordinates": [[[128.7869391460364, 35.08306815461671], [128.78695301051332, 35.08306802301789]]]}}, {"type": "Feature", "properties": {"LINK_ID": "1411061103", "F_NODE": "1410901300", "T_NODE": "1410401602", "LANES": 3, "ROAD_RANK": "103", "ROAD_TYPE": "000", "ROAD_NO": "2", "ROAD_NAME": "진해대로", "ROAD_USE": "0", "MULTI_LINK": "0", "CONNECT": "0", "MAX_SPD": 70, "REST_VEH": "0", "REST_W": 0, "REST_H": 0, "C-ITS": "0", "LENGTH": 354.948206252813, "UPDATEDATE": "20250512", "REMARK": null, "HIST_TYPE": "LINK1007", "HISTREMARK": "1411061100", "link_stats_import_fid": 370, "link_stats_import_vehicle_count": 18.0, "link_stats_import_avg_speed": 16.24, "link_stats_import_sum_weight_kg": 46920.0}, "geometry": {"type": "MultiLineString", "coordinates": [[[128.82763262438567, 35.10235509257082], [128.82557998703862, 35.10225799123901], [128.82557798681364, 35.10225799072625], [128.825075987011, 35.10221599161389], [128.8250709872152, 35.10221499175654], [128.82434598829258, 35.10211099148528], [128.82434298797915, 35.10211099158633], [128.82376175304648, 35.102056532360805]]]}}, {"type": "Feature", "properties": {"LINK_ID": "4180059601", "F_NODE": "4180228500", "T_NODE": "4180097601", "LANES": 3, "ROAD_RANK": "107", "ROAD_TYPE": "003", "ROAD_NO": "-", "ROAD_NAME": "신항로", "ROAD_USE": "0", "MULTI_LINK": "0", "CONNECT": "0", "MAX_SPD": 60, "REST_VEH": "0", "REST_W": 0, "REST_H": 0, "C-ITS": "0", "LENGTH": 425.689662090936, "UPDATEDATE": "20250512", "REMARK": null, "HIST_TYPE": "LINK1007", "HISTREMARK": "4180059600", "link_stats_import_fid": 53, "link_stats_import_vehicle_count": 301.0, "link_stats_import_avg_speed": 13.52, "link_stats_import_sum_weight_kg": 5547773.0}, "geometry": {"type": "MultiLineString", "coordinates": [[[128.7822731089775, 35.08307505535483], [128.785898683795, 35.08308511597899], [128.7864294389481, 35.08308174177616], [128.78693846079216, 35.08306816113817], [128.7869391460364, 35.08306815461671]]]}}, {"type": "Feature", "properties": {"LINK_ID": "4180066601", "F_NODE": "4180110701", "T_NODE": "4180110704", "LANES": 4, "ROAD_RANK": "107", "ROAD_TYPE": "000", "ROAD_NO": "-", "ROAD_NAME": "신항북로", "ROAD_USE": "0", "MULTI_LINK": "0", "CONNECT": "0", "MAX_SPD": 70, "REST_VEH": "0", "REST_W": 0, "REST_H": 0, "C-ITS": "0", "LENGTH": 12.00083614052, "UPDATEDATE": "20250512", "REMARK": null, "HIST_TYPE": "LINK0001", "HISTREMARK": null, "link_stats_import_fid": 378, "link_stats_import_vehicle_count": 17.0, "link_stats_import_avg_speed": 16.14, "link_stats_import_sum_weight_kg": 52757.0}, "geometry": {"type": "MultiLineString", "coordinates": [[[128.81285022358415, 35.086111261402664], [128.8127186697229, 35.08611086589848]]]}}, {"type": "Feature", "properties": {"LINK_ID": "1411032600", "F_NODE": "1410382201", "T_NODE": "1410382103", "LANES": 3, "ROAD_RANK": "104", "ROAD_TYPE": "000", "ROAD_NO": "-", "ROAD_NAME": "신항남로", "ROAD_USE": "0", "MULTI_LINK": "0", "CONNECT": "0", "MAX_SPD": 10, "REST_VEH": "0", "REST_W": 0, "REST_H": 0, "C-ITS": "0", "LENGTH": 50.865798283371, "UPDATEDATE": "20250512", "REMARK": null, "HIST_TYPE": "LINK0003", "HISTREMARK": null, "link_stats_import_fid": 148, "link_stats_import_vehicle_count": 91.0, "link_stats_import_avg_speed": 12.81, "link_stats_import_sum_weight_kg": 742108.0}, "geometry": {"type": "MultiLineString", "coordinates": [[[128.83418494547107, 35.07415402248553], [128.83474244131108, 35.074157473947636]]]}}, {"type": "Feature", "properties": {"LINK_ID": "1410030201", "F_NODE": "1410013702", "T_NODE": "1410013701", "LANES": 3, "ROAD_RANK": "105", "ROAD_TYPE": "000", "ROAD_NO": "58", "ROAD_NAME": "가락대로", "ROAD_USE": "0", "MULTI_LINK": "0", "CONNECT": "0", "MAX_SPD": 60, "REST_VEH": "0", "REST_W": 0, "REST_H": 0, "C-ITS": "0", "LENGTH": 13.317551709894, "UPDATEDATE": "20250512", "REMARK": null, "HIST_TYPE": "LINK0001", "HISTREMARK": null, "link_stats_import_fid": 934, "link_stats_import_vehicle_count": 2.0, "link_stats_import_avg_speed": 7.85, "link_stats_import_sum_weight_kg": 0.0}, "geometry": {"type": "MultiLineString", "coordinates": [[[128.83951815455518, 35.08778008324731], [128.83951782658042, 35.08790008180879]]]}}, {"type": "Feature", "properties": {"LINK_ID": "4180076301", "F_NODE": "4180117303", "T_NODE": "4180117302", "LANES": 3, "ROAD_RANK": "107", "ROAD_TYPE": "000", "ROAD_NO": "-", "ROAD_NAME": "신항동로", "ROAD_USE": "0", "MULTI_LINK": "0", "CONNECT": "0", "MAX_SPD": 30, "REST_VEH": "0", "REST_W": 0, "REST_H": 0, "C-ITS": "0", "LENGTH": 12.000646642272, "UPDATEDATE": "20250512", "REMARK": null, "HIST_TYPE": "LINK0001", "HISTREMARK": null, "link_stats_import_fid": 1247, "link_stats_import_vehicle_count": 1.0, "link_stats_import_avg_speed": 11.52, "link_stats_import_sum_weight_kg": 0.0}, "geometry": {"type": "MultiLineString", "coordinates": [[[128.8167990193994, 35.08884496123898], [128.81693057570234, 35.08884527517413]]]}}, {"type": "Feature", "properties": {"LINK_ID": "4180079001", "F_NODE": "4180118901", "T_NODE": "4180118904", "LANES": 2, "ROAD_RANK": "107", "ROAD_TYPE": "000", "ROAD_NO": "-", "ROAD_NAME": "신항2로", "ROAD_USE": "0", "MULTI_LINK": "0", "CONNECT": "0", "MAX_SPD": 60, "REST_VEH": "0", "REST_W": 0, "REST_H": 0, "C-ITS": "0", "LENGTH": 12.000013591845, "UPDATEDATE": "20250512", "REMARK": null, "HIST_TYPE": "LINK0001", "HISTREMARK": null, "link_stats_import_fid": 1257, "link_stats_import_vehicle_count": 1.0, "link_stats_import_avg_speed": 11.34, "link_stats_import_sum_weight_kg": 0.0}, "geometry": {"type": "MultiLineString", "coordinates": [[[128.8183426371136, 35.09011223026285], [128.81821108539233, 35.090112400632506]]]}}, {"type": "Feature", "properties": {"LINK_ID": "1410122301", "F_NODE": "1410040902", "T_NODE": "1410040901", "LANES": 2, "ROAD_RANK": "104", "ROAD_TYPE": "000", "ROAD_NO": "-", "ROAD_NAME": "신항남로", "ROAD_USE": "0", "MULTI_LINK": "0", "CONNECT": "0", "MAX_SPD": 80, "REST_VEH": "0", "REST_W": 0, "REST_H": 0, "C-ITS": "0", "LENGTH": 13.789014629299, "UPDATEDATE": "20250512", "REMARK": null, "HIST_TYPE": "LINK0001", "HISTREMARK": null, "link_stats_import_fid": 408, "link_stats_import_vehicle_count": 14.0, "link_stats_import_avg_speed": 14.47, "link_stats_import_sum_weight_kg": 11200.0}, "geometry": {"type": "MultiLineString", "coordinates": [[[128.83459553510312, 35.09789364004269], [128.8346013420216, 35.09801779540208]]]}}, {"type": "Feature", "properties": {"LINK_ID": "1411101803", "F_NODE": "1410662400", "T_NODE": "1410938600", "LANES": 3, "ROAD_RANK": "104", "ROAD_TYPE": "000", "ROAD_NO": "-", "ROAD_NAME": "신항남로", "ROAD_USE": "1", "MULTI_LINK": "0", "CONNECT": "0", "MAX_SPD": 60, "REST_VEH": "0", "REST_W": 0, "REST_H": 0, "C-ITS": "0", "LENGTH": 484.806112905037, "UPDATEDATE": "20250512", "REMARK": null, "HIST_TYPE": "LINK1007", "HISTREMARK": "1411101801", "link_stats_import_fid": 69, "link_stats_import_vehicle_count": 234.0, "link_stats_import_avg_speed": 14.85, "link_stats_import_sum_weight_kg": 10265391.0}, "geometry": {"type": "MultiLineString", "coordinates": [[[128.81579408891892, 35.0626996667716], [128.81291784528048, 35.06220558631415], [128.8105934294769, 35.06180624406662]]]}}, {"type": "Feature", "properties": {"LINK_ID": "1410121200", "F_NODE": "1410040804", "T_NODE": "1410022501", "LANES": 2, "ROAD_RANK": "104", "ROAD_TYPE": "003", "ROAD_NO": "-", "ROAD_NAME": "녹산산업중로", "ROAD_USE": "0", "MULTI_LINK": "0", "CONNECT": "0", "MAX_SPD": 50, "REST_VEH": "0", "REST_W": 0, "REST_H": 0, "C-ITS": "0", "LENGTH": 8.229089419251, "UPDATEDATE": "20250512", "REMARK": null, "HIST_TYPE": "LINK0003", "HISTREMARK": null, "link_stats_import_fid": 640, "link_stats_import_vehicle_count": 6.0, "link_stats_import_avg_speed": 19.08, "link_stats_import_sum_weight_kg": 27804.0}, "geometry": {"type": "MultiLineString", "coordinates": [[[128.8344489103707, 35.09352087398604], [128.83435869689083, 35.09352034280671]]]}}, {"type": "Feature", "properties": {"LINK_ID": "4180098102", "F_NODE": "4180104202", "T_NODE": "4180104201", "LANES": 2, "ROAD_RANK": "107", "ROAD_TYPE": "000", "ROAD_NO": "-", "ROAD_NAME": "안청로", "ROAD_USE": "0", "MULTI_LINK": "0", "CONNECT": "0", "MAX_SPD": 60, "REST_VEH": "0", "REST_W": 0, "REST_H": 0, "C-ITS": "0", "LENGTH": 12.414436174171, "UPDATEDATE": "20250512", "REMARK": null, "HIST_TYPE": "LINK0001", "HISTREMARK": null, "link_stats_import_fid": null, "link_stats_import_vehicle_count": null, "link_stats_import_avg_speed": null, "link_stats_import_sum_weight_kg": null}, "geometry": {"type": "MultiLineString", "coordinates": [[[128.80440391112342, 35.097730274668564], [128.80432063622732, 35.097818756989106]]]}}, {"type": "Feature", "properties": {"LINK_ID": "1410030902", "F_NODE": "1410012303", "T_NODE": "1410012302", "LANES": 2, "ROAD_RANK": "104", "ROAD_TYPE": "000", "ROAD_NO": "-", "ROAD_NAME": "녹산산단178로", "ROAD_USE": "0", "MULTI_LINK": "0", "CONNECT": "0", "MAX_SPD": 60, "REST_VEH": "0", "REST_W": 0, "REST_H": 0, "C-ITS": "0", "LENGTH": 12.258413481488, "UPDATEDATE": "20250512", "REMARK": null, "HIST_TYPE": "LINK0001", "HISTREMARK": null, "link_stats_import_fid": null, "link_stats_import_vehicle_count": null, "link_stats_import_avg_speed": null, "link_stats_import_sum_weight_kg": null}, "geometry": {"type": "MultiLineString", "coordinates": [[[128.83692759046696, 35.08563108321822], [128.83706196616654, 35.08563074398485]]]}}, {"type": "Feature", "properties": {"LINK_ID": "4180106601", "F_NODE": "4180120001", "T_NODE": "4180120004", "LANES": 2, "ROAD_RANK": "107", "ROAD_TYPE": "000", "ROAD_NO": "-", "ROAD_NAME": "용원로", "ROAD_USE": "0", "MULTI_LINK": "0", "CONNECT": "0", "MAX_SPD": 60, "REST_VEH": "0", "REST_W": 0, "REST_H": 0, "C-ITS": "0", "LENGTH": 11.097471783938, "UPDATEDATE": "20250512", "REMARK": null, "HIST_TYPE": "LINK0001", "HISTREMARK": null, "link_stats_import_fid": null, "link_stats_import_vehicle_count": null, "link_stats_import_avg_speed": null, "link_stats_import_sum_weight_kg": null}, "geometry": {"type": "MultiLineString", "coordinates": [[[128.81902865422805, 35.0987126728518], [128.8189105386212, 35.09873666748374]]]}}, {"type": "Feature", "properties": {"LINK_ID": "1410077400", "F_NODE": "1410026202", "T_NODE": "1410026303", "LANES": 2, "ROAD_RANK": "104", "ROAD_TYPE": "000", "ROAD_NO": "-", "ROAD_NAME": "녹산산단261로73번길", "ROAD_USE": "0", "MULTI_LINK": "0", "CONNECT": "0", "MAX_SPD": 70, "REST_VEH": "0", "REST_W": 0, "REST_H": 0, "C-ITS": "0", "LENGTH": 290.607742497152, "UPDATEDATE": "20250512", "REMARK": null, "HIST_TYPE": "LINK0003", "HISTREMARK": null, "link_stats_import_fid": 1139, "link_stats_import_vehicle_count": 1.0, "link_stats_import_avg_speed": 6.34, "link_stats_import_sum_weight_kg": 0.0}, "geometry": {"type": "MultiLineString", "coordinates": [[[128.8427751297639, 35.09557411996873], [128.84596113012427, 35.09558086569128]]]}}, {"type": "Feature", "properties": {"LINK_ID": "1410029701", "F_NODE": "1410011903", "T_NODE": "1410011902", "LANES": 2, "ROAD_RANK": "104", "ROAD_TYPE": "000", "ROAD_NO": "-", "ROAD_NAME": "녹산산단232로", "ROAD_USE": "0", "MULTI_LINK": "0", "CONNECT": "0", "MAX_SPD": 60, "REST_VEH": "0", "REST_W": 0, "REST_H": 0, "C-ITS": "0", "LENGTH": 10.93775969365, "UPDATEDATE": "20250512", "REMARK": null, "HIST_TYPE": "LINK0001", "HISTREMARK": null, "link_stats_import_fid": null, "link_stats_import_vehicle_count": null, "link_stats_import_avg_speed": null, "link_stats_import_sum_weight_kg": null}, "geometry": {"type": "MultiLineString", "coordinates": [[[128.8407129943688, 35.085623083510015], [128.84083289325977, 35.085622864584764]]]}}, {"type": "Feature", "properties": {"LINK_ID": "4180140100", "F_NODE": "4180114702", "T_NODE": "4180117003", "LANES": 3, "ROAD_RANK": "103", "ROAD_TYPE": "000", "ROAD_NO": "2", "ROAD_NAME": "진해대로", "ROAD_USE": "0", "MULTI_LINK": "0", "CONNECT": "0", "MAX_SPD": 70, "REST_VEH": "0", "REST_W": 0, "REST_H": 450, "C-ITS": "0", "LENGTH": 140.567003970919, "UPDATEDATE": "20250512", "REMARK": null, "HIST_TYPE": "LINK0003", "HISTREMARK": null, "link_stats_import_fid": 427, "link_stats_import_vehicle_count": 14.0, "link_stats_import_avg_speed": 16.63, "link_stats_import_sum_weight_kg": 66432.0}, "geometry": {"type": "MultiLineString", "coordinates": [[[128.81554218739663, 35.10271390718463], [128.81704535990494, 35.10243420361188]]]}}, {"type": "Feature", "properties": {"LINK_ID": "4180034500", "F_NODE": "4180101704", "T_NODE": "4180223500", "LANES": 3, "ROAD_RANK": "107", "ROAD_TYPE": "000", "ROAD_NO": "-", "ROAD_NAME": "신항북로", "ROAD_USE": "0", "MULTI_LINK": "0", "CONNECT": "0", "MAX_SPD": 80, "REST_VEH": "0", "REST_W": 0, "REST_H": 0, "C-ITS": "0", "LENGTH": 437.209330484624, "UPDATEDATE": "20250512", "REMARK": null, "HIST_TYPE": "LINK0003", "HISTREMARK": null, "link_stats_import_fid": 84, "link_stats_import_vehicle_count": 191.0, "link_stats_import_avg_speed": 14.58, "link_stats_import_sum_weight_kg": 916199.0}, "geometry": {"type": "MultiLineString", "coordinates": [[[128.79741922138248, 35.08628259451258], [128.79672422256462, 35.08651571021859], [128.7964422214465, 35.08667409082188], [128.79608114731232, 35.08685676584313], [128.79432119412255, 35.087808754115564], [128.79334084754942, 35.08833340964656]]]}}, {"type": "Feature", "properties": {"LINK_ID": "1411101706", "F_NODE": "1410662500", "T_NODE": "1410625400", "LANES": 3, "ROAD_RANK": "104", "ROAD_TYPE": "000", "ROAD_NO": "-", "ROAD_NAME": "신항남로", "ROAD_USE": "1", "MULTI_LINK": "0", "CONNECT": "0", "MAX_SPD": 60, "REST_VEH": "0", "REST_W": 0, "REST_H": 0, "C-ITS": "0", "LENGTH": 376.540501622675, "UPDATEDATE": "20250512", "REMARK": null, "HIST_TYPE": "LINK1007", "HISTREMARK": "1411101701", "link_stats_import_fid": 80, "link_stats_import_vehicle_count": 205.0, "link_stats_import_avg_speed": 14.47, "link_stats_import_sum_weight_kg": 6698608.0}, "geometry": {"type": "MultiLineString", "coordinates": [[[128.81585619355994, 35.06245548245641], [128.81597666160977, 35.06247624049999], [128.81985247574087, 35.06311487052576], [128.81990137449185, 35.06312538542452]]]}}, {"type": "Feature", "properties": {"LINK_ID": "1410087901", "F_NODE": "1410029304", "T_NODE": "1410029303", "LANES": 3, "ROAD_RANK": "105", "ROAD_TYPE": "000", "ROAD_NO": "58", "ROAD_NAME": "가락대로", "ROAD_USE": "0", "MULTI_LINK": "0", "CONNECT": "0", "MAX_SPD": 60, "REST_VEH": "0", "REST_W": 0, "REST_H": 0, "C-ITS": "0", "LENGTH": 13.317651014164, "UPDATEDATE": "20250512", "REMARK": null, "HIST_TYPE": "LINK0001", "HISTREMARK": null, "link_stats_import_fid": 637, "link_stats_import_vehicle_count": 6.0, "link_stats_import_avg_speed": 9.27, "link_stats_import_sum_weight_kg": 1000.0}, "geometry": {"type": "MultiLineString", "coordinates": [[[128.83936779773728, 35.09803690377489], [128.83936816360506, 35.09791690457639]]]}}, {"type": "Feature", "properties": {"LINK_ID": "4180063900", "F_NODE": "4180109802", "T_NODE": "4180315200", "LANES": 2, "ROAD_RANK": "107", "ROAD_TYPE": "000", "ROAD_NO": "-", "ROAD_NAME": "신항4로", "ROAD_USE": "0", "MULTI_LINK": "0", "CONNECT": "0", "MAX_SPD": 60, "REST_VEH": "0", "REST_W": 0, "REST_H": 0, "C-ITS": "0", "LENGTH": 266.59528705732, "UPDATEDATE": "20250512", "REMARK": null, "HIST_TYPE": "LINK0003", "HISTREMARK": null, "link_stats_import_fid": 713, "link_stats_import_vehicle_count": 5.0, "link_stats_import_avg_speed": 11.15, "link_stats_import_sum_weight_kg": 11200.0}, "geometry": {"type": "MultiLineString", "coordinates": [[[128.81236933806727, 35.084486463654926], [128.81312396909846, 35.084493429104505], [128.8141234982947, 35.08449414762914], [128.81503027874692, 35.08449479234783], [128.81529063648938, 35.084492863118044], [128.8152916728328, 35.08449286000998]]]}}, {"type": "Feature", "properties": {"LINK_ID": "4180076401", "F_NODE": "4180112801", "T_NODE": "4180112804", "LANES": 3, "ROAD_RANK": "107", "ROAD_TYPE": "000", "ROAD_NO": "-", "ROAD_NAME": "신항동로", "ROAD_USE": "0", "MULTI_LINK": "0", "CONNECT": "0", "MAX_SPD": 30, "REST_VEH": "0", "REST_W": 0, "REST_H": 0, "C-ITS": "0", "LENGTH": 11.938208430735, "UPDATEDATE": "20250512", "REMARK": null, "HIST_TYPE": "LINK0001", "HISTREMARK": null, "link_stats_import_fid": 1248, "link_stats_import_vehicle_count": 1.0, "link_stats_import_avg_speed": 8.76, "link_stats_import_sum_weight_kg": 2300.0}, "geometry": {"type": "MultiLineString", "coordinates": [[[128.81431890362265, 35.088947174278175], [128.81418803096022, 35.08894713792759]]]}}, {"type": "Feature", "properties": {"LINK_ID": "1410087200", "F_NODE": "1410029102", "T_NODE": "1410029203", "LANES": 3, "ROAD_RANK": "104", "ROAD_TYPE": "000", "ROAD_NO": "-", "ROAD_NAME": "녹산산업북로", "ROAD_USE": "0", "MULTI_LINK": "0", "CONNECT": "0", "MAX_SPD": 50, "REST_VEH": "0", "REST_W": 0, "REST_H": 0, "C-ITS": "0", "LENGTH": 218.827793016156, "UPDATEDATE": "20250512", "REMARK": null, "HIST_TYPE": "LINK0003", "HISTREMARK": null, "link_stats_import_fid": 348, "link_stats_import_vehicle_count": 19.0, "link_stats_import_avg_speed": 10.81, "link_stats_import_sum_weight_kg": 11768.0}, "geometry": {"type": "MultiLineString", "coordinates": [[[128.835600035279, 35.09791108757296], [128.83799917412549, 35.09791489737171]]]}}, {"type": "Feature", "properties": {"LINK_ID": "1410091900", "F_NODE": "1410031802", "T_NODE": "1410030503", "LANES": 2, "ROAD_RANK": "104", "ROAD_TYPE": "000", "ROAD_NO": "-", "ROAD_NAME": "녹산산단27로", "ROAD_USE": "0", "MULTI_LINK": "0", "CONNECT": "0", "MAX_SPD": 50, "REST_VEH": "0", "REST_W": 0, "REST_H": 0, "C-ITS": "0", "LENGTH": 158.244204018234, "UPDATEDATE": "20250512", "REMARK": null, "HIST_TYPE": "LINK0003", "HISTREMARK": null, "link_stats_import_fid": null, "link_stats_import_vehicle_count": null, "link_stats_import_avg_speed": null, "link_stats_import_sum_weight_kg": null}, "geometry": {"type": "MultiLineString", "coordinates": [[[128.83109961753857, 35.099683594643025], [128.83233320425626, 35.09868095760226]]]}}, {"type": "Feature", "properties": {"LINK_ID": "1410195702", "F_NODE": "1410071602", "T_NODE": "1410071701", "LANES": 2, "ROAD_RANK": "105", "ROAD_TYPE": "000", "ROAD_NO": "58", "ROAD_NAME": "거가대로", "ROAD_USE": "0", "MULTI_LINK": "0", "CONNECT": "0", "MAX_SPD": 80, "REST_VEH": "5", "REST_W": 0, "REST_H": 0, "C-ITS": "0", "LENGTH": 290.541502105467, "UPDATEDATE": "20250512", "REMARK": null, "HIST_TYPE": "LINK0003", "HISTREMARK": null, "link_stats_import_fid": 641, "link_stats_import_vehicle_count": 6.0, "link_stats_import_avg_speed": 20.7, "link_stats_import_sum_weight_kg": 2000.0}, "geometry": {"type": "MultiLineString", "coordinates": [[[128.82876967091477, 35.05774194306792], [128.83028176261425, 35.060045829446246]]]}}, {"type": "Feature", "properties": {"LINK_ID": "4180074901", "F_NODE": "4180093102", "T_NODE": "4180093101", "LANES": 2, "ROAD_RANK": "107", "ROAD_TYPE": "000", "ROAD_NO": "-", "ROAD_NAME": "신항9로", "ROAD_USE": "0", "MULTI_LINK": "0", "CONNECT": "0", "MAX_SPD": 60, "REST_VEH": "0", "REST_W": 0, "REST_H": 0, "C-ITS": "0", "LENGTH": 12.001118857359, "UPDATEDATE": "20250512", "REMARK": null, "HIST_TYPE": "LINK0001", "HISTREMARK": null, "link_stats_import_fid": 1240, "link_stats_import_vehicle_count": 1.0, "link_stats_import_avg_speed": 10.73, "link_stats_import_sum_weight_kg": 27287.0}, "geometry": {"type": "MultiLineString", "coordinates": [[[128.7788338115941, 35.09129228354745], [128.77883294579743, 35.09140042061962]]]}}, {"type": "Feature", "properties": {"LINK_ID": "1410120001", "F_NODE": "1410040601", "T_NODE": "1410040604", "LANES": 3, "ROAD_RANK": "104", "ROAD_TYPE": "000", "ROAD_NO": "-", "ROAD_NAME": "녹산산업대로", "ROAD_USE": "0", "MULTI_LINK": "0", "CONNECT": "0", "MAX_SPD": 70, "REST_VEH": "0", "REST_W": 0, "REST_H": 0, "C-ITS": "0", "LENGTH": 12.04992230583, "UPDATEDATE": "20250512", "REMARK": null, "HIST_TYPE": "LINK0001", "HISTREMARK": null, "link_stats_import_fid": 433, "link_stats_import_vehicle_count": 13.0, "link_stats_import_avg_speed": 14.01, "link_stats_import_sum_weight_kg": 36592.0}, "geometry": {"type": "MultiLineString", "coordinates": [[[128.8346026206518, 35.089013727148966], [128.83447052464768, 35.08901400606842]]]}}, {"type": "Feature", "properties": {"LINK_ID": "1410036300", "F_NODE": "1410015303", "T_NODE": "1410014004", "LANES": 2, "ROAD_RANK": "104", "ROAD_TYPE": "000", "ROAD_NO": "-", "ROAD_NAME": "녹산산단232로", "ROAD_USE": "0", "MULTI_LINK": "0", "CONNECT": "0", "MAX_SPD": 50, "REST_VEH": "0", "REST_W": 0, "REST_H": 0, "C-ITS": "0", "LENGTH": 110.545872106414, "UPDATEDATE": "20250512", "REMARK": null, "HIST_TYPE": "LINK0003", "HISTREMARK": null, "link_stats_import_fid": 627, "link_stats_import_vehicle_count": 6.0, "link_stats_import_avg_speed": 7.29, "link_stats_import_sum_weight_kg": 0.0}, "geometry": {"type": "MultiLineString", "coordinates": [[[128.84267014852955, 35.08890095449712], [128.84267282372187, 35.08790487577922]]]}}, {"type": "Feature", "properties": {"LINK_ID": "4180083400", "F_NODE": "4180095202", "T_NODE": "4180220700", "LANES": 3, "ROAD_RANK": "107", "ROAD_TYPE": "003", "ROAD_NO": "-", "ROAD_NAME": "신항북로", "ROAD_USE": "0", "MULTI_LINK": "0", "CONNECT": "0", "MAX_SPD": 80, "REST_VEH": "0", "REST_W": 0, "REST_H": 0, "C-ITS": "0", "LENGTH": 278.880181863123, "UPDATEDATE": "20250512", "REMARK": null, "HIST_TYPE": "LINK0003", "HISTREMARK": null, "link_stats_import_fid": 87, "link_stats_import_vehicle_count": 178.0, "link_stats_import_avg_speed": 17.74, "link_stats_import_sum_weight_kg": 745976.0}, "geometry": {"type": "MultiLineString", "coordinates": [[[128.7825145415498, 35.093919532357475], [128.7826825956141, 35.093883104744485], [128.78283687976798, 35.09384686501493], [128.7829989062862, 35.093805039896466], [128.78316373156292, 35.09375745424744], [128.78333493848774, 35.093703735411594], [128.78350332589426, 35.09364779305532], [128.7836415111655, 35.093598853066716], [128.78378933888214, 35.09354216112189], [128.7839435552066, 35.093480111851065], [128.78409063322906, 35.09341796828155], [128.78424319410593, 35.09334900811109], [128.7843974326319, 35.09327472658417], [128.78456213046576, 35.09319174641207], [128.78470954054856, 35.09311736495348], [128.7848432610126, 35.09304501256688], [128.78521960552902, 35.09279492963356]]]}}, {"type": "Feature", "properties": {"LINK_ID": "1410040500", "F_NODE": "1410015201", "T_NODE": "1410018702", "LANES": 3, "ROAD_RANK": "105", "ROAD_TYPE": "000", "ROAD_NO": "58", "ROAD_NAME": "가락대로", "ROAD_USE": "0", "MULTI_LINK": "0", "CONNECT": "0", "MAX_SPD": 60, "REST_VEH": "0", "REST_W": 0, "REST_H": 0, "C-ITS": "0", "LENGTH": 112.096421030871, "UPDATEDATE": "20250512", "REMARK": null, "HIST_TYPE": "LINK0003", "HISTREMARK": null, "link_stats_import_fid": 347, "link_stats_import_vehicle_count": 19.0, "link_stats_import_avg_speed": 10.11, "link_stats_import_sum_weight_kg": 9960.0}, "geometry": {"type": "MultiLineString", "coordinates": [[[128.8395147748611, 35.089019028987906], [128.8395111991387, 35.090029078209966]]]}}, {"type": "Feature", "properties": {"LINK_ID": "1410065400", "F_NODE": "1410022701", "T_NODE": "1410026002", "LANES": 3, "ROAD_RANK": "105", "ROAD_TYPE": "000", "ROAD_NO": "58", "ROAD_NAME": "가락대로", "ROAD_USE": "0", "MULTI_LINK": "0", "CONNECT": "0", "MAX_SPD": 60, "REST_VEH": "0", "REST_W": 0, "REST_H": 0, "C-ITS": "0", "LENGTH": 226.855114256292, "UPDATEDATE": "20250512", "REMARK": null, "HIST_TYPE": "LINK0003", "HISTREMARK": null, "link_stats_import_fid": 385, "link_stats_import_vehicle_count": 16.0, "link_stats_import_avg_speed": 13.75, "link_stats_import_sum_weight_kg": 6000.0}, "geometry": {"type": "MultiLineString", "coordinates": [[[128.83950082111983, 35.093523034969564], [128.83949515303198, 35.095567123670556]]]}}, {"type": "Feature", "properties": {"LINK_ID": "1411061104", "F_NODE": "1410901500", "T_NODE": "1410901300", "LANES": 3, "ROAD_RANK": "103", "ROAD_TYPE": "000", "ROAD_NO": "2", "ROAD_NAME": "진해대로", "ROAD_USE": "0", "MULTI_LINK": "0", "CONNECT": "0", "MAX_SPD": 70, "REST_VEH": "0", "REST_W": 0, "REST_H": 0, "C-ITS": "0", "LENGTH": 355.264066108545, "UPDATEDATE": "20250512", "REMARK": null, "HIST_TYPE": "LINK1007", "HISTREMARK": "1411061100", "link_stats_import_fid": 765, "link_stats_import_vehicle_count": 4.0, "link_stats_import_avg_speed": 15.39, "link_stats_import_sum_weight_kg": 38920.0}, "geometry": {"type": "MultiLineString", "coordinates": [[[128.83150709967668, 35.102471501960125], [128.83122498705373, 35.102497991345864], [128.83122398694042, 35.102497991136175], [128.8303639870092, 35.10257299161592], [128.83035898755276, 35.10257299141636], [128.83035398809625, 35.10257299121658], [128.83034898754354, 35.10257299103317], [128.82906298728167, 35.10244699128938], [128.82858198725623, 35.10239999092767], [128.82763262438567, 35.10235509257082]]]}}, {"type": "Feature", "properties": {"LINK_ID": "4180062300", "F_NODE": "4180109902", "T_NODE": "4180226600", "LANES": 3, "ROAD_RANK": "107", "ROAD_TYPE": "000", "ROAD_NO": "-", "ROAD_NAME": "신항로", "ROAD_USE": "0", "MULTI_LINK": "0", "CONNECT": "0", "MAX_SPD": 60, "REST_VEH": "0", "REST_W": 0, "REST_H": 0, "C-ITS": "0", "LENGTH": 266.734995256093, "UPDATEDATE": "20250512", "REMARK": null, "HIST_TYPE": "LINK0003", "HISTREMARK": null, "link_stats_import_fid": 25, "link_stats_import_vehicle_count": 406.0, "link_stats_import_avg_speed": 15.1, "link_stats_import_sum_weight_kg": 4528055.0}, "geometry": {"type": "MultiLineString", "coordinates": [[[128.81236174750123, 35.08311945901778], [128.81528562357792, 35.083119429604814]]]}}, {"type": "Feature", "properties": {"LINK_ID": "4180083001", "F_NODE": "4180095104", "T_NODE": "4180095103", "LANES": 2, "ROAD_RANK": "107", "ROAD_TYPE": "000", "ROAD_NO": "-", "ROAD_NAME": "신항8로", "ROAD_USE": "0", "MULTI_LINK": "0", "CONNECT": "0", "MAX_SPD": 60, "REST_VEH": "0", "REST_W": 0, "REST_H": 0, "C-ITS": "0", "LENGTH": 13.443317265922, "UPDATEDATE": "20250512", "REMARK": null, "HIST_TYPE": "LINK0001", "HISTREMARK": null, "link_stats_import_fid": null, "link_stats_import_vehicle_count": null, "link_stats_import_avg_speed": null, "link_stats_import_sum_weight_kg": null}, "geometry": {"type": "MultiLineString", "coordinates": [[[128.7823630958219, 35.09136505839975], [128.78228006710796, 35.091264976501854]]]}}, {"type": "Feature", "properties": {"LINK_ID": "1410053400", "F_NODE": "1410020103", "T_NODE": "1410019004", "LANES": 2, "ROAD_RANK": "104", "ROAD_TYPE": "000", "ROAD_NO": "-", "ROAD_NAME": "녹산산단261로", "ROAD_USE": "0", "MULTI_LINK": "0", "CONNECT": "0", "MAX_SPD": 50, "REST_VEH": "0", "REST_W": 0, "REST_H": 0, "C-ITS": "0", "LENGTH": 85.013572626865, "UPDATEDATE": "20250512", "REMARK": null, "HIST_TYPE": "LINK0003", "HISTREMARK": null, "link_stats_import_fid": 1109, "link_stats_import_vehicle_count": 1.0, "link_stats_import_avg_speed": 10.78, "link_stats_import_sum_weight_kg": 0.0}, "geometry": {"type": "MultiLineString", "coordinates": [[[128.8459731230853, 35.09092590173097], [128.84597485207556, 35.09015988364848]]]}}, {"type": "Feature", "properties": {"LINK_ID": "4180066701", "F_NODE": "4180119403", "T_NODE": "4180119402", "LANES": 4, "ROAD_RANK": "107", "ROAD_TYPE": "000", "ROAD_NO": "-", "ROAD_NAME": "신항북로", "ROAD_USE": "0", "MULTI_LINK": "0", "CONNECT": "0", "MAX_SPD": 70, "REST_VEH": "0", "REST_W": 0, "REST_H": 0, "C-ITS": "0", "LENGTH": 12.000456924337, "UPDATEDATE": "20250512", "REMARK": null, "HIST_TYPE": "LINK0001", "HISTREMARK": null, "link_stats_import_fid": 379, "link_stats_import_vehicle_count": 17.0, "link_stats_import_avg_speed": 7.44, "link_stats_import_sum_weight_kg": 82416.0}, "geometry": {"type": "MultiLineString", "coordinates": [[[128.81822488726934, 35.0860019280925], [128.81835643687046, 35.08600223748689]]]}}, {"type": "Feature", "properties": {"LINK_ID": "1410040301", "F_NODE": "1410015303", "T_NODE": "1410015302", "LANES": 3, "ROAD_RANK": "104", "ROAD_TYPE": "000", "ROAD_NO": "-", "ROAD_NAME": "녹산산업대로", "ROAD_USE": "0", "MULTI_LINK": "0", "CONNECT": "0", "MAX_SPD": 70, "REST_VEH": "0", "REST_W": 0, "REST_H": 0, "C-ITS": "0", "LENGTH": 10.946485150403, "UPDATEDATE": "20250512", "REMARK": null, "HIST_TYPE": "LINK0001", "HISTREMARK": null, "link_stats_import_fid": 695, "link_stats_import_vehicle_count": 5.0, "link_stats_import_avg_speed": 10.78, "link_stats_import_sum_weight_kg": 28410.0}, "geometry": {"type": "MultiLineString", "coordinates": [[[128.84267014852955, 35.08890095449712], [128.84279014804736, 35.088901027435135]]]}}, {"type": "Feature", "properties": {"LINK_ID": "4180077700", "F_NODE": "4180123401", "T_NODE": "4180123201", "LANES": 3, "ROAD_RANK": "107", "ROAD_TYPE": "000", "ROAD_NO": "-", "ROAD_NAME": "신항3로", "ROAD_USE": "0", "MULTI_LINK": "0", "CONNECT": "0", "MAX_SPD": 70, "REST_VEH": "0", "REST_W": 0, "REST_H": 0, "C-ITS": "0", "LENGTH": 249.537945334245, "UPDATEDATE": "20250512", "REMARK": null, "HIST_TYPE": "LINK0003", "HISTREMARK": null, "link_stats_import_fid": 269, "link_stats_import_vehicle_count": 33.0, "link_stats_import_avg_speed": 9.48, "link_stats_import_sum_weight_kg": 139727.0}, "geometry": {"type": "MultiLineString", "coordinates": [[[128.82437276270704, 35.08906409121892], [128.8243721094115, 35.08907065030453], [128.82433609522525, 35.08926656018391], [128.82428841255552, 35.08943510095182], [128.82423218694618, 35.089594517499656], [128.82415901643833, 35.08975682506759], [128.8240581110315, 35.089937834669506], [128.8239616852675, 35.09007557168875], [128.82383563678653, 35.09023084946355], [128.82370618206218, 35.09037046118677], [128.8235598138195, 35.090505676052835], [128.82301198525667, 35.090946953905544]]]}}, {"type": "Feature", "properties": {"LINK_ID": "4180072500", "F_NODE": "4180113001", "T_NODE": "4180112802", "LANES": 3, "ROAD_RANK": "107", "ROAD_TYPE": "000", "ROAD_NO": "-", "ROAD_NAME": "-", "ROAD_USE": "0", "MULTI_LINK": "0", "CONNECT": "0", "MAX_SPD": 70, "REST_VEH": "0", "REST_W": 0, "REST_H": 0, "C-ITS": "0", "LENGTH": 86.991428899162, "UPDATEDATE": "20250512", "REMARK": "도로명없음", "HIST_TYPE": "LINK0003", "HISTREMARK": null, "link_stats_import_fid": 547, "link_stats_import_vehicle_count": 9.0, "link_stats_import_avg_speed": 8.81, "link_stats_import_sum_weight_kg": 4360.0}, "geometry": {"type": "MultiLineString", "coordinates": [[[128.81431928619796, 35.08805519665506], [128.8143192870107, 35.08883904719783]]]}}, {"type": "Feature", "properties": {"LINK_ID": "4180131101", "F_NODE": "4180106101", "T_NODE": "4180106104", "LANES": 2, "ROAD_RANK": "107", "ROAD_TYPE": "000", "ROAD_NO": "-", "ROAD_NAME": "안청남로", "ROAD_USE": "0", "MULTI_LINK": "0", "CONNECT": "0", "MAX_SPD": 60, "REST_VEH": "0", "REST_W": 0, "REST_H": 0, "C-ITS": "0", "LENGTH": 10.97655246233, "UPDATEDATE": "20250512", "REMARK": null, "HIST_TYPE": "LINK0001", "HISTREMARK": null, "link_stats_import_fid": null, "link_stats_import_vehicle_count": null, "link_stats_import_avg_speed": null, "link_stats_import_sum_weight_kg": null}, "geometry": {"type": "MultiLineString", "coordinates": [[[128.8064087960071, 35.10130109957101], [128.80628853031516, 35.10130477970508]]]}}, {"type": "Feature", "properties": {"LINK_ID": "4180093501", "F_NODE": "4180090003", "T_NODE": "4180090002", "LANES": 2, "ROAD_RANK": "107", "ROAD_TYPE": "000", "ROAD_NO": "-", "ROAD_NAME": "신항8로", "ROAD_USE": "0", "MULTI_LINK": "0", "CONNECT": "0", "MAX_SPD": 60, "REST_VEH": "0", "REST_W": 0, "REST_H": 0, "C-ITS": "0", "LENGTH": 11.999981035305, "UPDATEDATE": "20250512", "REMARK": null, "HIST_TYPE": "LINK0001", "HISTREMARK": null, "link_stats_import_fid": null, "link_stats_import_vehicle_count": null, "link_stats_import_avg_speed": null, "link_stats_import_sum_weight_kg": null}, "geometry": {"type": "MultiLineString", "coordinates": [[[128.76980294745778, 35.09690340623444], [128.76993451211914, 35.09690355319049]]]}}, {"type": "Feature", "properties": {"LINK_ID": "4180063300", "F_NODE": "4180102602", "T_NODE": "4180224900", "LANES": 2, "ROAD_RANK": "107", "ROAD_TYPE": "000", "ROAD_NO": "-", "ROAD_NAME": "신항5로", "ROAD_USE": "0", "MULTI_LINK": "0", "CONNECT": "0", "MAX_SPD": 60, "REST_VEH": "0", "REST_W": 0, "REST_H": 0, "C-ITS": "0", "LENGTH": 274.084792826555, "UPDATEDATE": "20250512", "REMARK": null, "HIST_TYPE": "LINK0003", "HISTREMARK": null, "link_stats_import_fid": 507, "link_stats_import_vehicle_count": 10.0, "link_stats_import_avg_speed": 7.83, "link_stats_import_sum_weight_kg": 71082.0}, "geometry": {"type": "MultiLineString", "coordinates": [[[128.80115296944084, 35.08446525220349], [128.80154746193824, 35.08447724243433], [128.80275046789825, 35.08448217044137], [128.80415717228007, 35.08448795123168]]]}}, {"type": "Feature", "properties": {"LINK_ID": "1410736701", "F_NODE": "1410923800", "T_NODE": "1410287801", "LANES": 2, "ROAD_RANK": "104", "ROAD_TYPE": "001", "ROAD_NO": "-", "ROAD_NAME": "만금로", "ROAD_USE": "0", "MULTI_LINK": "0", "CONNECT": "0", "MAX_SPD": 60, "REST_VEH": "0", "REST_W": 0, "REST_H": 0, "C-ITS": "0", "LENGTH": 347.7877989757, "UPDATEDATE": "20250512", "REMARK": null, "HIST_TYPE": "LINK1007", "HISTREMARK": "1410736700", "link_stats_import_fid": 155, "link_stats_import_vehicle_count": 85.0, "link_stats_import_avg_speed": 13.9, "link_stats_import_sum_weight_kg": 326225.0}, "geometry": {"type": "MultiLineString", "coordinates": [[[128.8225611311562, 35.099403405766644], [128.82253693624665, 35.09933625693272], [128.8224592518325, 35.09900158893281], [128.82242914516473, 35.098789504952755], [128.82244397759038, 35.09851322235998], [128.82250976998145, 35.098117332344195], [128.82260340953002, 35.09783733230354], [128.82270900437024, 35.09757650325442], [128.82279569878258, 35.09744551134427], [128.822878335923, 35.09735294323274], [128.8237248084529, 35.09662875053557]]]}}, {"type": "Feature", "properties": {"LINK_ID": "4180136300", "F_NODE": "4180108902", "T_NODE": "4180111003", "LANES": 2, "ROAD_RANK": "107", "ROAD_TYPE": "000", "ROAD_NO": "-", "ROAD_NAME": "용재로", "ROAD_USE": "0", "MULTI_LINK": "0", "CONNECT": "0", "MAX_SPD": 60, "REST_VEH": "0", "REST_W": 0, "REST_H": 0, "C-ITS": "0", "LENGTH": 147.616720049846, "UPDATEDATE": "20250512", "REMARK": null, "HIST_TYPE": "LINK0006", "HISTREMARK": null, "link_stats_import_fid": 1068, "link_stats_import_vehicle_count": 2.0, "link_stats_import_avg_speed": 9.92, "link_stats_import_sum_weight_kg": 17670.0}, "geometry": {"type": "MultiLineString", "coordinates": [[[128.81179995178485, 35.10200641658938], [128.8130027203042, 35.10176622537224], [128.81312143011172, 35.10174301186802], [128.8133732226919, 35.101694167374085]]]}}, {"type": "Feature", "properties": {"LINK_ID": "4180159701", "F_NODE": "4180086703", "T_NODE": "4180086702", "LANES": 2, "ROAD_RANK": "107", "ROAD_TYPE": "000", "ROAD_NO": "-", "ROAD_NAME": "남영로159번길", "ROAD_USE": "0", "MULTI_LINK": "0", "CONNECT": "0", "MAX_SPD": 30, "REST_VEH": "0", "REST_W": 0, "REST_H": 0, "C-ITS": "0", "LENGTH": 12.062928043422, "UPDATEDATE": "20250512", "REMARK": null, "HIST_TYPE": "LINK0001", "HISTREMARK": null, "link_stats_import_fid": null, "link_stats_import_vehicle_count": null, "link_stats_import_avg_speed": null, "link_stats_import_sum_weight_kg": null}, "geometry": {"type": "MultiLineString", "coordinates": [[[128.75731523335338, 35.10690229666812], [128.7574161647091, 35.106832042997276]]]}}, {"type": "Feature", "properties": {"LINK_ID": "4180059800", "F_NODE": "4180090604", "T_NODE": "4180225300", "LANES": 4, "ROAD_RANK": "107", "ROAD_TYPE": "000", "ROAD_NO": "-", "ROAD_NAME": "신항로", "ROAD_USE": "0", "MULTI_LINK": "0", "CONNECT": "0", "MAX_SPD": 60, "REST_VEH": "0", "REST_W": 0, "REST_H": 0, "C-ITS": "0", "LENGTH": 423.279075110233, "UPDATEDATE": "20250512", "REMARK": null, "HIST_TYPE": "LINK0003", "HISTREMARK": null, "link_stats_import_fid": 74, "link_stats_import_vehicle_count": 228.0, "link_stats_import_avg_speed": 12.79, "link_stats_import_sum_weight_kg": 1131240.0}, "geometry": {"type": "MultiLineString", "coordinates": [[[128.76989061133395, 35.0831839176528], [128.76525067832335, 35.0831948815964]]]}}, {"type": "Feature", "properties": {"LINK_ID": "1410053401", "F_NODE": "1410019004", "T_NODE": "1410019003", "LANES": 2, "ROAD_RANK": "104", "ROAD_TYPE": "000", "ROAD_NO": "-", "ROAD_NAME": "녹산산단261로", "ROAD_USE": "0", "MULTI_LINK": "0", "CONNECT": "0", "MAX_SPD": 50, "REST_VEH": "0", "REST_W": 0, "REST_H": 0, "C-ITS": "0", "LENGTH": 13.317658496878, "UPDATEDATE": "20250512", "REMARK": null, "HIST_TYPE": "LINK0001", "HISTREMARK": null, "link_stats_import_fid": null, "link_stats_import_vehicle_count": null, "link_stats_import_avg_speed": null, "link_stats_import_sum_weight_kg": null}, "geometry": {"type": "MultiLineString", "coordinates": [[[128.84597485207556, 35.09015988364848], [128.84597514585002, 35.090039884399935]]]}}, {"type": "Feature", "properties": {"LINK_ID": "4180138903", "F_NODE": "4180196900", "T_NODE": "4180107704", "LANES": 2, "ROAD_RANK": "107", "ROAD_TYPE": "000", "ROAD_NO": "-", "ROAD_NAME": "안골로", "ROAD_USE": "0", "MULTI_LINK": "0", "CONNECT": "0", "MAX_SPD": 50, "REST_VEH": "0", "REST_W": 0, "REST_H": 0, "C-ITS": "0", "LENGTH": 62.873721165557, "UPDATEDATE": "20250512", "REMARK": null, "HIST_TYPE": "LINK1007", "HISTREMARK": "4180138900", "link_stats_import_fid": 1421, "link_stats_import_vehicle_count": 1.0, "link_stats_import_avg_speed": 11.45, "link_stats_import_sum_weight_kg": 0.0}, "geometry": {"type": "MultiLineString", "coordinates": [[[128.81015442564208, 35.10306134541448], [128.80998428065632, 35.102512338433606]]]}}, {"type": "Feature", "properties": {"LINK_ID": "1410704601", "F_NODE": "1410277602", "T_NODE": "1410277601", "LANES": 3, "ROAD_RANK": "104", "ROAD_TYPE": "000", "ROAD_NO": "-", "ROAD_NAME": "신항로", "ROAD_USE": "0", "MULTI_LINK": "0", "CONNECT": "0", "MAX_SPD": 30, "REST_VEH": "0", "REST_W": 0, "REST_H": 0, "C-ITS": "0", "LENGTH": 12.00000418477, "UPDATEDATE": "20250512", "REMARK": null, "HIST_TYPE": "LINK0001", "HISTREMARK": null, "link_stats_import_fid": 266, "link_stats_import_vehicle_count": 33.0, "link_stats_import_avg_speed": 9.66, "link_stats_import_sum_weight_kg": 482666.0}, "geometry": {"type": "MultiLineString", "coordinates": [[[128.82452543455466, 35.08313746048331], [128.82452448350094, 35.08324558534142]]]}}, {"type": "Feature", "properties": {"LINK_ID": "4180066401", "F_NODE": "4180101704", "T_NODE": "4180101703", "LANES": 2, "ROAD_RANK": "107", "ROAD_TYPE": "000", "ROAD_NO": "-", "ROAD_NAME": "-", "ROAD_USE": "0", "MULTI_LINK": "0", "CONNECT": "0", "MAX_SPD": 60, "REST_VEH": "0", "REST_W": 0, "REST_H": 0, "C-ITS": "0", "LENGTH": 12.080717378748, "UPDATEDATE": "20250512", "REMARK": "도로명없음", "HIST_TYPE": "LINK0001", "HISTREMARK": null, "link_stats_import_fid": 542, "link_stats_import_vehicle_count": 9.0, "link_stats_import_avg_speed": 8.04, "link_stats_import_sum_weight_kg": 28340.0}, "geometry": {"type": "MultiLineString", "coordinates": [[[128.79741922138248, 35.08628259451258], [128.79738366193783, 35.086177736106634]]]}}, {"type": "Feature", "properties": {"LINK_ID": "4180135601", "F_NODE": "1410401503", "T_NODE": "1410401502", "LANES": 3, "ROAD_RANK": "103", "ROAD_TYPE": "000", "ROAD_NO": "2", "ROAD_NAME": "진해대로", "ROAD_USE": "0", "MULTI_LINK": "0", "CONNECT": "0", "MAX_SPD": 70, "REST_VEH": "0", "REST_W": 0, "REST_H": 0, "C-ITS": "0", "LENGTH": 13.636328514656, "UPDATEDATE": "20250512", "REMARK": null, "HIST_TYPE": "LINK0001", "HISTREMARK": null, "link_stats_import_fid": 918, "link_stats_import_vehicle_count": 3.0, "link_stats_import_avg_speed": 16.6, "link_stats_import_sum_weight_kg": 2900.0}, "geometry": {"type": "MultiLineString", "coordinates": [[[128.8235051660906, 35.1018767907628], [128.82365001375055, 35.10190724062848]]]}}, {"type": "Feature", "properties": {"LINK_ID": "1411060301", "F_NODE": "1410277903", "T_NODE": "1410277902", "LANES": 2, "ROAD_RANK": "107", "ROAD_TYPE": "000", "ROAD_NO": "-", "ROAD_NAME": "신항2로", "ROAD_USE": "0", "MULTI_LINK": "0", "CONNECT": "0", "MAX_SPD": 30, "REST_VEH": "0", "REST_W": 0, "REST_H": 0, "C-ITS": "0", "LENGTH": 12.000026122915, "UPDATEDATE": "20250512", "REMARK": null, "HIST_TYPE": "LINK0001", "HISTREMARK": null, "link_stats_import_fid": 600, "link_stats_import_vehicle_count": 7.0, "link_stats_import_avg_speed": 13.76, "link_stats_import_sum_weight_kg": 0.0}, "geometry": {"type": "MultiLineString", "coordinates": [[[128.83107369310557, 35.08715756692433], [128.8311691030738, 35.08708312769333]]]}}, {"type": "Feature", "properties": {"LINK_ID": "4180066901", "F_NODE": "4180110602", "T_NODE": "4180110601", "LANES": 2, "ROAD_RANK": "107", "ROAD_TYPE": "000", "ROAD_NO": "-", "ROAD_NAME": "-", "ROAD_USE": "0", "MULTI_LINK": "0", "CONNECT": "0", "MAX_SPD": 50, "REST_VEH": "0", "REST_W": 0, "REST_H": 0, "C-ITS": "0", "LENGTH": 12.004187894631, "UPDATEDATE": "20250512", "REMARK": "도로명없음", "HIST_TYPE": "LINK0001", "HISTREMARK": null, "link_stats_import_fid": null, "link_stats_import_vehicle_count": null, "link_stats_import_avg_speed": null, "link_stats_import_sum_weight_kg": null}, "geometry": {"type": "MultiLineString", "coordinates": [[[128.81285934973027, 35.087970020577536], [128.8128585398132, 35.088078184299306]]]}}, {"type": "Feature", "properties": {"LINK_ID": "4180068101", "F_NODE": "4180087702", "T_NODE": "4180087701", "LANES": 4, "ROAD_RANK": "107", "ROAD_TYPE": "000", "ROAD_NO": "-", "ROAD_NAME": "신항배후로", "ROAD_USE": "0", "MULTI_LINK": "0", "CONNECT": "0", "MAX_SPD": 80, "REST_VEH": "0", "REST_W": 0, "REST_H": 0, "C-ITS": "0", "LENGTH": 12.000399776872, "UPDATEDATE": "20250512", "REMARK": null, "HIST_TYPE": "LINK0001", "HISTREMARK": null, "link_stats_import_fid": 777, "link_stats_import_vehicle_count": 4.0, "link_stats_import_avg_speed": 10.96, "link_stats_import_sum_weight_kg": 0.0}, "geometry": {"type": "MultiLineString", "coordinates": [[[128.76522146083465, 35.0912803628712], [128.7652208960544, 35.09138849534354]]]}}, {"type": "Feature", "properties": {"LINK_ID": "4180108601", "F_NODE": "4180118201", "T_NODE": "4180118204", "LANES": 2, "ROAD_RANK": "107", "ROAD_TYPE": "000", "ROAD_NO": "-", "ROAD_NAME": "용원로", "ROAD_USE": "0", "MULTI_LINK": "0", "CONNECT": "0", "MAX_SPD": 50, "REST_VEH": "0", "REST_W": 0, "REST_H": 0, "C-ITS": "0", "LENGTH": 11.045988296263, "UPDATEDATE": "20250512", "REMARK": null, "HIST_TYPE": "LINK0001", "HISTREMARK": null, "link_stats_import_fid": null, "link_stats_import_vehicle_count": null, "link_stats_import_avg_speed": null, "link_stats_import_sum_weight_kg": null}, "geometry": {"type": "MultiLineString", "coordinates": [[[128.817659743556, 35.098991236968665], [128.81754195166604, 35.09901436352663]]]}}, {"type": "Feature", "properties": {"LINK_ID": "1410097601", "F_NODE": "1410000208", "T_NODE": "1410000207", "LANES": 2, "ROAD_RANK": "103", "ROAD_TYPE": "000", "ROAD_NO": "2", "ROAD_NAME": "낙동남로", "ROAD_USE": "0", "MULTI_LINK": "0", "CONNECT": "1", "MAX_SPD": 70, "REST_VEH": "0", "REST_W": 0, "REST_H": 0, "C-ITS": "0", "LENGTH": 12.604787314508, "UPDATEDATE": "20250512", "REMARK": null, "HIST_TYPE": "LINK0001", "HISTREMARK": null, "link_stats_import_fid": null, "link_stats_import_vehicle_count": null, "link_stats_import_avg_speed": null, "link_stats_import_sum_weight_kg": null}, "geometry": {"type": "MultiLineString", "coordinates": [[[128.83806436883037, 35.101936980776415], [128.83798773387306, 35.102031495664676]]]}}, {"type": "Feature", "properties": {"LINK_ID": "4180063600", "F_NODE": "4180109804", "T_NODE": "4180107201", "LANES": 2, "ROAD_RANK": "107", "ROAD_TYPE": "000", "ROAD_NO": "-", "ROAD_NAME": "신항4로", "ROAD_USE": "0", "MULTI_LINK": "0", "CONNECT": "0", "MAX_SPD": 60, "REST_VEH": "0", "REST_W": 0, "REST_H": 0, "C-ITS": "0", "LENGTH": 450.912282592168, "UPDATEDATE": "20250512", "REMARK": null, "HIST_TYPE": "LINK0003", "HISTREMARK": null, "link_stats_import_fid": 575, "link_stats_import_vehicle_count": 8.0, "link_stats_import_avg_speed": 7.05, "link_stats_import_sum_weight_kg": 91800.0}, "geometry": {"type": "MultiLineString", "coordinates": [[[128.81223926246577, 35.08459458185511], [128.80992119983523, 35.084615823785235], [128.8093002053102, 35.08461418709369], [128.80839070672886, 35.08461173235868], [128.8077618880107, 35.084610030559], [128.80729671262822, 35.08459971991026]]]}}, {"type": "Feature", "properties": {"LINK_ID": "1410121201", "F_NODE": "1410022501", "T_NODE": "1410022504", "LANES": 2, "ROAD_RANK": "104", "ROAD_TYPE": "000", "ROAD_NO": "-", "ROAD_NAME": "녹산산업중로", "ROAD_USE": "0", "MULTI_LINK": "0", "CONNECT": "0", "MAX_SPD": 50, "REST_VEH": "0", "REST_W": 0, "REST_H": 0, "C-ITS": "0", "LENGTH": 10.949448308431, "UPDATEDATE": "20250512", "REMARK": null, "HIST_TYPE": "LINK0001", "HISTREMARK": null, "link_stats_import_fid": 1176, "link_stats_import_vehicle_count": 1.0, "link_stats_import_avg_speed": 20.56, "link_stats_import_sum_weight_kg": 0.0}, "geometry": {"type": "MultiLineString", "coordinates": [[[128.83435869689083, 35.09352034280671], [128.83423868303834, 35.0935223698306]]]}}, {"type": "Feature", "properties": {"LINK_ID": "1411061200", "F_NODE": "1410401503", "T_NODE": "1410287404", "LANES": 2, "ROAD_RANK": "104", "ROAD_TYPE": "000", "ROAD_NO": "-", "ROAD_NAME": "만금로", "ROAD_USE": "0", "MULTI_LINK": "0", "CONNECT": "0", "MAX_SPD": 40, "REST_VEH": "0", "REST_W": 0, "REST_H": 0, "C-ITS": "0", "LENGTH": 142.777534293637, "UPDATEDATE": "20250512", "REMARK": null, "HIST_TYPE": "LINK0003", "HISTREMARK": null, "link_stats_import_fid": null, "link_stats_import_vehicle_count": null, "link_stats_import_avg_speed": null, "link_stats_import_sum_weight_kg": null}, "geometry": {"type": "MultiLineString", "coordinates": [[[128.8235051660906, 35.1018767907628], [128.8231262029198, 35.10062854376313]]]}}, {"type": "Feature", "properties": {"LINK_ID": "4180132102", "F_NODE": "4180106304", "T_NODE": "4180106303", "LANES": 2, "ROAD_RANK": "107", "ROAD_TYPE": "000", "ROAD_NO": "-", "ROAD_NAME": "-", "ROAD_USE": "0", "MULTI_LINK": "0", "CONNECT": "0", "MAX_SPD": 30, "REST_VEH": "0", "REST_W": 0, "REST_H": 0, "C-ITS": "0", "LENGTH": 13.320712849804, "UPDATEDATE": "20250512", "REMARK": "도로명없음", "HIST_TYPE": "LINK0001", "HISTREMARK": null, "link_stats_import_fid": null, "link_stats_import_vehicle_count": null, "link_stats_import_avg_speed": null, "link_stats_import_sum_weight_kg": null}, "geometry": {"type": "MultiLineString", "coordinates": [[[128.806467553744, 35.10422415068265], [128.8064602022665, 35.10410427429946]]]}}, {"type": "Feature", "properties": {"LINK_ID": "1410077101", "F_NODE": "1410026004", "T_NODE": "1410026003", "LANES": 3, "ROAD_RANK": "105", "ROAD_TYPE": "000", "ROAD_NO": "58", "ROAD_NAME": "가락대로", "ROAD_USE": "0", "MULTI_LINK": "0", "CONNECT": "0", "MAX_SPD": 60, "REST_VEH": "0", "REST_W": 0, "REST_H": 0, "C-ITS": "0", "LENGTH": 13.317619340278, "UPDATEDATE": "20250512", "REMARK": null, "HIST_TYPE": "LINK0001", "HISTREMARK": null, "link_stats_import_fid": 827, "link_stats_import_vehicle_count": 3.0, "link_stats_import_avg_speed": 16.08, "link_stats_import_sum_weight_kg": 2000.0}, "geometry": {"type": "MultiLineString", "coordinates": [[[128.83937480570134, 35.09568685926385], [128.83937515105097, 35.09556686026582]]]}}, {"type": "Feature", "properties": {"LINK_ID": "1410064101", "F_NODE": "1410022401", "T_NODE": "1410022404", "LANES": 2, "ROAD_RANK": "104", "ROAD_TYPE": "000", "ROAD_NO": "-", "ROAD_NAME": "녹산산업중로", "ROAD_USE": "0", "MULTI_LINK": "0", "CONNECT": "0", "MAX_SPD": 50, "REST_VEH": "0", "REST_W": 0, "REST_H": 0, "C-ITS": "0", "LENGTH": 10.945858569743, "UPDATEDATE": "20250512", "REMARK": null, "HIST_TYPE": "LINK0001", "HISTREMARK": null, "link_stats_import_fid": null, "link_stats_import_vehicle_count": null, "link_stats_import_avg_speed": null, "link_stats_import_sum_weight_kg": null}, "geometry": {"type": "MultiLineString", "coordinates": [[[128.83560394010536, 35.093519062748356], [128.83548394035304, 35.093519124934225]]]}}, {"type": "Feature", "properties": {"LINK_ID": "4180083900", "F_NODE": "4180123204", "T_NODE": "4180193400", "LANES": 3, "ROAD_RANK": "107", "ROAD_TYPE": "000", "ROAD_NO": "-", "ROAD_NAME": "신항3로", "ROAD_USE": "0", "MULTI_LINK": "0", "CONNECT": "0", "MAX_SPD": 70, "REST_VEH": "0", "REST_W": 0, "REST_H": 0, "C-ITS": "0", "LENGTH": 63.251509124864, "UPDATEDATE": "20250512", "REMARK": null, "HIST_TYPE": "LINK0003", "HISTREMARK": null, "link_stats_import_fid": 790, "link_stats_import_vehicle_count": 4.0, "link_stats_import_avg_speed": 8.41, "link_stats_import_sum_weight_kg": 2000.0}, "geometry": {"type": "MultiLineString", "coordinates": [[[128.8229178794011, 35.0910225117911], [128.8224210810144, 35.091420118319874]]]}}, {"type": "Feature", "properties": {"LINK_ID": "1410120000", "F_NODE": "1410015004", "T_NODE": "1410040601", "LANES": 3, "ROAD_RANK": "104", "ROAD_TYPE": "003", "ROAD_NO": "-", "ROAD_NAME": "녹산산업대로", "ROAD_USE": "0", "MULTI_LINK": "0", "CONNECT": "0", "MAX_SPD": 70, "REST_VEH": "0", "REST_W": 0, "REST_H": 0, "C-ITS": "0", "LENGTH": 80.850451566872, "UPDATEDATE": "20250512", "REMARK": null, "HIST_TYPE": "LINK0003", "HISTREMARK": null, "link_stats_import_fid": 184, "link_stats_import_vehicle_count": 68.0, "link_stats_import_avg_speed": 10.71, "link_stats_import_sum_weight_kg": 124596.0}, "geometry": {"type": "MultiLineString", "coordinates": [[[128.83548893422207, 35.08901584750964], [128.8346026206518, 35.089013727148966]]]}}, {"type": "Feature", "properties": {"LINK_ID": "1410066100", "F_NODE": "1410023004", "T_NODE": "1410022901", "LANES": 2, "ROAD_RANK": "104", "ROAD_TYPE": "000", "ROAD_NO": "-", "ROAD_NAME": "녹산산업중로", "ROAD_USE": "0", "MULTI_LINK": "0", "CONNECT": "0", "MAX_SPD": 50, "REST_VEH": "0", "REST_W": 0, "REST_H": 0, "C-ITS": "0", "LENGTH": 290.614116785396, "UPDATEDATE": "20250512", "REMARK": null, "HIST_TYPE": "LINK0003", "HISTREMARK": null, "link_stats_import_fid": null, "link_stats_import_vehicle_count": null, "link_stats_import_avg_speed": null, "link_stats_import_sum_weight_kg": null}, "geometry": {"type": "MultiLineString", "coordinates": [[[128.84596585416162, 35.09352893742828], [128.84277985508982, 35.09352604669436]]]}}, {"type": "Feature", "properties": {"LINK_ID": "1410086601", "F_NODE": "1410030501", "T_NODE": "1410030504", "LANES": 2, "ROAD_RANK": "104", "ROAD_TYPE": "000", "ROAD_NO": "-", "ROAD_NAME": "녹산산단27로", "ROAD_USE": "0", "MULTI_LINK": "0", "CONNECT": "0", "MAX_SPD": 50, "REST_VEH": "0", "REST_W": 0, "REST_H": 0, "C-ITS": "0", "LENGTH": 12.002493170994, "UPDATEDATE": "20250512", "REMARK": null, "HIST_TYPE": "LINK0001", "HISTREMARK": null, "link_stats_import_fid": null, "link_stats_import_vehicle_count": null, "link_stats_import_avg_speed": null, "link_stats_import_sum_weight_kg": null}, "geometry": {"type": "MultiLineString", "coordinates": [[[128.8325204379343, 35.098682749862604], [128.8324268641108, 35.09875878996847]]]}}, {"type": "Feature", "properties": {"LINK_ID": "1410053301", "F_NODE": "1410020102", "T_NODE": "1410020101", "LANES": 2, "ROAD_RANK": "104", "ROAD_TYPE": "000", "ROAD_NO": "-", "ROAD_NAME": "녹산산단261로", "ROAD_USE": "0", "MULTI_LINK": "0", "CONNECT": "0", "MAX_SPD": 50, "REST_VEH": "0", "REST_W": 0, "REST_H": 0, "C-ITS": "0", "LENGTH": 13.328345143045, "UPDATEDATE": "20250512", "REMARK": null, "HIST_TYPE": "LINK0001", "HISTREMARK": null, "link_stats_import_fid": null, "link_stats_import_vehicle_count": null, "link_stats_import_avg_speed": null, "link_stats_import_sum_weight_kg": null}, "geometry": {"type": "MultiLineString", "coordinates": [[[128.8460931245149, 35.09092608457698], [128.84609278448895, 35.091046180013855]]]}}, {"type": "Feature", "properties": {"LINK_ID": "4180069901", "F_NODE": "4180113002", "T_NODE": "4180113001", "LANES": 3, "ROAD_RANK": "107", "ROAD_TYPE": "000", "ROAD_NO": "-", "ROAD_NAME": "-", "ROAD_USE": "0", "MULTI_LINK": "0", "CONNECT": "0", "MAX_SPD": 70, "REST_VEH": "0", "REST_W": 0, "REST_H": 0, "C-ITS": "0", "LENGTH": 12.000024248308, "UPDATEDATE": "20250512", "REMARK": "도로명없음", "HIST_TYPE": "LINK0001", "HISTREMARK": null, "link_stats_import_fid": 860, "link_stats_import_vehicle_count": 3.0, "link_stats_import_avg_speed": 10.42, "link_stats_import_sum_weight_kg": 2360.0}, "geometry": {"type": "MultiLineString", "coordinates": [[[128.81432049439167, 35.08794707302075], [128.81431928619796, 35.08805519665506]]]}}, {"type": "Feature", "properties": {"LINK_ID": "4180107400", "F_NODE": "4180106702", "T_NODE": "4180107403", "LANES": 2, "ROAD_RANK": "107", "ROAD_TYPE": "000", "ROAD_NO": "-", "ROAD_NAME": "안골로", "ROAD_USE": "0", "MULTI_LINK": "0", "CONNECT": "0", "MAX_SPD": 30, "REST_VEH": "0", "REST_W": 0, "REST_H": 0, "C-ITS": "0", "LENGTH": 122.00947917232, "UPDATEDATE": "20250512", "REMARK": null, "HIST_TYPE": "LINK0003", "HISTREMARK": null, "link_stats_import_fid": 1043, "link_stats_import_vehicle_count": 2.0, "link_stats_import_avg_speed": 10.14, "link_stats_import_sum_weight_kg": 27630.0}, "geometry": {"type": "MultiLineString", "coordinates": [[[128.8067682705624, 35.09880824636439], [128.80785746488863, 35.099446488109244]]]}}, {"type": "Feature", "properties": {"LINK_ID": "4180068900", "F_NODE": "4180090501", "T_NODE": "4180090402", "LANES": 2, "ROAD_RANK": "107", "ROAD_TYPE": "000", "ROAD_NO": "-", "ROAD_NAME": "신항7로", "ROAD_USE": "0", "MULTI_LINK": "0", "CONNECT": "0", "MAX_SPD": 50, "REST_VEH": "0", "REST_W": 0, "REST_H": 0, "C-ITS": "0", "LENGTH": 230.425432999057, "UPDATEDATE": "20250512", "REMARK": null, "HIST_TYPE": "LINK0003", "HISTREMARK": null, "link_stats_import_fid": 512, "link_stats_import_vehicle_count": 10.0, "link_stats_import_avg_speed": 10.2, "link_stats_import_sum_weight_kg": 41075.0}, "geometry": {"type": "MultiLineString", "coordinates": [[[128.76998928432636, 35.086993997308], [128.76998380558672, 35.08786185260876], [128.769977341079, 35.08888572218042], [128.7699761758491, 35.08907028945741]]]}}, {"type": "Feature", "properties": {"LINK_ID": "1411061100", "F_NODE": "1410000210", "T_NODE": "1410423300", "LANES": 3, "ROAD_RANK": "103", "ROAD_TYPE": "000", "ROAD_NO": "2", "ROAD_NAME": "진해대로", "ROAD_USE": "0", "MULTI_LINK": "0", "CONNECT": "0", "MAX_SPD": 70, "REST_VEH": "0", "REST_W": 0, "REST_H": 0, "C-ITS": "0", "LENGTH": 111.695761464434, "UPDATEDATE": "20250512", "REMARK": null, "HIST_TYPE": "LINK0003", "HISTREMARK": null, "link_stats_import_fid": null, "link_stats_import_vehicle_count": null, "link_stats_import_avg_speed": null, "link_stats_import_sum_weight_kg": null}, "geometry": {"type": "MultiLineString", "coordinates": [[[128.83750141585978, 35.10179859697501], [128.8373469872818, 35.10173599150343], [128.83706398749962, 35.101633990812], [128.83680798793768, 35.10156699150965], [128.83634555837577, 35.10147864186022]]]}}, {"type": "Feature", "properties": {"LINK_ID": "4180086300", "F_NODE": "4180119201", "T_NODE": "4180120302", "LANES": 2, "ROAD_RANK": "107", "ROAD_TYPE": "000", "ROAD_NO": "-", "ROAD_NAME": "용원동로", "ROAD_USE": "0", "MULTI_LINK": "0", "CONNECT": "0", "MAX_SPD": 50, "REST_VEH": "0", "REST_W": 0, "REST_H": 0, "C-ITS": "0", "LENGTH": 165.94439488409, "UPDATEDATE": "20250512", "REMARK": null, "HIST_TYPE": "LINK0003", "HISTREMARK": null, "link_stats_import_fid": 895, "link_stats_import_vehicle_count": 3.0, "link_stats_import_avg_speed": 9.5, "link_stats_import_sum_weight_kg": 23360.0}, "geometry": {"type": "MultiLineString", "coordinates": [[[128.81850305681917, 35.09210095824024], [128.8185681788614, 35.092269241835076], [128.81857657088662, 35.09228882459181], [128.8186785096198, 35.0925267064147], [128.81868972640166, 35.09255408763994], [128.8188097779177, 35.09284714345316], [128.8190359826341, 35.09339932171478], [128.81908449633116, 35.093517745103696]]]}}, {"type": "Feature", "properties": {"LINK_ID": "1410040701", "F_NODE": "1410015403", "T_NODE": "1410015402", "LANES": 3, "ROAD_RANK": "104", "ROAD_TYPE": "000", "ROAD_NO": "-", "ROAD_NAME": "녹산산업대로", "ROAD_USE": "0", "MULTI_LINK": "0", "CONNECT": "0", "MAX_SPD": 70, "REST_VEH": "0", "REST_W": 0, "REST_H": 0, "C-ITS": "0", "LENGTH": 10.946687560954, "UPDATEDATE": "20250512", "REMARK": null, "HIST_TYPE": "LINK0001", "HISTREMARK": null, "link_stats_import_fid": 468, "link_stats_import_vehicle_count": 11.0, "link_stats_import_avg_speed": 11.99, "link_stats_import_sum_weight_kg": 24400.0}, "geometry": {"type": "MultiLineString", "coordinates": [[[128.8459780950791, 35.08890295600258], [128.84609809664855, 35.08890304873675]]]}}, {"type": "Feature", "properties": {"LINK_ID": "4180061701", "F_NODE": "4180102702", "T_NODE": "4180102701", "LANES": 3, "ROAD_RANK": "107", "ROAD_TYPE": "000", "ROAD_NO": "-", "ROAD_NAME": "신항로", "ROAD_USE": "0", "MULTI_LINK": "0", "CONNECT": "0", "MAX_SPD": 60, "REST_VEH": "0", "REST_W": 0, "REST_H": 0, "C-ITS": "0", "LENGTH": 12.000034223668, "UPDATEDATE": "20250512", "REMARK": null, "HIST_TYPE": "LINK0001", "HISTREMARK": null, "link_stats_import_fid": 267, "link_stats_import_vehicle_count": 33.0, "link_stats_import_avg_speed": 13.7, "link_stats_import_sum_weight_kg": 433617.0}, "geometry": {"type": "MultiLineString", "coordinates": [[[128.8011407758381, 35.08310312040779], [128.80114052930003, 35.08321124911268]]]}}, {"type": "Feature", "properties": {"LINK_ID": "4180142400", "F_NODE": "4180086804", "T_NODE": "4180086601", "LANES": 2, "ROAD_RANK": "107", "ROAD_TYPE": "000", "ROAD_NO": "-", "ROAD_NAME": "남영로", "ROAD_USE": "0", "MULTI_LINK": "0", "CONNECT": "0", "MAX_SPD": 50, "REST_VEH": "0", "REST_W": 0, "REST_H": 0, "C-ITS": "0", "LENGTH": 259.97365738981, "UPDATEDATE": "20250512", "REMARK": null, "HIST_TYPE": "LINK0003", "HISTREMARK": null, "link_stats_import_fid": null, "link_stats_import_vehicle_count": null, "link_stats_import_avg_speed": null, "link_stats_import_sum_weight_kg": null}, "geometry": {"type": "MultiLineString", "coordinates": [[[128.75854776012847, 35.104093436947615], [128.75598847548545, 35.10512504053498]]]}}, {"type": "Feature", "properties": {"LINK_ID": "1410119800", "F_NODE": "1410029104", "T_NODE": "1410040901", "LANES": 2, "ROAD_RANK": "104", "ROAD_TYPE": "003", "ROAD_NO": "-", "ROAD_NAME": "녹산산업북로", "ROAD_USE": "0", "MULTI_LINK": "0", "CONNECT": "0", "MAX_SPD": 50, "REST_VEH": "0", "REST_W": 0, "REST_H": 0, "C-ITS": "0", "LENGTH": 80.394899543289, "UPDATEDATE": "20250512", "REMARK": null, "HIST_TYPE": "LINK0003", "HISTREMARK": null, "link_stats_import_fid": 289, "link_stats_import_vehicle_count": 28.0, "link_stats_import_avg_speed": 6.9, "link_stats_import_sum_weight_kg": 31922.0}, "geometry": {"type": "MultiLineString", "coordinates": [[[128.83548263346654, 35.09803018531469], [128.8346013420216, 35.09801779540208]]]}}, {"type": "Feature", "properties": {"LINK_ID": "4180076200", "F_NODE": "4180112804", "T_NODE": "4180110201", "LANES": 3, "ROAD_RANK": "107", "ROAD_TYPE": "000", "ROAD_NO": "-", "ROAD_NAME": "신항동로", "ROAD_USE": "0", "MULTI_LINK": "0", "CONNECT": "0", "MAX_SPD": 30, "REST_VEH": "0", "REST_W": 0, "REST_H": 0, "C-ITS": "0", "LENGTH": 122.298582933595, "UPDATEDATE": "20250512", "REMARK": null, "HIST_TYPE": "LINK0003", "HISTREMARK": null, "link_stats_import_fid": 516, "link_stats_import_vehicle_count": 10.0, "link_stats_import_avg_speed": 8.04, "link_stats_import_sum_weight_kg": 19060.0}, "geometry": {"type": "MultiLineString", "coordinates": [[[128.81418803096022, 35.08894713792759], [128.8128473350663, 35.088949591114975]]]}}, {"type": "Feature", "properties": {"LINK_ID": "1410077300", "F_NODE": "1410026204", "T_NODE": "1410026101", "LANES": 2, "ROAD_RANK": "104", "ROAD_TYPE": "000", "ROAD_NO": "-", "ROAD_NAME": "녹산산단261로73번길", "ROAD_USE": "0", "MULTI_LINK": "0", "CONNECT": "0", "MAX_SPD": 70, "REST_VEH": "0", "REST_W": 0, "REST_H": 0, "C-ITS": "0", "LENGTH": 163.779916510859, "UPDATEDATE": "20250512", "REMARK": null, "HIST_TYPE": "LINK0003", "HISTREMARK": null, "link_stats_import_fid": 1137, "link_stats_import_vehicle_count": 1.0, "link_stats_import_avg_speed": 6.55, "link_stats_import_sum_weight_kg": 0.0}, "geometry": {"type": "MultiLineString", "coordinates": [[[128.84265488165926, 35.09569386651692], [128.840859319844, 35.09569011813408]]]}}, {"type": "Feature", "properties": {"LINK_ID": "4180090500", "F_NODE": "4180120301", "T_NODE": "4180120602", "LANES": 2, "ROAD_RANK": "107", "ROAD_TYPE": "000", "ROAD_NO": "-", "ROAD_NAME": "용원동로", "ROAD_USE": "0", "MULTI_LINK": "0", "CONNECT": "0", "MAX_SPD": 50, "REST_VEH": "0", "REST_W": 0, "REST_H": 0, "C-ITS": "0", "LENGTH": 7.333601384926, "UPDATEDATE": "20250512", "REMARK": null, "HIST_TYPE": "LINK0003", "HISTREMARK": null, "link_stats_import_fid": 1289, "link_stats_import_vehicle_count": 1.0, "link_stats_import_avg_speed": 9.23, "link_stats_import_sum_weight_kg": 0.0}, "geometry": {"type": "MultiLineString", "coordinates": [[[128.819126477443, 35.0936213291355], [128.81915170269417, 35.09368407288323]]]}}, {"type": "Feature", "properties": {"LINK_ID": "1410098101", "F_NODE": "1410033004", "T_NODE": "1410033003", "LANES": 3, "ROAD_RANK": "105", "ROAD_TYPE": "000", "ROAD_NO": "58", "ROAD_NAME": "가락대로", "ROAD_USE": "0", "MULTI_LINK": "0", "CONNECT": "0", "MAX_SPD": 60, "REST_VEH": "0", "REST_W": 0, "REST_H": 0, "C-ITS": "0", "LENGTH": 27.909752121402, "UPDATEDATE": "20250512", "REMARK": null, "HIST_TYPE": "LINK0001", "HISTREMARK": null, "link_stats_import_fid": 759, "link_stats_import_vehicle_count": 4.0, "link_stats_import_avg_speed": 10.94, "link_stats_import_sum_weight_kg": 13978.0}, "geometry": {"type": "MultiLineString", "coordinates": [[[128.83935518369898, 35.102298069952404], [128.83935603051495, 35.10204658841219]]]}}, {"type": "Feature", "properties": {"LINK_ID": "1410702402", "F_NODE": "1410867400", "T_NODE": "1410277603", "LANES": 3, "ROAD_RANK": "104", "ROAD_TYPE": "000", "ROAD_NO": "-", "ROAD_NAME": "신항로", "ROAD_USE": "0", "MULTI_LINK": "0", "CONNECT": "0", "MAX_SPD": 60, "REST_VEH": "0", "REST_W": 0, "REST_H": 0, "C-ITS": "0", "LENGTH": 276.076633212852, "UPDATEDATE": "20250512", "REMARK": null, "HIST_TYPE": "LINK1007", "HISTREMARK": "1410702400", "link_stats_import_fid": 11, "link_stats_import_vehicle_count": 499.0, "link_stats_import_avg_speed": 10.57, "link_stats_import_sum_weight_kg": 4844851.0}, "geometry": {"type": "MultiLineString", "coordinates": [[[128.82136684581573, 35.083133790157746], [128.82439311023774, 35.08313699632329]]]}}, {"type": "Feature", "properties": {"LINK_ID": "4180078902", "F_NODE": "4180118903", "T_NODE": "4180118902", "LANES": 2, "ROAD_RANK": "107", "ROAD_TYPE": "000", "ROAD_NO": "-", "ROAD_NAME": "신항2로", "ROAD_USE": "0", "MULTI_LINK": "0", "CONNECT": "0", "MAX_SPD": 60, "REST_VEH": "0", "REST_W": 0, "REST_H": 0, "C-ITS": "0", "LENGTH": 12.000040340278, "UPDATEDATE": "20250512", "REMARK": null, "HIST_TYPE": "LINK0001", "HISTREMARK": null, "link_stats_import_fid": 786, "link_stats_import_vehicle_count": 4.0, "link_stats_import_avg_speed": 9.39, "link_stats_import_sum_weight_kg": 0.0}, "geometry": {"type": "MultiLineString", "coordinates": [[[128.81821230690986, 35.090001713001165], [128.8183438376703, 35.09000365601605]]]}}, {"type": "Feature", "properties": {"LINK_ID": "1410063505", "F_NODE": "1410945800", "T_NODE": "1410278004", "LANES": 3, "ROAD_RANK": "104", "ROAD_TYPE": "000", "ROAD_NO": "-", "ROAD_NAME": "녹산산업대로", "ROAD_USE": "0", "MULTI_LINK": "0", "CONNECT": "0", "MAX_SPD": 70, "REST_VEH": "0", "REST_W": 0, "REST_H": 0, "C-ITS": "0", "LENGTH": 359.497705782739, "UPDATEDATE": "20250512", "REMARK": null, "HIST_TYPE": "LINK1007", "HISTREMARK": "1410063502", "link_stats_import_fid": 365, "link_stats_import_vehicle_count": 18.0, "link_stats_import_avg_speed": 15.44, "link_stats_import_sum_weight_kg": 9000.0}, "geometry": {"type": "MultiLineString", "coordinates": [[[128.83010788301686, 35.09150182954285], [128.83098101039695, 35.090797926402], [128.83107369557428, 35.09072221963237], [128.83278046127393, 35.089299147598254], [128.83282950780955, 35.08926425638177], [128.83288221385882, 35.08922910523749], [128.8329006090874, 35.08921717566618]]]}}, {"type": "Feature", "properties": {"LINK_ID": "1410087201", "F_NODE": "1410029203", "T_NODE": "1410029202", "LANES": 3, "ROAD_RANK": "104", "ROAD_TYPE": "000", "ROAD_NO": "-", "ROAD_NAME": "녹산산업북로", "ROAD_USE": "0", "MULTI_LINK": "0", "CONNECT": "0", "MAX_SPD": 50, "REST_VEH": "0", "REST_W": 0, "REST_H": 0, "C-ITS": "0", "LENGTH": 10.945329328661, "UPDATEDATE": "20250512", "REMARK": null, "HIST_TYPE": "LINK0001", "HISTREMARK": null, "link_stats_import_fid": 830, "link_stats_import_vehicle_count": 3.0, "link_stats_import_avg_speed": 9.91, "link_stats_import_sum_weight_kg": 1000.0}, "geometry": {"type": "MultiLineString", "coordinates": [[[128.83799917412549, 35.09791489737171], [128.83811917422514, 35.097915079996234]]]}}, {"type": "Feature", "properties": {"LINK_ID": "4180105500", "F_NODE": "4180122002", "T_NODE": "4180122303", "LANES": 2, "ROAD_RANK": "107", "ROAD_TYPE": "000", "ROAD_NO": "-", "ROAD_NAME": "용원로", "ROAD_USE": "0", "MULTI_LINK": "0", "CONNECT": "0", "MAX_SPD": 60, "REST_VEH": "0", "REST_W": 0, "REST_H": 0, "C-ITS": "0", "LENGTH": 54.506726306354, "UPDATEDATE": "20250512", "REMARK": null, "HIST_TYPE": "LINK0003", "HISTREMARK": null, "link_stats_import_fid": 799, "link_stats_import_vehicle_count": 4.0, "link_stats_import_avg_speed": 6.54, "link_stats_import_sum_weight_kg": 10095.0}, "geometry": {"type": "MultiLineString", "coordinates": [[[128.8202562383747, 35.098341910095954], [128.8208393389066, 35.098234387931726]]]}}, {"type": "Feature", "properties": {"LINK_ID": "1410737801", "F_NODE": "1410287401", "T_NODE": "1410287404", "LANES": 2, "ROAD_RANK": "104", "ROAD_TYPE": "000", "ROAD_NO": "-", "ROAD_NAME": "녹산산업중로", "ROAD_USE": "0", "MULTI_LINK": "0", "CONNECT": "0", "MAX_SPD": 50, "REST_VEH": "0", "REST_W": 0, "REST_H": 0, "C-ITS": "0", "LENGTH": 11.999963729627, "UPDATEDATE": "20250512", "REMARK": null, "HIST_TYPE": "LINK0001", "HISTREMARK": null, "link_stats_import_fid": null, "link_stats_import_vehicle_count": null, "link_stats_import_avg_speed": null, "link_stats_import_sum_weight_kg": null}, "geometry": {"type": "MultiLineString", "coordinates": [[[128.82325385754487, 35.10060236824642], [128.8231262029198, 35.10062854376313]]]}}, {"type": "Feature", "properties": {"LINK_ID": "4180074902", "F_NODE": "4180224500", "T_NODE": "4180093102", "LANES": 2, "ROAD_RANK": "107", "ROAD_TYPE": "000", "ROAD_NO": "-", "ROAD_NAME": "신항9로", "ROAD_USE": "0", "MULTI_LINK": "0", "CONNECT": "0", "MAX_SPD": 60, "REST_VEH": "0", "REST_W": 0, "REST_H": 0, "C-ITS": "0", "LENGTH": 297.233103142747, "UPDATEDATE": "20250512", "REMARK": null, "HIST_TYPE": "LINK1007", "HISTREMARK": "4180074900", "link_stats_import_fid": 245, "link_stats_import_vehicle_count": 41.0, "link_stats_import_avg_speed": 7.31, "link_stats_import_sum_weight_kg": 196297.0}, "geometry": {"type": "MultiLineString", "coordinates": [[[128.77750553482844, 35.08908993632203], [128.77762368909842, 35.08910441443532], [128.7779759638852, 35.08924254957351], [128.77829189915388, 35.0895623623275], [128.77878162111412, 35.090236441244826], [128.7788516080973, 35.09049944059416], [128.77883822223006, 35.090939598918624], [128.7788338115941, 35.09129228354745]]]}}, {"type": "Feature", "properties": {"LINK_ID": "4180127400", "F_NODE": "4180120904", "T_NODE": "4180118501", "LANES": 2, "ROAD_RANK": "107", "ROAD_TYPE": "000", "ROAD_NO": "-", "ROAD_NAME": "용재로", "ROAD_USE": "0", "MULTI_LINK": "0", "CONNECT": "0", "MAX_SPD": 60, "REST_VEH": "0", "REST_W": 0, "REST_H": 0, "C-ITS": "0", "LENGTH": 116.253997262587, "UPDATEDATE": "20250512", "REMARK": null, "HIST_TYPE": "LINK0003", "HISTREMARK": null, "link_stats_import_fid": null, "link_stats_import_vehicle_count": null, "link_stats_import_avg_speed": null, "link_stats_import_sum_weight_kg": null}, "geometry": {"type": "MultiLineString", "coordinates": [[[128.81943535688217, 35.100591503314], [128.81820067980397, 35.10085167420031]]]}}, {"type": "Feature", "properties": {"LINK_ID": "4180147901", "F_NODE": "4180108104", "T_NODE": "4180108103", "LANES": 3, "ROAD_RANK": "103", "ROAD_TYPE": "000", "ROAD_NO": "2", "ROAD_NAME": "진해대로", "ROAD_USE": "0", "MULTI_LINK": "0", "CONNECT": "0", "MAX_SPD": 70, "REST_VEH": "0", "REST_W": 0, "REST_H": 450, "C-ITS": "0", "LENGTH": 11.795567371517, "UPDATEDATE": "20250512", "REMARK": null, "HIST_TYPE": "LINK0001", "HISTREMARK": null, "link_stats_import_fid": null, "link_stats_import_vehicle_count": null, "link_stats_import_avg_speed": null, "link_stats_import_sum_weight_kg": null}, "geometry": {"type": "MultiLineString", "coordinates": [[[128.81042912187527, 35.103947690649], [128.81053557122533, 35.10388732599166]]]}}, {"type": "Feature", "properties": {"LINK_ID": "1411101809", "F_NODE": "1410938600", "T_NODE": "1410484400", "LANES": 3, "ROAD_RANK": "104", "ROAD_TYPE": "000", "ROAD_NO": "-", "ROAD_NAME": "신항남로", "ROAD_USE": "1", "MULTI_LINK": "0", "CONNECT": "0", "MAX_SPD": 60, "REST_VEH": "0", "REST_W": 0, "REST_H": 0, "C-ITS": "0", "LENGTH": 484.806112905072, "UPDATEDATE": "20250512", "REMARK": null, "HIST_TYPE": "LINK1007", "HISTREMARK": "1411101801", "link_stats_import_fid": 70, "link_stats_import_vehicle_count": 233.0, "link_stats_import_avg_speed": 15.14, "link_stats_import_sum_weight_kg": 15556214.0}, "geometry": {"type": "MultiLineString", "coordinates": [[[128.8105934294769, 35.06180624406662], [128.80994170160628, 35.06169426631586], [128.80961942068427, 35.06163889164309], [128.80750272783652, 35.0612785264717], [128.80691521917132, 35.061226251587684], [128.80626393006634, 35.061208688512174], [128.80584009828303, 35.06119725730935], [128.80536280515946, 35.061179854577766], [128.80535097384958, 35.06117899613183]]]}}, {"type": "Feature", "properties": {"LINK_ID": "1410029700", "F_NODE": "1410012002", "T_NODE": "1410011903", "LANES": 2, "ROAD_RANK": "104", "ROAD_TYPE": "000", "ROAD_NO": "-", "ROAD_NAME": "녹산산단232로", "ROAD_USE": "0", "MULTI_LINK": "0", "CONNECT": "0", "MAX_SPD": 60, "REST_VEH": "0", "REST_W": 0, "REST_H": 0, "C-ITS": "0", "LENGTH": 108.447680012238, "UPDATEDATE": "20250512", "REMARK": null, "HIST_TYPE": "LINK0003", "HISTREMARK": null, "link_stats_import_fid": 933, "link_stats_import_vehicle_count": 2.0, "link_stats_import_avg_speed": 11.88, "link_stats_import_sum_weight_kg": 1000.0}, "geometry": {"type": "MultiLineString", "coordinates": [[[128.83952419794983, 35.08562489962721], [128.8402712345209, 35.08562375974544], [128.8407129943688, 35.085623083510015]]]}}, {"type": "Feature", "properties": {"LINK_ID": "4180148001", "F_NODE": "4180107503", "T_NODE": "4180107502", "LANES": 2, "ROAD_RANK": "107", "ROAD_TYPE": "000", "ROAD_NO": "-", "ROAD_NAME": "안청북로", "ROAD_USE": "0", "MULTI_LINK": "0", "CONNECT": "0", "MAX_SPD": 30, "REST_VEH": "0", "REST_W": 0, "REST_H": 0, "C-ITS": "0", "LENGTH": 11.683051429005, "UPDATEDATE": "20250512", "REMARK": null, "HIST_TYPE": "LINK0001", "HISTREMARK": null, "link_stats_import_fid": null, "link_stats_import_vehicle_count": null, "link_stats_import_avg_speed": null, "link_stats_import_sum_weight_kg": null}, "geometry": {"type": "MultiLineString", "coordinates": [[[128.80897773862503, 35.10521624014554], [128.80908599773286, 35.10527251846748]]]}}, {"type": "Feature", "properties": {"LINK_ID": "4180092700", "F_NODE": "4180102803", "T_NODE": "4180104403", "LANES": 2, "ROAD_RANK": "107", "ROAD_TYPE": "000", "ROAD_NO": "-", "ROAD_NAME": "안골로", "ROAD_USE": "0", "MULTI_LINK": "0", "CONNECT": "0", "MAX_SPD": 30, "REST_VEH": "0", "REST_W": 0, "REST_H": 0, "C-ITS": "0", "LENGTH": 262.546192954443, "UPDATEDATE": "20250512", "REMARK": null, "HIST_TYPE": "LINK0003", "HISTREMARK": null, "link_stats_import_fid": 426, "link_stats_import_vehicle_count": 14.0, "link_stats_import_avg_speed": 9.24, "link_stats_import_sum_weight_kg": 119981.0}, "geometry": {"type": "MultiLineString", "coordinates": [[[128.80229060891023, 35.09593391625476], [128.8045443932575, 35.097405487786205]]]}}, {"type": "Feature", "properties": {"LINK_ID": "1410738200", "F_NODE": "1410287901", "T_NODE": "1410028602", "LANES": 2, "ROAD_RANK": "104", "ROAD_TYPE": "000", "ROAD_NO": "-", "ROAD_NAME": "녹산산단27로", "ROAD_USE": "0", "MULTI_LINK": "0", "CONNECT": "0", "MAX_SPD": 50, "REST_VEH": "0", "REST_W": 0, "REST_H": 0, "C-ITS": "0", "LENGTH": 105.026059441167, "UPDATEDATE": "20250512", "REMARK": null, "HIST_TYPE": "LINK0003", "HISTREMARK": null, "link_stats_import_fid": null, "link_stats_import_vehicle_count": null, "link_stats_import_avg_speed": null, "link_stats_import_sum_weight_kg": null}, "geometry": {"type": "MultiLineString", "coordinates": [[[128.8241963337765, 35.09641898026581], [128.82500305533975, 35.09709424174439]]]}}, {"type": "Feature", "properties": {"LINK_ID": "1410702100", "F_NODE": "1410277504", "T_NODE": "4180315400", "LANES": 2, "ROAD_RANK": "104", "ROAD_TYPE": "000", "ROAD_NO": "-", "ROAD_NAME": "신항4로", "ROAD_USE": "0", "MULTI_LINK": "0", "CONNECT": "0", "MAX_SPD": 30, "REST_VEH": "0", "REST_W": 0, "REST_H": 0, "C-ITS": "0", "LENGTH": 276.118186798924, "UPDATEDATE": "20250512", "REMARK": null, "HIST_TYPE": "LINK0003", "HISTREMARK": null, "link_stats_import_fid": 217, "link_stats_import_vehicle_count": 53.0, "link_stats_import_avg_speed": 9.93, "link_stats_import_sum_weight_kg": 325541.0}, "geometry": {"type": "MultiLineString", "coordinates": [[[128.82439968316, 35.08461863024158], [128.8233848156719, 35.08461515554603], [128.821372932483, 35.08460824214628]]]}}, {"type": "Feature", "properties": {"LINK_ID": "4180130901", "F_NODE": "4180116601", "T_NODE": "4180116604", "LANES": 2, "ROAD_RANK": "107", "ROAD_TYPE": "000", "ROAD_NO": "-", "ROAD_NAME": "용재로", "ROAD_USE": "0", "MULTI_LINK": "0", "CONNECT": "0", "MAX_SPD": 60, "REST_VEH": "0", "REST_W": 0, "REST_H": 0, "C-ITS": "0", "LENGTH": 11.168996591877, "UPDATEDATE": "20250512", "REMARK": null, "HIST_TYPE": "LINK0001", "HISTREMARK": null, "link_stats_import_fid": null, "link_stats_import_vehicle_count": null, "link_stats_import_avg_speed": null, "link_stats_import_sum_weight_kg": null}, "geometry": {"type": "MultiLineString", "coordinates": [[[128.81678880754362, 35.101124440307125], [128.81666943815995, 35.10114690175424]]]}}, {"type": "Feature", "properties": {"LINK_ID": "1410705900", "F_NODE": "1410278008", "T_NODE": "1410277904", "LANES": 4, "ROAD_RANK": "104", "ROAD_TYPE": "003", "ROAD_NO": "-", "ROAD_NAME": "신항북로", "ROAD_USE": "0", "MULTI_LINK": "0", "CONNECT": "0", "MAX_SPD": 50, "REST_VEH": "0", "REST_W": 0, "REST_H": 0, "C-ITS": "0", "LENGTH": 275.508747817953, "UPDATEDATE": "20250512", "REMARK": null, "HIST_TYPE": "LINK0003", "HISTREMARK": null, "link_stats_import_fid": 448, "link_stats_import_vehicle_count": 12.0, "link_stats_import_avg_speed": 12.95, "link_stats_import_sum_weight_kg": 3000.0}, "geometry": {"type": "MultiLineString", "coordinates": [[[128.8332374716728, 35.08903991790719], [128.8327399040087, 35.08856348635984], [128.83267617968303, 35.08851085468117], [128.83126337923852, 35.087318338771325], [128.8311650674608, 35.08723535641844]]]}}, {"type": "Feature", "properties": {"LINK_ID": "1410063404", "F_NODE": "1410022306", "T_NODE": "1410022309", "LANES": 3, "ROAD_RANK": "104", "ROAD_TYPE": "000", "ROAD_NO": "-", "ROAD_NAME": "녹산산업대로", "ROAD_USE": "0", "MULTI_LINK": "0", "CONNECT": "0", "MAX_SPD": 70, "REST_VEH": "0", "REST_W": 0, "REST_H": 0, "C-ITS": "0", "LENGTH": 12.002978435046, "UPDATEDATE": "20250512", "REMARK": null, "HIST_TYPE": "LINK0001", "HISTREMARK": null, "link_stats_import_fid": 946, "link_stats_import_vehicle_count": 2.0, "link_stats_import_avg_speed": 7.15, "link_stats_import_sum_weight_kg": 0.0}, "geometry": {"type": "MultiLineString", "coordinates": [[[128.82738789499817, 35.09384863631183], [128.82729391248697, 35.09392433715939]]]}}, {"type": "Feature", "properties": {"LINK_ID": "1410040901", "F_NODE": "1410018902", "T_NODE": "1410018901", "LANES": 2, "ROAD_RANK": "104", "ROAD_TYPE": "000", "ROAD_NO": "-", "ROAD_NAME": "녹산산단231로", "ROAD_USE": "0", "MULTI_LINK": "0", "CONNECT": "0", "MAX_SPD": 50, "REST_VEH": "0", "REST_W": 0, "REST_H": 0, "C-ITS": "0", "LENGTH": 13.317931522622, "UPDATEDATE": "20250512", "REMARK": null, "HIST_TYPE": "LINK0001", "HISTREMARK": null, "link_stats_import_fid": null, "link_stats_import_vehicle_count": null, "link_stats_import_avg_speed": null, "link_stats_import_sum_weight_kg": null}, "geometry": {"type": "MultiLineString", "coordinates": [[[128.8427880941233, 35.090034101133945], [128.84278785335087, 35.090154103066986]]]}}, {"type": "Feature", "properties": {"LINK_ID": "1410063502", "F_NODE": "1410022307", "T_NODE": "1410945800", "LANES": 3, "ROAD_RANK": "104", "ROAD_TYPE": "000", "ROAD_NO": "-", "ROAD_NAME": "녹산산업대로", "ROAD_USE": "0", "MULTI_LINK": "0", "CONNECT": "0", "MAX_SPD": 70, "REST_VEH": "0", "REST_W": 0, "REST_H": 0, "C-ITS": "0", "LENGTH": 359.497705782733, "UPDATEDATE": "20250512", "REMARK": null, "HIST_TYPE": "LINK0006", "HISTREMARK": null, "link_stats_import_fid": 364, "link_stats_import_vehicle_count": 18.0, "link_stats_import_avg_speed": 11.7, "link_stats_import_sum_weight_kg": 9000.0}, "geometry": {"type": "MultiLineString", "coordinates": [[[128.82729375639957, 35.093769685649136], [128.8278566648303, 35.09331585709189], [128.82795209243866, 35.09323928584562], [128.829330086249, 35.092128846047466], [128.82942595045742, 35.09205158154595], [128.83010788301686, 35.09150182954285]]]}}, {"type": "Feature", "properties": {"LINK_ID": "4180089900", "F_NODE": "4180095201", "T_NODE": "4180093001", "LANES": 3, "ROAD_RANK": "107", "ROAD_TYPE": "000", "ROAD_NO": "-", "ROAD_NAME": "신항북로", "ROAD_USE": "0", "MULTI_LINK": "0", "CONNECT": "0", "MAX_SPD": 80, "REST_VEH": "0", "REST_W": 0, "REST_H": 0, "C-ITS": "0", "LENGTH": 341.373445078017, "UPDATEDATE": "20250512", "REMARK": null, "HIST_TYPE": "LINK0003", "HISTREMARK": null, "link_stats_import_fid": 111, "link_stats_import_vehicle_count": 139.0, "link_stats_import_avg_speed": 13.36, "link_stats_import_sum_weight_kg": 529833.0}, "geometry": {"type": "MultiLineString", "coordinates": [[[128.78254657268593, 35.09402440851296], [128.78235573921125, 35.09406378178819], [128.78215834585686, 35.094100000449544], [128.78197864309698, 35.094128093771246], [128.78181275291405, 35.094150341246554], [128.7816456684721, 35.094169158881044], [128.7815000287458, 35.09418325594633], [128.78133151739112, 35.09419420123116], [128.78119492969455, 35.094197935149445], [128.77882346503637, 35.0942176580295]]]}}, {"type": "Feature", "properties": {"LINK_ID": "4180062601", "F_NODE": "4180109904", "T_NODE": "4180109903", "LANES": 3, "ROAD_RANK": "107", "ROAD_TYPE": "000", "ROAD_NO": "-", "ROAD_NAME": "-", "ROAD_USE": "0", "MULTI_LINK": "0", "CONNECT": "0", "MAX_SPD": 60, "REST_VEH": "0", "REST_W": 0, "REST_H": 0, "C-ITS": "0", "LENGTH": 11.999931510369, "UPDATEDATE": "20250512", "REMARK": "도로명없음", "HIST_TYPE": "LINK0001", "HISTREMARK": null, "link_stats_import_fid": 292, "link_stats_import_vehicle_count": 28.0, "link_stats_import_avg_speed": 13.82, "link_stats_import_sum_weight_kg": 296839.0}, "geometry": {"type": "MultiLineString", "coordinates": [[[128.8122300569758, 35.083227500321534], [128.81223027844328, 35.083119372949675]]]}}, {"type": "Feature", "properties": {"LINK_ID": "4180083700", "F_NODE": "4180123201", "T_NODE": "4180123802", "LANES": 3, "ROAD_RANK": "107", "ROAD_TYPE": "000", "ROAD_NO": "-", "ROAD_NAME": "신항동로", "ROAD_USE": "0", "MULTI_LINK": "0", "CONNECT": "0", "MAX_SPD": 50, "REST_VEH": "0", "REST_W": 0, "REST_H": 0, "C-ITS": "0", "LENGTH": 212.912023517802, "UPDATEDATE": "20250512", "REMARK": null, "HIST_TYPE": "LINK0003", "HISTREMARK": null, "link_stats_import_fid": 117, "link_stats_import_vehicle_count": 128.0, "link_stats_import_avg_speed": 10.5, "link_stats_import_sum_weight_kg": 323324.0}, "geometry": {"type": "MultiLineString", "coordinates": [[[128.82301198525667, 35.090946953905544], [128.82431189602642, 35.09205186869795], [128.8246408277066, 35.092320986634036]]]}}, {"type": "Feature", "properties": {"LINK_ID": "1410705002", "F_NODE": "1410753500", "T_NODE": "1410277701", "LANES": 2, "ROAD_RANK": "104", "ROAD_TYPE": "000", "ROAD_NO": "-", "ROAD_NAME": "-", "ROAD_USE": "0", "MULTI_LINK": "0", "CONNECT": "0", "MAX_SPD": 30, "REST_VEH": "0", "REST_W": 0, "REST_H": 0, "C-ITS": "0", "LENGTH": 30.575883260527, "UPDATEDATE": "20250512", "REMARK": "도로명없음", "HIST_TYPE": "LINK1007", "HISTREMARK": "1410705000", "link_stats_import_fid": null, "link_stats_import_vehicle_count": null, "link_stats_import_avg_speed": null, "link_stats_import_sum_weight_kg": null}, "geometry": {"type": "MultiLineString", "coordinates": [[[128.82939708267412, 35.0879731853959], [128.82973225463363, 35.0879710143925]]]}}, {"type": "Feature", "properties": {"LINK_ID": "1410081001", "F_NODE": "1410028701", "T_NODE": "1410028704", "LANES": 2, "ROAD_RANK": "104", "ROAD_TYPE": "000", "ROAD_NO": "-", "ROAD_NAME": "녹산산업중로", "ROAD_USE": "0", "MULTI_LINK": "0", "CONNECT": "0", "MAX_SPD": 50, "REST_VEH": "0", "REST_W": 0, "REST_H": 0, "C-ITS": "0", "LENGTH": 12.160312791733, "UPDATEDATE": "20250512", "REMARK": null, "HIST_TYPE": "LINK0001", "HISTREMARK": null, "link_stats_import_fid": null, "link_stats_import_vehicle_count": null, "link_stats_import_avg_speed": null, "link_stats_import_sum_weight_kg": null}, "geometry": {"type": "MultiLineString", "coordinates": [[[128.8284892920454, 35.097490303322225], [128.82839359040673, 35.09756658920237]]]}}, {"type": "Feature", "properties": {"LINK_ID": "1410091000", "F_NODE": "1410030304", "T_NODE": "1410030601", "LANES": 2, "ROAD_RANK": "104", "ROAD_TYPE": "000", "ROAD_NO": "-", "ROAD_NAME": "녹산산업중로", "ROAD_USE": "0", "MULTI_LINK": "0", "CONNECT": "0", "MAX_SPD": 50, "REST_VEH": "0", "REST_W": 0, "REST_H": 0, "C-ITS": "0", "LENGTH": 86.982309691294, "UPDATEDATE": "20250512", "REMARK": null, "HIST_TYPE": "LINK0003", "HISTREMARK": null, "link_stats_import_fid": null, "link_stats_import_vehicle_count": null, "link_stats_import_avg_speed": null, "link_stats_import_sum_weight_kg": null}, "geometry": {"type": "MultiLineString", "coordinates": [[[128.82763028012937, 35.098174868402815], [128.82694596393995, 35.09872074423701]]]}}, {"type": "Feature", "properties": {"LINK_ID": "1410029300", "F_NODE": "1410011902", "T_NODE": "1410011803", "LANES": 2, "ROAD_RANK": "104", "ROAD_TYPE": "000", "ROAD_NO": "-", "ROAD_NAME": "녹산산단232로", "ROAD_USE": "0", "MULTI_LINK": "0", "CONNECT": "0", "MAX_SPD": 60, "REST_VEH": "0", "REST_W": 0, "REST_H": 0, "C-ITS": "0", "LENGTH": 74.942941593349, "UPDATEDATE": "20250512", "REMARK": null, "HIST_TYPE": "LINK0003", "HISTREMARK": null, "link_stats_import_fid": null, "link_stats_import_vehicle_count": null, "link_stats_import_avg_speed": null, "link_stats_import_sum_weight_kg": null}, "geometry": {"type": "MultiLineString", "coordinates": [[[128.84083289325977, 35.085622864584764], [128.84165441122408, 35.0856211204582]]]}}, {"type": "Feature", "properties": {"LINK_ID": "1410737000", "F_NODE": "1410287301", "T_NODE": "4180123301", "LANES": 2, "ROAD_RANK": "104", "ROAD_TYPE": "001", "ROAD_NO": "-", "ROAD_NAME": "-", "ROAD_USE": "0", "MULTI_LINK": "0", "CONNECT": "0", "MAX_SPD": 80, "REST_VEH": "0", "REST_W": 0, "REST_H": 0, "C-ITS": "0", "LENGTH": 388.167608678103, "UPDATEDATE": "20250512", "REMARK": "도로명없음", "HIST_TYPE": "LINK0003", "HISTREMARK": null, "link_stats_import_fid": 151, "link_stats_import_vehicle_count": 89.0, "link_stats_import_avg_speed": 15.7, "link_stats_import_sum_weight_kg": 344758.0}, "geometry": {"type": "MultiLineString", "coordinates": [[[128.82266950592975, 35.09906204416048], [128.82279424145705, 35.09919636663402], [128.8228952753523, 35.09936555218343], [128.82367403725615, 35.1012273059115], [128.82382976101235, 35.101659083926066], [128.82391125014132, 35.10200914121286], [128.82391104901325, 35.102212726297914], [128.82387586820303, 35.10237127788807]]]}}, {"type": "Feature", "properties": {"LINK_ID": "1410076801", "F_NODE": "1410026103", "T_NODE": "1410026102", "LANES": 2, "ROAD_RANK": "104", "ROAD_TYPE": "000", "ROAD_NO": "-", "ROAD_NAME": "녹산산단261로73번길", "ROAD_USE": "0", "MULTI_LINK": "0", "CONNECT": "0", "MAX_SPD": 70, "REST_VEH": "0", "REST_W": 0, "REST_H": 0, "C-ITS": "0", "LENGTH": 10.946458366824, "UPDATEDATE": "20250512", "REMARK": null, "HIST_TYPE": "LINK0001", "HISTREMARK": null, "link_stats_import_fid": null, "link_stats_import_vehicle_count": null, "link_stats_import_avg_speed": null, "link_stats_import_sum_weight_kg": null}, "geometry": {"type": "MultiLineString", "coordinates": [[[128.84073968331109, 35.09556985897646], [128.84085969202368, 35.09557011637804]]]}}, {"type": "Feature", "properties": {"LINK_ID": "4180089402", "F_NODE": "4180090204", "T_NODE": "4180090203", "LANES": 2, "ROAD_RANK": "107", "ROAD_TYPE": "000", "ROAD_NO": "-", "ROAD_NAME": "신항7로", "ROAD_USE": "0", "MULTI_LINK": "0", "CONNECT": "0", "MAX_SPD": 50, "REST_VEH": "0", "REST_W": 0, "REST_H": 0, "C-ITS": "0", "LENGTH": 12.001075902662, "UPDATEDATE": "20250512", "REMARK": null, "HIST_TYPE": "LINK0001", "HISTREMARK": null, "link_stats_import_fid": 1287, "link_stats_import_vehicle_count": 1.0, "link_stats_import_avg_speed": 7.22, "link_stats_import_sum_weight_kg": 0.0}, "geometry": {"type": "MultiLineString", "coordinates": [[[128.76981271627062, 35.094146257695705], [128.76981324747, 35.09403811924257]]]}}, {"type": "Feature", "properties": {"LINK_ID": "1410065600", "F_NODE": "1410022802", "T_NODE": "1410022903", "LANES": 2, "ROAD_RANK": "104", "ROAD_TYPE": "000", "ROAD_NO": "-", "ROAD_NAME": "녹산산업중로", "ROAD_USE": "0", "MULTI_LINK": "0", "CONNECT": "0", "MAX_SPD": 50, "REST_VEH": "0", "REST_W": 0, "REST_H": 0, "C-ITS": "0", "LENGTH": 162.431920685996, "UPDATEDATE": "20250512", "REMARK": null, "HIST_TYPE": "LINK0003", "HISTREMARK": null, "link_stats_import_fid": null, "link_stats_import_vehicle_count": null, "link_stats_import_avg_speed": null, "link_stats_import_sum_weight_kg": null}, "geometry": {"type": "MultiLineString", "coordinates": [[[128.8408793845857, 35.093404054342535], [128.8426601224917, 35.093405928376036]]]}}, {"type": "Feature", "properties": {"LINK_ID": "4180060000", "F_NODE": "4180091501", "T_NODE": "4180091402", "LANES": 3, "ROAD_RANK": "107", "ROAD_TYPE": "000", "ROAD_NO": "-", "ROAD_NAME": "신항6로", "ROAD_USE": "0", "MULTI_LINK": "0", "CONNECT": "0", "MAX_SPD": 60, "REST_VEH": "0", "REST_W": 0, "REST_H": 0, "C-ITS": "0", "LENGTH": 409.924706221575, "UPDATEDATE": "20250512", "REMARK": null, "HIST_TYPE": "LINK0003", "HISTREMARK": null, "link_stats_import_fid": 215, "link_stats_import_vehicle_count": 54.0, "link_stats_import_avg_speed": 8.38, "link_stats_import_sum_weight_kg": 334213.0}, "geometry": {"type": "MultiLineString", "coordinates": [[[128.77441696474386, 35.08321269020167], [128.77440922413857, 35.083334641631865], [128.77441037906604, 35.08428897404913], [128.77439955239154, 35.086906258708176]]]}}, {"type": "Feature", "properties": {"LINK_ID": "4180075800", "F_NODE": "4180106903", "T_NODE": "4180107004", "LANES": 2, "ROAD_RANK": "107", "ROAD_TYPE": "000", "ROAD_NO": "-", "ROAD_NAME": "신항5로", "ROAD_USE": "0", "MULTI_LINK": "0", "CONNECT": "0", "MAX_SPD": 50, "REST_VEH": "0", "REST_W": 0, "REST_H": 250, "C-ITS": "0", "LENGTH": 89.425593879896, "UPDATEDATE": "20250512", "REMARK": null, "HIST_TYPE": "LINK0003", "HISTREMARK": null, "link_stats_import_fid": 872, "link_stats_import_vehicle_count": 3.0, "link_stats_import_avg_speed": 7.43, "link_stats_import_sum_weight_kg": 1000.0}, "geometry": {"type": "MultiLineString", "coordinates": [[[128.80714073035602, 35.08972031388359], [128.80712778777698, 35.089666398193266], [128.80712123789928, 35.08954914478765], [128.80713982174876, 35.088915875063606]]]}}, {"type": "Feature", "properties": {"LINK_ID": "4180151100", "F_NODE": "4180086703", "T_NODE": "4180086604", "LANES": 2, "ROAD_RANK": "107", "ROAD_TYPE": "000", "ROAD_NO": "-", "ROAD_NAME": "웅천동로", "ROAD_USE": "0", "MULTI_LINK": "0", "CONNECT": "0", "MAX_SPD": 30, "REST_VEH": "0", "REST_W": 0, "REST_H": 0, "C-ITS": "0", "LENGTH": 232.940544850109, "UPDATEDATE": "20250512", "REMARK": null, "HIST_TYPE": "LINK0003", "HISTREMARK": null, "link_stats_import_fid": null, "link_stats_import_vehicle_count": null, "link_stats_import_avg_speed": null, "link_stats_import_sum_weight_kg": null}, "geometry": {"type": "MultiLineString", "coordinates": [[[128.75731523335338, 35.10690229666812], [128.75647409489102, 35.10589293662175], [128.75586845457616, 35.10517250773777]]]}}, {"type": "Feature", "properties": {"LINK_ID": "1410001800", "F_NODE": "1410000703", "T_NODE": "1410000604", "LANES": 3, "ROAD_RANK": "103", "ROAD_TYPE": "000", "ROAD_NO": "2", "ROAD_NAME": "낙동남로", "ROAD_USE": "0", "MULTI_LINK": "0", "CONNECT": "0", "MAX_SPD": 70, "REST_VEH": "0", "REST_W": 0, "REST_H": 0, "C-ITS": "0", "LENGTH": 174.345685835173, "UPDATEDATE": "20250512", "REMARK": null, "HIST_TYPE": "LINK0003", "HISTREMARK": null, "link_stats_import_fid": 626, "link_stats_import_vehicle_count": 6.0, "link_stats_import_avg_speed": 22.57, "link_stats_import_sum_weight_kg": 7768.0}, "geometry": {"type": "MultiLineString", "coordinates": [[[128.84638076827687, 35.107046756271174], [128.8462499878518, 35.10700399126969], [128.84464498747298, 35.10638899176401]]]}}, {"type": "Feature", "properties": {"LINK_ID": "1410087900", "F_NODE": "1410031603", "T_NODE": "1410029304", "LANES": 3, "ROAD_RANK": "105", "ROAD_TYPE": "000", "ROAD_NO": "58", "ROAD_NAME": "가락대로", "ROAD_USE": "0", "MULTI_LINK": "0", "CONNECT": "0", "MAX_SPD": 60, "REST_VEH": "0", "REST_W": 0, "REST_H": 0, "C-ITS": "0", "LENGTH": 164.533727820841, "UPDATEDATE": "20250512", "REMARK": null, "HIST_TYPE": "LINK0003", "HISTREMARK": null, "link_stats_import_fid": 270, "link_stats_import_vehicle_count": 32.0, "link_stats_import_avg_speed": 10.44, "link_stats_import_sum_weight_kg": 26602.0}, "geometry": {"type": "MultiLineString", "coordinates": [[[128.83936317602544, 35.099519440760446], [128.83936779773728, 35.09803690377489]]]}}, {"type": "Feature", "properties": {"LINK_ID": "4180133400", "F_NODE": "4180114104", "T_NODE": "4180112501", "LANES": 2, "ROAD_RANK": "107", "ROAD_TYPE": "000", "ROAD_NO": "-", "ROAD_NAME": "용재로", "ROAD_USE": "0", "MULTI_LINK": "0", "CONNECT": "0", "MAX_SPD": 60, "REST_VEH": "0", "REST_W": 0, "REST_H": 0, "C-ITS": "0", "LENGTH": 57.58530736201, "UPDATEDATE": "20250512", "REMARK": null, "HIST_TYPE": "LINK0003", "HISTREMARK": null, "link_stats_import_fid": 1404, "link_stats_import_vehicle_count": 1.0, "link_stats_import_avg_speed": 11.43, "link_stats_import_sum_weight_kg": 17670.0}, "geometry": {"type": "MultiLineString", "coordinates": [[[128.81504591938466, 35.10147486636229], [128.8144333000495, 35.10160040259134]]]}}, {"type": "Feature", "properties": {"LINK_ID": "1410737800", "F_NODE": "1410032304", "T_NODE": "1410287401", "LANES": 2, "ROAD_RANK": "104", "ROAD_TYPE": "000", "ROAD_NO": "-", "ROAD_NAME": "녹산산업중로", "ROAD_USE": "0", "MULTI_LINK": "0", "CONNECT": "0", "MAX_SPD": 50, "REST_VEH": "0", "REST_W": 0, "REST_H": 0, "C-ITS": "0", "LENGTH": 123.618403082713, "UPDATEDATE": "20250512", "REMARK": null, "HIST_TYPE": "LINK0003", "HISTREMARK": null, "link_stats_import_fid": 599, "link_stats_import_vehicle_count": 7.0, "link_stats_import_avg_speed": 12.8, "link_stats_import_sum_weight_kg": 7900.0}, "geometry": {"type": "MultiLineString", "coordinates": [[[128.82455244964694, 35.100283394358236], [128.82325385754487, 35.10060236824642]]]}}, {"type": "Feature", "properties": {"LINK_ID": "1410705902", "F_NODE": "1410277904", "T_NODE": "1410277903", "LANES": 4, "ROAD_RANK": "104", "ROAD_TYPE": "000", "ROAD_NO": "-", "ROAD_NAME": "신항북로", "ROAD_USE": "0", "MULTI_LINK": "0", "CONNECT": "0", "MAX_SPD": 50, "REST_VEH": "0", "REST_W": 0, "REST_H": 0, "C-ITS": "0", "LENGTH": 12.000389378829, "UPDATEDATE": "20250512", "REMARK": null, "HIST_TYPE": "LINK0001", "HISTREMARK": null, "link_stats_import_fid": 502, "link_stats_import_vehicle_count": 10.0, "link_stats_import_avg_speed": 12.39, "link_stats_import_sum_weight_kg": 3000.0}, "geometry": {"type": "MultiLineString", "coordinates": [[[128.8311650674608, 35.08723535641844], [128.83107369310557, 35.08715756692433]]]}}, {"type": "Feature", "properties": {"LINK_ID": "4180059400", "F_NODE": "4180091502", "T_NODE": "4180092401", "LANES": 2, "ROAD_RANK": "107", "ROAD_TYPE": "000", "ROAD_NO": "-", "ROAD_NAME": "신항로", "ROAD_USE": "0", "MULTI_LINK": "0", "CONNECT": "0", "MAX_SPD": 60, "REST_VEH": "0", "REST_W": 0, "REST_H": 0, "C-ITS": "0", "LENGTH": 290.81654636216, "UPDATEDATE": "20250512", "REMARK": null, "HIST_TYPE": "LINK0003", "HISTREMARK": null, "link_stats_import_fid": 31, "link_stats_import_vehicle_count": 391.0, "link_stats_import_avg_speed": 13.08, "link_stats_import_sum_weight_kg": 4759475.0}, "geometry": {"type": "MultiLineString", "coordinates": [[[128.7744147298505, 35.08310457613809], [128.7776021631968, 35.08306001257276]]]}}, {"type": "Feature", "properties": {"LINK_ID": "1410738201", "F_NODE": "1410028602", "T_NODE": "1410028601", "LANES": 2, "ROAD_RANK": "104", "ROAD_TYPE": "000", "ROAD_NO": "-", "ROAD_NAME": "녹산산단27로", "ROAD_USE": "0", "MULTI_LINK": "0", "CONNECT": "0", "MAX_SPD": 50, "REST_VEH": "0", "REST_W": 0, "REST_H": 0, "C-ITS": "0", "LENGTH": 12.161760100936, "UPDATEDATE": "20250512", "REMARK": null, "HIST_TYPE": "LINK0001", "HISTREMARK": null, "link_stats_import_fid": null, "link_stats_import_vehicle_count": null, "link_stats_import_avg_speed": null, "link_stats_import_sum_weight_kg": null}, "geometry": {"type": "MultiLineString", "coordinates": [[[128.82500305533975, 35.09709424174439], [128.82509645051366, 35.097172452791625]]]}}, {"type": "Feature", "properties": {"LINK_ID": "4180086401", "F_NODE": "4180119204", "T_NODE": "4180119203", "LANES": 2, "ROAD_RANK": "107", "ROAD_TYPE": "000", "ROAD_NO": "-", "ROAD_NAME": "용원동로", "ROAD_USE": "0", "MULTI_LINK": "0", "CONNECT": "0", "MAX_SPD": 50, "REST_VEH": "0", "REST_W": 0, "REST_H": 0, "C-ITS": "0", "LENGTH": 15.173257455811, "UPDATEDATE": "20250512", "REMARK": null, "HIST_TYPE": "LINK0001", "HISTREMARK": null, "link_stats_import_fid": 1276, "link_stats_import_vehicle_count": 1.0, "link_stats_import_avg_speed": 7.52, "link_stats_import_sum_weight_kg": 0.0}, "geometry": {"type": "MultiLineString", "coordinates": [[[128.81834908677538, 35.092042736674195], [128.81831213810884, 35.091909431318236]]]}}, {"type": "Feature", "properties": {"LINK_ID": "1410122601", "F_NODE": "1410040604", "T_NODE": "1410040603", "LANES": 2, "ROAD_RANK": "104", "ROAD_TYPE": "000", "ROAD_NO": "-", "ROAD_NAME": "신항남로", "ROAD_USE": "0", "MULTI_LINK": "0", "CONNECT": "0", "MAX_SPD": 80, "REST_VEH": "0", "REST_W": 0, "REST_H": 0, "C-ITS": "0", "LENGTH": 13.117109959613, "UPDATEDATE": "20250512", "REMARK": null, "HIST_TYPE": "LINK0001", "HISTREMARK": null, "link_stats_import_fid": 271, "link_stats_import_vehicle_count": 32.0, "link_stats_import_avg_speed": 14.1, "link_stats_import_sum_weight_kg": 150463.0}, "geometry": {"type": "MultiLineString", "coordinates": [[[128.83447052464768, 35.08901400606842], [128.83447680533263, 35.08889592589275]]]}}, {"type": "Feature", "properties": {"LINK_ID": "1410738504", "F_NODE": "1410287901", "T_NODE": "1410287904", "LANES": 3, "ROAD_RANK": "104", "ROAD_TYPE": "000", "ROAD_NO": "-", "ROAD_NAME": "녹산산업대로", "ROAD_USE": "0", "MULTI_LINK": "0", "CONNECT": "0", "MAX_SPD": 70, "REST_VEH": "0", "REST_W": 0, "REST_H": 0, "C-ITS": "0", "LENGTH": 12.010194584687, "UPDATEDATE": "20250512", "REMARK": null, "HIST_TYPE": "LINK0001", "HISTREMARK": null, "link_stats_import_fid": 844, "link_stats_import_vehicle_count": 3.0, "link_stats_import_avg_speed": 10.54, "link_stats_import_sum_weight_kg": 0.0}, "geometry": {"type": "MultiLineString", "coordinates": [[[128.8241963337765, 35.09641898026581], [128.82410066847763, 35.09649334096963]]]}}, {"type": "Feature", "properties": {"LINK_ID": "1410066501", "F_NODE": "1410023001", "T_NODE": "1410023004", "LANES": 2, "ROAD_RANK": "104", "ROAD_TYPE": "000", "ROAD_NO": "-", "ROAD_NAME": "녹산산업중로", "ROAD_USE": "0", "MULTI_LINK": "0", "CONNECT": "0", "MAX_SPD": 50, "REST_VEH": "0", "REST_W": 0, "REST_H": 0, "C-ITS": "0", "LENGTH": 10.945943345953, "UPDATEDATE": "20250512", "REMARK": null, "HIST_TYPE": "LINK0001", "HISTREMARK": null, "link_stats_import_fid": 1127, "link_stats_import_vehicle_count": 1.0, "link_stats_import_avg_speed": 5.56, "link_stats_import_sum_weight_kg": 0.0}, "geometry": {"type": "MultiLineString", "coordinates": [[[128.84608585433162, 35.093529048260365], [128.84596585416162, 35.09352893742828]]]}}, {"type": "Feature", "properties": {"LINK_ID": "1410040400", "F_NODE": "1410015304", "T_NODE": "1410015201", "LANES": 3, "ROAD_RANK": "104", "ROAD_TYPE": "000", "ROAD_NO": "-", "ROAD_NAME": "녹산산업대로", "ROAD_USE": "0", "MULTI_LINK": "0", "CONNECT": "0", "MAX_SPD": 70, "REST_VEH": "0", "REST_W": 0, "REST_H": 0, "C-ITS": "0", "LENGTH": 287.811626373151, "UPDATEDATE": "20250512", "REMARK": null, "HIST_TYPE": "LINK0003", "HISTREMARK": null, "link_stats_import_fid": 209, "link_stats_import_vehicle_count": 55.0, "link_stats_import_avg_speed": 10.07, "link_stats_import_sum_weight_kg": 74094.0}, "geometry": {"type": "MultiLineString", "coordinates": [[[128.84266988148846, 35.089020955940846], [128.8395147748611, 35.089019028987906]]]}}, {"type": "Feature", "properties": {"LINK_ID": "4180132101", "F_NODE": "4180106104", "T_NODE": "4180106103", "LANES": 2, "ROAD_RANK": "107", "ROAD_TYPE": "000", "ROAD_NO": "-", "ROAD_NAME": "-", "ROAD_USE": "0", "MULTI_LINK": "0", "CONNECT": "0", "MAX_SPD": 30, "REST_VEH": "0", "REST_W": 0, "REST_H": 0, "C-ITS": "0", "LENGTH": 13.677706525182, "UPDATEDATE": "20250512", "REMARK": "도로명없음", "HIST_TYPE": "LINK0001", "HISTREMARK": null, "link_stats_import_fid": null, "link_stats_import_vehicle_count": null, "link_stats_import_avg_speed": null, "link_stats_import_sum_weight_kg": null}, "geometry": {"type": "MultiLineString", "coordinates": [[[128.80628853031516, 35.10130477970508], [128.80631705843814, 35.101183784930534]]]}}, {"type": "Feature", "properties": {"LINK_ID": "4180069500", "F_NODE": "4180091401", "T_NODE": "4180091302", "LANES": 3, "ROAD_RANK": "107", "ROAD_TYPE": "000", "ROAD_NO": "-", "ROAD_NAME": "신항6로", "ROAD_USE": "0", "MULTI_LINK": "0", "CONNECT": "0", "MAX_SPD": 60, "REST_VEH": "0", "REST_W": 0, "REST_H": 0, "C-ITS": "0", "LENGTH": 227.49733566198, "UPDATEDATE": "20250512", "REMARK": null, "HIST_TYPE": "LINK0003", "HISTREMARK": null, "link_stats_import_fid": 309, "link_stats_import_vehicle_count": 25.0, "link_stats_import_avg_speed": 9.2, "link_stats_import_sum_weight_kg": 99121.0}, "geometry": {"type": "MultiLineString", "coordinates": [[[128.77439991444024, 35.08701438880623], [128.77442223545617, 35.0890642389761]]]}}, {"type": "Feature", "properties": {"LINK_ID": "4180150400", "F_NODE": "4180103201", "T_NODE": "4180214800", "LANES": 2, "ROAD_RANK": "107", "ROAD_TYPE": "000", "ROAD_NO": "-", "ROAD_NAME": "안청로", "ROAD_USE": "0", "MULTI_LINK": "0", "CONNECT": "0", "MAX_SPD": 60, "REST_VEH": "0", "REST_W": 0, "REST_H": 0, "C-ITS": "0", "LENGTH": 133.604347932373, "UPDATEDATE": "20250512", "REMARK": null, "HIST_TYPE": "LINK0003", "HISTREMARK": null, "link_stats_import_fid": 805, "link_stats_import_vehicle_count": 4.0, "link_stats_import_avg_speed": 9.78, "link_stats_import_sum_weight_kg": 53420.0}, "geometry": {"type": "MultiLineString", "coordinates": [[[128.8032314908393, 35.104343682972114], [128.80331698759406, 35.10551499217711], [128.80333342774264, 35.10554228217411]]]}}, {"type": "Feature", "properties": {"LINK_ID": "1410076100", "F_NODE": "1410026004", "T_NODE": "1410025801", "LANES": 2, "ROAD_RANK": "104", "ROAD_TYPE": "000", "ROAD_NO": "-", "ROAD_NAME": "가락대로", "ROAD_USE": "0", "MULTI_LINK": "0", "CONNECT": "0", "MAX_SPD": 60, "REST_VEH": "0", "REST_W": 0, "REST_H": 0, "C-ITS": "0", "LENGTH": 113.838685884638, "UPDATEDATE": "20250512", "REMARK": null, "HIST_TYPE": "LINK0003", "HISTREMARK": null, "link_stats_import_fid": 951, "link_stats_import_vehicle_count": 2.0, "link_stats_import_avg_speed": 13.55, "link_stats_import_sum_weight_kg": 0.0}, "geometry": {"type": "MultiLineString", "coordinates": [[[128.83937480570134, 35.09568685926385], [128.83812676168515, 35.09568412261176]]]}}, {"type": "Feature", "properties": {"LINK_ID": "4180114800", "F_NODE": "4180107401", "T_NODE": "4180106802", "LANES": 2, "ROAD_RANK": "107", "ROAD_TYPE": "000", "ROAD_NO": "-", "ROAD_NAME": "안청남로", "ROAD_USE": "0", "MULTI_LINK": "0", "CONNECT": "0", "MAX_SPD": 30, "REST_VEH": "0", "REST_W": 0, "REST_H": 0, "C-ITS": "0", "LENGTH": 117.234214133183, "UPDATEDATE": "20250512", "REMARK": null, "HIST_TYPE": "LINK0003", "HISTREMARK": null, "link_stats_import_fid": 910, "link_stats_import_vehicle_count": 3.0, "link_stats_import_avg_speed": 7.09, "link_stats_import_sum_weight_kg": 123120.0}, "geometry": {"type": "MultiLineString", "coordinates": [[[128.80788192118501, 35.099602403926205], [128.80712481541107, 35.10045606447024]]]}}, {"type": "Feature", "properties": {"LINK_ID": "4180105401", "F_NODE": "4180122001", "T_NODE": "4180122004", "LANES": 2, "ROAD_RANK": "107", "ROAD_TYPE": "000", "ROAD_NO": "-", "ROAD_NAME": "용원로", "ROAD_USE": "0", "MULTI_LINK": "0", "CONNECT": "0", "MAX_SPD": 60, "REST_VEH": "0", "REST_W": 0, "REST_H": 0, "C-ITS": "0", "LENGTH": 11.323263214701, "UPDATEDATE": "20250512", "REMARK": null, "HIST_TYPE": "LINK0001", "HISTREMARK": null, "link_stats_import_fid": null, "link_stats_import_vehicle_count": null, "link_stats_import_avg_speed": null, "link_stats_import_sum_weight_kg": null}, "geometry": {"type": "MultiLineString", "coordinates": [[[128.82030347526677, 35.09845525633894], [128.8201826226141, 35.09847859964577]]]}}, {"type": "Feature", "properties": {"LINK_ID": "4180062801", "F_NODE": "4180119604", "T_NODE": "4180119603", "LANES": 3, "ROAD_RANK": "107", "ROAD_TYPE": "000", "ROAD_NO": "-", "ROAD_NAME": "신항4로", "ROAD_USE": "0", "MULTI_LINK": "0", "CONNECT": "0", "MAX_SPD": 60, "REST_VEH": "0", "REST_W": 0, "REST_H": 0, "C-ITS": "0", "LENGTH": 12.000081032251, "UPDATEDATE": "20250512", "REMARK": null, "HIST_TYPE": "LINK0001", "HISTREMARK": null, "link_stats_import_fid": 275, "link_stats_import_vehicle_count": 32.0, "link_stats_import_avg_speed": 10.52, "link_stats_import_sum_weight_kg": 289923.0}, "geometry": {"type": "MultiLineString", "coordinates": [[[128.8182088615701, 35.08323831657711], [128.81820946646636, 35.083130189088614]]]}}, {"type": "Feature", "properties": {"LINK_ID": "4180097601", "F_NODE": "4180104401", "T_NODE": "4180104404", "LANES": 2, "ROAD_RANK": "107", "ROAD_TYPE": "000", "ROAD_NO": "-", "ROAD_NAME": "안골로", "ROAD_USE": "0", "MULTI_LINK": "0", "CONNECT": "0", "MAX_SPD": 30, "REST_VEH": "0", "REST_W": 0, "REST_H": 0, "C-ITS": "0", "LENGTH": 11.900872904781, "UPDATEDATE": "20250512", "REMARK": null, "HIST_TYPE": "LINK0001", "HISTREMARK": null, "link_stats_import_fid": null, "link_stats_import_vehicle_count": null, "link_stats_import_avg_speed": null, "link_stats_import_sum_weight_kg": null}, "geometry": {"type": "MultiLineString", "coordinates": [[[128.80456207875775, 35.09755958532121], [128.80445959584023, 35.09749321420129]]]}}, {"type": "Feature", "properties": {"LINK_ID": "1410001501", "F_NODE": "1410000602", "T_NODE": "1410000601", "LANES": 3, "ROAD_RANK": "103", "ROAD_TYPE": "000", "ROAD_NO": "2", "ROAD_NAME": "낙동남로", "ROAD_USE": "0", "MULTI_LINK": "0", "CONNECT": "0", "MAX_SPD": 70, "REST_VEH": "0", "REST_W": 0, "REST_H": 0, "C-ITS": "0", "LENGTH": 26.61845787086, "UPDATEDATE": "20250512", "REMARK": null, "HIST_TYPE": "LINK0001", "HISTREMARK": null, "link_stats_import_fid": null, "link_stats_import_vehicle_count": null, "link_stats_import_avg_speed": null, "link_stats_import_sum_weight_kg": null}, "geometry": {"type": "MultiLineString", "coordinates": [[[128.84443063884387, 35.10618687231153], [128.84469865084142, 35.10628183561669]]]}}, {"type": "Feature", "properties": {"LINK_ID": "4180127501", "F_NODE": "4180120903", "T_NODE": "4180120902", "LANES": 2, "ROAD_RANK": "107", "ROAD_TYPE": "000", "ROAD_NO": "-", "ROAD_NAME": "용재로", "ROAD_USE": "0", "MULTI_LINK": "0", "CONNECT": "0", "MAX_SPD": 60, "REST_VEH": "0", "REST_W": 0, "REST_H": 0, "C-ITS": "0", "LENGTH": 10.995230799673, "UPDATEDATE": "20250512", "REMARK": null, "HIST_TYPE": "LINK0001", "HISTREMARK": null, "link_stats_import_fid": null, "link_stats_import_vehicle_count": null, "link_stats_import_avg_speed": null, "link_stats_import_sum_weight_kg": null}, "geometry": {"type": "MultiLineString", "coordinates": [[[128.81940509606324, 35.10047482370252], [128.81952221843503, 35.10045135982952]]]}}, {"type": "Feature", "properties": {"LINK_ID": "4180084201", "F_NODE": "4180123903", "T_NODE": "4180123902", "LANES": 2, "ROAD_RANK": "107", "ROAD_TYPE": "000", "ROAD_NO": "-", "ROAD_NAME": "신항2로", "ROAD_USE": "0", "MULTI_LINK": "0", "CONNECT": "0", "MAX_SPD": 60, "REST_VEH": "0", "REST_W": 0, "REST_H": 0, "C-ITS": "0", "LENGTH": 12.011206989901, "UPDATEDATE": "20250512", "REMARK": null, "HIST_TYPE": "LINK0001", "HISTREMARK": null, "link_stats_import_fid": null, "link_stats_import_vehicle_count": null, "link_stats_import_avg_speed": null, "link_stats_import_sum_weight_kg": null}, "geometry": {"type": "MultiLineString", "coordinates": [[[128.82639577401585, 35.090917868148246], [128.82649015925242, 35.090842403007514]]]}}, {"type": "Feature", "properties": {"LINK_ID": "1410001500", "F_NODE": "1410000402", "T_NODE": "1410000602", "LANES": 3, "ROAD_RANK": "103", "ROAD_TYPE": "000", "ROAD_NO": "2", "ROAD_NAME": "낙동남로", "ROAD_USE": "0", "MULTI_LINK": "0", "CONNECT": "0", "MAX_SPD": 70, "REST_VEH": "0", "REST_W": 0, "REST_H": 0, "C-ITS": "0", "LENGTH": 173.183735085775, "UPDATEDATE": "20250512", "REMARK": null, "HIST_TYPE": "LINK0003", "HISTREMARK": null, "link_stats_import_fid": 740, "link_stats_import_vehicle_count": 4.0, "link_stats_import_avg_speed": 12.34, "link_stats_import_sum_weight_kg": 1000.0}, "geometry": {"type": "MultiLineString", "coordinates": [[[128.84284717980512, 35.10533073807613], [128.84301698766862, 35.10544199153689], [128.84339498782754, 35.105668991468356], [128.8434919875272, 35.10572999231433], [128.8435669876137, 35.105770991064], [128.84389198724548, 35.105938991417545], [128.84416698830287, 35.10606299138627], [128.84443063884387, 35.10618687231153]]]}}, {"type": "Feature", "properties": {"LINK_ID": "1410066601", "F_NODE": "1410024602", "T_NODE": "1410024601", "LANES": 2, "ROAD_RANK": "104", "ROAD_TYPE": "000", "ROAD_NO": "-", "ROAD_NAME": "녹산산단261로", "ROAD_USE": "0", "MULTI_LINK": "0", "CONNECT": "0", "MAX_SPD": 50, "REST_VEH": "0", "REST_W": 0, "REST_H": 0, "C-ITS": "0", "LENGTH": 13.317698935074, "UPDATEDATE": "20250512", "REMARK": null, "HIST_TYPE": "LINK0001", "HISTREMARK": null, "link_stats_import_fid": null, "link_stats_import_vehicle_count": null, "link_stats_import_avg_speed": null, "link_stats_import_sum_weight_kg": null}, "geometry": {"type": "MultiLineString", "coordinates": [[[128.84608412001367, 35.09431001149686], [128.8460838451763, 35.09443001105489]]]}}, {"type": "Feature", "properties": {"LINK_ID": "4180141100", "F_NODE": "4180087306", "T_NODE": "4180086801", "LANES": 2, "ROAD_RANK": "107", "ROAD_TYPE": "000", "ROAD_NO": "-", "ROAD_NAME": "남영로", "ROAD_USE": "0", "MULTI_LINK": "0", "CONNECT": "0", "MAX_SPD": 60, "REST_VEH": "0", "REST_W": 0, "REST_H": 0, "C-ITS": "0", "LENGTH": 385.886611240062, "UPDATEDATE": "20250512", "REMARK": null, "HIST_TYPE": "LINK0006", "HISTREMARK": null, "link_stats_import_fid": null, "link_stats_import_vehicle_count": null, "link_stats_import_avg_speed": null, "link_stats_import_sum_weight_kg": null}, "geometry": {"type": "MultiLineString", "coordinates": [[[128.76235758187065, 35.10507800384065], [128.7615045064686, 35.10454128472028], [128.76052192915776, 35.104076947329936], [128.75974985943265, 35.10376761941645], [128.75961009488148, 35.10374316163574], [128.75927446881897, 35.10379763870224], [128.75866577338343, 35.10404561487272]]]}}, {"type": "Feature", "properties": {"LINK_ID": "1410088700", "F_NODE": "1410029704", "T_NODE": "1410029601", "LANES": 2, "ROAD_RANK": "104", "ROAD_TYPE": "000", "ROAD_NO": "-", "ROAD_NAME": "녹산산업북로", "ROAD_USE": "0", "MULTI_LINK": "0", "CONNECT": "0", "MAX_SPD": 50, "REST_VEH": "0", "REST_W": 0, "REST_H": 0, "C-ITS": "0", "LENGTH": 279.968133899181, "UPDATEDATE": "20250512", "REMARK": null, "HIST_TYPE": "LINK0003", "HISTREMARK": null, "link_stats_import_fid": null, "link_stats_import_vehicle_count": null, "link_stats_import_avg_speed": null, "link_stats_import_sum_weight_kg": null}, "geometry": {"type": "MultiLineString", "coordinates": [[[128.84914442841065, 35.09805984057847], [128.84607498747326, 35.09805214265045]]]}}, {"type": "Feature", "properties": {"LINK_ID": "4180069601", "F_NODE": "4180091404", "T_NODE": "4180091403", "LANES": 3, "ROAD_RANK": "107", "ROAD_TYPE": "000", "ROAD_NO": "-", "ROAD_NAME": "신항6로", "ROAD_USE": "0", "MULTI_LINK": "0", "CONNECT": "0", "MAX_SPD": 60, "REST_VEH": "0", "REST_W": 0, "REST_H": 0, "C-ITS": "0", "LENGTH": 12.000467567562, "UPDATEDATE": "20250512", "REMARK": null, "HIST_TYPE": "LINK0001", "HISTREMARK": null, "link_stats_import_fid": null, "link_stats_import_vehicle_count": null, "link_stats_import_avg_speed": null, "link_stats_import_sum_weight_kg": null}, "geometry": {"type": "MultiLineString", "coordinates": [[[128.7742683611027, 35.08701448868658], [128.77426800304443, 35.0869063552878]]]}}, {"type": "Feature", "properties": {"LINK_ID": "4180086400", "F_NODE": "4180120303", "T_NODE": "4180119204", "LANES": 2, "ROAD_RANK": "107", "ROAD_TYPE": "000", "ROAD_NO": "-", "ROAD_NAME": "용원동로", "ROAD_USE": "0", "MULTI_LINK": "0", "CONNECT": "0", "MAX_SPD": 50, "REST_VEH": "0", "REST_W": 0, "REST_H": 0, "C-ITS": "0", "LENGTH": 176.578554239471, "UPDATEDATE": "20250512", "REMARK": null, "HIST_TYPE": "LINK0003", "HISTREMARK": null, "link_stats_import_fid": 462, "link_stats_import_vehicle_count": 12.0, "link_stats_import_avg_speed": 10.27, "link_stats_import_sum_weight_kg": 114546.0}, "geometry": {"type": "MultiLineString", "coordinates": [[[128.81895981716067, 35.0935522486718], [128.81891130394268, 35.093433825656064], [128.81868509918587, 35.09288164695286], [128.81856504772512, 35.09258859109258], [128.8185541219684, 35.092561920270875], [128.81845248762588, 35.09232474573267], [128.81844342491033, 35.09230359770552], [128.81837389775762, 35.09212393006845], [128.81834908677538, 35.092042736674195]]]}}, {"type": "Feature", "properties": {"LINK_ID": "1410195701", "F_NODE": "1410071606", "T_NODE": "1410071603", "LANES": 2, "ROAD_RANK": "105", "ROAD_TYPE": "000", "ROAD_NO": "58", "ROAD_NAME": "거가대로", "ROAD_USE": "0", "MULTI_LINK": "0", "CONNECT": "0", "MAX_SPD": 80, "REST_VEH": "5", "REST_W": 0, "REST_H": 0, "C-ITS": "0", "LENGTH": 368.831976428424, "UPDATEDATE": "20250512", "REMARK": null, "HIST_TYPE": "LINK0003", "HISTREMARK": null, "link_stats_import_fid": null, "link_stats_import_vehicle_count": null, "link_stats_import_avg_speed": null, "link_stats_import_sum_weight_kg": null}, "geometry": {"type": "MultiLineString", "coordinates": [[[128.82688739052264, 35.054651333989625], [128.82720607635696, 35.055223387866604], [128.82869568129982, 35.05762305285089]]]}}, {"type": "Feature", "properties": {"LINK_ID": "4180064400", "F_NODE": "4180096903", "T_NODE": "4180096104", "LANES": 2, "ROAD_RANK": "107", "ROAD_TYPE": "000", "ROAD_NO": "-", "ROAD_NAME": "안골로108번길", "ROAD_USE": "0", "MULTI_LINK": "0", "CONNECT": "0", "MAX_SPD": 50, "REST_VEH": "0", "REST_W": 0, "REST_H": 0, "C-ITS": "0", "LENGTH": 158.943847127626, "UPDATEDATE": "20250512", "REMARK": null, "HIST_TYPE": "LINK0003", "HISTREMARK": null, "link_stats_import_fid": 541, "link_stats_import_vehicle_count": 9.0, "link_stats_import_avg_speed": 8.37, "link_stats_import_sum_weight_kg": 193472.0}, "geometry": {"type": "MultiLineString", "coordinates": [[[128.78524081855556, 35.08667210326415], [128.78519977645917, 35.08663131147391], [128.78510374803304, 35.08652593810323], [128.7848840914881, 35.08634107050001], [128.7847595090338, 35.086202886530806], [128.7846553259428, 35.08609753009951], [128.78454188515062, 35.08599116800618], [128.78442294025413, 35.08587819074615], [128.78427014201324, 35.085744666318085], [128.78410412308912, 35.08558865984196]]]}}, {"type": "Feature", "properties": {"LINK_ID": "1410737201", "F_NODE": "1410401502", "T_NODE": "1410401501", "LANES": 2, "ROAD_RANK": "104", "ROAD_TYPE": "000", "ROAD_NO": "-", "ROAD_NAME": "만금로", "ROAD_USE": "0", "MULTI_LINK": "0", "CONNECT": "0", "MAX_SPD": 40, "REST_VEH": "0", "REST_W": 0, "REST_H": 0, "C-ITS": "0", "LENGTH": 13.08007134796, "UPDATEDATE": "20250512", "REMARK": null, "HIST_TYPE": "LINK0001", "HISTREMARK": null, "link_stats_import_fid": null, "link_stats_import_vehicle_count": null, "link_stats_import_avg_speed": null, "link_stats_import_sum_weight_kg": null}, "geometry": {"type": "MultiLineString", "coordinates": [[[128.82365001375055, 35.10190724062848], [128.8236101250602, 35.10202044945314]]]}}, {"type": "Feature", "properties": {"LINK_ID": "4180075300", "F_NODE": "4180107002", "T_NODE": "4180199300", "LANES": 3, "ROAD_RANK": "107", "ROAD_TYPE": "000", "ROAD_NO": "-", "ROAD_NAME": "신항동로", "ROAD_USE": "0", "MULTI_LINK": "0", "CONNECT": "0", "MAX_SPD": 30, "REST_VEH": "0", "REST_W": 0, "REST_H": 0, "C-ITS": "0", "LENGTH": 290.831543876475, "UPDATEDATE": "20250512", "REMARK": null, "HIST_TYPE": "LINK0003", "HISTREMARK": null, "link_stats_import_fid": 1243, "link_stats_import_vehicle_count": 1.0, "link_stats_import_avg_speed": 12.12, "link_stats_import_sum_weight_kg": 0.0}, "geometry": {"type": "MultiLineString", "coordinates": [[[128.80727339961712, 35.08880776142702], [128.8104616309406, 35.08881495792474]]]}}, {"type": "Feature", "properties": {"LINK_ID": "4180148101", "F_NODE": "4180107501", "T_NODE": "4180107504", "LANES": 2, "ROAD_RANK": "107", "ROAD_TYPE": "000", "ROAD_NO": "-", "ROAD_NAME": "안청북로", "ROAD_USE": "0", "MULTI_LINK": "0", "CONNECT": "0", "MAX_SPD": 30, "REST_VEH": "0", "REST_W": 0, "REST_H": 0, "C-ITS": "0", "LENGTH": 11.509089606724, "UPDATEDATE": "20250512", "REMARK": null, "HIST_TYPE": "LINK0001", "HISTREMARK": null, "link_stats_import_fid": null, "link_stats_import_vehicle_count": null, "link_stats_import_avg_speed": null, "link_stats_import_sum_weight_kg": null}, "geometry": {"type": "MultiLineString", "coordinates": [[[128.80902137230333, 35.105364503050396], [128.8089088223014, 35.105317600603605]]]}}, {"type": "Feature", "properties": {"LINK_ID": "4180069301", "F_NODE": "4180095102", "T_NODE": "4180095101", "LANES": 3, "ROAD_RANK": "107", "ROAD_TYPE": "000", "ROAD_NO": "-", "ROAD_NAME": "신항8로", "ROAD_USE": "0", "MULTI_LINK": "0", "CONNECT": "0", "MAX_SPD": 60, "REST_VEH": "0", "REST_W": 0, "REST_H": 0, "C-ITS": "0", "LENGTH": 13.158770539933, "UPDATEDATE": "20250512", "REMARK": null, "HIST_TYPE": "LINK0001", "HISTREMARK": null, "link_stats_import_fid": null, "link_stats_import_vehicle_count": null, "link_stats_import_avg_speed": null, "link_stats_import_sum_weight_kg": null}, "geometry": {"type": "MultiLineString", "coordinates": [[[128.78238923908876, 35.091204642315205], [128.78247049668414, 35.09130261347677]]]}}, {"type": "Feature", "properties": {"LINK_ID": "1411101701", "F_NODE": "1410413502", "T_NODE": "1410946600", "LANES": 3, "ROAD_RANK": "104", "ROAD_TYPE": "000", "ROAD_NO": "-", "ROAD_NAME": "신항남로", "ROAD_USE": "1", "MULTI_LINK": "0", "CONNECT": "0", "MAX_SPD": 60, "REST_VEH": "0", "REST_W": 0, "REST_H": 0, "C-ITS": "0", "LENGTH": 345.061654652281, "UPDATEDATE": "20250512", "REMARK": null, "HIST_TYPE": "LINK0003", "HISTREMARK": null, "link_stats_import_fid": 62, "link_stats_import_vehicle_count": 245.0, "link_stats_import_avg_speed": 10.05, "link_stats_import_sum_weight_kg": 10363284.0}, "geometry": {"type": "MultiLineString", "coordinates": [[[128.8025624899439, 35.06046716656972], [128.80501349312217, 35.06093565792795], [128.8053798471828, 35.060983248170146], [128.8055903936917, 35.06101059812084], [128.8062714288108, 35.06101275590162]]]}}, {"type": "Feature", "properties": {"LINK_ID": "1410095000", "F_NODE": "1410031601", "T_NODE": "1410032802", "LANES": 3, "ROAD_RANK": "105", "ROAD_TYPE": "000", "ROAD_NO": "58", "ROAD_NAME": "가락대로", "ROAD_USE": "0", "MULTI_LINK": "0", "CONNECT": "0", "MAX_SPD": 60, "REST_VEH": "0", "REST_W": 0, "REST_H": 0, "C-ITS": "0", "LENGTH": 229.276162396728, "UPDATEDATE": "20250512", "REMARK": null, "HIST_TYPE": "LINK0003", "HISTREMARK": null, "link_stats_import_fid": 242, "link_stats_import_vehicle_count": 42.0, "link_stats_import_avg_speed": 13.36, "link_stats_import_sum_weight_kg": 23568.0}, "geometry": {"type": "MultiLineString", "coordinates": [[[128.83948282134816, 35.09963970114201], [128.83947705017926, 35.10170560276232]]]}}, {"type": "Feature", "properties": {"LINK_ID": "4180078900", "F_NODE": "4180118902", "T_NODE": "4180122402", "LANES": 2, "ROAD_RANK": "107", "ROAD_TYPE": "000", "ROAD_NO": "-", "ROAD_NAME": "신항2로", "ROAD_USE": "0", "MULTI_LINK": "0", "CONNECT": "0", "MAX_SPD": 60, "REST_VEH": "0", "REST_W": 0, "REST_H": 0, "C-ITS": "0", "LENGTH": 252.837567171915, "UPDATEDATE": "20250512", "REMARK": null, "HIST_TYPE": "LINK0003", "HISTREMARK": null, "link_stats_import_fid": 459, "link_stats_import_vehicle_count": 12.0, "link_stats_import_avg_speed": 7.91, "link_stats_import_sum_weight_kg": 109994.0}, "geometry": {"type": "MultiLineString", "coordinates": [[[128.8183438376703, 35.09000365601605], [128.81851215190662, 35.089992276642725], [128.81946593516142, 35.08998644386664], [128.81963931517348, 35.089996423207694], [128.81977859419936, 35.09002646338834], [128.8199182434413, 35.09007251693843], [128.82004449345308, 35.090128647919585], [128.82014617615533, 35.090190825308454], [128.82079341300064, 35.09071722426751]]]}}, {"type": "Feature", "properties": {"LINK_ID": "1410087300", "F_NODE": "1410029204", "T_NODE": "1410029101", "LANES": 3, "ROAD_RANK": "104", "ROAD_TYPE": "000", "ROAD_NO": "-", "ROAD_NAME": "녹산산업북로", "ROAD_USE": "0", "MULTI_LINK": "0", "CONNECT": "0", "MAX_SPD": 50, "REST_VEH": "0", "REST_W": 0, "REST_H": 0, "C-ITS": "0", "LENGTH": 218.547192319164, "UPDATEDATE": "20250512", "REMARK": null, "HIST_TYPE": "LINK0003", "HISTREMARK": null, "link_stats_import_fid": 329, "link_stats_import_vehicle_count": 21.0, "link_stats_import_avg_speed": 9.34, "link_stats_import_sum_weight_kg": 30922.0}, "geometry": {"type": "MultiLineString", "coordinates": [[[128.83799889376678, 35.09803489670606], [128.8356028277998, 35.09803109185583]]]}}, {"type": "Feature", "properties": {"LINK_ID": "1410076800", "F_NODE": "1410026002", "T_NODE": "1410026103", "LANES": 2, "ROAD_RANK": "104", "ROAD_TYPE": "000", "ROAD_NO": "-", "ROAD_NAME": "녹산산단261로73번길", "ROAD_USE": "0", "MULTI_LINK": "0", "CONNECT": "0", "MAX_SPD": 70, "REST_VEH": "0", "REST_W": 0, "REST_H": 0, "C-ITS": "0", "LENGTH": 113.518407611987, "UPDATEDATE": "20250512", "REMARK": null, "HIST_TYPE": "LINK0003", "HISTREMARK": null, "link_stats_import_fid": 825, "link_stats_import_vehicle_count": 3.0, "link_stats_import_avg_speed": 12.28, "link_stats_import_sum_weight_kg": 2000.0}, "geometry": {"type": "MultiLineString", "coordinates": [[[128.83949515303198, 35.095567123670556], [128.84073968331109, 35.09556985897646]]]}}, {"type": "Feature", "properties": {"LINK_ID": "1410097602", "F_NODE": "1410032801", "T_NODE": "1410032804", "LANES": 2, "ROAD_RANK": "103", "ROAD_TYPE": "000", "ROAD_NO": "2", "ROAD_NAME": "낙동남로", "ROAD_USE": "0", "MULTI_LINK": "0", "CONNECT": "1", "MAX_SPD": 70, "REST_VEH": "0", "REST_W": 0, "REST_H": 0, "C-ITS": "0", "LENGTH": 10.944782316278, "UPDATEDATE": "20250512", "REMARK": null, "HIST_TYPE": "LINK0001", "HISTREMARK": null, "link_stats_import_fid": 958, "link_stats_import_vehicle_count": 2.0, "link_stats_import_avg_speed": 12.04, "link_stats_import_sum_weight_kg": 1000.0}, "geometry": {"type": "MultiLineString", "coordinates": [[[128.8394764823712, 35.10189620950047], [128.83935648265248, 35.1018959660048]]]}}, {"type": "Feature", "properties": {"LINK_ID": "1410122800", "F_NODE": "1410041002", "T_NODE": "1410040904", "LANES": 2, "ROAD_RANK": "104", "ROAD_TYPE": "000", "ROAD_NO": "-", "ROAD_NAME": "신항남로", "ROAD_USE": "0", "MULTI_LINK": "0", "CONNECT": "0", "MAX_SPD": 80, "REST_VEH": "0", "REST_W": 0, "REST_H": 0, "C-ITS": "0", "LENGTH": 434.22781222253, "UPDATEDATE": "20250512", "REMARK": null, "HIST_TYPE": "LINK0003", "HISTREMARK": null, "link_stats_import_fid": 43, "link_stats_import_vehicle_count": 338.0, "link_stats_import_avg_speed": 19.86, "link_stats_import_sum_weight_kg": 1066307.0}, "geometry": {"type": "MultiLineString", "coordinates": [[[128.83492106573794, 35.101906834904625], [128.83475329897485, 35.10103665174221], [128.83467079689865, 35.10056664046775], [128.83452329343783, 35.09930911208381], [128.83447223547148, 35.098016421444726]]]}}, {"type": "Feature", "properties": {"LINK_ID": "4180082904", "F_NODE": "4180220000", "T_NODE": "4180215600", "LANES": 2, "ROAD_RANK": "107", "ROAD_TYPE": "000", "ROAD_NO": "-", "ROAD_NAME": "신항8로", "ROAD_USE": "0", "MULTI_LINK": "0", "CONNECT": "0", "MAX_SPD": 60, "REST_VEH": "0", "REST_W": 0, "REST_H": 0, "C-ITS": "0", "LENGTH": 259.480696963479, "UPDATEDATE": "20250512", "REMARK": null, "HIST_TYPE": "LINK1007", "HISTREMARK": "4180082900", "link_stats_import_fid": 557, "link_stats_import_vehicle_count": 9.0, "link_stats_import_avg_speed": 13.42, "link_stats_import_sum_weight_kg": 21280.0}, "geometry": {"type": "MultiLineString", "coordinates": [[[128.78349395441919, 35.09341761070669], [128.78349983387182, 35.093535544276705], [128.7834831431517, 35.09575558706305]]]}}, {"type": "Feature", "properties": {"LINK_ID": "1410060201", "F_NODE": "1410023002", "T_NODE": "1410023001", "LANES": 2, "ROAD_RANK": "104", "ROAD_TYPE": "000", "ROAD_NO": "-", "ROAD_NAME": "녹산산단261로", "ROAD_USE": "0", "MULTI_LINK": "0", "CONNECT": "0", "MAX_SPD": 50, "REST_VEH": "0", "REST_W": 0, "REST_H": 0, "C-ITS": "0", "LENGTH": 13.317684913395, "UPDATEDATE": "20250512", "REMARK": null, "HIST_TYPE": "LINK0001", "HISTREMARK": null, "link_stats_import_fid": null, "link_stats_import_vehicle_count": null, "link_stats_import_avg_speed": null, "link_stats_import_sum_weight_kg": null}, "geometry": {"type": "MultiLineString", "coordinates": [[[128.84608618924696, 35.09340904891494], [128.84608585433162, 35.093529048260365]]]}}, {"type": "Feature", "properties": {"LINK_ID": "4180132601", "F_NODE": "4180103202", "T_NODE": "4180103201", "LANES": 2, "ROAD_RANK": "107", "ROAD_TYPE": "000", "ROAD_NO": "-", "ROAD_NAME": "안청로", "ROAD_USE": "0", "MULTI_LINK": "0", "CONNECT": "0", "MAX_SPD": 60, "REST_VEH": "0", "REST_W": 0, "REST_H": 0, "C-ITS": "0", "LENGTH": 13.320408739207, "UPDATEDATE": "20250512", "REMARK": null, "HIST_TYPE": "LINK0001", "HISTREMARK": null, "link_stats_import_fid": null, "link_stats_import_vehicle_count": null, "link_stats_import_avg_speed": null, "link_stats_import_sum_weight_kg": null}, "geometry": {"type": "MultiLineString", "coordinates": [[[128.80322542141275, 35.104223760731756], [128.8032314908393, 35.104343682972114]]]}}, {"type": "Feature", "properties": {"LINK_ID": "4180135600", "F_NODE": "4180123002", "T_NODE": "1410401503", "LANES": 3, "ROAD_RANK": "103", "ROAD_TYPE": "000", "ROAD_NO": "2", "ROAD_NAME": "진해대로", "ROAD_USE": "0", "MULTI_LINK": "0", "CONNECT": "0", "MAX_SPD": 70, "REST_VEH": "0", "REST_W": 0, "REST_H": 0, "C-ITS": "0", "LENGTH": 106.349316319639, "UPDATEDATE": "20250512", "REMARK": null, "HIST_TYPE": "LINK0003", "HISTREMARK": null, "link_stats_import_fid": 362, "link_stats_import_vehicle_count": 19.0, "link_stats_import_avg_speed": 11.38, "link_stats_import_sum_weight_kg": 133302.0}, "geometry": {"type": "MultiLineString", "coordinates": [[[128.82237247290595, 35.10164946715388], [128.82276098806256, 35.10173199074302], [128.8235051660906, 35.1018767907628]]]}}, {"type": "Feature", "properties": {"LINK_ID": "4180081401", "F_NODE": "4180090301", "T_NODE": "4180090304", "LANES": 4, "ROAD_RANK": "107", "ROAD_TYPE": "000", "ROAD_NO": "-", "ROAD_NAME": "신항10로", "ROAD_USE": "0", "MULTI_LINK": "0", "CONNECT": "0", "MAX_SPD": 80, "REST_VEH": "0", "REST_W": 0, "REST_H": 0, "C-ITS": "0", "LENGTH": 12.000613788438, "UPDATEDATE": "20250512", "REMARK": null, "HIST_TYPE": "LINK0001", "HISTREMARK": null, "link_stats_import_fid": 1006, "link_stats_import_vehicle_count": 2.0, "link_stats_import_avg_speed": 7.96, "link_stats_import_sum_weight_kg": 0.0}, "geometry": {"type": "MultiLineString", "coordinates": [[[128.76996153866563, 35.09138859899683], [128.76982997730389, 35.091389114254625]]]}}, {"type": "Feature", "properties": {"LINK_ID": "1410704600", "F_NODE": "1410277601", "T_NODE": "1410277502", "LANES": 3, "ROAD_RANK": "104", "ROAD_TYPE": "000", "ROAD_NO": "-", "ROAD_NAME": "신항로", "ROAD_USE": "0", "MULTI_LINK": "0", "CONNECT": "0", "MAX_SPD": 30, "REST_VEH": "0", "REST_W": 0, "REST_H": 0, "C-ITS": "0", "LENGTH": 140.55930800797, "UPDATEDATE": "20250512", "REMARK": null, "HIST_TYPE": "LINK0003", "HISTREMARK": null, "link_stats_import_fid": 169, "link_stats_import_vehicle_count": 76.0, "link_stats_import_avg_speed": 8.13, "link_stats_import_sum_weight_kg": 361552.0}, "geometry": {"type": "MultiLineString", "coordinates": [[[128.82452448350094, 35.08324558534142], [128.8245245348634, 35.08333310927718], [128.82453178487728, 35.08451209906334]]]}}, {"type": "Feature", "properties": {"LINK_ID": "1410122101", "F_NODE": "1410040801", "T_NODE": "1410040804", "LANES": 2, "ROAD_RANK": "104", "ROAD_TYPE": "000", "ROAD_NO": "-", "ROAD_NAME": "녹산산업중로", "ROAD_USE": "0", "MULTI_LINK": "0", "CONNECT": "0", "MAX_SPD": 50, "REST_VEH": "0", "REST_W": 0, "REST_H": 0, "C-ITS": "0", "LENGTH": 12.590913498964, "UPDATEDATE": "20250512", "REMARK": null, "HIST_TYPE": "LINK0001", "HISTREMARK": null, "link_stats_import_fid": 318, "link_stats_import_vehicle_count": 23.0, "link_stats_import_avg_speed": 20.5, "link_stats_import_sum_weight_kg": 34584.0}, "geometry": {"type": "MultiLineString", "coordinates": [[[128.83458694466165, 35.09352112140356], [128.8344489103707, 35.09352087398604]]]}}, {"type": "Feature", "properties": {"LINK_ID": "4180132000", "F_NODE": "4180106101", "T_NODE": "4180106302", "LANES": 2, "ROAD_RANK": "107", "ROAD_TYPE": "000", "ROAD_NO": "-", "ROAD_NAME": "-", "ROAD_USE": "0", "MULTI_LINK": "0", "CONNECT": "0", "MAX_SPD": 30, "REST_VEH": "0", "REST_W": 0, "REST_H": 0, "C-ITS": "0", "LENGTH": 313.455968467466, "UPDATEDATE": "20250512", "REMARK": "도로명없음", "HIST_TYPE": "LINK0003", "HISTREMARK": null, "link_stats_import_fid": null, "link_stats_import_vehicle_count": null, "link_stats_import_avg_speed": null, "link_stats_import_sum_weight_kg": null}, "geometry": {"type": "MultiLineString", "coordinates": [[[128.8064087960071, 35.10130109957101], [128.8065817786552, 35.104121968041255]]]}}, {"type": "Feature", "properties": {"LINK_ID": "1410122704", "F_NODE": "1410278102", "T_NODE": "1410278101", "LANES": 3, "ROAD_RANK": "104", "ROAD_TYPE": "000", "ROAD_NO": "-", "ROAD_NAME": "신항남로", "ROAD_USE": "0", "MULTI_LINK": "0", "CONNECT": "0", "MAX_SPD": 60, "REST_VEH": "0", "REST_W": 0, "REST_H": 0, "C-ITS": "0", "LENGTH": 11.976382796552, "UPDATEDATE": "20250512", "REMARK": null, "HIST_TYPE": "LINK0001", "HISTREMARK": null, "link_stats_import_fid": 249, "link_stats_import_vehicle_count": 38.0, "link_stats_import_avg_speed": 6.94, "link_stats_import_sum_weight_kg": 153011.0}, "geometry": {"type": "MultiLineString", "coordinates": [[[128.83479956939635, 35.08314001484229], [128.83479946289725, 35.08324792923161]]]}}, {"type": "Feature", "properties": {"LINK_ID": "4180067601", "F_NODE": "4180119401", "T_NODE": "4180119404", "LANES": 4, "ROAD_RANK": "107", "ROAD_TYPE": "000", "ROAD_NO": "-", "ROAD_NAME": "신항북로", "ROAD_USE": "0", "MULTI_LINK": "0", "CONNECT": "0", "MAX_SPD": 70, "REST_VEH": "0", "REST_W": 0, "REST_H": 0, "C-ITS": "0", "LENGTH": 12.000369222091, "UPDATEDATE": "20250512", "REMARK": null, "HIST_TYPE": "LINK0001", "HISTREMARK": null, "link_stats_import_fid": 308, "link_stats_import_vehicle_count": 25.0, "link_stats_import_avg_speed": 9.29, "link_stats_import_sum_weight_kg": 230010.0}, "geometry": {"type": "MultiLineString", "coordinates": [[[128.8183571730576, 35.086110372026596], [128.8182256242699, 35.086110055335254]]]}}, {"type": "Feature", "properties": {"LINK_ID": "4180062100", "F_NODE": "4180107301", "T_NODE": "4180107202", "LANES": 3, "ROAD_RANK": "107", "ROAD_TYPE": "000", "ROAD_NO": "-", "ROAD_NAME": "신항5로", "ROAD_USE": "0", "MULTI_LINK": "0", "CONNECT": "0", "MAX_SPD": 60, "REST_VEH": "0", "REST_W": 0, "REST_H": 0, "C-ITS": "0", "LENGTH": 141.062062590501, "UPDATEDATE": "20250512", "REMARK": null, "HIST_TYPE": "LINK0003", "HISTREMARK": null, "link_stats_import_fid": 246, "link_stats_import_vehicle_count": 40.0, "link_stats_import_avg_speed": 8.98, "link_stats_import_sum_weight_kg": 197531.0}, "geometry": {"type": "MultiLineString", "coordinates": [[[128.8073059400824, 35.08322058557839], [128.80730930379255, 35.08333281044275], [128.8072979875833, 35.08449158126968]]]}}, {"type": "Feature", "properties": {"LINK_ID": "1410122100", "F_NODE": "1410022404", "T_NODE": "1410040801", "LANES": 2, "ROAD_RANK": "104", "ROAD_TYPE": "003", "ROAD_NO": "-", "ROAD_NAME": "녹산산업중로", "ROAD_USE": "0", "MULTI_LINK": "0", "CONNECT": "0", "MAX_SPD": 50, "REST_VEH": "0", "REST_W": 0, "REST_H": 0, "C-ITS": "0", "LENGTH": 81.820335740952, "UPDATEDATE": "20250512", "REMARK": null, "HIST_TYPE": "LINK0003", "HISTREMARK": null, "link_stats_import_fid": 1177, "link_stats_import_vehicle_count": 1.0, "link_stats_import_avg_speed": 16.2, "link_stats_import_sum_weight_kg": 0.0}, "geometry": {"type": "MultiLineString", "coordinates": [[[128.83548394035304, 35.093519124934225], [128.83458694466165, 35.09352112140356]]]}}, {"type": "Feature", "properties": {"LINK_ID": "1410705302", "F_NODE": "1410862200", "T_NODE": "1410277902", "LANES": 4, "ROAD_RANK": "104", "ROAD_TYPE": "000", "ROAD_NO": "-", "ROAD_NAME": "신항북로", "ROAD_USE": "0", "MULTI_LINK": "0", "CONNECT": "0", "MAX_SPD": 50, "REST_VEH": "0", "REST_W": 0, "REST_H": 0, "C-ITS": "0", "LENGTH": 328.068117798648, "UPDATEDATE": "20250512", "REMARK": null, "HIST_TYPE": "LINK1007", "HISTREMARK": "1410705300", "link_stats_import_fid": 101, "link_stats_import_vehicle_count": 153.0, "link_stats_import_avg_speed": 12.9, "link_stats_import_sum_weight_kg": 484817.0}, "geometry": {"type": "MultiLineString", "coordinates": [[[128.8279810078539, 35.08602210704067], [128.82853197131467, 35.086022564188426], [128.82879008151167, 35.08602886063831], [128.82905583057757, 35.086048917266474], [128.82930083106214, 35.086085490231], [128.82951205466014, 35.086133916034825], [128.8297004453827, 35.08618706869788], [128.82992738287328, 35.08626473798343], [128.8301897232194, 35.08636845543291], [128.8303797298224, 35.08646526894077], [128.83053629980392, 35.08656315031489], [128.83072064504987, 35.08669477160459], [128.8311691030738, 35.08708312769333]]]}}, {"type": "Feature", "properties": {"LINK_ID": "1410001801", "F_NODE": "1410000604", "T_NODE": "1410000603", "LANES": 3, "ROAD_RANK": "103", "ROAD_TYPE": "000", "ROAD_NO": "2", "ROAD_NAME": "낙동남로", "ROAD_USE": "0", "MULTI_LINK": "0", "CONNECT": "0", "MAX_SPD": 70, "REST_VEH": "0", "REST_W": 0, "REST_H": 0, "C-ITS": "0", "LENGTH": 27.547320990813, "UPDATEDATE": "20250512", "REMARK": null, "HIST_TYPE": "LINK0001", "HISTREMARK": null, "link_stats_import_fid": null, "link_stats_import_vehicle_count": null, "link_stats_import_avg_speed": null, "link_stats_import_sum_weight_kg": null}, "geometry": {"type": "MultiLineString", "coordinates": [[[128.84464498747298, 35.10638899176401], [128.8443740329531, 35.10627930119866]]]}}, {"type": "Feature", "properties": {"LINK_ID": "4180068500", "F_NODE": "4180123701", "T_NODE": "4180123602", "LANES": 3, "ROAD_RANK": "107", "ROAD_TYPE": "000", "ROAD_NO": "-", "ROAD_NAME": "신항3로", "ROAD_USE": "0", "MULTI_LINK": "0", "CONNECT": "0", "MAX_SPD": 60, "REST_VEH": "0", "REST_W": 0, "REST_H": 0, "C-ITS": "0", "LENGTH": 86.041127983615, "UPDATEDATE": "20250512", "REMARK": null, "HIST_TYPE": "LINK0003", "HISTREMARK": null, "link_stats_import_fid": 222, "link_stats_import_vehicle_count": 50.0, "link_stats_import_avg_speed": 8.57, "link_stats_import_sum_weight_kg": 136187.0}, "geometry": {"type": "MultiLineString", "coordinates": [[[128.82438456803223, 35.086127189067035], [128.82438505807943, 35.08690247398899]]]}}, {"type": "Feature", "properties": {"LINK_ID": "4180080300", "F_NODE": "4180124004", "T_NODE": "4180123801", "LANES": 2, "ROAD_RANK": "107", "ROAD_TYPE": "000", "ROAD_NO": "-", "ROAD_NAME": "신항2로", "ROAD_USE": "0", "MULTI_LINK": "0", "CONNECT": "0", "MAX_SPD": 60, "REST_VEH": "0", "REST_W": 0, "REST_H": 0, "C-ITS": "0", "LENGTH": 321.23976692946, "UPDATEDATE": "20250512", "REMARK": null, "HIST_TYPE": "LINK0006", "HISTREMARK": null, "link_stats_import_fid": 358, "link_stats_import_vehicle_count": 19.0, "link_stats_import_avg_speed": 7.52, "link_stats_import_sum_weight_kg": 41146.0}, "geometry": {"type": "MultiLineString", "coordinates": [[[128.82725718919227, 35.09037996831094], [128.82658188732813, 35.09091990846112], [128.826487502119, 35.09099537367171], [128.82473282956863, 35.09239827539449]]]}}, {"type": "Feature", "properties": {"LINK_ID": "4180060805", "F_NODE": "4180313000", "T_NODE": "4180096102", "LANES": 2, "ROAD_RANK": "107", "ROAD_TYPE": "000", "ROAD_NO": "-", "ROAD_NAME": "안골로108번길", "ROAD_USE": "0", "MULTI_LINK": "0", "CONNECT": "0", "MAX_SPD": 50, "REST_VEH": "0", "REST_W": 0, "REST_H": 550, "C-ITS": "0", "LENGTH": 299.022645880119, "UPDATEDATE": "20250512", "REMARK": null, "HIST_TYPE": "LINK1007", "HISTREMARK": "4180060800", "link_stats_import_fid": 132, "link_stats_import_vehicle_count": 107.0, "link_stats_import_avg_speed": 14.0, "link_stats_import_sum_weight_kg": 768275.0}, "geometry": {"type": "MultiLineString", "coordinates": [[[128.783584847705, 35.082917151624876], [128.7835107011166, 35.08301117428137], [128.78346422656458, 35.08311854011057], [128.7834657766538, 35.083332951291084], [128.7834730106553, 35.084375675419544], [128.78347424066294, 35.084482270929094], [128.783543527383, 35.08470029707583], [128.78358718206587, 35.08479934071744], [128.78368045865776, 35.08497136424117], [128.7838056105882, 35.08513863965819], [128.78391342351844, 35.08525939399485], [128.78401644117062, 35.08535060015906], [128.78411198192958, 35.0854346348918]]]}}, {"type": "Feature", "properties": {"LINK_ID": "4180063501", "F_NODE": "4180109803", "T_NODE": "4180109802", "LANES": 2, "ROAD_RANK": "107", "ROAD_TYPE": "000", "ROAD_NO": "-", "ROAD_NAME": "신항4로", "ROAD_USE": "0", "MULTI_LINK": "0", "CONNECT": "0", "MAX_SPD": 60, "REST_VEH": "0", "REST_W": 0, "REST_H": 0, "C-ITS": "0", "LENGTH": 12.000044486759, "UPDATEDATE": "20250512", "REMARK": null, "HIST_TYPE": "LINK0001", "HISTREMARK": null, "link_stats_import_fid": null, "link_stats_import_vehicle_count": null, "link_stats_import_avg_speed": null, "link_stats_import_sum_weight_kg": null}, "geometry": {"type": "MultiLineString", "coordinates": [[[128.81223779459086, 35.08448646099176], [128.81236933806727, 35.084486463654926]]]}}, {"type": "Feature", "properties": {"LINK_ID": "1410074202", "F_NODE": "1410027402", "T_NODE": "1410027401", "LANES": 2, "ROAD_RANK": "104", "ROAD_TYPE": "000", "ROAD_NO": "-", "ROAD_NAME": "녹산산단27로", "ROAD_USE": "0", "MULTI_LINK": "0", "CONNECT": "0", "MAX_SPD": 50, "REST_VEH": "0", "REST_W": 0, "REST_H": 0, "C-ITS": "0", "LENGTH": 13.318758471747, "UPDATEDATE": "20250512", "REMARK": null, "HIST_TYPE": "LINK0001", "HISTREMARK": null, "link_stats_import_fid": null, "link_stats_import_vehicle_count": null, "link_stats_import_avg_speed": null, "link_stats_import_sum_weight_kg": null}, "geometry": {"type": "MultiLineString", "coordinates": [[[128.8327661733647, 35.09662015509132], [128.83276579275616, 35.09674016456006]]]}}, {"type": "Feature", "properties": {"LINK_ID": "4180083600", "F_NODE": "4180122903", "T_NODE": "4180122404", "LANES": 2, "ROAD_RANK": "107", "ROAD_TYPE": "000", "ROAD_NO": "-", "ROAD_NAME": "신항2로", "ROAD_USE": "0", "MULTI_LINK": "0", "CONNECT": "0", "MAX_SPD": 60, "REST_VEH": "0", "REST_W": 0, "REST_H": 0, "C-ITS": "0", "LENGTH": 135.468236390067, "UPDATEDATE": "20250512", "REMARK": null, "HIST_TYPE": "LINK0003", "HISTREMARK": null, "link_stats_import_fid": 1009, "link_stats_import_vehicle_count": 2.0, "link_stats_import_avg_speed": 7.44, "link_stats_import_sum_weight_kg": 27410.0}, "geometry": {"type": "MultiLineString", "coordinates": [[[128.82183279531202, 35.09174063916374], [128.8207923766205, 35.09086959569717]]]}}, {"type": "Feature", "properties": {"LINK_ID": "1410057101", "F_NODE": "1410020104", "T_NODE": "1410020103", "LANES": 2, "ROAD_RANK": "104", "ROAD_TYPE": "000", "ROAD_NO": "-", "ROAD_NAME": "녹산산단261로", "ROAD_USE": "0", "MULTI_LINK": "0", "CONNECT": "0", "MAX_SPD": 50, "REST_VEH": "0", "REST_W": 0, "REST_H": 0, "C-ITS": "0", "LENGTH": 13.317818078343, "UPDATEDATE": "20250512", "REMARK": null, "HIST_TYPE": "LINK0001", "HISTREMARK": null, "link_stats_import_fid": null, "link_stats_import_vehicle_count": null, "link_stats_import_avg_speed": null, "link_stats_import_sum_weight_kg": null}, "geometry": {"type": "MultiLineString", "coordinates": [[[128.84597278228162, 35.09104590231687], [128.8459731230853, 35.09092590173097]]]}}, {"type": "Feature", "properties": {"LINK_ID": "4180062102", "F_NODE": "4180107302", "T_NODE": "4180107301", "LANES": 3, "ROAD_RANK": "107", "ROAD_TYPE": "000", "ROAD_NO": "-", "ROAD_NAME": "신항5로", "ROAD_USE": "0", "MULTI_LINK": "0", "CONNECT": "0", "MAX_SPD": 60, "REST_VEH": "0", "REST_W": 0, "REST_H": 0, "C-ITS": "0", "LENGTH": 11.999941425498, "UPDATEDATE": "20250512", "REMARK": null, "HIST_TYPE": "LINK0001", "HISTREMARK": null, "link_stats_import_fid": 276, "link_stats_import_vehicle_count": 31.0, "link_stats_import_avg_speed": 11.48, "link_stats_import_sum_weight_kg": 235333.0}, "geometry": {"type": "MultiLineString", "coordinates": [[[128.80730616805283, 35.08311245792876], [128.8073059400824, 35.08322058557839]]]}}, {"type": "Feature", "properties": {"LINK_ID": "1410705101", "F_NODE": "1410277501", "T_NODE": "1410277504", "LANES": 2, "ROAD_RANK": "104", "ROAD_TYPE": "000", "ROAD_NO": "-", "ROAD_NAME": "신항로", "ROAD_USE": "0", "MULTI_LINK": "0", "CONNECT": "0", "MAX_SPD": 30, "REST_VEH": "0", "REST_W": 0, "REST_H": 0, "C-ITS": "0", "LENGTH": 11.743060015695, "UPDATEDATE": "20250512", "REMARK": null, "HIST_TYPE": "LINK0001", "HISTREMARK": null, "link_stats_import_fid": 967, "link_stats_import_vehicle_count": 2.0, "link_stats_import_avg_speed": 6.61, "link_stats_import_sum_weight_kg": 27500.0}, "geometry": {"type": "MultiLineString", "coordinates": [[[128.82452839522855, 35.084620190296626], [128.82439968316, 35.08461863024158]]]}}, {"type": "Feature", "properties": {"LINK_ID": "4180063001", "F_NODE": "4180098004", "T_NODE": "4180098003", "LANES": 2, "ROAD_RANK": "107", "ROAD_TYPE": "000", "ROAD_NO": "-", "ROAD_NAME": "안골로108번길", "ROAD_USE": "0", "MULTI_LINK": "0", "CONNECT": "0", "MAX_SPD": 50, "REST_VEH": "0", "REST_W": 0, "REST_H": 0, "C-ITS": "0", "LENGTH": 12.279607327702, "UPDATEDATE": "20250512", "REMARK": null, "HIST_TYPE": "LINK0001", "HISTREMARK": null, "link_stats_import_fid": 574, "link_stats_import_vehicle_count": 8.0, "link_stats_import_avg_speed": 7.71, "link_stats_import_sum_weight_kg": 164346.0}, "geometry": {"type": "MultiLineString", "coordinates": [[[128.78708902403335, 35.08453182974156], [128.78711510348714, 35.08442327765545]]]}}, {"type": "Feature", "properties": {"LINK_ID": "4180138100", "F_NODE": "4180108404", "T_NODE": "4180108001", "LANES": 2, "ROAD_RANK": "107", "ROAD_TYPE": "000", "ROAD_NO": "-", "ROAD_NAME": "용재로", "ROAD_USE": "0", "MULTI_LINK": "0", "CONNECT": "0", "MAX_SPD": 60, "REST_VEH": "0", "REST_W": 0, "REST_H": 0, "C-ITS": "0", "LENGTH": 17.06582671567, "UPDATEDATE": "20250512", "REMARK": null, "HIST_TYPE": "LINK0003", "HISTREMARK": null, "link_stats_import_fid": null, "link_stats_import_vehicle_count": null, "link_stats_import_avg_speed": null, "link_stats_import_sum_weight_kg": null}, "geometry": {"type": "MultiLineString", "coordinates": [[[128.8106677319704, 35.10235740446938], [128.8104865169753, 35.10239571566382]]]}}, {"type": "Feature", "properties": {"LINK_ID": "4180058300", "F_NODE": "4180000401", "T_NODE": "4180000301", "LANES": 2, "ROAD_RANK": "107", "ROAD_TYPE": "004", "ROAD_NO": "-", "ROAD_NAME": "신항남로", "ROAD_USE": "0", "MULTI_LINK": "0", "CONNECT": "0", "MAX_SPD": 80, "REST_VEH": "0", "REST_W": 0, "REST_H": 0, "C-ITS": "0", "LENGTH": 339.603741223648, "UPDATEDATE": "20250512", "REMARK": null, "HIST_TYPE": "LINK0003", "HISTREMARK": null, "link_stats_import_fid": 67, "link_stats_import_vehicle_count": 235.0, "link_stats_import_avg_speed": 20.0, "link_stats_import_sum_weight_kg": 719725.0}, "geometry": {"type": "MultiLineString", "coordinates": [[[128.8351684562523, 35.10232798718038], [128.83569251702517, 35.10368325976709], [128.8360645485908, 35.10463241748609], [128.8363570976351, 35.105226390180555]]]}}, {"type": "Feature", "properties": {"LINK_ID": "4180060400", "F_NODE": "4180098202", "T_NODE": "4180220800", "LANES": 3, "ROAD_RANK": "107", "ROAD_TYPE": "000", "ROAD_NO": "-", "ROAD_NAME": "신항로", "ROAD_USE": "0", "MULTI_LINK": "0", "CONNECT": "0", "MAX_SPD": 60, "REST_VEH": "0", "REST_W": 0, "REST_H": 0, "C-ITS": "0", "LENGTH": 408.744842248305, "UPDATEDATE": "20250512", "REMARK": null, "HIST_TYPE": "LINK0003", "HISTREMARK": null, "link_stats_import_fid": 24, "link_stats_import_vehicle_count": 408.0, "link_stats_import_avg_speed": 12.94, "link_stats_import_sum_weight_kg": 7118115.0}, "geometry": {"type": "MultiLineString", "coordinates": [[[128.78727966914164, 35.083064921981126], [128.78727994975858, 35.08306491964649], [128.7881329397082, 35.083077865568264], [128.79175026667957, 35.083103145748936], [128.79175998062172, 35.08310313988482]]]}}, {"type": "Feature", "properties": {"LINK_ID": "1410705703", "F_NODE": "1410889900", "T_NODE": "1410277601", "LANES": 3, "ROAD_RANK": "104", "ROAD_TYPE": "000", "ROAD_NO": "-", "ROAD_NAME": "신항로", "ROAD_USE": "0", "MULTI_LINK": "0", "CONNECT": "0", "MAX_SPD": 60, "REST_VEH": "0", "REST_W": 0, "REST_H": 0, "C-ITS": "0", "LENGTH": 462.69441056833, "UPDATEDATE": "20250512", "REMARK": null, "HIST_TYPE": "LINK1007", "HISTREMARK": "1410705700", "link_stats_import_fid": 27, "link_stats_import_vehicle_count": 403.0, "link_stats_import_avg_speed": 13.76, "link_stats_import_sum_weight_kg": 4958834.0}, "geometry": {"type": "MultiLineString", "coordinates": [[[128.82959633060912, 35.08326521789285], [128.82644571102895, 35.08325698953401], [128.82452448350094, 35.08324558534142]]]}}, {"type": "Feature", "properties": {"LINK_ID": "1410002101", "F_NODE": "1410000704", "T_NODE": "1410000703", "LANES": 3, "ROAD_RANK": "103", "ROAD_TYPE": "000", "ROAD_NO": "2", "ROAD_NAME": "낙동남로", "ROAD_USE": "0", "MULTI_LINK": "0", "CONNECT": "0", "MAX_SPD": 70, "REST_VEH": "0", "REST_W": 0, "REST_H": 0, "C-ITS": "0", "LENGTH": 39.695510603064, "UPDATEDATE": "20250512", "REMARK": null, "HIST_TYPE": "LINK0001", "HISTREMARK": null, "link_stats_import_fid": null, "link_stats_import_vehicle_count": null, "link_stats_import_avg_speed": null, "link_stats_import_sum_weight_kg": null}, "geometry": {"type": "MultiLineString", "coordinates": [[[128.84678531990556, 35.10717870993486], [128.84638076827687, 35.107046756271174]]]}}]}