{"type": "FeatureCollection", "features": [{"type": "Feature", "properties": {"LINK_ID": "4180034300", "ROAD_NAME": "-", "ROAD_RANK": "107", "LANES": 1, "MAX_SPD": 40, "LENGTH": 130.2277815883, "count": 1}, "geometry": {"type": "MultiLineString", "coordinates": [[[128.76728139907672, 35.09139840245418], [128.76729335392187, 35.0925718197028]]]}}, {"type": "Feature", "properties": {"LINK_ID": "4180068001", "ROAD_NAME": "신항8로", "ROAD_RANK": "107", "LANES": 3, "MAX_SPD": 60, "LENGTH": 11.999931351944, "count": 9}, "geometry": {"type": "MultiLineString", "coordinates": [[[128.7652259555981, 35.08697433837256], [128.7650944071408, 35.0869742454201]]]}}, {"type": "Feature", "properties": {"LINK_ID": "4180075100", "ROAD_NAME": "신항6로", "ROAD_RANK": "107", "LANES": 3, "MAX_SPD": 60, "LENGTH": 231.447226376807, "count": 7}, "geometry": {"type": "MultiLineString", "coordinates": [[[128.77442231215105, 35.08917237616524], [128.77440206231657, 35.091257832970626]]]}}, {"type": "Feature", "properties": {"LINK_ID": "4180066000", "ROAD_NAME": "신항북로", "ROAD_RANK": "107", "LANES": 4, "MAX_SPD": 70, "LENGTH": 305.644289672862, "count": 70}, "geometry": {"type": "MultiLineString", "coordinates": [[[128.79750869257848, 35.08614411334973], [128.79788686551353, 35.086066002066104], [128.79811180294965, 35.086024678556896], [128.79839833981708, 35.08599183331696], [128.7986928398136, 35.08597267952575], [128.800838035972, 35.08594970909276]]]}}, {"type": "Feature", "properties": {"LINK_ID": "4180061901", "ROAD_NAME": "신항로", "ROAD_RANK": "107", "LANES": 3, "MAX_SPD": 60, "LENGTH": 11.993459661593, "count": 2}, "geometry": {"type": "MultiLineString", "coordinates": [[[128.81223027844328, 35.083119372949675], [128.81236174750123, 35.08311945901778]]]}}, {"type": "Feature", "properties": {"LINK_ID": "4180061601", "ROAD_NAME": "신항로", "ROAD_RANK": "107", "LANES": 3, "MAX_SPD": 60, "LENGTH": 12.000463250458, "count": 4}, "geometry": {"type": "MultiLineString", "coordinates": [[[128.80114052930003, 35.08321124911268], [128.80100898278036, 35.08321115930605]]]}}, {"type": "Feature", "properties": {"LINK_ID": "4180059902", "ROAD_NAME": "신항로", "ROAD_RANK": "107", "LANES": 4, "MAX_SPD": 60, "LENGTH": 427.281617442385, "count": 143}, "geometry": {"type": "MultiLineString", "coordinates": [[[128.76520642791775, 35.08308685456833], [128.76989023016571, 35.08307578862432]]]}}, {"type": "Feature", "properties": {"LINK_ID": "1411030500", "ROAD_NAME": "신항남로", "ROAD_RANK": "104", "LANES": 3, "MAX_SPD": 60, "LENGTH": 471.045344383567, "count": 44}, "geometry": {"type": "MultiLineString", "coordinates": [[[128.83474244131108, 35.074157473947636], [128.83474038082474, 35.0707627686242], [128.8347170292975, 35.070071072009526], [128.8346900911283, 35.06991489334677]]]}}, {"type": "Feature", "properties": {"LINK_ID": "1410086500", "ROAD_NAME": "녹산산업북로", "ROAD_RANK": "104", "LANES": 2, "MAX_SPD": 50, "LENGTH": 132.713307924889, "count": 12}, "geometry": {"type": "MultiLineString", "coordinates": [[[128.8342167011104, 35.098014201186594], [128.83276187171631, 35.09799480323564]]]}}, {"type": "Feature", "properties": {"LINK_ID": "4180064000", "ROAD_NAME": "신항4로", "ROAD_RANK": "107", "LANES": 2, "MAX_SPD": 60, "LENGTH": 266.691034123085, "count": 5}, "geometry": {"type": "MultiLineString", "coordinates": [[[128.81821467283618, 35.084592188267806], [128.81765046865203, 35.084593892468675], [128.81715952254225, 35.0845953730739], [128.81529146933258, 35.08460098937307], [128.81529124871543, 35.08460099100768]]]}}, {"type": "Feature", "properties": {"LINK_ID": "4180060500", "ROAD_NAME": "신항로", "ROAD_RANK": "107", "LANES": 3, "MAX_SPD": 60, "LENGTH": 410.097975734641, "count": 63}, "geometry": {"type": "MultiLineString", "coordinates": [[[128.79625549532727, 35.08321195023358], [128.79384804430796, 35.08320998989485], [128.79176007728097, 35.08321126916516]]]}}, {"type": "Feature", "properties": {"LINK_ID": "4180067401", "ROAD_NAME": "-", "ROAD_RANK": "107", "LANES": 3, "MAX_SPD": 70, "LENGTH": 12.000002744265, "count": 2}, "geometry": {"type": "MultiLineString", "coordinates": [[[128.8142171995014, 35.0861071130333], [128.8142167129008, 35.08599898573479]]]}}, {"type": "Feature", "properties": {"LINK_ID": "4180034801", "ROAD_NAME": "신항로", "ROAD_RANK": "107", "LANES": 4, "MAX_SPD": 60, "LENGTH": 12.140727036903, "count": 22}, "geometry": {"type": "MultiLineString", "coordinates": [[[128.7963721268092, 35.083103851313574], [128.79639236111444, 35.083211976310714]]]}}, {"type": "Feature", "properties": {"LINK_ID": "4180118600", "ROAD_NAME": "용원중로25번길", "ROAD_RANK": "107", "LANES": 1, "MAX_SPD": 30, "LENGTH": 122.817924770552, "count": 1}, "geometry": {"type": "MultiLineString", "coordinates": [[[128.81511250204503, 35.099789602282755], [128.81539778563604, 35.10087115001154]]]}}, {"type": "Feature", "properties": {"LINK_ID": "4180118802", "ROAD_NAME": "용원중로25번길", "ROAD_RANK": "107", "LANES": 1, "MAX_SPD": 30, "LENGTH": 11.108618865292, "count": 1}, "geometry": {"type": "MultiLineString", "coordinates": [[[128.81453087255585, 35.09978572688738], [128.81464952467812, 35.0997631367314]]]}}, {"type": "Feature", "properties": {"LINK_ID": "4180061301", "ROAD_NAME": "-", "ROAD_RANK": "107", "LANES": 2, "MAX_SPD": 60, "LENGTH": 12.004809197746, "count": 4}, "geometry": {"type": "MultiLineString", "coordinates": [[[128.79750869257848, 35.08614411334973], [128.79754437842377, 35.08624823229415]]]}}, {"type": "Feature", "properties": {"LINK_ID": "1410087501", "ROAD_NAME": "녹산산업북로", "ROAD_RANK": "104", "LANES": 3, "MAX_SPD": 50, "LENGTH": 10.947129780733, "count": 2}, "geometry": {"type": "MultiLineString", "coordinates": [[[128.83811891378178, 35.09803507938804], [128.83799889376678, 35.09803489670606]]]}}, {"type": "Feature", "properties": {"LINK_ID": "4180108700", "ROAD_NAME": "용원로", "ROAD_RANK": "107", "LANES": 2, "MAX_SPD": 50, "LENGTH": 116.620098967866, "count": 1}, "geometry": {"type": "MultiLineString", "coordinates": [[[128.81763454034626, 35.09887348178804], [128.8188756492508, 35.09862088307205]]]}}, {"type": "Feature", "properties": {"LINK_ID": "4180090601", "ROAD_NAME": "용원동로", "ROAD_RANK": "107", "LANES": 2, "MAX_SPD": 50, "LENGTH": 12.537025140838, "count": 1}, "geometry": {"type": "MultiLineString", "coordinates": [[[128.81900637077345, 35.0936585380325], [128.81895981716067, 35.0935522486718]]]}}, {"type": "Feature", "properties": {"LINK_ID": "4180141300", "ROAD_NAME": "진해대로", "ROAD_RANK": "103", "LANES": 3, "MAX_SPD": 70, "LENGTH": 147.3759944036, "count": 5}, "geometry": {"type": "MultiLineString", "coordinates": [[[128.81385351309578, 35.10306248602854], [128.8154203546414, 35.10273780008771]]]}}, {"type": "Feature", "properties": {"LINK_ID": "4180035500", "ROAD_NAME": "안골로318번길", "ROAD_RANK": "107", "LANES": 1, "MAX_SPD": 60, "LENGTH": 436.843418066355, "count": 1}, "geometry": {"type": "MultiLineString", "coordinates": [[[128.80749799991995, 35.09813213280711], [128.8075475833605, 35.09825963239421], [128.80763145038742, 35.0983954159996], [128.807712290339, 35.09850320156249], [128.80786198667533, 35.09861067471736], [128.80812930826463, 35.09873218412348], [128.8083852157227, 35.098834546573016], [128.8086549115499, 35.09902290396448], [128.80888870890146, 35.09919825032432], [128.80865449556828, 35.09970829159787], [128.8069243998, 35.09863909498466]]]}}, {"type": "Feature", "properties": {"LINK_ID": "1410122300", "ROAD_NAME": "신항남로", "ROAD_RANK": "104", "LANES": 2, "MAX_SPD": 80, "LENGTH": 485.32044073622, "count": 54}, "geometry": {"type": "MultiLineString", "coordinates": [[[128.83458694466165, 35.09352112140356], [128.83456668990235, 35.09729081415108], [128.83459553510312, 35.09789364004269]]]}}, {"type": "Feature", "properties": {"LINK_ID": "4180143400", "ROAD_NAME": "남해고속도로제3지선", "ROAD_RANK": "101", "LANES": 2, "MAX_SPD": 100, "LENGTH": 47.097926616982, "count": 4}, "geometry": {"type": "MultiLineString", "coordinates": [[[128.76626302787383, 35.104171321087236], [128.76634835476298, 35.104460932865656], [128.76638846358352, 35.104582970102605]]]}}, {"type": "Feature", "properties": {"LINK_ID": "1410702202", "ROAD_NAME": "신항4로", "ROAD_RANK": "104", "LANES": 2, "MAX_SPD": 30, "LENGTH": 92.582271551523, "count": 11}, "geometry": {"type": "MultiLineString", "coordinates": [[[128.82338536423777, 35.08450702929597], [128.82440023038848, 35.084510503951535]]]}}, {"type": "Feature", "properties": {"LINK_ID": "1410028901", "ROAD_NAME": "녹산산단232로", "ROAD_RANK": "104", "LANES": 2, "MAX_SPD": 60, "LENGTH": 10.947228907358, "count": 1}, "geometry": {"type": "MultiLineString", "coordinates": [[[128.842677142758, 35.085619108636706], [128.8427971453697, 35.085619322363684]]]}}, {"type": "Feature", "properties": {"LINK_ID": "1410077001", "ROAD_NAME": "가락대로", "ROAD_RANK": "105", "LANES": 3, "MAX_SPD": 60, "LENGTH": 13.317661751093, "count": 1}, "geometry": {"type": "MultiLineString", "coordinates": [[[128.83948816518287, 35.09791706950732], [128.83948779935878, 35.09803706879724]]]}}, {"type": "Feature", "properties": {"LINK_ID": "1411030702", "ROAD_NAME": "신항남로", "ROAD_RANK": "104", "LANES": 3, "MAX_SPD": 30, "LENGTH": 17.095894456066, "count": 1}, "geometry": {"type": "MultiLineString", "coordinates": [[[128.83381101424038, 35.06995037320042], [128.8336237053108, 35.06995427369539]]]}}, {"type": "Feature", "properties": {"LINK_ID": "1411101801", "ROAD_NAME": "신항남로", "ROAD_RANK": "104", "LANES": 3, "MAX_SPD": 60, "LENGTH": 117.234653804496, "count": 2}, "geometry": {"type": "MultiLineString", "coordinates": [[[128.82287411595158, 35.06422849168242], [128.82262780162873, 35.06410924387112], [128.82241128492328, 35.06401684470176], [128.821711078124, 35.06378466505563]]]}}, {"type": "Feature", "properties": {"LINK_ID": "1410122200", "ROAD_NAME": "녹산산업중로", "ROAD_RANK": "104", "LANES": 2, "MAX_SPD": 50, "LENGTH": 81.814278069447, "count": 1}, "geometry": {"type": "MultiLineString", "coordinates": [[[128.83458715357906, 35.093400092527936], [128.8354840839502, 35.093399061145824]]]}}, {"type": "Feature", "properties": {"LINK_ID": "1411038901", "ROAD_NAME": "녹산산단46로", "ROAD_RANK": "104", "LANES": 1, "MAX_SPD": 60, "LENGTH": 12.000008764137, "count": 1}, "geometry": {"type": "MultiLineString", "coordinates": [[[128.83298209447727, 35.08930206149534], [128.8329006090874, 35.08921717566618]]]}}, {"type": "Feature", "properties": {"LINK_ID": "4180069501", "ROAD_NAME": "신항6로", "ROAD_RANK": "107", "LANES": 3, "MAX_SPD": 60, "LENGTH": 12.00085054914, "count": 2}, "geometry": {"type": "MultiLineString", "coordinates": [[[128.77442223545617, 35.0890642389761], [128.77442231215105, 35.08917237616524]]]}}, {"type": "Feature", "properties": {"LINK_ID": "1410081301", "ROAD_NAME": "녹산산업북로", "ROAD_RANK": "104", "LANES": 2, "MAX_SPD": 50, "LENGTH": 12.258933660695, "count": 1}, "geometry": {"type": "MultiLineString", "coordinates": [[[128.82958541589926, 35.096616353322936], [128.8294884215995, 35.096539889893016]]]}}, {"type": "Feature", "properties": {"LINK_ID": "4180074800", "ROAD_NAME": "신항7로", "ROAD_RANK": "107", "LANES": 2, "MAX_SPD": 50, "LENGTH": 233.403228728583, "count": 5}, "geometry": {"type": "MultiLineString", "coordinates": [[[128.76983065974773, 35.0912809823106], [128.76984394153502, 35.08917785879824]]]}}, {"type": "Feature", "properties": {"LINK_ID": "4180062700", "ROAD_NAME": "신항4로", "ROAD_RANK": "107", "LANES": 3, "MAX_SPD": 60, "LENGTH": 138.245515611582, "count": 29}, "geometry": {"type": "MultiLineString", "coordinates": [[[128.81834040268862, 35.08323863638847], [128.81834051590286, 35.08333313436045], [128.81834558792804, 35.084484311724204]]]}}, {"type": "Feature", "properties": {"LINK_ID": "1410023900", "ROAD_NAME": "녹산산단178로", "ROAD_RANK": "104", "LANES": 1, "MAX_SPD": 60, "LENGTH": 169.166346077659, "count": 2}, "geometry": {"type": "MultiLineString", "coordinates": [[[128.83692759046696, 35.08563108321822], [128.83741398737024, 35.08466699125006], [128.8374149879386, 35.08466399126931], [128.83743698754296, 35.08464199087419], [128.83744698721617, 35.08463699168657], [128.8376009868177, 35.08453799155367], [128.83778098784185, 35.08447199147428], [128.83792236037485, 35.084461781250454]]]}}, {"type": "Feature", "properties": {"LINK_ID": "1410040300", "ROAD_NAME": "녹산산업대로", "ROAD_RANK": "104", "LANES": 3, "MAX_SPD": 70, "LENGTH": 287.802353729609, "count": 9}, "geometry": {"type": "MultiLineString", "coordinates": [[[128.83951514817687, 35.088899028406374], [128.84267014852955, 35.08890095449712]]]}}, {"type": "Feature", "properties": {"LINK_ID": "1410063501", "ROAD_NAME": "녹산산업대로", "ROAD_RANK": "104", "LANES": 3, "MAX_SPD": 70, "LENGTH": 52.247258939124, "count": 9}, "geometry": {"type": "MultiLineString", "coordinates": [[[128.8267908853966, 35.09417507320601], [128.8267959876557, 35.09417099154505], [128.82719981586857, 35.09384542179882]]]}}, {"type": "Feature", "properties": {"LINK_ID": "1410039304", "ROAD_NAME": "녹산산업대로", "ROAD_RANK": "104", "LANES": 3, "MAX_SPD": 70, "LENGTH": 234.522016448876, "count": 4}, "geometry": {"type": "MultiLineString", "coordinates": [[[128.83298209447727, 35.08930206149534], [128.83296440401594, 35.08931353442525], [128.83291401628776, 35.08934713921733], [128.8328696450596, 35.08937870459639], [128.83116876003, 35.09079924794791]]]}}, {"type": "Feature", "properties": {"LINK_ID": "4180089901", "ROAD_NAME": "신항북로", "ROAD_RANK": "107", "LANES": 3, "MAX_SPD": 80, "LENGTH": 12.000097448497, "count": 1}, "geometry": {"type": "MultiLineString", "coordinates": [[[128.77882346503637, 35.0942176580295], [128.77869190371976, 35.09421766730167]]]}}, {"type": "Feature", "properties": {"LINK_ID": "1410034800", "ROAD_NAME": "녹산산단178로", "ROAD_RANK": "104", "LANES": 1, "MAX_SPD": 60, "LENGTH": 110.981428381516, "count": 2}, "geometry": {"type": "MultiLineString", "coordinates": [[[128.83701166529735, 35.087897042117056], [128.8370063144232, 35.08889704033501]]]}}, {"type": "Feature", "properties": {"LINK_ID": "4180062701", "ROAD_NAME": "신항4로", "ROAD_RANK": "107", "LANES": 3, "MAX_SPD": 60, "LENGTH": 12.0010416928, "count": 2}, "geometry": {"type": "MultiLineString", "coordinates": [[[128.81834558792804, 35.084484311724204], [128.8183462200525, 35.084592447735275]]]}}, {"type": "Feature", "properties": {"LINK_ID": "4180058400", "ROAD_NAME": "신항남로", "ROAD_RANK": "107", "LANES": 2, "MAX_SPD": 80, "LENGTH": 341.004156612342, "count": 8}, "geometry": {"type": "MultiLineString", "coordinates": [[[128.83623625421532, 35.10526909749716], [128.83594078414936, 35.10466932603268], [128.83556719984105, 35.10371620448204], [128.83504247266538, 35.10235881971477]]]}}, {"type": "Feature", "properties": {"LINK_ID": "1410736600", "ROAD_NAME": "만금로", "ROAD_RANK": "104", "LANES": 2, "MAX_SPD": 40, "LENGTH": 167.064696738054, "count": 11}, "geometry": {"type": "MultiLineString", "coordinates": [[[128.82266950592975, 35.09906204416048], [128.8232181485092, 35.100498285354156]]]}}, {"type": "Feature", "properties": {"LINK_ID": "4180118200", "ROAD_NAME": "용원로", "ROAD_RANK": "107", "LANES": 2, "MAX_SPD": 60, "LENGTH": 81.232222320497, "count": 1}, "geometry": {"type": "MultiLineString", "coordinates": [[[128.8138085122693, 35.09973627718203], [128.8129439795933, 35.099912159514254]]]}}, {"type": "Feature", "properties": {"LINK_ID": "4180068100", "ROAD_NAME": "신항배후로", "ROAD_RANK": "107", "LANES": 4, "MAX_SPD": 80, "LENGTH": 477.87255096546, "count": 38}, "geometry": {"type": "MultiLineString", "coordinates": [[[128.7652259555981, 35.08697433837256], [128.76522146083465, 35.0912803628712]]]}}, {"type": "Feature", "properties": {"LINK_ID": "4180076400", "ROAD_NAME": "신항동로", "ROAD_RANK": "107", "LANES": 3, "MAX_SPD": 30, "LENGTH": 226.202607071951, "count": 4}, "geometry": {"type": "MultiLineString", "coordinates": [[[128.81679863928403, 35.08895308909364], [128.81431890362265, 35.088947174278175]]]}}, {"type": "Feature", "properties": {"LINK_ID": "4180080100", "ROAD_NAME": "안골로", "ROAD_RANK": "107", "LANES": 1, "MAX_SPD": 30, "LENGTH": 76.369764004881, "count": 25}, "geometry": {"type": "MultiLineString", "coordinates": [[[128.78838968625024, 35.090907286956515], [128.78886816088468, 35.09147198593463]]]}}, {"type": "Feature", "properties": {"LINK_ID": "4180081000", "ROAD_NAME": "신항10로", "ROAD_RANK": "107", "LANES": 4, "MAX_SPD": 80, "LENGTH": 232.472980065587, "count": 3}, "geometry": {"type": "MultiLineString", "coordinates": [[[128.76982997730389, 35.091389114254625], [128.76939225727867, 35.09139027307658], [128.76858045105323, 35.09139241745274], [128.76743176489197, 35.09139771044128], [128.76728139907672, 35.09139840245418]]]}}, {"type": "Feature", "properties": {"LINK_ID": "4180081001", "ROAD_NAME": "신항10로", "ROAD_RANK": "107", "LANES": 4, "MAX_SPD": 80, "LENGTH": 12.000071659232, "count": 1}, "geometry": {"type": "MultiLineString", "coordinates": [[[128.76728139907672, 35.09139840245418], [128.76714984408378, 35.09139900793979]]]}}, {"type": "Feature", "properties": {"LINK_ID": "4180066600", "ROAD_NAME": "신항북로", "ROAD_RANK": "107", "LANES": 4, "MAX_SPD": 70, "LENGTH": 124.7007184313, "count": 41}, "geometry": {"type": "MultiLineString", "coordinates": [[[128.8142171995014, 35.0861071130333], [128.81285022358415, 35.086111261402664]]]}}, {"type": "Feature", "properties": {"LINK_ID": "4180093004", "ROAD_NAME": "청안로", "ROAD_RANK": "107", "LANES": 1, "MAX_SPD": 10, "LENGTH": 274.813092905082, "count": 1}, "geometry": {"type": "MultiLineString", "coordinates": [[[128.80255899261527, 35.098398753601565], [128.80231598821726, 35.09795399174605], [128.80216398782036, 35.09761299196671], [128.8021589871764, 35.0975949915176], [128.8020749874162, 35.09705099082353], [128.80207398776764, 35.097041991716395], [128.80207398768027, 35.09704099136714], [128.8020879195117, 35.09599236833917]]]}}, {"type": "Feature", "properties": {"LINK_ID": "4180076900", "ROAD_NAME": "신항동로", "ROAD_RANK": "107", "LANES": 3, "MAX_SPD": 50, "LENGTH": 354.118337366787, "count": 30}, "geometry": {"type": "MultiLineString", "coordinates": [[[128.8183473456639, 35.08884764799134], [128.81908878858295, 35.08883827790811], [128.8195787125872, 35.08884236222273], [128.8199605532433, 35.08888376894899], [128.8203315454192, 35.08897274396995], [128.82092772111034, 35.08923276730021], [128.82118999187404, 35.08941363211176], [128.82178332624832, 35.08992722110547]]]}}, {"type": "Feature", "properties": {"LINK_ID": "4180089602", "ROAD_NAME": "안골로", "ROAD_RANK": "107", "LANES": 1, "MAX_SPD": 30, "LENGTH": 15.170308809272, "count": 1}, "geometry": {"type": "MultiLineString", "coordinates": [[[128.79137110304055, 35.09381362766478], [128.79141212562436, 35.09368115549466]]]}}, {"type": "Feature", "properties": {"LINK_ID": "1410065300", "ROAD_NAME": "녹산산업중로", "ROAD_RANK": "104", "LANES": 2, "MAX_SPD": 50, "LENGTH": 114.733982631101, "count": 1}, "geometry": {"type": "MultiLineString", "coordinates": [[[128.8407586506224, 35.093523947601454], [128.83950082111983, 35.093523034969564]]]}}, {"type": "Feature", "properties": {"LINK_ID": "4180080601", "ROAD_NAME": "신항10로", "ROAD_RANK": "107", "LANES": 4, "MAX_SPD": 80, "LENGTH": 12.000027507056, "count": 6}, "geometry": {"type": "MultiLineString", "coordinates": [[[128.7652208960544, 35.09138849534354], [128.7650893432843, 35.0913876646322]]]}}, {"type": "Feature", "properties": {"LINK_ID": "4180071301", "ROAD_NAME": "신항3로", "ROAD_RANK": "107", "LANES": 3, "MAX_SPD": 70, "LENGTH": 12.002182435492, "count": 3}, "geometry": {"type": "MultiLineString", "coordinates": [[[128.82438870241108, 35.08798738623805], [128.8243897787756, 35.08809552985405]]]}}, {"type": "Feature", "properties": {"LINK_ID": "1410087700", "ROAD_NAME": "녹산산업북로", "ROAD_RANK": "104", "LANES": 2, "MAX_SPD": 50, "LENGTH": 288.410599406249, "count": 4}, "geometry": {"type": "MultiLineString", "coordinates": [[[128.84264981303238, 35.09804285275689], [128.8409809875414, 35.09803899203162], [128.83948779935878, 35.09803706879724]]]}}, {"type": "Feature", "properties": {"LINK_ID": "4180074102", "ROAD_NAME": "-", "ROAD_RANK": "107", "LANES": 1, "MAX_SPD": 30, "LENGTH": 12.000391458365, "count": 2}, "geometry": {"type": "MultiLineString", "coordinates": [[[128.82187496652583, 35.09000480153347], [128.82178089949954, 35.09008039474893]]]}}, {"type": "Feature", "properties": {"LINK_ID": "4180058200", "ROAD_NAME": "신항남로", "ROAD_RANK": "107", "LANES": 2, "MAX_SPD": 80, "LENGTH": 493.338702997173, "count": 30}, "geometry": {"type": "MultiLineString", "coordinates": [[[128.84029397990534, 35.107910228211324], [128.8398998356091, 35.10783445412508], [128.83924433891113, 35.107662880683804], [128.83868350582577, 35.107497420506654], [128.8381359332362, 35.10721230850147], [128.8377293902779, 35.10695770991214], [128.8373327207266, 35.10663905907037], [128.83684492793262, 35.10616319313772], [128.83644417625712, 35.10564395578073], [128.83623625421532, 35.10526909749716]]]}}, {"type": "Feature", "properties": {"LINK_ID": "4180074900", "ROAD_NAME": "신항9로", "ROAD_RANK": "107", "LANES": 2, "MAX_SPD": 60, "LENGTH": 281.700215124398, "count": 2}, "geometry": {"type": "MultiLineString", "coordinates": [[[128.77442223545617, 35.0890642389761], [128.7770807336171, 35.089037882019085], [128.77750553482844, 35.08908993632203]]]}}, {"type": "Feature", "properties": {"LINK_ID": "1410031000", "ROAD_NAME": "-", "ROAD_RANK": "104", "LANES": 1, "MAX_SPD": 30, "LENGTH": 80.527171293483, "count": 1}, "geometry": {"type": "MultiLineString", "coordinates": [[[128.83820979251573, 35.08574785551807], [128.83820742977457, 35.086473449987814]]]}}, {"type": "Feature", "properties": {"LINK_ID": "1411030701", "ROAD_NAME": "신항남로", "ROAD_RANK": "104", "LANES": 3, "MAX_SPD": 30, "LENGTH": 12.000046815329, "count": 5}, "geometry": {"type": "MultiLineString", "coordinates": [[[128.83482030744324, 35.06989971244042], [128.8346900911283, 35.06991489334677]]]}}, {"type": "Feature", "properties": {"LINK_ID": "1411032500", "ROAD_NAME": "신항남로", "ROAD_RANK": "104", "LANES": 3, "MAX_SPD": 60, "LENGTH": 51.73800582037, "count": 21}, "geometry": {"type": "MultiLineString", "coordinates": [[[128.8347422602312, 35.0747317959879], [128.8347424523801, 35.0742656047645]]]}}, {"type": "Feature", "properties": {"LINK_ID": "1410702302", "ROAD_NAME": "신항로", "ROAD_RANK": "104", "LANES": 3, "MAX_SPD": 60, "LENGTH": 276.076633328713, "count": 57}, "geometry": {"type": "MultiLineString", "coordinates": [[[128.82136667428657, 35.083241917988815], [128.81834040268862, 35.08323863638847]]]}}, {"type": "Feature", "properties": {"LINK_ID": "4180066100", "ROAD_NAME": "신항5로", "ROAD_RANK": "107", "LANES": 3, "MAX_SPD": 50, "LENGTH": 108.702206085587, "count": 3}, "geometry": {"type": "MultiLineString", "coordinates": [[[128.8072781876219, 35.086060788194644], [128.80728896342043, 35.08679770708053], [128.8072888917394, 35.0868069642055], [128.8072870856342, 35.08704021196354]]]}}, {"type": "Feature", "properties": {"LINK_ID": "1410122706", "ROAD_NAME": "신항남로", "ROAD_RANK": "104", "LANES": 2, "MAX_SPD": 80, "LENGTH": 229.178287824883, "count": 79}, "geometry": {"type": "MultiLineString", "coordinates": [[[128.83477379230703, 35.08631847515712], [128.83474573638134, 35.0868127650421], [128.83470567930286, 35.087375568376], [128.834633730854, 35.08814802120617], [128.83462588004767, 35.088379657946184]]]}}, {"type": "Feature", "properties": {"LINK_ID": "1410075501", "ROAD_NAME": "녹산산업북로", "ROAD_RANK": "104", "LANES": 2, "MAX_SPD": 50, "LENGTH": 12.23654529022, "count": 1}, "geometry": {"type": "MultiLineString", "coordinates": [[[128.82769684579716, 35.09507396856227], [128.82760177610677, 35.09499617647137]]]}}, {"type": "Feature", "properties": {"LINK_ID": "4180082400", "ROAD_NAME": "신항10로", "ROAD_RANK": "107", "LANES": 4, "MAX_SPD": 60, "LENGTH": 220.269674471924, "count": 6}, "geometry": {"type": "MultiLineString", "coordinates": [[[128.7812476982552, 35.09138671983136], [128.77883294579743, 35.09140042061962]]]}}, {"type": "Feature", "properties": {"LINK_ID": "4180073900", "ROAD_NAME": "신항4로", "ROAD_RANK": "107", "LANES": 1, "MAX_SPD": 30, "LENGTH": 132.612588877891, "count": 3}, "geometry": {"type": "MultiLineString", "coordinates": [[[128.82280342264352, 35.08799226818431], [128.82425715281755, 35.08798702973069]]]}}, {"type": "Feature", "properties": {"LINK_ID": "1410957300", "ROAD_NAME": "가덕해안로", "ROAD_RANK": "104", "LANES": 1, "MAX_SPD": 20, "LENGTH": 403.214643496229, "count": 70}, "geometry": {"type": "MultiLineString", "coordinates": [[[128.83157044433537, 35.06685121025002], [128.83156050782787, 35.066853859864345], [128.83109749142358, 35.06688815348479], [128.8307246526733, 35.0668624390212], [128.82736554480653, 35.06622737653604], [128.8272513942058, 35.066190254665464]]]}}, {"type": "Feature", "properties": {"LINK_ID": "4180064003", "ROAD_NAME": "신항4로", "ROAD_RANK": "107", "LANES": 2, "MAX_SPD": 60, "LENGTH": 266.691034123081, "count": 2}, "geometry": {"type": "MultiLineString", "coordinates": [[[128.81529124871543, 35.08460099100768], [128.81503081526387, 35.08460292034291], [128.81412338393028, 35.08460227526767], [128.81312317208187, 35.08460155636389], [128.81236786055243, 35.084594584615346]]]}}, {"type": "Feature", "properties": {"LINK_ID": "4180130800", "ROAD_NAME": "용재로", "ROAD_RANK": "107", "LANES": 2, "MAX_SPD": 60, "LENGTH": 120.539181767457, "count": 1}, "geometry": {"type": "MultiLineString", "coordinates": [[[128.8167525467347, 35.10100808154315], [128.81698348635823, 35.10096453737259], [128.81711095743148, 35.100940063074205], [128.81803960433732, 35.100761379942156]]]}}, {"type": "Feature", "properties": {"LINK_ID": "1410070901", "ROAD_NAME": "녹산산업북로", "ROAD_RANK": "104", "LANES": 2, "MAX_SPD": 50, "LENGTH": 12.236823307111, "count": 2}, "geometry": {"type": "MultiLineString", "coordinates": [[[128.82678880695167, 35.09433093857321], [128.82669686521103, 35.094250644036094]]]}}, {"type": "Feature", "properties": {"LINK_ID": "1410097800", "ROAD_NAME": "가락대로", "ROAD_RANK": "105", "LANES": 3, "MAX_SPD": 60, "LENGTH": 16.716229621036, "count": 2}, "geometry": {"type": "MultiLineString", "coordinates": [[[128.8394764823712, 35.10189620950047], [128.83947602995954, 35.1020468316337]]]}}, {"type": "Feature", "properties": {"LINK_ID": "1411031901", "ROAD_NAME": "신항남로", "ROAD_RANK": "104", "LANES": 3, "MAX_SPD": 60, "LENGTH": 437.837590658234, "count": 27}, "geometry": {"type": "MultiLineString", "coordinates": [[[128.82673682954615, 35.06649280648944], [128.82584720127548, 35.06619507042817], [128.8251451116473, 35.06587723338473], [128.8244562298048, 35.06546679796116], [128.82390857585978, 35.06501662375385], [128.82348711747744, 35.06466664637718], [128.82287411595158, 35.06422849168242]]]}}, {"type": "Feature", "properties": {"LINK_ID": "4180094800", "ROAD_NAME": "용원남로", "ROAD_RANK": "107", "LANES": 1, "MAX_SPD": 30, "LENGTH": 49.149603435131, "count": 1}, "geometry": {"type": "MultiLineString", "coordinates": [[[128.81956263741048, 35.09653332750093], [128.82008579601128, 35.096427226664304]]]}}, {"type": "Feature", "properties": {"LINK_ID": "1410094700", "ROAD_NAME": "녹산산업중로", "ROAD_RANK": "104", "LANES": 2, "MAX_SPD": 50, "LENGTH": 157.988738319474, "count": 1}, "geometry": {"type": "MultiLineString", "coordinates": [[[128.82462559062347, 35.10014444504961], [128.82490098747832, 35.100060991140325], [128.82506098771415, 35.09999299174998], [128.82524798690503, 35.09987199171455], [128.826007240004, 35.09931156877702]]]}}, {"type": "Feature", "properties": {"LINK_ID": "4180034400", "ROAD_NAME": "-", "ROAD_RANK": "107", "LANES": 1, "MAX_SPD": 40, "LENGTH": 130.261008995497, "count": 1}, "geometry": {"type": "MultiLineString", "coordinates": [[[128.76716180008432, 35.092572724652726], [128.76714984408378, 35.09139900793979]]]}}, {"type": "Feature", "properties": {"LINK_ID": "4180139800", "ROAD_NAME": "-", "ROAD_RANK": "107", "LANES": 2, "MAX_SPD": 80, "LENGTH": 436.855448867995, "count": 10}, "geometry": {"type": "MultiLineString", "coordinates": [[[128.82387586820303, 35.10237127788807], [128.82393511905443, 35.103103827891076], [128.82395404384113, 35.10368770879117], [128.82393315029722, 35.10418551931857], [128.82387395598045, 35.10470860481559], [128.82372140200914, 35.1054141747518], [128.82350136615682, 35.1060471019738], [128.82341454148795, 35.10625495547765]]]}}, {"type": "Feature", "properties": {"LINK_ID": "4180064101", "ROAD_NAME": "신항4로", "ROAD_RANK": "107", "LANES": 3, "MAX_SPD": 60, "LENGTH": 12.000930670373, "count": 3}, "geometry": {"type": "MultiLineString", "coordinates": [[[128.81835643687046, 35.08600223748689], [128.8183571730576, 35.086110372026596]]]}}, {"type": "Feature", "properties": {"LINK_ID": "1411060300", "ROAD_NAME": "신항2로", "ROAD_RANK": "107", "LANES": 2, "MAX_SPD": 30, "LENGTH": 486.916362252167, "count": 4}, "geometry": {"type": "MultiLineString", "coordinates": [[[128.82725975628748, 35.09022706852349], [128.8281226653538, 35.089537109318655], [128.8309853089546, 35.08722885355678], [128.83107369310557, 35.08715756692433]]]}}, {"type": "Feature", "properties": {"LINK_ID": "4180082000", "ROAD_NAME": "신항6로", "ROAD_RANK": "107", "LANES": 3, "MAX_SPD": 60, "LENGTH": 300.458902330782, "count": 3}, "geometry": {"type": "MultiLineString", "coordinates": [[[128.77425423208177, 35.094073398240674], [128.77426967106598, 35.09136605569532]]]}}, {"type": "Feature", "properties": {"LINK_ID": "1410081200", "ROAD_NAME": "녹산산업북로", "ROAD_RANK": "104", "LANES": 2, "MAX_SPD": 50, "LENGTH": 325.753887667217, "count": 16}, "geometry": {"type": "MultiLineString", "coordinates": [[[128.82968120367022, 35.09653843119529], [128.83148798778382, 35.097857991893655], [128.83264218143142, 35.097873191115674]]]}}, {"type": "Feature", "properties": {"LINK_ID": "1410123004", "ROAD_NAME": "신항남로", "ROAD_RANK": "104", "LANES": 2, "MAX_SPD": 80, "LENGTH": 229.403546219566, "count": 127}, "geometry": {"type": "MultiLineString", "coordinates": [[[128.83449441302838, 35.08837664722581], [128.8345023751618, 35.08814183065246], [128.83457442641637, 35.087368283153765], [128.8346143691069, 35.08680708754049], [128.83464239015882, 35.086313435803284]]]}}, {"type": "Feature", "properties": {"LINK_ID": "4180062500", "ROAD_NAME": "-", "ROAD_RANK": "107", "LANES": 3, "MAX_SPD": 60, "LENGTH": 139.722192490195, "count": 3}, "geometry": {"type": "MultiLineString", "coordinates": [[[128.8123617471838, 35.083227587749434], [128.81236770601416, 35.08333196006183], [128.81236933806727, 35.084486463654926]]]}}, {"type": "Feature", "properties": {"LINK_ID": "1410121001", "ROAD_NAME": "녹산산업대로", "ROAD_RANK": "104", "LANES": 3, "MAX_SPD": 70, "LENGTH": 12.001521688583, "count": 4}, "geometry": {"type": "MultiLineString", "coordinates": [[[128.83447680533263, 35.08889592589275], [128.83460837029426, 35.08889627873938]]]}}, {"type": "Feature", "properties": {"LINK_ID": "1410957217", "ROAD_NAME": "가덕해안로", "ROAD_RANK": "104", "LANES": 1, "MAX_SPD": 20, "LENGTH": 395.304263793963, "count": 88}, "geometry": {"type": "MultiLineString", "coordinates": [[[128.82729976542, 35.06608970624976], [128.82740468838594, 35.06612382713499], [128.8307449876199, 35.066755334311125], [128.8310970858019, 35.06677961808095], [128.8315339911127, 35.06674725815853]]]}}, {"type": "Feature", "properties": {"LINK_ID": "4180063903", "ROAD_NAME": "신항4로", "ROAD_RANK": "107", "LANES": 2, "MAX_SPD": 60, "LENGTH": 266.595287057304, "count": 3}, "geometry": {"type": "MultiLineString", "coordinates": [[[128.8152916728328, 35.08449286000998], [128.8171587376496, 35.0844872461511], [128.81764998568923, 35.0844857646369], [128.81821404353758, 35.08448406126623]]]}}, {"type": "Feature", "properties": {"LINK_ID": "4180079500", "ROAD_NAME": "신항4로", "ROAD_RANK": "107", "LANES": 3, "MAX_SPD": 50, "LENGTH": 68.852752204051, "count": 1}, "geometry": {"type": "MultiLineString", "coordinates": [[[128.8183426371136, 35.09011223026285], [128.81834382642586, 35.090732637391824]]]}}, {"type": "Feature", "properties": {"LINK_ID": "1410122600", "ROAD_NAME": "신항남로", "ROAD_RANK": "104", "LANES": 2, "MAX_SPD": 80, "LENGTH": 486.826367712496, "count": 112}, "geometry": {"type": "MultiLineString", "coordinates": [[[128.83444913620787, 35.09340011747714], [128.8344496333154, 35.08931930835678], [128.83447052464768, 35.08901400606842]]]}}, {"type": "Feature", "properties": {"LINK_ID": "1410039402", "ROAD_NAME": "녹산산업대로", "ROAD_RANK": "104", "LANES": 3, "MAX_SPD": 70, "LENGTH": 93.670105788229, "count": 19}, "geometry": {"type": "MultiLineString", "coordinates": [[[128.8333638902596, 35.088994960540504], [128.83338731280332, 35.088986967822116], [128.83346397164829, 35.08896266884097], [128.83355388090706, 35.08894013853787], [128.83364501641822, 35.0889248290589], [128.83374499676862, 35.08891314286687], [128.83388172653727, 35.0889048569547], [128.83425079965437, 35.088896453098265], [128.8343758051527, 35.088895342645074]]]}}, {"type": "Feature", "properties": {"LINK_ID": "1411101807", "ROAD_NAME": "신항남로", "ROAD_RANK": "104", "LANES": 3, "MAX_SPD": 60, "LENGTH": 59.101110293213, "count": 23}, "geometry": {"type": "MultiLineString", "coordinates": [[[128.821711078124, 35.06378466505563], [128.82111039396537, 35.06358548151333]]]}}, {"type": "Feature", "properties": {"LINK_ID": "1410052100", "ROAD_NAME": "가락대로", "ROAD_RANK": "105", "LANES": 3, "MAX_SPD": 60, "LENGTH": 361.127639782481, "count": 2}, "geometry": {"type": "MultiLineString", "coordinates": [[[128.83951080892905, 35.09014907756109], [128.83950116528786, 35.09340303538183]]]}}, {"type": "Feature", "properties": {"LINK_ID": "1410000900", "ROAD_NAME": "낙동남로", "ROAD_RANK": "103", "LANES": 3, "MAX_SPD": 70, "LENGTH": 396.194572837047, "count": 7}, "geometry": {"type": "MultiLineString", "coordinates": [[[128.83947309212803, 35.10291608137816], [128.83965198732542, 35.103044991535526], [128.84017698752058, 35.1034199913088], [128.84067998703617, 35.103783991042164], [128.84106798748522, 35.10406199115409], [128.84231298803812, 35.10496399142384], [128.84259898735402, 35.10516399172405], [128.8427458220165, 35.105263435334365]]]}}, {"type": "Feature", "properties": {"LINK_ID": "4180065001", "ROAD_NAME": "신항북로", "ROAD_RANK": "107", "LANES": 4, "MAX_SPD": 70, "LENGTH": 12.000566958029, "count": 3}, "geometry": {"type": "MultiLineString", "coordinates": [[[128.8009713005598, 35.08605714914235], [128.80083975087064, 35.08605782815188]]]}}, {"type": "Feature", "properties": {"LINK_ID": "1410123005", "ROAD_NAME": "신항남로", "ROAD_RANK": "104", "LANES": 2, "MAX_SPD": 80, "LENGTH": 340.270056914024, "count": 129}, "geometry": {"type": "MultiLineString", "coordinates": [[[128.83464239015882, 35.086313435803284], [128.83464831710126, 35.08620901936763], [128.83467726870154, 35.08521370280811], [128.83466928459268, 35.08479450196614], [128.8346652786099, 35.08421065238828], [128.83467427590426, 35.083741844063574], [128.83466794122486, 35.08333360845721], [128.83466792332686, 35.083247948436544]]]}}, {"type": "Feature", "properties": {"LINK_ID": "4180061602", "ROAD_NAME": "신항로", "ROAD_RANK": "107", "LANES": 3, "MAX_SPD": 60, "LENGTH": 275.221476693728, "count": 55}, "geometry": {"type": "MultiLineString", "coordinates": [[[128.80415744261157, 35.083215859179525], [128.80114052930003, 35.08321124911268]]]}}, {"type": "Feature", "properties": {"LINK_ID": "4180067800", "ROAD_NAME": "신항4로", "ROAD_RANK": "107", "LANES": 3, "MAX_SPD": 50, "LENGTH": 87.840635568982, "count": 26}, "geometry": {"type": "MultiLineString", "coordinates": [[[128.81823066210197, 35.08690154605133], [128.8182256242699, 35.086110055335254]]]}}, {"type": "Feature", "properties": {"LINK_ID": "1411039500", "ROAD_NAME": "녹산산단46로", "ROAD_RANK": "104", "LANES": 1, "MAX_SPD": 60, "LENGTH": 232.904903127652, "count": 9}, "geometry": {"type": "MultiLineString", "coordinates": [[[128.82546926940168, 35.09524077346308], [128.8247942829816, 35.09466077416416], [128.82479428344428, 35.09458792819619], [128.82484762663412, 35.09452865982083], [128.82583856433303, 35.09371754607178]]]}}, {"type": "Feature", "properties": {"LINK_ID": "4180059200", "ROAD_NAME": "신항7로", "ROAD_RANK": "107", "LANES": 2, "MAX_SPD": 50, "LENGTH": 410.861418020872, "count": 6}, "geometry": {"type": "MultiLineString", "coordinates": [[[128.77002215879602, 35.08318376701157], [128.77002085994917, 35.0833336443704], [128.77001486267653, 35.08402607463942], [128.76999614150802, 35.086187634666494], [128.76999009404187, 35.08688586963058]]]}}, {"type": "Feature", "properties": {"LINK_ID": "1410736200", "ROAD_NAME": "녹산산업대로", "ROAD_RANK": "104", "LANES": 2, "MAX_SPD": 70, "LENGTH": 138.077516703088, "count": 38}, "geometry": {"type": "MultiLineString", "coordinates": [[[128.8221120987286, 35.09794696649042], [128.82319310410324, 35.097075980209894]]]}}, {"type": "Feature", "properties": {"LINK_ID": "1411101804", "ROAD_NAME": "신항남로", "ROAD_RANK": "104", "LANES": 3, "MAX_SPD": 60, "LENGTH": 494.99762517784, "count": 39}, "geometry": {"type": "MultiLineString", "coordinates": [[[128.82111039396537, 35.06358548151333], [128.8211075269794, 35.06358453082704], [128.81983188090064, 35.06335346905857], [128.81974090686438, 35.06333699007919], [128.8158158161194, 35.06270339878037], [128.81579408891892, 35.0626996667716]]]}}, {"type": "Feature", "properties": {"LINK_ID": "1411039001", "ROAD_NAME": "가락대로", "ROAD_RANK": "104", "LANES": 1, "MAX_SPD": 60, "LENGTH": 11.564310167685, "count": 1}, "geometry": {"type": "MultiLineString", "coordinates": [[[128.8394518829318, 35.103931699288275], [128.83957473656005, 35.10395748040776]]]}}, {"type": "Feature", "properties": {"LINK_ID": "4180066501", "ROAD_NAME": "신항북로", "ROAD_RANK": "107", "LANES": 4, "MAX_SPD": 70, "LENGTH": 12.081830629652, "count": 1}, "geometry": {"type": "MultiLineString", "coordinates": [[[128.8142167129008, 35.08599898573479], [128.81434915525227, 35.085998950871556]]]}}, {"type": "Feature", "properties": {"LINK_ID": "4180062302", "ROAD_NAME": "신항로", "ROAD_RANK": "107", "LANES": 3, "MAX_SPD": 60, "LENGTH": 266.734995256036, "count": 33}, "geometry": {"type": "MultiLineString", "coordinates": [[[128.81528562357792, 35.083119429604814], [128.81537139859728, 35.08311942767686], [128.81820946646636, 35.083130189088614]]]}}, {"type": "Feature", "properties": {"LINK_ID": "4180071001", "ROAD_NAME": "신항4로", "ROAD_RANK": "107", "LANES": 3, "MAX_SPD": 50, "LENGTH": 12.000108258234, "count": 7}, "geometry": {"type": "MultiLineString", "coordinates": [[[128.81823081083735, 35.087009674794466], [128.81823066210197, 35.08690154605133]]]}}, {"type": "Feature", "properties": {"LINK_ID": "1410738402", "ROAD_NAME": "녹산산업대로", "ROAD_RANK": "104", "LANES": 2, "MAX_SPD": 70, "LENGTH": 144.883741745206, "count": 41}, "geometry": {"type": "MultiLineString", "coordinates": [[[128.82556317598792, 35.095165033445674], [128.82669686521103, 35.094250644036094]]]}}, {"type": "Feature", "properties": {"LINK_ID": "4180063901", "ROAD_NAME": "신항4로", "ROAD_RANK": "107", "LANES": 2, "MAX_SPD": 60, "LENGTH": 12.000187064489, "count": 6}, "geometry": {"type": "MultiLineString", "coordinates": [[[128.81821404353758, 35.08448406126623], [128.81834558792804, 35.084484311724204]]]}}, {"type": "Feature", "properties": {"LINK_ID": "1411031600", "ROAD_NAME": "가덕해안로", "ROAD_RANK": "104", "LANES": 1, "MAX_SPD": 30, "LENGTH": 324.646731497698, "count": 1}, "geometry": {"type": "MultiLineString", "coordinates": [[[128.83450687578065, 35.06527839521374], [128.83441541838127, 35.06526315228534], [128.83431540153666, 35.065263151307185], [128.8342217172995, 35.065277029602115], [128.83410897722322, 35.06533715535062], [128.83402100599602, 35.065388470085026], [128.83394355979178, 35.06549172664], [128.8338317423386, 35.06572363328507], [128.8336893681888, 35.06593934206155], [128.83343019456655, 35.066198505228726], [128.83328171598617, 35.06628848895145], [128.83297368230177, 35.06641683044879], [128.8322473316775, 35.06664223912857], [128.83190738903224, 35.06676813838137], [128.8317241269945, 35.06681125656411]]]}}, {"type": "Feature", "properties": {"LINK_ID": "4180074300", "ROAD_NAME": "신항3로", "ROAD_RANK": "107", "LANES": 3, "MAX_SPD": 70, "LENGTH": 95.515651897952, "count": 13}, "geometry": {"type": "MultiLineString", "coordinates": [[[128.8243897787756, 35.08809552985405], [128.8243977787818, 35.08859090103695], [128.82439134061153, 35.088877555151505], [128.82438354492893, 35.088955831753]]]}}, {"type": "Feature", "properties": {"LINK_ID": "4180062702", "ROAD_NAME": "신항4로", "ROAD_RANK": "107", "LANES": 3, "MAX_SPD": 60, "LENGTH": 12.000019418801, "count": 5}, "geometry": {"type": "MultiLineString", "coordinates": [[[128.81834057821555, 35.08313050841346], [128.81834040268862, 35.08323863638847]]]}}, {"type": "Feature", "properties": {"LINK_ID": "4180060601", "ROAD_NAME": "안골로108번길", "ROAD_RANK": "107", "LANES": 2, "MAX_SPD": 60, "LENGTH": 12.279581115875, "count": 2}, "geometry": {"type": "MultiLineString", "coordinates": [[[128.78724968875648, 35.084421194502866], [128.78722360986333, 35.08452974643359]]]}}, {"type": "Feature", "properties": {"LINK_ID": "4180071102", "ROAD_NAME": "신항4로", "ROAD_RANK": "107", "LANES": 1, "MAX_SPD": 30, "LENGTH": 11.999992638967, "count": 1}, "geometry": {"type": "MultiLineString", "coordinates": [[[128.8197206780244, 35.087986880278144], [128.8197203779888, 35.088095007688885]]]}}, {"type": "Feature", "properties": {"LINK_ID": "4180074500", "ROAD_NAME": "신항9로", "ROAD_RANK": "107", "LANES": 2, "MAX_SPD": 60, "LENGTH": 393.563530758531, "count": 4}, "geometry": {"type": "MultiLineString", "coordinates": [[[128.7699761758491, 35.08907028945741], [128.7728312856997, 35.089066787652484], [128.77429068629235, 35.08906497152137]]]}}, {"type": "Feature", "properties": {"LINK_ID": "4180132200", "ROAD_NAME": "안청남로", "ROAD_RANK": "107", "LANES": 2, "MAX_SPD": 60, "LENGTH": 31.321748811088, "count": 1}, "geometry": {"type": "MultiLineString", "coordinates": [[[128.8031465162513, 35.10129835195293], [128.80348898801589, 35.10127741536495]]]}}, {"type": "Feature", "properties": {"LINK_ID": "4180072600", "ROAD_NAME": "-", "ROAD_RANK": "107", "LANES": 3, "MAX_SPD": 70, "LENGTH": 86.91883724971, "count": 4}, "geometry": {"type": "MultiLineString", "coordinates": [[[128.8141877372292, 35.08883901001853], [128.81418773722748, 35.08805581353647]]]}}, {"type": "Feature", "properties": {"LINK_ID": "4180077701", "ROAD_NAME": "신항3로", "ROAD_RANK": "107", "LANES": 3, "MAX_SPD": 70, "LENGTH": 12.000119481445, "count": 2}, "geometry": {"type": "MultiLineString", "coordinates": [[[128.82301198525667, 35.090946953905544], [128.8229178794011, 35.0910225117911]]]}}, {"type": "Feature", "properties": {"LINK_ID": "1410087400", "ROAD_NAME": "녹산산업북로", "ROAD_RANK": "104", "LANES": 3, "MAX_SPD": 50, "LENGTH": 113.921585435913, "count": 5}, "geometry": {"type": "MultiLineString", "coordinates": [[[128.83811917422514, 35.097915079996234], [128.83936816360506, 35.09791690457639]]]}}, {"type": "Feature", "properties": {"LINK_ID": "1411061201", "ROAD_NAME": "만금로", "ROAD_RANK": "104", "LANES": 2, "MAX_SPD": 40, "LENGTH": 11.28582681487, "count": 4}, "geometry": {"type": "MultiLineString", "coordinates": [[[128.8231262029198, 35.10062854376313], [128.8230926225452, 35.10053066784988]]]}}, {"type": "Feature", "properties": {"LINK_ID": "4180083300", "ROAD_NAME": "신항북로", "ROAD_RANK": "107", "LANES": 3, "MAX_SPD": 80, "LENGTH": 284.084703227998, "count": 12}, "geometry": {"type": "MultiLineString", "coordinates": [[[128.7877273933358, 35.09127288266348], [128.78530247037756, 35.09287919258441]]]}}, {"type": "Feature", "properties": {"LINK_ID": "1410706001", "ROAD_NAME": "신항북로", "ROAD_RANK": "104", "LANES": 4, "MAX_SPD": 50, "LENGTH": 12.00001600652, "count": 1}, "geometry": {"type": "MultiLineString", "coordinates": [[[128.8333638902596, 35.088994960540504], [128.83341432879564, 35.089094824196245]]]}}, {"type": "Feature", "properties": {"LINK_ID": "4180086100", "ROAD_NAME": "용원동로", "ROAD_RANK": "107", "LANES": 1, "MAX_SPD": 50, "LENGTH": 143.485728549678, "count": 2}, "geometry": {"type": "MultiLineString", "coordinates": [[[128.81846236528085, 35.091966623240694], [128.8187632396395, 35.0920801612545], [128.8193346934599, 35.09229580145125], [128.8193991492286, 35.09235909149755], [128.81943927821786, 35.09277922198271]]]}}, {"type": "Feature", "properties": {"LINK_ID": "4180124800", "ROAD_NAME": "용재로", "ROAD_RANK": "107", "LANES": 2, "MAX_SPD": 60, "LENGTH": 133.330392071204, "count": 1}, "geometry": {"type": "MultiLineString", "coordinates": [[[128.8209866317562, 35.10029168546126], [128.8195633206313, 35.10056568180399]]]}}, {"type": "Feature", "properties": {"LINK_ID": "4180060502", "ROAD_NAME": "신항로", "ROAD_RANK": "107", "LANES": 3, "MAX_SPD": 60, "LENGTH": 402.857313594819, "count": 62}, "geometry": {"type": "MultiLineString", "coordinates": [[[128.79176007728097, 35.08321126916516], [128.7917497560564, 35.083211275399485], [128.78813116548022, 35.08318598597701], [128.78734428679763, 35.08317404381412]]]}}, {"type": "Feature", "properties": {"LINK_ID": "1411038702", "ROAD_NAME": "-", "ROAD_RANK": "104", "LANES": 1, "MAX_SPD": 60, "LENGTH": 12.262609702148, "count": 1}, "geometry": {"type": "MultiLineString", "coordinates": [[[128.82729391248697, 35.09392433715939], [128.82719981586857, 35.09384542179882]]]}}, {"type": "Feature", "properties": {"LINK_ID": "1411101705", "ROAD_NAME": "신항남로", "ROAD_RANK": "104", "LANES": 3, "MAX_SPD": 60, "LENGTH": 122.834003365295, "count": 51}, "geometry": {"type": "MultiLineString", "coordinates": [[[128.81990137449185, 35.06312538542452], [128.82118949349677, 35.06340236677587], [128.8212029682837, 35.063407202983655]]]}}, {"type": "Feature", "properties": {"LINK_ID": "1410075202", "ROAD_NAME": "녹산산단17로14번길", "ROAD_RANK": "104", "LANES": 1, "MAX_SPD": 30, "LENGTH": 12.202891776461, "count": 3}, "geometry": {"type": "MultiLineString", "coordinates": [[[128.82779126566257, 35.094996071133565], [128.82769684579716, 35.09507396856227]]]}}, {"type": "Feature", "properties": {"LINK_ID": "4180070200", "ROAD_NAME": "신항4로", "ROAD_RANK": "107", "LANES": 1, "MAX_SPD": 30, "LENGTH": 115.996852081213, "count": 2}, "geometry": {"type": "MultiLineString", "coordinates": [[[128.81823081083735, 35.087009674794466], [128.8169592342886, 35.087006008386155]]]}}, {"type": "Feature", "properties": {"LINK_ID": "4180071300", "ROAD_NAME": "신항3로", "ROAD_RANK": "107", "LANES": 3, "MAX_SPD": 70, "LENGTH": 108.432248253667, "count": 15}, "geometry": {"type": "MultiLineString", "coordinates": [[[128.8243852802838, 35.087010347245084], [128.82438870241108, 35.08798738623805]]]}}, {"type": "Feature", "properties": {"LINK_ID": "4180094502", "ROAD_NAME": "용원동로", "ROAD_RANK": "107", "LANES": 1, "MAX_SPD": 50, "LENGTH": 97.848694895722, "count": 2}, "geometry": {"type": "MultiLineString", "coordinates": [[[128.82061043094748, 35.09737681452613], [128.82073256256928, 35.09766928206233], [128.82086223243058, 35.097979798779754], [128.82095867511455, 35.09821074560343]]]}}, {"type": "Feature", "properties": {"LINK_ID": "1410737700", "ROAD_NAME": "녹산산업중로", "ROAD_RANK": "104", "LANES": 2, "MAX_SPD": 50, "LENGTH": 123.078192595349, "count": 6}, "geometry": {"type": "MultiLineString", "coordinates": [[[128.8232181485092, 35.100498285354156], [128.82451106469034, 35.100180706799854]]]}}, {"type": "Feature", "properties": {"LINK_ID": "1410196501", "ROAD_NAME": "거가대로", "ROAD_RANK": "105", "LANES": 2, "MAX_SPD": 80, "LENGTH": 458.945025909267, "count": 1}, "geometry": {"type": "MultiLineString", "coordinates": [[[128.83961343650395, 35.07787559369202], [128.8395825755991, 35.08201088171241]]]}}, {"type": "Feature", "properties": {"LINK_ID": "4180061200", "ROAD_NAME": "신항로", "ROAD_RANK": "107", "LANES": 3, "MAX_SPD": 60, "LENGTH": 421.155437687584, "count": 63}, "geometry": {"type": "MultiLineString", "coordinates": [[[128.80100898278036, 35.08321115930605], [128.79639236111444, 35.083211976310714]]]}}, {"type": "Feature", "properties": {"LINK_ID": "4180074601", "ROAD_NAME": "신항9로", "ROAD_RANK": "107", "LANES": 2, "MAX_SPD": 60, "LENGTH": 12.000060837155, "count": 1}, "geometry": {"type": "MultiLineString", "coordinates": [[[128.76997549300307, 35.08917842004161], [128.76984394153502, 35.08917785879824]]]}}, {"type": "Feature", "properties": {"LINK_ID": "4180085501", "ROAD_NAME": "신항2로", "ROAD_RANK": "107", "LANES": 2, "MAX_SPD": 60, "LENGTH": 12.001834627683, "count": 7}, "geometry": {"type": "MultiLineString", "coordinates": [[[128.82454640982286, 35.09239630450428], [128.8246408277066, 35.092320986634036]]]}}, {"type": "Feature", "properties": {"LINK_ID": "4180059500", "ROAD_NAME": "신항로", "ROAD_RANK": "107", "LANES": 2, "MAX_SPD": 60, "LENGTH": 290.814755761815, "count": 45}, "geometry": {"type": "MultiLineString", "coordinates": [[[128.77760438267532, 35.08316812715596], [128.77441696474386, 35.08321269020167]]]}}, {"type": "Feature", "properties": {"LINK_ID": "4180123500", "ROAD_NAME": "용원동로", "ROAD_RANK": "107", "LANES": 1, "MAX_SPD": 50, "LENGTH": 173.500495245887, "count": 4}, "geometry": {"type": "MultiLineString", "coordinates": [[[128.82223822623047, 35.101638263458646], [128.82215601649105, 35.10144431444856], [128.8217995675852, 35.10060336910331], [128.82161245748665, 35.10016192534364]]]}}, {"type": "Feature", "properties": {"LINK_ID": "1410086600", "ROAD_NAME": "녹산산단27로", "ROAD_RANK": "104", "LANES": 2, "MAX_SPD": 50, "LENGTH": 85.129018888946, "count": 2}, "geometry": {"type": "MultiLineString", "coordinates": [[[128.83276187171631, 35.09799480323564], [128.83276098681523, 35.098459991482464], [128.83275198743598, 35.09848899155768], [128.83273798668003, 35.09850599192786], [128.8325204379343, 35.098682749862604]]]}}, {"type": "Feature", "properties": {"LINK_ID": "1410065500", "ROAD_NAME": "가락대로", "ROAD_RANK": "105", "LANES": 3, "MAX_SPD": 60, "LENGTH": 226.835575580962, "count": 3}, "geometry": {"type": "MultiLineString", "coordinates": [[[128.83937515105097, 35.09556686026582], [128.83938082169652, 35.09352294753222]]]}}, {"type": "Feature", "properties": {"LINK_ID": "1410119801", "ROAD_NAME": "녹산산업북로", "ROAD_RANK": "104", "LANES": 2, "MAX_SPD": 50, "LENGTH": 11.776874503671, "count": 1}, "geometry": {"type": "MultiLineString", "coordinates": [[[128.8346013420216, 35.09801779540208], [128.83447223547148, 35.098016421444726]]]}}, {"type": "Feature", "properties": {"LINK_ID": "1410736601", "ROAD_NAME": "만금로", "ROAD_RANK": "104", "LANES": 2, "MAX_SPD": 40, "LENGTH": 12.001516612656, "count": 1}, "geometry": {"type": "MultiLineString", "coordinates": [[[128.8232181485092, 35.100498285354156], [128.82325385754487, 35.10060236824642]]]}}, {"type": "Feature", "properties": {"LINK_ID": "4180082900", "ROAD_NAME": "신항8로", "ROAD_RANK": "107", "LANES": 2, "MAX_SPD": 60, "LENGTH": 259.480696963487, "count": 4}, "geometry": {"type": "MultiLineString", "coordinates": [[[128.78247049668414, 35.09130261347677], [128.78314984413765, 35.092091955342845], [128.78326289531356, 35.09230185197973], [128.78346461914597, 35.09282918661974], [128.7834770710605, 35.09307895147685], [128.78349395441919, 35.09341761070669]]]}}, {"type": "Feature", "properties": {"LINK_ID": "4180069403", "ROAD_NAME": "신항8로", "ROAD_RANK": "107", "LANES": 2, "MAX_SPD": 60, "LENGTH": 291.563545163774, "count": 2}, "geometry": {"type": "MultiLineString", "coordinates": [[[128.7775960620072, 35.08700419577404], [128.77679266934865, 35.086999524249904], [128.77675620360628, 35.08699975127675], [128.77662465473327, 35.087000569891956], [128.77572391511302, 35.087006169287264], [128.77439991444024, 35.08701438880623]]]}}, {"type": "Feature", "properties": {"LINK_ID": "4180078802", "ROAD_NAME": "안골로108번길", "ROAD_RANK": "107", "LANES": 1, "MAX_SPD": 30, "LENGTH": 120.069431835474, "count": 14}, "geometry": {"type": "MultiLineString", "coordinates": [[[128.79003473930743, 35.091279888381756], [128.78964298732228, 35.091013991483564], [128.7896339882168, 35.09100499138442], [128.78914333164377, 35.0904918196166]]]}}, {"type": "Feature", "properties": {"LINK_ID": "1410704701", "ROAD_NAME": "신항동로", "ROAD_RANK": "104", "LANES": 3, "MAX_SPD": 50, "LENGTH": 12.000173098901, "count": 5}, "geometry": {"type": "MultiLineString", "coordinates": [[[128.82463842365294, 35.09247358535599], [128.82454640982286, 35.09239630450428]]]}}, {"type": "Feature", "properties": {"LINK_ID": "4180064902", "ROAD_NAME": "신항북로", "ROAD_RANK": "107", "LANES": 4, "MAX_SPD": 70, "LENGTH": 281.654590875915, "count": 20}, "geometry": {"type": "MultiLineString", "coordinates": [[[128.80405904096452, 35.085950556380354], [128.8071465772491, 35.08595201308511]]]}}, {"type": "Feature", "properties": {"LINK_ID": "4180068200", "ROAD_NAME": "신항배후로", "ROAD_RANK": "107", "LANES": 4, "MAX_SPD": 80, "LENGTH": 477.872550965453, "count": 86}, "geometry": {"type": "MultiLineString", "coordinates": [[[128.76508990504752, 35.0912802701185], [128.7650944071408, 35.0869742454201]]]}}, {"type": "Feature", "properties": {"LINK_ID": "4180138900", "ROAD_NAME": "안골로", "ROAD_RANK": "107", "LANES": 2, "MAX_SPD": 50, "LENGTH": 101.506669764662, "count": 1}, "geometry": {"type": "MultiLineString", "coordinates": [[[128.81042912187527, 35.103947690649], [128.81015442564208, 35.10306134541448]]]}}, {"type": "Feature", "properties": {"LINK_ID": "4180089700", "ROAD_NAME": "신항북로", "ROAD_RANK": "107", "LANES": 4, "MAX_SPD": 80, "LENGTH": 392.826422869054, "count": 21}, "geometry": {"type": "MultiLineString", "coordinates": [[[128.7743857869403, 35.09407447161114], [128.7786922676646, 35.09410953489061]]]}}, {"type": "Feature", "properties": {"LINK_ID": "1410086701", "ROAD_NAME": "녹산산단27로", "ROAD_RANK": "104", "LANES": 2, "MAX_SPD": 50, "LENGTH": 13.321365831037, "count": 2}, "geometry": {"type": "MultiLineString", "coordinates": [[[128.8326418684452, 35.097993224192344], [128.83264218143142, 35.097873191115674]]]}}, {"type": "Feature", "properties": {"LINK_ID": "4180071200", "ROAD_NAME": "신항4로", "ROAD_RANK": "107", "LANES": 1, "MAX_SPD": 30, "LENGTH": 108.911120402557, "count": 1}, "geometry": {"type": "MultiLineString", "coordinates": [[[128.8195891238007, 35.08798663521737], [128.81960396829516, 35.08700535133696]]]}}, {"type": "Feature", "properties": {"LINK_ID": "1410121400", "ROAD_NAME": "녹산산업북로", "ROAD_RANK": "104", "LANES": 2, "MAX_SPD": 50, "LENGTH": 11.771770132937, "count": 3}, "geometry": {"type": "MultiLineString", "coordinates": [[[128.83433728389906, 35.09789448425982], [128.83446633812147, 35.09789337947665]]]}}, {"type": "Feature", "properties": {"LINK_ID": "4180069000", "ROAD_NAME": "신항7로", "ROAD_RANK": "107", "LANES": 2, "MAX_SPD": 50, "LENGTH": 230.439769791016, "count": 5}, "geometry": {"type": "MultiLineString", "coordinates": [[[128.76984462444983, 35.08906972823132], [128.76984579008385, 35.0888851609214], [128.76985225623721, 35.08786129130784], [128.7698577383524, 35.086993306817924]]]}}, {"type": "Feature", "properties": {"LINK_ID": "4180074100", "ROAD_NAME": "-", "ROAD_RANK": "107", "LANES": 1, "MAX_SPD": 30, "LENGTH": 240.431865761197, "count": 2}, "geometry": {"type": "MultiLineString", "coordinates": [[[128.82280399838535, 35.08810039492152], [128.82279790727077, 35.08870660435424], [128.82275371464138, 35.08906346570447], [128.82262839767324, 35.089310868698945], [128.82239312512004, 35.0895852415824], [128.82187496652583, 35.09000480153347]]]}}, {"type": "Feature", "properties": {"LINK_ID": "4180089000", "ROAD_NAME": "신항북로", "ROAD_RANK": "107", "LANES": 4, "MAX_SPD": 80, "LENGTH": 393.023313587593, "count": 28}, "geometry": {"type": "MultiLineString", "coordinates": [[[128.77425292583413, 35.09418152251576], [128.76994427780832, 35.09414628330616]]]}}, {"type": "Feature", "properties": {"LINK_ID": "4180035700", "ROAD_NAME": "안골로298번길", "ROAD_RANK": "107", "LANES": 1, "MAX_SPD": 60, "LENGTH": 479.697994501485, "count": 1}, "geometry": {"type": "MultiLineString", "coordinates": [[[128.8031327560252, 35.0956063873965], [128.8040546049497, 35.096197610062966], [128.80431193666263, 35.09639489610135], [128.8045579902276, 35.09668843085375], [128.80460886596305, 35.096798659999365], [128.80471594573652, 35.09694936404853], [128.8048083811435, 35.09704179891916], [128.80490877904987, 35.09710872968787], [128.80505931308934, 35.09716276805429], [128.80519040826226, 35.09719454821285], [128.80571854336523, 35.097286764157836], [128.80584882132783, 35.0973301899854], [128.80585530563275, 35.09733235140747], [128.80623786317906, 35.097544881508455], [128.8072020364697, 35.09816385214346]]]}}, {"type": "Feature", "properties": {"LINK_ID": "4180123502", "ROAD_NAME": "용원동로", "ROAD_RANK": "107", "LANES": 1, "MAX_SPD": 50, "LENGTH": 15.096185304289, "count": 1}, "geometry": {"type": "MultiLineString", "coordinates": [[[128.82229267515203, 35.101766718646864], [128.82223822623047, 35.101638263458646]]]}}, {"type": "Feature", "properties": {"LINK_ID": "1410705701", "ROAD_NAME": "신항로", "ROAD_RANK": "104", "LANES": 3, "MAX_SPD": 60, "LENGTH": 12.000145514558, "count": 8}, "geometry": {"type": "MultiLineString", "coordinates": [[[128.82452448350094, 35.08324558534142], [128.82439294270378, 35.08324512401012]]]}}, {"type": "Feature", "properties": {"LINK_ID": "1411101710", "ROAD_NAME": "신항남로", "ROAD_RANK": "104", "LANES": 3, "MAX_SPD": 60, "LENGTH": 345.061654652265, "count": 49}, "geometry": {"type": "MultiLineString", "coordinates": [[[128.8062714288108, 35.06101275590162], [128.8065609226191, 35.06101367197011], [128.80713653178051, 35.061007469086526], [128.8076917953482, 35.061100665881895], [128.80999658821617, 35.06147615130644]]]}}, {"type": "Feature", "properties": {"LINK_ID": "1410041001", "ROAD_NAME": "녹산산단231로", "ROAD_RANK": "104", "LANES": 2, "MAX_SPD": 50, "LENGTH": 13.317878428562, "count": 2}, "geometry": {"type": "MultiLineString", "coordinates": [[[128.84266988148846, 35.089020955940846], [128.84267014852955, 35.08890095449712]]]}}, {"type": "Feature", "properties": {"LINK_ID": "4180069801", "ROAD_NAME": "신항4로", "ROAD_RANK": "107", "LANES": 1, "MAX_SPD": 30, "LENGTH": 11.999949319872, "count": 1}, "geometry": {"type": "MultiLineString", "coordinates": [[[128.81434202312954, 35.08698425324409], [128.81421049899635, 35.086982266162664]]]}}, {"type": "Feature", "properties": {"LINK_ID": "4180059600", "ROAD_NAME": "신항로", "ROAD_RANK": "107", "LANES": 3, "MAX_SPD": 60, "LENGTH": 426.112355487213, "count": 182}, "geometry": {"type": "MultiLineString", "coordinates": [[[128.7776021631968, 35.08306001257276], [128.77760287145716, 35.083060002865814], [128.7798221096162, 35.083068192609225], [128.7822731089775, 35.08307505535483]]]}}, {"type": "Feature", "properties": {"LINK_ID": "4180119200", "ROAD_NAME": "용원남로", "ROAD_RANK": "107", "LANES": 1, "MAX_SPD": 30, "LENGTH": 57.526432920674, "count": 1}, "geometry": {"type": "MultiLineString", "coordinates": [[[128.8146829197444, 35.099879558622625], [128.81483513053897, 35.10038258829604]]]}}, {"type": "Feature", "properties": {"LINK_ID": "4180082700", "ROAD_NAME": "신항4로", "ROAD_RANK": "107", "LANES": 3, "MAX_SPD": 50, "LENGTH": 137.883847177664, "count": 1}, "geometry": {"type": "MultiLineString", "coordinates": [[[128.81834382642586, 35.090732637391824], [128.81834382651266, 35.09073263712348], [128.81834472144516, 35.09119899422243], [128.81834692395935, 35.091336010706726], [128.81835543011516, 35.09146927640013], [128.81836995246596, 35.09158604252439], [128.8183906493437, 35.09169245118421], [128.81841028922278, 35.091774020194876], [128.81846236528085, 35.091966623240694]]]}}, {"type": "Feature", "properties": {"LINK_ID": "4180070500", "ROAD_NAME": "신항4로", "ROAD_RANK": "107", "LANES": 1, "MAX_SPD": 30, "LENGTH": 412.124616850016, "count": 6}, "geometry": {"type": "MultiLineString", "coordinates": [[[128.8197357242619, 35.086897072565904], [128.82425351156039, 35.08690253011592]]]}}, {"type": "Feature", "properties": {"LINK_ID": "1410705702", "ROAD_NAME": "신항로", "ROAD_RANK": "104", "LANES": 3, "MAX_SPD": 60, "LENGTH": 11.999970416213, "count": 17}, "geometry": {"type": "MultiLineString", "coordinates": [[[128.83479946289725, 35.08324792923161], [128.83466792332686, 35.083247948436544]]]}}, {"type": "Feature", "properties": {"LINK_ID": "1410035401", "ROAD_NAME": "가락대로", "ROAD_RANK": "105", "LANES": 3, "MAX_SPD": 60, "LENGTH": 13.317788150651, "count": 2}, "geometry": {"type": "MultiLineString", "coordinates": [[[128.83951514817687, 35.088899028406374], [128.8395147748611, 35.089019028987906]]]}}, {"type": "Feature", "properties": {"LINK_ID": "1410702101", "ROAD_NAME": "신항4로", "ROAD_RANK": "104", "LANES": 2, "MAX_SPD": 30, "LENGTH": 12.000431367537, "count": 3}, "geometry": {"type": "MultiLineString", "coordinates": [[[128.8183462200525, 35.084592447735275], [128.81821467283618, 35.084592188267806]]]}}, {"type": "Feature", "properties": {"LINK_ID": "4180065700", "ROAD_NAME": "신항북로", "ROAD_RANK": "107", "LANES": 4, "MAX_SPD": 70, "LENGTH": 316.496286948477, "count": 24}, "geometry": {"type": "MultiLineString", "coordinates": [[[128.80727812222275, 35.0859526529794], [128.81074737698836, 35.08598461474812]]]}}, {"type": "Feature", "properties": {"LINK_ID": "4180063701", "ROAD_NAME": "신항5로", "ROAD_RANK": "107", "LANES": 3, "MAX_SPD": 60, "LENGTH": 12.000769739724, "count": 3}, "geometry": {"type": "MultiLineString", "coordinates": [[[128.80727812222275, 35.0859526529794], [128.8072781876219, 35.086060788194644]]]}}, {"type": "Feature", "properties": {"LINK_ID": "1410000203", "ROAD_NAME": "낙동남로", "ROAD_RANK": "103", "LANES": 3, "MAX_SPD": 70, "LENGTH": 51.336879882768, "count": 1}, "geometry": {"type": "MultiLineString", "coordinates": [[[128.83798773387306, 35.102031495664676], [128.83750141585978, 35.10179859697501]]]}}, {"type": "Feature", "properties": {"LINK_ID": "4180081500", "ROAD_NAME": "신항10로", "ROAD_RANK": "107", "LANES": 4, "MAX_SPD": 80, "LENGTH": 392.27549356528, "count": 15}, "geometry": {"type": "MultiLineString", "coordinates": [[[128.77440206231657, 35.091257832970626], [128.77736207370646, 35.09126918927603], [128.77870225728347, 35.0912915639599]]]}}, {"type": "Feature", "properties": {"LINK_ID": "1410737502", "ROAD_NAME": "녹산산단17로", "ROAD_RANK": "104", "LANES": 1, "MAX_SPD": 30, "LENGTH": 11.999185999537, "count": 2}, "geometry": {"type": "MultiLineString", "coordinates": [[[128.82329468843392, 35.096993014222726], [128.8233890946312, 35.09706831230308]]]}}, {"type": "Feature", "properties": {"LINK_ID": "1410039501", "ROAD_NAME": "녹산산단153로", "ROAD_RANK": "104", "LANES": 1, "MAX_SPD": 30, "LENGTH": 13.323474910317, "count": 2}, "geometry": {"type": "MultiLineString", "coordinates": [[[128.83436419056864, 35.09214393070016], [128.83436374863055, 35.092263982537155]]]}}, {"type": "Feature", "properties": {"LINK_ID": "1410704500", "ROAD_NAME": "신항로", "ROAD_RANK": "104", "LANES": 3, "MAX_SPD": 30, "LENGTH": 140.433470433792, "count": 25}, "geometry": {"type": "MultiLineString", "coordinates": [[[128.82440023038848, 35.084510503951535], [128.82439299430462, 35.083333409062824], [128.82439294270378, 35.08324512401012]]]}}, {"type": "Feature", "properties": {"LINK_ID": "1411030801", "ROAD_NAME": "신항남로", "ROAD_RANK": "104", "LANES": 3, "MAX_SPD": 60, "LENGTH": 13.669982937779, "count": 19}, "geometry": {"type": "MultiLineString", "coordinates": [[[128.8347885028208, 35.069779344802356], [128.83482030744324, 35.06989971244042]]]}}, {"type": "Feature", "properties": {"LINK_ID": "1410021700", "ROAD_NAME": "녹산산단178로", "ROAD_RANK": "104", "LANES": 1, "MAX_SPD": 30, "LENGTH": 228.839444052019, "count": 2}, "geometry": {"type": "MultiLineString", "coordinates": [[[128.83792236037485, 35.084461781250454], [128.8379439878879, 35.08363899186736], [128.83795198684797, 35.08361099158936], [128.8379739871296, 35.08358899108969], [128.83800398809956, 35.08358099128112], [128.83941009203144, 35.083582910452336]]]}}, {"type": "Feature", "properties": {"LINK_ID": "1410040200", "ROAD_NAME": "녹산산업대로", "ROAD_RANK": "104", "LANES": 3, "MAX_SPD": 70, "LENGTH": 345.347450863851, "count": 18}, "geometry": {"type": "MultiLineString", "coordinates": [[[128.83939477555919, 35.08901894430568], [128.837006171124, 35.08901704082612], [128.83688618317302, 35.089016949629965], [128.83560893372834, 35.08901603423517]]]}}, {"type": "Feature", "properties": {"LINK_ID": "4180142300", "ROAD_NAME": "진해대로", "ROAD_RANK": "103", "LANES": 3, "MAX_SPD": 70, "LENGTH": 306.010112830935, "count": 8}, "geometry": {"type": "MultiLineString", "coordinates": [[[128.81053557122533, 35.10388732599166], [128.8108659876638, 35.1037489914545], [128.8113509875275, 35.103594992015665], [128.81135898683064, 35.10359199128141], [128.8117199880047, 35.10350299160818], [128.8122849876273, 35.10337899171396], [128.81373595106191, 35.103086497910674]]]}}, {"type": "Feature", "properties": {"LINK_ID": "1410735801", "ROAD_NAME": "만금로", "ROAD_RANK": "104", "LANES": 2, "MAX_SPD": 40, "LENGTH": 122.752424824415, "count": 13}, "geometry": {"type": "MultiLineString", "coordinates": [[[128.82220420077869, 35.09802417929194], [128.82255836870124, 35.098814154205805], [128.82260389374522, 35.09891569721386], [128.82266950592975, 35.09906204416048]]]}}, {"type": "Feature", "properties": {"LINK_ID": "4180130900", "ROAD_NAME": "용재로", "ROAD_RANK": "107", "LANES": 2, "MAX_SPD": 60, "LENGTH": 21.277154774117, "count": 1}, "geometry": {"type": "MultiLineString", "coordinates": [[[128.81701694915313, 35.101084402347595], [128.81678880754362, 35.101124440307125]]]}}, {"type": "Feature", "properties": {"LINK_ID": "4180083301", "ROAD_NAME": "신항북로", "ROAD_RANK": "107", "LANES": 3, "MAX_SPD": 80, "LENGTH": 284.08470322807, "count": 21}, "geometry": {"type": "MultiLineString", "coordinates": [[[128.78530247037756, 35.09287919258441], [128.78491661586227, 35.0931347790228], [128.7847801426751, 35.093208620282596], [128.78463096140402, 35.09328389577951], [128.78446507257775, 35.09336747576719], [128.78430816022967, 35.09344304493003], [128.78415241783452, 35.093513443495674], [128.78400255716863, 35.09357676273153], [128.78384607979882, 35.09363972133919], [128.7836953681172, 35.093697519232464], [128.7835540141543, 35.09374758196498], [128.7833830541329, 35.09380437784774], [128.78320900023138, 35.093858990289114], [128.7830404285691, 35.09390765850152], [128.78287467168238, 35.093950446074444], [128.78271744841481, 35.093987377057736], [128.782546953361, 35.094024329976655], [128.78254657268593, 35.09402440851296]]]}}, {"type": "Feature", "properties": {"LINK_ID": "1410039407", "ROAD_NAME": "녹산산업대로", "ROAD_RANK": "104", "LANES": 3, "MAX_SPD": 70, "LENGTH": 12.565051618154, "count": 3}, "geometry": {"type": "MultiLineString", "coordinates": [[[128.8332374716728, 35.08903991790719], [128.8333638902596, 35.088994960540504]]]}}, {"type": "Feature", "properties": {"LINK_ID": "1410705300", "ROAD_NAME": "신항북로", "ROAD_RANK": "104", "LANES": 4, "MAX_SPD": 50, "LENGTH": 328.068117798624, "count": 22}, "geometry": {"type": "MultiLineString", "coordinates": [[[128.8243847059261, 35.08601906156046], [128.8279810078539, 35.08602210704067]]]}}, {"type": "Feature", "properties": {"LINK_ID": "1410070800", "ROAD_NAME": "녹산산업북로", "ROAD_RANK": "104", "LANES": 2, "MAX_SPD": 50, "LENGTH": 104.462760652035, "count": 15}, "geometry": {"type": "MultiLineString", "coordinates": [[[128.82688395587067, 35.09425454611746], [128.82769609428328, 35.09491820918508]]]}}, {"type": "Feature", "properties": {"LINK_ID": "4180062401", "ROAD_NAME": "신항로", "ROAD_RANK": "107", "LANES": 3, "MAX_SPD": 60, "LENGTH": 12.013618643252, "count": 8}, "geometry": {"type": "MultiLineString", "coordinates": [[[128.8123617471838, 35.083227587749434], [128.8122300569758, 35.083227500321534]]]}}, {"type": "Feature", "properties": {"LINK_ID": "1411038903", "ROAD_NAME": "녹산산단46로", "ROAD_RANK": "104", "LANES": 1, "MAX_SPD": 60, "LENGTH": 409.114761578176, "count": 3}, "geometry": {"type": "MultiLineString", "coordinates": [[[128.8298574019951, 35.09062912996755], [128.82665197042405, 35.09320753052769]]]}}, {"type": "Feature", "properties": {"LINK_ID": "1410065700", "ROAD_NAME": "녹산산업중로", "ROAD_RANK": "104", "LANES": 2, "MAX_SPD": 50, "LENGTH": 162.473744599798, "count": 1}, "geometry": {"type": "MultiLineString", "coordinates": [[[128.8426598547253, 35.09352592874907], [128.84087865569282, 35.09352405429684]]]}}, {"type": "Feature", "properties": {"LINK_ID": "4180081100", "ROAD_NAME": "신항배후로", "ROAD_RANK": "107", "LANES": 4, "MAX_SPD": 80, "LENGTH": 298.025405414698, "count": 42}, "geometry": {"type": "MultiLineString", "coordinates": [[[128.7652208960544, 35.09138849534354], [128.76520925267343, 35.092634211120014], [128.76519568337304, 35.094073868748254]]]}}, {"type": "Feature", "properties": {"LINK_ID": "4180123402", "ROAD_NAME": "용원동로", "ROAD_RANK": "107", "LANES": 1, "MAX_SPD": 50, "LENGTH": 27.995117085093, "count": 1}, "geometry": {"type": "MultiLineString", "coordinates": [[[128.8222715004808, 35.10141125341782], [128.82237247290595, 35.10164946715388]]]}}, {"type": "Feature", "properties": {"LINK_ID": "4180070600", "ROAD_NAME": "신항4로", "ROAD_RANK": "107", "LANES": 1, "MAX_SPD": 30, "LENGTH": 412.16226262418, "count": 7}, "geometry": {"type": "MultiLineString", "coordinates": [[[128.82425373389952, 35.08701065844507], [128.81973552795475, 35.087005200028585]]]}}, {"type": "Feature", "properties": {"LINK_ID": "1410705802", "ROAD_NAME": "신항로", "ROAD_RANK": "104", "LANES": 3, "MAX_SPD": 60, "LENGTH": 462.646195301523, "count": 94}, "geometry": {"type": "MultiLineString", "coordinates": [[[128.82959674645764, 35.08315709043101], [128.83079339608486, 35.083160194377676], [128.8346680296262, 35.083139818736214]]]}}, {"type": "Feature", "properties": {"LINK_ID": "4180062201", "ROAD_NAME": "신항5로", "ROAD_RANK": "107", "LANES": 3, "MAX_SPD": 60, "LENGTH": 12.000005944291, "count": 4}, "geometry": {"type": "MultiLineString", "coordinates": [[[128.8071743528953, 35.08322039412438], [128.80717459143165, 35.08311226590353]]]}}, {"type": "Feature", "properties": {"LINK_ID": "1410122500", "ROAD_NAME": "신항남로", "ROAD_RANK": "104", "LANES": 2, "MAX_SPD": 80, "LENGTH": 485.332631398824, "count": 105}, "geometry": {"type": "MultiLineString", "coordinates": [[[128.83446633812147, 35.09789337947665], [128.834434165565, 35.09731739596859], [128.8344489103707, 35.09352087398604]]]}}, {"type": "Feature", "properties": {"LINK_ID": "1410738404", "ROAD_NAME": "녹산산업대로", "ROAD_RANK": "104", "LANES": 2, "MAX_SPD": 70, "LENGTH": 11.995313075394, "count": 4}, "geometry": {"type": "MultiLineString", "coordinates": [[[128.82669686521103, 35.094250644036094], [128.8267908853966, 35.09417507320601]]]}}, {"type": "Feature", "properties": {"LINK_ID": "1411030700", "ROAD_NAME": "신항남로", "ROAD_RANK": "104", "LANES": 3, "MAX_SPD": 30, "LENGTH": 80.357703542386, "count": 20}, "geometry": {"type": "MultiLineString", "coordinates": [[[128.8346900911283, 35.06991489334677], [128.8344262279997, 35.06993756003768], [128.83381101424038, 35.06995037320042]]]}}, {"type": "Feature", "properties": {"LINK_ID": "1410088301", "ROAD_NAME": "녹산산업북로", "ROAD_RANK": "104", "LANES": 2, "MAX_SPD": 50, "LENGTH": 10.945230934533, "count": 1}, "geometry": {"type": "MultiLineString", "coordinates": [[[128.84276981167193, 35.09804315524656], [128.84264981303238, 35.09804285275689]]]}}, {"type": "Feature", "properties": {"LINK_ID": "4180083000", "ROAD_NAME": "신항8로", "ROAD_RANK": "107", "LANES": 2, "MAX_SPD": 60, "LENGTH": 277.083253833243, "count": 3}, "geometry": {"type": "MultiLineString", "coordinates": [[[128.77881439261415, 35.0969138486062], [128.7818197384544, 35.09695032193356], [128.78185192229557, 35.09695071212129]]]}}, {"type": "Feature", "properties": {"LINK_ID": "1410123006", "ROAD_NAME": "신항남로", "ROAD_RANK": "104", "LANES": 3, "MAX_SPD": 60, "LENGTH": 321.590024266225, "count": 194}, "geometry": {"type": "MultiLineString", "coordinates": [[[128.83467442568158, 35.08024312748307], [128.8346752862975, 35.079853511162796], [128.83470349893128, 35.07814154900025], [128.83471797136752, 35.07734565213906]]]}}, {"type": "Feature", "properties": {"LINK_ID": "4180063101", "ROAD_NAME": "신항5로", "ROAD_RANK": "107", "LANES": 2, "MAX_SPD": 60, "LENGTH": 12.004010058324, "count": 1}, "geometry": {"type": "MultiLineString", "coordinates": [[[128.80102140758768, 35.08446311853276], [128.80115296944084, 35.08446525220349]]]}}, {"type": "Feature", "properties": {"LINK_ID": "1411030900", "ROAD_NAME": "신항남로", "ROAD_RANK": "104", "LANES": 3, "MAX_SPD": 60, "LENGTH": 429.130795292533, "count": 14}, "geometry": {"type": "MultiLineString", "coordinates": [[[128.83466188986029, 35.06980860029002], [128.83434118343388, 35.068870424888445], [128.83426258145224, 35.068711209446384], [128.83396452044894, 35.068365632107195], [128.83376081939323, 35.06817633599969], [128.83340371581448, 35.067946424379684], [128.83290784884372, 35.06770430077093], [128.832466639379, 35.06755802334474], [128.8319892641533, 35.067461907136085], [128.83151957936678, 35.06735123160108]]]}}, {"type": "Feature", "properties": {"LINK_ID": "4180089600", "ROAD_NAME": "안골로", "ROAD_RANK": "107", "LANES": 1, "MAX_SPD": 30, "LENGTH": 100.780491995389, "count": 1}, "geometry": {"type": "MultiLineString", "coordinates": [[[128.79122278011272, 35.094713513999416], [128.79137110304055, 35.09381362766478]]]}}, {"type": "Feature", "properties": {"LINK_ID": "4180067600", "ROAD_NAME": "신항북로", "ROAD_RANK": "107", "LANES": 4, "MAX_SPD": 70, "LENGTH": 268.913640031121, "count": 41}, "geometry": {"type": "MultiLineString", "coordinates": [[[128.82425302275527, 35.08612682227065], [128.8228108849037, 35.086119989481666], [128.82130519101105, 35.086120818266565]]]}}, {"type": "Feature", "properties": {"LINK_ID": "4180081300", "ROAD_NAME": "신항10로", "ROAD_RANK": "107", "LANES": 4, "MAX_SPD": 80, "LENGTH": 392.992228197745, "count": 3}, "geometry": {"type": "MultiLineString", "coordinates": [[[128.76996222114363, 35.0912804636249], [128.7742705020028, 35.09125791996279]]]}}, {"type": "Feature", "properties": {"LINK_ID": "4180072900", "ROAD_NAME": "신항4로", "ROAD_RANK": "107", "LANES": 1, "MAX_SPD": 30, "LENGTH": 117.017538477845, "count": 2}, "geometry": {"type": "MultiLineString", "coordinates": [[[128.81694460218603, 35.08796729313048], [128.8182272412012, 35.087983391531495]]]}}, {"type": "Feature", "properties": {"LINK_ID": "4180090700", "ROAD_NAME": "용원동로", "ROAD_RANK": "107", "LANES": 1, "MAX_SPD": 50, "LENGTH": 29.647384179709, "count": 1}, "geometry": {"type": "MultiLineString", "coordinates": [[[128.81919640597772, 35.093800999313636], [128.81928932341086, 35.09405699259975]]]}}, {"type": "Feature", "properties": {"LINK_ID": "4180075002", "ROAD_NAME": "신항9로", "ROAD_RANK": "107", "LANES": 2, "MAX_SPD": 60, "LENGTH": 279.912862218919, "count": 3}, "geometry": {"type": "MultiLineString", "coordinates": [[[128.77748613744728, 35.08919688386671], [128.77707177218792, 35.08914610865683], [128.77442231215105, 35.08917237616524]]]}}, {"type": "Feature", "properties": {"LINK_ID": "4180059101", "ROAD_NAME": "신항로", "ROAD_RANK": "107", "LANES": 2, "MAX_SPD": 60, "LENGTH": 12.000424109983, "count": 5}, "geometry": {"type": "MultiLineString", "coordinates": [[[128.77002215879602, 35.08318376701157], [128.76989061133395, 35.0831839176528]]]}}, {"type": "Feature", "properties": {"LINK_ID": "4180059802", "ROAD_NAME": "신항로", "ROAD_RANK": "107", "LANES": 4, "MAX_SPD": 60, "LENGTH": 407.4410673003, "count": 35}, "geometry": {"type": "MultiLineString", "coordinates": [[[128.76525067832335, 35.0831948815964], [128.76525037220844, 35.08333345926722], [128.7652263802293, 35.0868662089564]]]}}, {"type": "Feature", "properties": {"LINK_ID": "1410087100", "ROAD_NAME": "녹산산단17로", "ROAD_RANK": "104", "LANES": 1, "MAX_SPD": 30, "LENGTH": 198.575163936958, "count": 4}, "geometry": {"type": "MultiLineString", "coordinates": [[[128.8335075119261, 35.099562692342836], [128.83421198729522, 35.09898699130026], [128.8342167011104, 35.098014201186594]]]}}, {"type": "Feature", "properties": {"LINK_ID": "1411031800", "ROAD_NAME": "신항남로", "ROAD_RANK": "104", "LANES": 3, "MAX_SPD": 60, "LENGTH": 433.660940384691, "count": 94}, "geometry": {"type": "MultiLineString", "coordinates": [[[128.8229621702806, 35.064148254245985], [128.82357711057082, 35.06458769548903], [128.82400179406702, 35.06494035112675], [128.82454183985504, 35.065384271398024], [128.82521568149497, 35.065785745734615], [128.82590390175514, 35.06609730337317], [128.8267864119753, 35.066392657396456]]]}}, {"type": "Feature", "properties": {"LINK_ID": "1410702400", "ROAD_NAME": "신항로", "ROAD_RANK": "104", "LANES": 3, "MAX_SPD": 60, "LENGTH": 276.076633212852, "count": 53}, "geometry": {"type": "MultiLineString", "coordinates": [[[128.81834057821555, 35.08313050841346], [128.82136684581573, 35.083133790157746]]]}}, {"type": "Feature", "properties": {"LINK_ID": "4180079802", "ROAD_NAME": "-", "ROAD_RANK": "107", "LANES": 1, "MAX_SPD": 60, "LENGTH": 12.001245248402, "count": 1}, "geometry": {"type": "MultiLineString", "coordinates": [[[128.8216892555488, 35.090002822168685], [128.82178332624832, 35.08992722110547]]]}}, {"type": "Feature", "properties": {"LINK_ID": "1411031100", "ROAD_NAME": "-", "ROAD_RANK": "104", "LANES": 1, "MAX_SPD": 30, "LENGTH": 25.860368457806, "count": 1}, "geometry": {"type": "MultiLineString", "coordinates": [[[128.83142783760567, 35.067221217845585], [128.8314720504812, 35.06710921806956], [128.83151333054929, 35.06699906064864]]]}}, {"type": "Feature", "properties": {"LINK_ID": "1410031100", "ROAD_NAME": "-", "ROAD_RANK": "104", "LANES": 1, "MAX_SPD": 30, "LENGTH": 225.268917461169, "count": 1}, "geometry": {"type": "MultiLineString", "coordinates": [[[128.83808318353266, 35.087777942194975], [128.83808743080814, 35.08647318603105], [128.83808979133326, 35.08574814443574]]]}}, {"type": "Feature", "properties": {"LINK_ID": "1410705001", "ROAD_NAME": "-", "ROAD_RANK": "104", "LANES": 2, "MAX_SPD": 30, "LENGTH": 389.935364240895, "count": 1}, "geometry": {"type": "MultiLineString", "coordinates": [[[128.8251225803314, 35.087994063766885], [128.8252196607427, 35.087994946764994], [128.82723096008507, 35.08798719363145], [128.82939708267412, 35.0879731853959]]]}}, {"type": "Feature", "properties": {"LINK_ID": "1410123001", "ROAD_NAME": "신항남로", "ROAD_RANK": "104", "LANES": 2, "MAX_SPD": 80, "LENGTH": 57.652159609941, "count": 56}, "geometry": {"type": "MultiLineString", "coordinates": [[[128.83447680533263, 35.08889592589275], [128.83449441302838, 35.08837664722581]]]}}, {"type": "Feature", "properties": {"LINK_ID": "1410095100", "ROAD_NAME": "가락대로", "ROAD_RANK": "105", "LANES": 3, "MAX_SPD": 60, "LENGTH": 229.276148625905, "count": 10}, "geometry": {"type": "MultiLineString", "coordinates": [[[128.83935705005356, 35.101705376335374], [128.8393628210893, 35.09963947474542]]]}}, {"type": "Feature", "properties": {"LINK_ID": "4180038100", "ROAD_NAME": "-", "ROAD_RANK": "107", "LANES": 1, "MAX_SPD": 40, "LENGTH": 54.680362121648, "count": 1}, "geometry": {"type": "MultiLineString", "coordinates": [[[128.82684110515447, 35.08987443894038], [128.82725975628748, 35.09022706852349]]]}}, {"type": "Feature", "properties": {"LINK_ID": "1410121301", "ROAD_NAME": "녹산산업북로", "ROAD_RANK": "104", "LANES": 2, "MAX_SPD": 50, "LENGTH": 10.946292571584, "count": 3}, "geometry": {"type": "MultiLineString", "coordinates": [[[128.8343367029217, 35.09801543380192], [128.8342167011104, 35.098014201186594]]]}}, {"type": "Feature", "properties": {"LINK_ID": "4180075001", "ROAD_NAME": "신항9로", "ROAD_RANK": "107", "LANES": 2, "MAX_SPD": 60, "LENGTH": 12.001291398497, "count": 1}, "geometry": {"type": "MultiLineString", "coordinates": [[[128.77442231215105, 35.08917237616524], [128.77429074859717, 35.08917310100854]]]}}, {"type": "Feature", "properties": {"LINK_ID": "4180104800", "ROAD_NAME": "용원동로", "ROAD_RANK": "107", "LANES": 1, "MAX_SPD": 50, "LENGTH": 95.904704973154, "count": 1}, "geometry": {"type": "MultiLineString", "coordinates": [[[128.82100505754002, 35.09832318461748], [128.8212375599717, 35.09890461074953], [128.82133334761866, 35.09914414722771]]]}}, {"type": "Feature", "properties": {"LINK_ID": "4180085500", "ROAD_NAME": "신항2로", "ROAD_RANK": "107", "LANES": 2, "MAX_SPD": 60, "LENGTH": 321.704838080506, "count": 2}, "geometry": {"type": "MultiLineString", "coordinates": [[[128.8220186005242, 35.09174223443232], [128.82355070881698, 35.09303764509829], [128.8236085356885, 35.093066319618444], [128.8236702056887, 35.09306564684952], [128.8237458624875, 35.09303351673301], [128.82454640982286, 35.09239630450428]]]}}, {"type": "Feature", "properties": {"LINK_ID": "4180063302", "ROAD_NAME": "신항5로", "ROAD_RANK": "107", "LANES": 2, "MAX_SPD": 60, "LENGTH": 274.524785521739, "count": 1}, "geometry": {"type": "MultiLineString", "coordinates": [[[128.80415717228007, 35.08448795123168], [128.8047762843321, 35.08449049026975], [128.80569621670458, 35.08449425780708], [128.8061373431929, 35.084496061409496], [128.80614054928924, 35.08449607492554], [128.80716645032152, 35.08449048612431]]]}}, {"type": "Feature", "properties": {"LINK_ID": "4180089300", "ROAD_NAME": "신항7로", "ROAD_RANK": "107", "LANES": 2, "MAX_SPD": 50, "LENGTH": 305.9973921991, "count": 6}, "geometry": {"type": "MultiLineString", "coordinates": [[[128.76994427780832, 35.09414628330616], [128.76993451211914, 35.09690355319049]]]}}, {"type": "Feature", "properties": {"LINK_ID": "1411032700", "ROAD_NAME": "신항남로", "ROAD_RANK": "104", "LANES": 3, "MAX_SPD": 10, "LENGTH": 50.957078585634, "count": 1}, "geometry": {"type": "MultiLineString", "coordinates": [[[128.8347424523801, 35.0742656047645], [128.83418395535847, 35.07426214712912]]]}}, {"type": "Feature", "properties": {"LINK_ID": "1410086700", "ROAD_NAME": "녹산산단27로", "ROAD_RANK": "104", "LANES": 2, "MAX_SPD": 50, "LENGTH": 76.042576421948, "count": 1}, "geometry": {"type": "MultiLineString", "coordinates": [[[128.83242683219632, 35.09860488574768], [128.8326409874059, 35.098430991730766], [128.8326418684452, 35.097993224192344]]]}}, {"type": "Feature", "properties": {"LINK_ID": "4180068600", "ROAD_NAME": "신항3로", "ROAD_RANK": "107", "LANES": 3, "MAX_SPD": 60, "LENGTH": 86.088059711034, "count": 14}, "geometry": {"type": "MultiLineString", "coordinates": [[[128.82425351156039, 35.08690253011592], [128.82425302275527, 35.08612682227065]]]}}, {"type": "Feature", "properties": {"LINK_ID": "1410088902", "ROAD_NAME": "녹산산업북로193번길", "ROAD_RANK": "104", "LANES": 1, "MAX_SPD": 30, "LENGTH": 10.945051750471, "count": 1}, "geometry": {"type": "MultiLineString", "coordinates": [[[128.84264716226102, 35.09895310234755], [128.84276716049177, 35.0989533383033]]]}}, {"type": "Feature", "properties": {"LINK_ID": "1410087500", "ROAD_NAME": "녹산산업북로", "ROAD_RANK": "104", "LANES": 3, "MAX_SPD": 50, "LENGTH": 113.911802521249, "count": 8}, "geometry": {"type": "MultiLineString", "coordinates": [[[128.83936779773728, 35.09803690377489], [128.83811891378178, 35.09803507938804]]]}}, {"type": "Feature", "properties": {"LINK_ID": "1410702103", "ROAD_NAME": "신항4로", "ROAD_RANK": "104", "LANES": 2, "MAX_SPD": 30, "LENGTH": 276.118186798912, "count": 21}, "geometry": {"type": "MultiLineString", "coordinates": [[[128.821372932483, 35.08460824214628], [128.82124222311216, 35.08460779183619], [128.81990158315665, 35.08460316542506], [128.81938599962794, 35.08459961492342], [128.8183462200525, 35.084592447735275]]]}}, {"type": "Feature", "properties": {"LINK_ID": "4180068400", "ROAD_NAME": "안골로108번길", "ROAD_RANK": "107", "LANES": 1, "MAX_SPD": 40, "LENGTH": 351.185732548362, "count": 1}, "geometry": {"type": "MultiLineString", "coordinates": [[[128.787827632914, 35.089137735790885], [128.78780668375884, 35.08912085157858], [128.7875929183594, 35.088936639473204], [128.78742566274724, 35.08879825497182], [128.7860733069478, 35.0877053509062], [128.7859112974767, 35.08754127782821], [128.78582420751204, 35.0874251570087], [128.78573580804502, 35.087293065952174], [128.78566783222703, 35.08718146334175], [128.7856012139086, 35.087064125150555], [128.78541376155405, 35.0868318152734], [128.78533153008956, 35.086757719049864]]]}}, {"type": "Feature", "properties": {"LINK_ID": "1411038800", "ROAD_NAME": "녹산산단46로", "ROAD_RANK": "104", "LANES": 1, "MAX_SPD": 60, "LENGTH": 409.114761308117, "count": 10}, "geometry": {"type": "MultiLineString", "coordinates": [[[128.82655995647463, 35.093130251972354], [128.82976538821373, 35.090551853885316]]]}}, {"type": "Feature", "properties": {"LINK_ID": "1410021502", "ROAD_NAME": "녹산산단262로60번길", "ROAD_RANK": "104", "LANES": 1, "MAX_SPD": 30, "LENGTH": 88.143216826868, "count": 1}, "geometry": {"type": "MultiLineString", "coordinates": [[[128.84049604851472, 35.083705163003934], [128.83952985244932, 35.083703118752936]]]}}, {"type": "Feature", "properties": {"LINK_ID": "1410040101", "ROAD_NAME": "녹산산업대로", "ROAD_RANK": "104", "LANES": 3, "MAX_SPD": 70, "LENGTH": 10.946459852187, "count": 2}, "geometry": {"type": "MultiLineString", "coordinates": [[[128.8393951488024, 35.08889894380482], [128.83951514817687, 35.088899028406374]]]}}, {"type": "Feature", "properties": {"LINK_ID": "4180067502", "ROAD_NAME": "신항북로", "ROAD_RANK": "107", "LANES": 4, "MAX_SPD": 70, "LENGTH": 268.991019619605, "count": 41}, "geometry": {"type": "MultiLineString", "coordinates": [[[128.82130510392193, 35.08601269092596], [128.82281122061408, 35.086011862107796], [128.82425378000767, 35.08601869680255]]]}}, {"type": "Feature", "properties": {"LINK_ID": "1411101802", "ROAD_NAME": "신항남로", "ROAD_RANK": "104", "LANES": 3, "MAX_SPD": 60, "LENGTH": 268.379359866636, "count": 35}, "geometry": {"type": "MultiLineString", "coordinates": [[[128.80535097384958, 35.06117899613183], [128.80498404436972, 35.061152372196304], [128.80247587740126, 35.060681326141065]]]}}, {"type": "Feature", "properties": {"LINK_ID": "4180081800", "ROAD_NAME": "신항7로", "ROAD_RANK": "107", "LANES": 2, "MAX_SPD": 50, "LENGTH": 293.984899964877, "count": 4}, "geometry": {"type": "MultiLineString", "coordinates": [[[128.76981324747, 35.09403811924257], [128.76982997730389, 35.091389114254625]]]}}, {"type": "Feature", "properties": {"LINK_ID": "4180084700", "ROAD_NAME": "안골로108번길", "ROAD_RANK": "107", "LANES": 1, "MAX_SPD": 30, "LENGTH": 212.478334589772, "count": 1}, "geometry": {"type": "MultiLineString", "coordinates": [[[128.79108197475858, 35.091925475531326], [128.79134898712016, 35.09221699119806], [128.79135698756866, 35.09222799220855], [128.79135898730996, 35.09223199110568], [128.79153498707177, 35.09254399119514], [128.79162198762958, 35.092783991404666], [128.79162798745924, 35.092808991761075], [128.79163498733504, 35.093401991329806], [128.79163498727317, 35.093402990782515], [128.79163098735924, 35.09342299117542], [128.7915284737149, 35.093709297513406]]]}}, {"type": "Feature", "properties": {"LINK_ID": "1411062702", "ROAD_NAME": "-", "ROAD_RANK": "107", "LANES": 2, "MAX_SPD": 60, "LENGTH": 13.354495633843, "count": 3}, "geometry": {"type": "MultiLineString", "coordinates": [[[128.83548263346654, 35.09803018531469], [128.8354800354151, 35.097909872518365]]]}}, {"type": "Feature", "properties": {"LINK_ID": "4180089100", "ROAD_NAME": "남해고속도로제3지선", "ROAD_RANK": "101", "LANES": 4, "MAX_SPD": 100, "LENGTH": 468.892346519037, "count": 48}, "geometry": {"type": "MultiLineString", "coordinates": [[[128.76519877103965, 35.09418197963421], [128.76521540644532, 35.0944441420599], [128.76521515039352, 35.095099691016514], [128.76521338153447, 35.095409436515865], [128.76522114990408, 35.095697392128216], [128.76522678329283, 35.09582070374447], [128.7653217832319, 35.09790807184498], [128.7653447178033, 35.098404747171784]]]}}, {"type": "Feature", "properties": {"LINK_ID": "1410064000", "ROAD_NAME": "녹산산업중로", "ROAD_RANK": "104", "LANES": 2, "MAX_SPD": 50, "LENGTH": 219.839103295998, "count": 1}, "geometry": {"type": "MultiLineString", "coordinates": [[[128.83560408367808, 35.09339906387634], [128.83801417922297, 35.093401920861545]]]}}, {"type": "Feature", "properties": {"LINK_ID": "1410122400", "ROAD_NAME": "신항남로", "ROAD_RANK": "104", "LANES": 2, "MAX_SPD": 80, "LENGTH": 486.849880208405, "count": 49}, "geometry": {"type": "MultiLineString", "coordinates": [[[128.8346026206518, 35.089013727148966], [128.8345820275628, 35.08934054878336], [128.83458715357906, 35.093400092527936]]]}}, {"type": "Feature", "properties": {"LINK_ID": "4180065404", "ROAD_NAME": "신항동로", "ROAD_RANK": "107", "LANES": 3, "MAX_SPD": 50, "LENGTH": 250.029757515864, "count": 10}, "geometry": {"type": "MultiLineString", "coordinates": [[[128.8010526621949, 35.088277925385434], [128.80097920796848, 35.088178019648794], [128.80091614684426, 35.08804048796468], [128.8008710152343, 35.08789545490525], [128.80084607643457, 35.087751414194784], [128.80083261493843, 35.08761464973997], [128.80083620541097, 35.0868313001508], [128.80083975087064, 35.08605782815188]]]}}, {"type": "Feature", "properties": {"LINK_ID": "4180066801", "ROAD_NAME": "신항북로", "ROAD_RANK": "107", "LANES": 4, "MAX_SPD": 70, "LENGTH": 12.000274729329, "count": 6}, "geometry": {"type": "MultiLineString", "coordinates": [[[128.81434874800212, 35.08610707883639], [128.8142171995014, 35.0861071130333]]]}}, {"type": "Feature", "properties": {"LINK_ID": "1410063402", "ROAD_NAME": "녹산산업대로", "ROAD_RANK": "104", "LANES": 3, "MAX_SPD": 70, "LENGTH": 52.357385535913, "count": 3}, "geometry": {"type": "MultiLineString", "coordinates": [[[128.82729391248697, 35.09392433715939], [128.82688395587067, 35.09425454611746]]]}}, {"type": "Feature", "properties": {"LINK_ID": "4180147900", "ROAD_NAME": "진해대로", "ROAD_RANK": "103", "LANES": 3, "MAX_SPD": 70, "LENGTH": 194.471944283023, "count": 2}, "geometry": {"type": "MultiLineString", "coordinates": [[[128.80897773862503, 35.10521624014554], [128.80917498770404, 35.10495999140692], [128.80952498740496, 35.104609991358124], [128.80953498739473, 35.10460199157484], [128.8097649876395, 35.10441199153815], [128.8101449875368, 35.10415199124851], [128.81042912187527, 35.103947690649]]]}}, {"type": "Feature", "properties": {"LINK_ID": "4180062501", "ROAD_NAME": "-", "ROAD_RANK": "107", "LANES": 3, "MAX_SPD": 60, "LENGTH": 12.000065999066, "count": 1}, "geometry": {"type": "MultiLineString", "coordinates": [[[128.81236174750123, 35.08311945901778], [128.8123617471838, 35.083227587749434]]]}}, {"type": "Feature", "properties": {"LINK_ID": "4180060501", "ROAD_NAME": "신항로", "ROAD_RANK": "107", "LANES": 3, "MAX_SPD": 60, "LENGTH": 12.001268801909, "count": 2}, "geometry": {"type": "MultiLineString", "coordinates": [[[128.78734428679763, 35.08317404381412], [128.78721273148213, 35.08317369430533]]]}}, {"type": "Feature", "properties": {"LINK_ID": "1410035400", "ROAD_NAME": "가락대로", "ROAD_RANK": "105", "LANES": 3, "MAX_SPD": 60, "LENGTH": 110.864019536676, "count": 1}, "geometry": {"type": "MultiLineString", "coordinates": [[[128.83951782658042, 35.08790008180879], [128.83951514817687, 35.088899028406374]]]}}, {"type": "Feature", "properties": {"LINK_ID": "4180077000", "ROAD_NAME": "신항동로", "ROAD_RANK": "107", "LANES": 3, "MAX_SPD": 50, "LENGTH": 344.599139738631, "count": 4}, "geometry": {"type": "MultiLineString", "coordinates": [[[128.8216892555488, 35.090002822168685], [128.821099728919, 35.08949252957411], [128.82085379995533, 35.08932293481886], [128.82028177550404, 35.08907344415972], [128.81993336807705, 35.08898988597991], [128.8195694089406, 35.08895041784328], [128.8190891324784, 35.088946414029785], [128.81834662666623, 35.088955798250396]]]}}, {"type": "Feature", "properties": {"LINK_ID": "4180059000", "ROAD_NAME": "신항로", "ROAD_RANK": "107", "LANES": 2, "MAX_SPD": 60, "LENGTH": 390.057702907494, "count": 156}, "geometry": {"type": "MultiLineString", "coordinates": [[[128.77002217710802, 35.08307563721698], [128.77393726600343, 35.08307602206527], [128.7742966452159, 35.08310118119532]]]}}, {"type": "Feature", "properties": {"LINK_ID": "4180060401", "ROAD_NAME": "신항로", "ROAD_RANK": "107", "LANES": 3, "MAX_SPD": 60, "LENGTH": 12.002308568843, "count": 4}, "geometry": {"type": "MultiLineString", "coordinates": [[[128.79624055996726, 35.08310380951644], [128.7963721268092, 35.083103851313574]]]}}, {"type": "Feature", "properties": {"LINK_ID": "4180132602", "ROAD_NAME": "안청로", "ROAD_RANK": "107", "LANES": 2, "MAX_SPD": 60, "LENGTH": 211.250334492553, "count": 1}, "geometry": {"type": "MultiLineString", "coordinates": [[[128.80317595642458, 35.10232068563232], [128.80322542141275, 35.104223760731756]]]}}, {"type": "Feature", "properties": {"LINK_ID": "4180067300", "ROAD_NAME": "-", "ROAD_RANK": "107", "LANES": 3, "MAX_SPD": 70, "LENGTH": 85.350604835164, "count": 2}, "geometry": {"type": "MultiLineString", "coordinates": [[[128.81434874800212, 35.08610707883639], [128.81434359345093, 35.08687613302194]]]}}, {"type": "Feature", "properties": {"LINK_ID": "4180084101", "ROAD_NAME": "신항2로", "ROAD_RANK": "107", "LANES": 2, "MAX_SPD": 60, "LENGTH": 12.000434598119, "count": 4}, "geometry": {"type": "MultiLineString", "coordinates": [[[128.82473282956863, 35.09239827539449], [128.82463842365294, 35.09247358535599]]]}}, {"type": "Feature", "properties": {"LINK_ID": "4180059202", "ROAD_NAME": "신항7로", "ROAD_RANK": "107", "LANES": 2, "MAX_SPD": 50, "LENGTH": 11.999997517195, "count": 2}, "geometry": {"type": "MultiLineString", "coordinates": [[[128.77002217710802, 35.08307563721698], [128.77002215879602, 35.08318376701157]]]}}, {"type": "Feature", "properties": {"LINK_ID": "1411101708", "ROAD_NAME": "신항남로", "ROAD_RANK": "104", "LANES": 3, "MAX_SPD": 60, "LENGTH": 277.420722515678, "count": 49}, "geometry": {"type": "MultiLineString", "coordinates": [[[128.80999658821617, 35.06147615130644], [128.81039094634838, 35.061540393406894], [128.8106476282075, 35.06158230713624], [128.81297861251025, 35.061962907867745]]]}}, {"type": "Feature", "properties": {"LINK_ID": "1410052200", "ROAD_NAME": "가락대로", "ROAD_RANK": "105", "LANES": 3, "MAX_SPD": 60, "LENGTH": 361.142134700339, "count": 2}, "geometry": {"type": "MultiLineString", "coordinates": [[[128.83938116596102, 35.09340294796693], [128.8393908094748, 35.090148859390766]]]}}, {"type": "Feature", "properties": {"LINK_ID": "1410705202", "ROAD_NAME": "신항북로", "ROAD_RANK": "104", "LANES": 4, "MAX_SPD": 50, "LENGTH": 328.068115460207, "count": 21}, "geometry": {"type": "MultiLineString", "coordinates": [[[128.82798087468328, 35.086130235034126], [128.82438456803223, 35.086127189067035]]]}}, {"type": "Feature", "properties": {"LINK_ID": "1410041000", "ROAD_NAME": "녹산산단231로", "ROAD_RANK": "104", "LANES": 2, "MAX_SPD": 50, "LENGTH": 112.417079494637, "count": 2}, "geometry": {"type": "MultiLineString", "coordinates": [[[128.84266809431634, 35.0900338964854], [128.84266988148846, 35.089020955940846]]]}}, {"type": "Feature", "properties": {"LINK_ID": "1410036201", "ROAD_NAME": "녹산산단232로", "ROAD_RANK": "104", "LANES": 2, "MAX_SPD": 50, "LENGTH": 13.317879155088, "count": 1}, "geometry": {"type": "MultiLineString", "coordinates": [[[128.84279014804736, 35.088901027435135], [128.84278988090549, 35.08902102887981]]]}}, {"type": "Feature", "properties": {"LINK_ID": "1410097600", "ROAD_NAME": "낙동남로", "ROAD_RANK": "103", "LANES": 2, "MAX_SPD": 70, "LENGTH": 127.521508296099, "count": 4}, "geometry": {"type": "MultiLineString", "coordinates": [[[128.83935648265248, 35.1018959660048], [128.83928898750048, 35.10196599067392], [128.83927398752462, 35.10197899205386], [128.83926198790405, 35.101983992021125], [128.83916298757228, 35.10204499131901], [128.83905998710694, 35.10207599138507], [128.83894598736148, 35.10208799132711], [128.83892698702059, 35.1020909913553], [128.83891498744723, 35.10208999103353], [128.83878898727258, 35.10208499134157], [128.83861398728308, 35.10206699141191], [128.83806436883037, 35.101936980776415]]]}}, {"type": "Feature", "properties": {"LINK_ID": "1410086400", "ROAD_NAME": "녹산산업북로", "ROAD_RANK": "104", "LANES": 2, "MAX_SPD": 50, "LENGTH": 132.739052414419, "count": 5}, "geometry": {"type": "MultiLineString", "coordinates": [[[128.83276217612183, 35.097874781109255], [128.83421728559782, 35.09789418282612]]]}}, {"type": "Feature", "properties": {"LINK_ID": "1411032501", "ROAD_NAME": "신항남로", "ROAD_RANK": "104", "LANES": 3, "MAX_SPD": 60, "LENGTH": 12.000380955417, "count": 1}, "geometry": {"type": "MultiLineString", "coordinates": [[[128.8347424523801, 35.0742656047645], [128.83474244131108, 35.074157473947636]]]}}, {"type": "Feature", "properties": {"LINK_ID": "4180069805", "ROAD_NAME": "신항4로", "ROAD_RANK": "107", "LANES": 1, "MAX_SPD": 30, "LENGTH": 38.76301127042, "count": 3}, "geometry": {"type": "MultiLineString", "coordinates": [[[128.81518518050441, 35.08699138506044], [128.8147602735601, 35.086987791734025]]]}}, {"type": "Feature", "properties": {"LINK_ID": "1410070900", "ROAD_NAME": "녹산산업북로", "ROAD_RANK": "104", "LANES": 2, "MAX_SPD": 50, "LENGTH": 104.639695662302, "count": 5}, "geometry": {"type": "MultiLineString", "coordinates": [[[128.82760177610677, 35.09499617647137], [128.82678880695167, 35.09433093857321]]]}}, {"type": "Feature", "properties": {"LINK_ID": "4180065100", "ROAD_NAME": "안골로", "ROAD_RANK": "107", "LANES": 1, "MAX_SPD": 30, "LENGTH": 217.906064028306, "count": 15}, "geometry": {"type": "MultiLineString", "coordinates": [[[128.78445369646312, 35.086246182169845], [128.78581156133862, 35.0878616053083]]]}}, {"type": "Feature", "properties": {"LINK_ID": "4180060101", "ROAD_NAME": "신항6로", "ROAD_RANK": "107", "LANES": 3, "MAX_SPD": 60, "LENGTH": 11.999936079981, "count": 5}, "geometry": {"type": "MultiLineString", "coordinates": [[[128.77428548300477, 35.08320892026618], [128.7742966452159, 35.08310118119532]]]}}, {"type": "Feature", "properties": {"LINK_ID": "4180095100", "ROAD_NAME": "용원남로", "ROAD_RANK": "107", "LANES": 1, "MAX_SPD": 30, "LENGTH": 16.882790238451, "count": 1}, "geometry": {"type": "MultiLineString", "coordinates": [[[128.81926326568606, 35.096592683813554], [128.81944324131274, 35.09655715470886]]]}}, {"type": "Feature", "properties": {"LINK_ID": "4180131400", "ROAD_NAME": "용원중로", "ROAD_RANK": "107", "LANES": 1, "MAX_SPD": 30, "LENGTH": 146.815821266742, "count": 1}, "geometry": {"type": "MultiLineString", "coordinates": [[[128.81678880754362, 35.101124440307125], [128.81716445903044, 35.102410818003264]]]}}, {"type": "Feature", "properties": {"LINK_ID": "4180070401", "ROAD_NAME": "신항4로", "ROAD_RANK": "107", "LANES": 1, "MAX_SPD": 30, "LENGTH": 12.000125846898, "count": 2}, "geometry": {"type": "MultiLineString", "coordinates": [[[128.81836235895875, 35.08700963838597], [128.81823081083735, 35.087009674794466]]]}}, {"type": "Feature", "properties": {"LINK_ID": "4180060801", "ROAD_NAME": "안골로108번길", "ROAD_RANK": "107", "LANES": 2, "MAX_SPD": 50, "LENGTH": 12.395504787006, "count": 3}, "geometry": {"type": "MultiLineString", "coordinates": [[[128.78411198192958, 35.0854346348918], [128.78420313437334, 35.08551746840068]]]}}, {"type": "Feature", "properties": {"LINK_ID": "4180123400", "ROAD_NAME": "용원동로", "ROAD_RANK": "107", "LANES": 1, "MAX_SPD": 50, "LENGTH": 51.878778152226, "count": 1}, "geometry": {"type": "MultiLineString", "coordinates": [[[128.8217279415291, 35.100128864489356], [128.8219150515803, 35.10057030811941]]]}}, {"type": "Feature", "properties": {"LINK_ID": "1410736400", "ROAD_NAME": "녹산산업대로", "ROAD_RANK": "104", "LANES": 3, "MAX_SPD": 70, "LENGTH": 138.077516703138, "count": 8}, "geometry": {"type": "MultiLineString", "coordinates": [[[128.82328520512186, 35.09715319136339], [128.82220420077869, 35.09802417929194]]]}}, {"type": "Feature", "properties": {"LINK_ID": "4180079100", "ROAD_NAME": "신항동로", "ROAD_RANK": "107", "LANES": 3, "MAX_SPD": 50, "LENGTH": 135.275752810624, "count": 29}, "geometry": {"type": "MultiLineString", "coordinates": [[[128.82187496652583, 35.09000480153347], [128.82291991218884, 35.090869724227424]]]}}, {"type": "Feature", "properties": {"LINK_ID": "4180088600", "ROAD_NAME": "신항북로", "ROAD_RANK": "107", "LANES": 4, "MAX_SPD": 80, "LENGTH": 420.868838775524, "count": 31}, "geometry": {"type": "MultiLineString", "coordinates": [[[128.76981271627062, 35.094146257695705], [128.76519877103965, 35.09418197963421]]]}}, {"type": "Feature", "properties": {"LINK_ID": "4180074801", "ROAD_NAME": "신항7로", "ROAD_RANK": "107", "LANES": 2, "MAX_SPD": 50, "LENGTH": 12.000255343916, "count": 1}, "geometry": {"type": "MultiLineString", "coordinates": [[[128.76984394153502, 35.08917785879824], [128.76984462444983, 35.08906972823132]]]}}, {"type": "Feature", "properties": {"LINK_ID": "4180063100", "ROAD_NAME": "신항5로", "ROAD_RANK": "107", "LANES": 2, "MAX_SPD": 60, "LENGTH": 346.137975336463, "count": 1}, "geometry": {"type": "MultiLineString", "coordinates": [[[128.79722707676157, 35.08445257818236], [128.79787991403765, 35.08445440026852], [128.79890588142317, 35.084457256017586], [128.7998679544634, 35.08445992700637], [128.80102140758768, 35.08446311853276]]]}}, {"type": "Feature", "properties": {"LINK_ID": "4180065401", "ROAD_NAME": "신항동로", "ROAD_RANK": "107", "LANES": 3, "MAX_SPD": 50, "LENGTH": 11.999966444232, "count": 2}, "geometry": {"type": "MultiLineString", "coordinates": [[[128.80083975087064, 35.08605782815188], [128.800838035972, 35.08594970909276]]]}}, {"type": "Feature", "properties": {"LINK_ID": "4180088501", "ROAD_NAME": "신항북로", "ROAD_RANK": "107", "LANES": 4, "MAX_SPD": 80, "LENGTH": 11.979341917785, "count": 10}, "geometry": {"type": "MultiLineString", "coordinates": [[[128.76506435299876, 35.09407304644774], [128.76519568337304, 35.094073868748254]]]}}, {"type": "Feature", "properties": {"LINK_ID": "1410087600", "ROAD_NAME": "녹산산업북로", "ROAD_RANK": "104", "LANES": 2, "MAX_SPD": 50, "LENGTH": 288.407098577919, "count": 2}, "geometry": {"type": "MultiLineString", "coordinates": [[[128.83948816518287, 35.09791706950732], [128.84098098770664, 35.097918991420805], [128.84265013583578, 35.09792285378565]]]}}, {"type": "Feature", "properties": {"LINK_ID": "4180071401", "ROAD_NAME": "신항3로", "ROAD_RANK": "107", "LANES": 3, "MAX_SPD": 70, "LENGTH": 12.000098757287, "count": 1}, "geometry": {"type": "MultiLineString", "coordinates": [[[128.82425373389952, 35.08701065844507], [128.82425351156039, 35.08690253011592]]]}}, {"type": "Feature", "properties": {"LINK_ID": "4180060100", "ROAD_NAME": "신항6로", "ROAD_RANK": "107", "LANES": 3, "MAX_SPD": 60, "LENGTH": 410.353938864127, "count": 22}, "geometry": {"type": "MultiLineString", "coordinates": [[[128.77426800304443, 35.0869063552878], [128.7742788339286, 35.08428884458788], [128.7742776782563, 35.08333187607916], [128.77428548300477, 35.08320892026618]]]}}, {"type": "Feature", "properties": {"LINK_ID": "1410705800", "ROAD_NAME": "신항로", "ROAD_RANK": "104", "LANES": 3, "MAX_SPD": 60, "LENGTH": 462.646195301542, "count": 71}, "geometry": {"type": "MultiLineString", "coordinates": [[[128.82452543455466, 35.08313746048331], [128.8264463951259, 35.08314886233744], [128.82959674645764, 35.08315709043101]]]}}, {"type": "Feature", "properties": {"LINK_ID": "4180061700", "ROAD_NAME": "신항로", "ROAD_RANK": "107", "LANES": 3, "MAX_SPD": 60, "LENGTH": 139.172655926351, "count": 6}, "geometry": {"type": "MultiLineString", "coordinates": [[[128.80114052930003, 35.08321124911268], [128.80114172153912, 35.0833328054408], [128.8011521955084, 35.08435821589541], [128.80115296944084, 35.08446525220349]]]}}, {"type": "Feature", "properties": {"LINK_ID": "4180067902", "ROAD_NAME": "신항8로", "ROAD_RANK": "107", "LANES": 3, "MAX_SPD": 60, "LENGTH": 11.999995064337, "count": 7}, "geometry": {"type": "MultiLineString", "coordinates": [[[128.76509483324892, 35.08686560532296], [128.7652263802293, 35.0868662089564]]]}}, {"type": "Feature", "properties": {"LINK_ID": "4180034601", "ROAD_NAME": "신항북로", "ROAD_RANK": "107", "LANES": 3, "MAX_SPD": 80, "LENGTH": 12.000480455936, "count": 6}, "geometry": {"type": "MultiLineString", "coordinates": [[[128.79738366193783, 35.086177736106634], [128.79750869257848, 35.08614411334973]]]}}, {"type": "Feature", "properties": {"LINK_ID": "1410704602", "ROAD_NAME": "신항로", "ROAD_RANK": "104", "LANES": 3, "MAX_SPD": 30, "LENGTH": 11.999946223274, "count": 1}, "geometry": {"type": "MultiLineString", "coordinates": [[[128.82453178487728, 35.08451209906334], [128.82452839522855, 35.084620190296626]]]}}, {"type": "Feature", "properties": {"LINK_ID": "4180083004", "ROAD_NAME": "신항8로", "ROAD_RANK": "107", "LANES": 2, "MAX_SPD": 60, "LENGTH": 252.556245844773, "count": 1}, "geometry": {"type": "MultiLineString", "coordinates": [[[128.7833625062549, 35.093422037563315], [128.7833456232843, 35.093083378204135], [128.78333388619603, 35.092847940326656], [128.78313961003806, 35.092340073114094], [128.78303486181125, 35.092145592171725], [128.7823630958219, 35.09136505839975]]]}}, {"type": "Feature", "properties": {"LINK_ID": "4180083701", "ROAD_NAME": "신항동로", "ROAD_RANK": "107", "LANES": 3, "MAX_SPD": 50, "LENGTH": 12.000042691861, "count": 1}, "geometry": {"type": "MultiLineString", "coordinates": [[[128.8246408277066, 35.092320986634036], [128.82473282956863, 35.09239827539449]]]}}, {"type": "Feature", "properties": {"LINK_ID": "1411061000", "ROAD_NAME": "진해대로", "ROAD_RANK": "103", "LANES": 3, "MAX_SPD": 70, "LENGTH": 353.189024362904, "count": 11}, "geometry": {"type": "MultiLineString", "coordinates": [[[128.82378987613814, 35.10194038754317], [128.82437098727158, 35.102004991313294], [128.82509098767704, 35.10210799157465], [128.8255899876224, 35.102149991661946], [128.82764019561213, 35.10224697860968]]]}}, {"type": "Feature", "properties": {"LINK_ID": "1411031000", "ROAD_NAME": "-", "ROAD_RANK": "104", "LANES": 1, "MAX_SPD": 30, "LENGTH": 25.18713842134, "count": 3}, "geometry": {"type": "MultiLineString", "coordinates": [[[128.83163901460443, 35.0670308978495], [128.83159744494952, 35.067141827919606], [128.83155581346455, 35.06724728876483]]]}}, {"type": "Feature", "properties": {"LINK_ID": "4180088900", "ROAD_NAME": "신항북로", "ROAD_RANK": "107", "LANES": 4, "MAX_SPD": 80, "LENGTH": 393.094462720836, "count": 15}, "geometry": {"type": "MultiLineString", "coordinates": [[[128.76994480975463, 35.094038152599765], [128.77425423208177, 35.094073398240674]]]}}, {"type": "Feature", "properties": {"LINK_ID": "4180083002", "ROAD_NAME": "신항8로", "ROAD_RANK": "107", "LANES": 2, "MAX_SPD": 60, "LENGTH": 235.363420116651, "count": 3}, "geometry": {"type": "MultiLineString", "coordinates": [[[128.78185192229557, 35.09695071212129], [128.78232232165536, 35.09695641413274], [128.78264050998337, 35.09692686307093], [128.78294782854437, 35.096847536272236], [128.7831978139437, 35.09665357887064], [128.78334698943158, 35.09636570376384], [128.78335149822232, 35.09576610173761], [128.78335158231695, 35.09575491886905]]]}}, {"type": "Feature", "properties": {"LINK_ID": "1410094202", "ROAD_NAME": "송정길", "ROAD_RANK": "104", "LANES": 1, "MAX_SPD": 30, "LENGTH": 211.033297641226, "count": 1}, "geometry": {"type": "MultiLineString", "coordinates": [[[128.84179651352352, 35.099628432590684], [128.83948282134816, 35.09963970114201]]]}}, {"type": "Feature", "properties": {"LINK_ID": "1410077000", "ROAD_NAME": "가락대로", "ROAD_RANK": "105", "LANES": 3, "MAX_SPD": 60, "LENGTH": 247.482013825939, "count": 3}, "geometry": {"type": "MultiLineString", "coordinates": [[[128.8394948078977, 35.095687122830505], [128.83948816518287, 35.09791706950732]]]}}, {"type": "Feature", "properties": {"LINK_ID": "1410063401", "ROAD_NAME": "녹산산업대로", "ROAD_RANK": "104", "LANES": 3, "MAX_SPD": 70, "LENGTH": 71.930127038041, "count": 2}, "geometry": {"type": "MultiLineString", "coordinates": [[[128.82795109967518, 35.093394983412324], [128.82738789499817, 35.09384863631183]]]}}, {"type": "Feature", "properties": {"LINK_ID": "1411038802", "ROAD_NAME": "녹산산단46로", "ROAD_RANK": "104", "LANES": 1, "MAX_SPD": 60, "LENGTH": 409.114761308203, "count": 10}, "geometry": {"type": "MultiLineString", "coordinates": [[[128.82976538821373, 35.090551853885316], [128.83214317308534, 35.08863904524578], [128.83223461369974, 35.08859027830108], [128.83236802716394, 35.088615691004236], [128.83300607882717, 35.08915115849637]]]}}, {"type": "Feature", "properties": {"LINK_ID": "4180077401", "ROAD_NAME": "신항4로", "ROAD_RANK": "107", "LANES": 3, "MAX_SPD": 50, "LENGTH": 12.000056423575, "count": 2}, "geometry": {"type": "MultiLineString", "coordinates": [[[128.8182150773464, 35.08895646701068], [128.81821577763898, 35.08884834023003]]]}}, {"type": "Feature", "properties": {"LINK_ID": "4180059900", "ROAD_NAME": "신항로", "ROAD_RANK": "107", "LANES": 4, "MAX_SPD": 60, "LENGTH": 427.281617442364, "count": 94}, "geometry": {"type": "MultiLineString", "coordinates": [[[128.76509483324892, 35.08686560532296], [128.7651188302458, 35.08333305933337], [128.76511937309718, 35.08308705853056], [128.76520642791775, 35.08308685456833]]]}}, {"type": "Feature", "properties": {"LINK_ID": "1410081101", "ROAD_NAME": "녹산산업중로", "ROAD_RANK": "104", "LANES": 2, "MAX_SPD": 50, "LENGTH": 12.130052187222, "count": 3}, "geometry": {"type": "MultiLineString", "coordinates": [[[128.8294884215995, 35.096539889893016], [128.8295839196687, 35.09646382423065]]]}}, {"type": "Feature", "properties": {"LINK_ID": "1410081300", "ROAD_NAME": "녹산산업북로", "ROAD_RANK": "104", "LANES": 2, "MAX_SPD": 50, "LENGTH": 336.062462143021, "count": 15}, "geometry": {"type": "MultiLineString", "coordinates": [[[128.8326418684452, 35.097993224192344], [128.83146798794215, 35.097977991218514], [128.83143798721377, 35.097969991171674], [128.83143298672047, 35.09796699089439], [128.82958541589926, 35.096616353322936]]]}}, {"type": "Feature", "properties": {"LINK_ID": "4180132600", "ROAD_NAME": "안청로", "ROAD_RANK": "107", "LANES": 2, "MAX_SPD": 60, "LENGTH": 100.149610827359, "count": 1}, "geometry": {"type": "MultiLineString", "coordinates": [[[128.80315250754634, 35.101418475088344], [128.80317595642458, 35.10232068563232]]]}}, {"type": "Feature", "properties": {"LINK_ID": "4180083200", "ROAD_NAME": "신항9로", "ROAD_RANK": "107", "LANES": 2, "MAX_SPD": 60, "LENGTH": 300.733747752509, "count": 9}, "geometry": {"type": "MultiLineString", "coordinates": [[[128.7786922676646, 35.09410953489061], [128.7787013929024, 35.0913997008002]]]}}, {"type": "Feature", "properties": {"LINK_ID": "1410738503", "ROAD_NAME": "녹산산업대로", "ROAD_RANK": "104", "LANES": 3, "MAX_SPD": 70, "LENGTH": 12.000969541162, "count": 3}, "geometry": {"type": "MultiLineString", "coordinates": [[[128.82565628281046, 35.095243120928934], [128.82556231226596, 35.09531880737714]]]}}, {"type": "Feature", "properties": {"LINK_ID": "4180070100", "ROAD_NAME": "신항4로", "ROAD_RANK": "107", "LANES": 1, "MAX_SPD": 30, "LENGTH": 115.941262452772, "count": 4}, "geometry": {"type": "MultiLineString", "coordinates": [[[128.816959696616, 35.08689788102554], [128.81823066210197, 35.08690154605133]]]}}, {"type": "Feature", "properties": {"LINK_ID": "4180127500", "ROAD_NAME": "용재로", "ROAD_RANK": "107", "LANES": 2, "MAX_SPD": 60, "LENGTH": 117.536575589012, "count": 1}, "geometry": {"type": "MultiLineString", "coordinates": [[[128.81815679864977, 35.10073786354775], [128.81940509606324, 35.10047482370252]]]}}, {"type": "Feature", "properties": {"LINK_ID": "4180062400", "ROAD_NAME": "신항로", "ROAD_RANK": "107", "LANES": 3, "MAX_SPD": 60, "LENGTH": 266.6791343483, "count": 53}, "geometry": {"type": "MultiLineString", "coordinates": [[[128.8182088615701, 35.08323831657711], [128.81537109566463, 35.083227555639176], [128.8152856271533, 35.083227557582184]]]}}, {"type": "Feature", "properties": {"LINK_ID": "1410035801", "ROAD_NAME": "녹산산단262로14번길", "ROAD_RANK": "104", "LANES": 1, "MAX_SPD": 30, "LENGTH": 10.94688915227, "count": 1}, "geometry": {"type": "MultiLineString", "coordinates": [[[128.84267309640055, 35.08778487473301], [128.84279309852107, 35.08778506486958]]]}}, {"type": "Feature", "properties": {"LINK_ID": "4180067602", "ROAD_NAME": "신항북로", "ROAD_RANK": "107", "LANES": 4, "MAX_SPD": 70, "LENGTH": 268.931448712165, "count": 41}, "geometry": {"type": "MultiLineString", "coordinates": [[[128.82130519101105, 35.086120818266565], [128.8209899084253, 35.086120989440005], [128.8202648014261, 35.08611798912377], [128.81933273620206, 35.08611598902419], [128.8183571730576, 35.086110372026596]]]}}, {"type": "Feature", "properties": {"LINK_ID": "4180056800", "ROAD_NAME": "안골로318번길", "ROAD_RANK": "107", "LANES": 1, "MAX_SPD": 60, "LENGTH": 481.555068699282, "count": 2}, "geometry": {"type": "MultiLineString", "coordinates": [[[128.80732199173278, 35.09804656740444], [128.80725899890027, 35.09793258030884], [128.80717455704365, 35.09788332260119], [128.8063535980594, 35.09744382295508], [128.80611955142138, 35.097345277735464], [128.80589717020456, 35.097254678206006], [128.8057499766797, 35.0972056136036], [128.80548011275332, 35.09711994287318], [128.80524478337418, 35.09698048900608], [128.80492759507726, 35.096735199980785], [128.80442770295173, 35.09629363161258], [128.80426857975516, 35.09617123053101], [128.80410902963817, 35.09606486462159], [128.803268230958, 35.09555307813697], [128.80321173759737, 35.09555778570103], [128.8031327560252, 35.0956063873965]]]}}, {"type": "Feature", "properties": {"LINK_ID": "4180104500", "ROAD_NAME": "용원로", "ROAD_RANK": "107", "LANES": 2, "MAX_SPD": 60, "LENGTH": 103.303573830804, "count": 1}, "geometry": {"type": "MultiLineString", "coordinates": [[[128.82095867511455, 35.09821074560343], [128.82205292318832, 35.09797059944959]]]}}, {"type": "Feature", "properties": {"LINK_ID": "4180059100", "ROAD_NAME": "신항로", "ROAD_RANK": "107", "LANES": 2, "MAX_SPD": 60, "LENGTH": 389.038738683566, "count": 14}, "geometry": {"type": "MultiLineString", "coordinates": [[[128.77428548300477, 35.08320892026618], [128.77393166883328, 35.08318415162705], [128.77002215879602, 35.08318376701157]]]}}, {"type": "Feature", "properties": {"LINK_ID": "4180136600", "ROAD_NAME": "진해대로", "ROAD_RANK": "103", "LANES": 3, "MAX_SPD": 70, "LENGTH": 475.03954921187, "count": 2}, "geometry": {"type": "MultiLineString", "coordinates": [[[128.82229267515203, 35.101766718646864], [128.82110398722673, 35.10174899207992], [128.81853798756293, 35.1022519920885], [128.8171975354725, 35.10252695621392]]]}}, {"type": "Feature", "properties": {"LINK_ID": "4180082600", "ROAD_NAME": "신항10로", "ROAD_RANK": "107", "LANES": 4, "MAX_SPD": 60, "LENGTH": 89.861766638825, "count": 4}, "geometry": {"type": "MultiLineString", "coordinates": [[[128.7823630958219, 35.09136505839975], [128.7822136030088, 35.09138122559973], [128.78140165888374, 35.09138584437767], [128.78137925318399, 35.09138597182454]]]}}, {"type": "Feature", "properties": {"LINK_ID": "1411031802", "ROAD_NAME": "신항남로", "ROAD_RANK": "104", "LANES": 3, "MAX_SPD": 60, "LENGTH": 433.660940384676, "count": 90}, "geometry": {"type": "MultiLineString", "coordinates": [[[128.8267864119753, 35.066392657396456], [128.82681812390493, 35.06640327042187], [128.827392628079, 35.066549028001695], [128.827822060515, 35.066616793957586], [128.83142783760567, 35.067221217845585]]]}}, {"type": "Feature", "properties": {"LINK_ID": "4180082601", "ROAD_NAME": "신항10로", "ROAD_RANK": "107", "LANES": 4, "MAX_SPD": 60, "LENGTH": 12.000228099196, "count": 1}, "geometry": {"type": "MultiLineString", "coordinates": [[[128.78137925318399, 35.09138597182454], [128.7812476982552, 35.09138671983136]]]}}, {"type": "Feature", "properties": {"LINK_ID": "4180124000", "ROAD_NAME": "용재로", "ROAD_RANK": "107", "LANES": 2, "MAX_SPD": 60, "LENGTH": 46.793246150246, "count": 1}, "geometry": {"type": "MultiLineString", "coordinates": [[[128.82161245748665, 35.10016192534364], [128.821115243783, 35.10026584497302]]]}}, {"type": "Feature", "properties": {"LINK_ID": "4180080201", "ROAD_NAME": "안골로", "ROAD_RANK": "107", "LANES": 1, "MAX_SPD": 30, "LENGTH": 12.733056338424, "count": 1}, "geometry": {"type": "MultiLineString", "coordinates": [[[128.78828176995174, 35.09096650126159], [128.78820208523416, 35.09087229769365]]]}}, {"type": "Feature", "properties": {"LINK_ID": "4180080500", "ROAD_NAME": "신항10로", "ROAD_RANK": "107", "LANES": 4, "MAX_SPD": 80, "LENGTH": 420.444182743427, "count": 5}, "geometry": {"type": "MultiLineString", "coordinates": [[[128.76522146083465, 35.0912803628712], [128.76657037059817, 35.091293541369396], [128.76684115181777, 35.091292295843125], [128.76705351543026, 35.09129131910867], [128.76714910815568, 35.09129087961783], [128.7672806625819, 35.09129027450552], [128.7674310276785, 35.09128958250939], [128.76857987018505, 35.091284288170776], [128.76939183433535, 35.09128214421315], [128.76983065974773, 35.0912809823106]]]}}, {"type": "Feature", "properties": {"LINK_ID": "4180089800", "ROAD_NAME": "신항북로", "ROAD_RANK": "107", "LANES": 4, "MAX_SPD": 80, "LENGTH": 392.911843040761, "count": 26}, "geometry": {"type": "MultiLineString", "coordinates": [[[128.77869190371976, 35.09421766730167], [128.77438448086417, 35.094182595986666]]]}}, {"type": "Feature", "properties": {"LINK_ID": "1411030600", "ROAD_NAME": "신항남로", "ROAD_RANK": "104", "LANES": 3, "MAX_SPD": 30, "LENGTH": 95.174426253113, "count": 25}, "geometry": {"type": "MultiLineString", "coordinates": [[[128.83362037597448, 35.06984618095386], [128.83380768402893, 35.06984228053135], [128.83441771513472, 35.06982957549832], [128.83466188986029, 35.06980860029002]]]}}, {"type": "Feature", "properties": {"LINK_ID": "4180126001", "ROAD_NAME": "용원로", "ROAD_RANK": "107", "LANES": 2, "MAX_SPD": 60, "LENGTH": 16.155684241376, "count": 1}, "geometry": {"type": "MultiLineString", "coordinates": [[[128.8093428739189, 35.10053519512463], [128.8095154933626, 35.10050254521082]]]}}, {"type": "Feature", "properties": {"LINK_ID": "1410706000", "ROAD_NAME": "신항북로", "ROAD_RANK": "104", "LANES": 4, "MAX_SPD": 50, "LENGTH": 279.988089424801, "count": 33}, "geometry": {"type": "MultiLineString", "coordinates": [[[128.83125931143152, 35.087159920137374], [128.83135762258252, 35.08724290291437], [128.83276992567903, 35.08843499718049], [128.83283656443942, 35.08849003604288], [128.8333638902596, 35.088994960540504]]]}}, {"type": "Feature", "properties": {"LINK_ID": "4180090400", "ROAD_NAME": "신항9로", "ROAD_RANK": "107", "LANES": 2, "MAX_SPD": 60, "LENGTH": 299.122866259243, "count": 12}, "geometry": {"type": "MultiLineString", "coordinates": [[[128.77868283095592, 35.09691298498197], [128.77869190371976, 35.09421766730167]]]}}, {"type": "Feature", "properties": {"LINK_ID": "1410705801", "ROAD_NAME": "신항로", "ROAD_RANK": "104", "LANES": 3, "MAX_SPD": 60, "LENGTH": 12.000024017887, "count": 28}, "geometry": {"type": "MultiLineString", "coordinates": [[[128.8346680296262, 35.083139818736214], [128.83479956939635, 35.08314001484229]]]}}, {"type": "Feature", "properties": {"LINK_ID": "1410087000", "ROAD_NAME": "녹산산단17로", "ROAD_RANK": "104", "LANES": 1, "MAX_SPD": 30, "LENGTH": 207.721587376264, "count": 5}, "geometry": {"type": "MultiLineString", "coordinates": [[[128.8343367029217, 35.09801543380192], [128.83433198807523, 35.099015992154065], [128.83432398752572, 35.09904599108181], [128.83430998762825, 35.09906199127161], [128.83360187580988, 35.099640683311485]]]}}, {"type": "Feature", "properties": {"LINK_ID": "1411032701", "ROAD_NAME": "신항남로", "ROAD_RANK": "104", "LANES": 3, "MAX_SPD": 10, "LENGTH": 11.999990872298, "count": 14}, "geometry": {"type": "MultiLineString", "coordinates": [[[128.8348739777396, 35.07426564168189], [128.8347424523801, 35.0742656047645]]]}}, {"type": "Feature", "properties": {"LINK_ID": "4180088800", "ROAD_NAME": "안골로", "ROAD_RANK": "107", "LANES": 1, "MAX_SPD": 30, "LENGTH": 283.592458014216, "count": 1}, "geometry": {"type": "MultiLineString", "coordinates": [[[128.79133710603136, 35.094755800446165], [128.79176798729188, 35.094973991483506], [128.79220798710836, 35.09494299146935], [128.7925709870695, 35.09485099139047], [128.7927489878584, 35.09469399094239], [128.79285398735763, 35.09445299227849], [128.79316798742667, 35.09405799191038], [128.7931769878345, 35.09404799132074], [128.79354698763424, 35.09373099204405], [128.79355598786645, 35.09372499193888], [128.793575988196, 35.09371799093482], [128.79362426438104, 35.09370216282208]]]}}, {"type": "Feature", "properties": {"LINK_ID": "1410075400", "ROAD_NAME": "녹산산업북로", "ROAD_RANK": "104", "LANES": 2, "MAX_SPD": 50, "LENGTH": 230.803611593674, "count": 19}, "geometry": {"type": "MultiLineString", "coordinates": [[[128.82779126566257, 35.094996071133565], [128.8295839196687, 35.09646382423065]]]}}, {"type": "Feature", "properties": {"LINK_ID": "4180061500", "ROAD_NAME": "신항로", "ROAD_RANK": "107", "LANES": 3, "MAX_SPD": 60, "LENGTH": 275.221476583369, "count": 41}, "geometry": {"type": "MultiLineString", "coordinates": [[[128.8011407758381, 35.08310312040779], [128.8041576851636, 35.08310773086275]]]}}, {"type": "Feature", "properties": {"LINK_ID": "4180059700", "ROAD_NAME": "신항로", "ROAD_RANK": "107", "LANES": 3, "MAX_SPD": 60, "LENGTH": 425.868588496548, "count": 50}, "geometry": {"type": "MultiLineString", "coordinates": [[[128.78694066686563, 35.08317627695408], [128.78643208179696, 35.08318985748685], [128.78589897128464, 35.08319324658283], [128.78227266253595, 35.08318318380333]]]}}, {"type": "Feature", "properties": {"LINK_ID": "4180065800", "ROAD_NAME": "신항북로", "ROAD_RANK": "107", "LANES": 4, "MAX_SPD": 70, "LENGTH": 496.328598735898, "count": 55}, "geometry": {"type": "MultiLineString", "coordinates": [[[128.8127186697229, 35.08611086589848], [128.8107459050121, 35.086092735545066], [128.8072781876219, 35.086060788194644]]]}}, {"type": "Feature", "properties": {"LINK_ID": "4180067801", "ROAD_NAME": "신항4로", "ROAD_RANK": "107", "LANES": 3, "MAX_SPD": 50, "LENGTH": 12.000120697488, "count": 5}, "geometry": {"type": "MultiLineString", "coordinates": [[[128.8182256242699, 35.086110055335254], [128.81822488726934, 35.0860019280925]]]}}, {"type": "Feature", "properties": {"LINK_ID": "4180069302", "ROAD_NAME": "신항8로", "ROAD_RANK": "107", "LANES": 3, "MAX_SPD": 60, "LENGTH": 379.927420385088, "count": 2}, "geometry": {"type": "MultiLineString", "coordinates": [[[128.7800456124855, 35.088374688255186], [128.78102148286703, 35.08953264057908], [128.78238923908876, 35.091204642315205]]]}}, {"type": "Feature", "properties": {"LINK_ID": "4180141200", "ROAD_NAME": "진해대로", "ROAD_RANK": "103", "LANES": 3, "MAX_SPD": 70, "LENGTH": 147.790059663965, "count": 4}, "geometry": {"type": "MultiLineString", "coordinates": [[[128.81545583183558, 35.1028534221563], [128.81388458593065, 35.103179020396034]]]}}, {"type": "Feature", "properties": {"LINK_ID": "1410122703", "ROAD_NAME": "신항남로", "ROAD_RANK": "104", "LANES": 2, "MAX_SPD": 80, "LENGTH": 13.04502675128, "count": 7}, "geometry": {"type": "MultiLineString", "coordinates": [[[128.83460837029426, 35.08889627873938], [128.8346026206518, 35.089013727148966]]]}}, {"type": "Feature", "properties": {"LINK_ID": "4180090300", "ROAD_NAME": "신항9로", "ROAD_RANK": "107", "LANES": 2, "MAX_SPD": 60, "LENGTH": 299.219752706874, "count": 17}, "geometry": {"type": "MultiLineString", "coordinates": [[[128.77882346503637, 35.0942176580295], [128.77881439261415, 35.0969138486062]]]}}, {"type": "Feature", "properties": {"LINK_ID": "1410098000", "ROAD_NAME": "가락대로", "ROAD_RANK": "105", "LANES": 3, "MAX_SPD": 60, "LENGTH": 68.557251338917, "count": 1}, "geometry": {"type": "MultiLineString", "coordinates": [[[128.8394751837261, 35.102298344595326], [128.83947309212803, 35.10291608137816]]]}}, {"type": "Feature", "properties": {"LINK_ID": "4180065801", "ROAD_NAME": "신항북로", "ROAD_RANK": "107", "LANES": 4, "MAX_SPD": 70, "LENGTH": 12.001946081074, "count": 4}, "geometry": {"type": "MultiLineString", "coordinates": [[[128.8072781876219, 35.086060788194644], [128.80714662287826, 35.0860601410815]]]}}, {"type": "Feature", "properties": {"LINK_ID": "1410098100", "ROAD_NAME": "가락대로", "ROAD_RANK": "105", "LANES": 3, "MAX_SPD": 60, "LENGTH": 58.908587395133, "count": 1}, "geometry": {"type": "MultiLineString", "coordinates": [[[128.83935338464929, 35.10282886723722], [128.83935518369898, 35.102298069952404]]]}}, {"type": "Feature", "properties": {"LINK_ID": "4180068501", "ROAD_NAME": "신항3로", "ROAD_RANK": "107", "LANES": 3, "MAX_SPD": 60, "LENGTH": 11.97179135647, "count": 2}, "geometry": {"type": "MultiLineString", "coordinates": [[[128.82438505807943, 35.08690247398899], [128.8243852802838, 35.087010347245084]]]}}, {"type": "Feature", "properties": {"LINK_ID": "4180034502", "ROAD_NAME": "신항북로", "ROAD_RANK": "107", "LANES": 3, "MAX_SPD": 80, "LENGTH": 439.868608326121, "count": 20}, "geometry": {"type": "MultiLineString", "coordinates": [[[128.79334084754942, 35.08833340964656], [128.79206057804544, 35.08901855426373], [128.7892504833052, 35.09043185853491]]]}}, {"type": "Feature", "properties": {"LINK_ID": "4180083801", "ROAD_NAME": "신항동로", "ROAD_RANK": "107", "LANES": 3, "MAX_SPD": 50, "LENGTH": 12.000098223943, "count": 2}, "geometry": {"type": "MultiLineString", "coordinates": [[[128.8229178794011, 35.0910225117911], [128.82282580369915, 35.09094528288223]]]}}, {"type": "Feature", "properties": {"LINK_ID": "4180138800", "ROAD_NAME": "안골로", "ROAD_RANK": "107", "LANES": 2, "MAX_SPD": 50, "LENGTH": 160.284620447807, "count": 1}, "geometry": {"type": "MultiLineString", "coordinates": [[[128.8101018142101, 35.10248773763717], [128.81027195916198, 35.10303674467901], [128.81053557122533, 35.10388732599166]]]}}, {"type": "Feature", "properties": {"LINK_ID": "1411030601", "ROAD_NAME": "신항남로", "ROAD_RANK": "104", "LANES": 3, "MAX_SPD": 30, "LENGTH": 12.000006115274, "count": 2}, "geometry": {"type": "MultiLineString", "coordinates": [[[128.83466188986029, 35.06980860029002], [128.8347885028208, 35.069779344802356]]]}}, {"type": "Feature", "properties": {"LINK_ID": "1410704501", "ROAD_NAME": "신항로", "ROAD_RANK": "104", "LANES": 3, "MAX_SPD": 30, "LENGTH": 12.000013603905, "count": 3}, "geometry": {"type": "MultiLineString", "coordinates": [[[128.82439294270378, 35.08324512401012], [128.82439311023774, 35.08313699632329]]]}}, {"type": "Feature", "properties": {"LINK_ID": "1411101703", "ROAD_NAME": "신항남로", "ROAD_RANK": "104", "LANES": 3, "MAX_SPD": 60, "LENGTH": 268.210368098395, "count": 46}, "geometry": {"type": "MultiLineString", "coordinates": [[[128.81297861251025, 35.061962907867745], [128.81334302081328, 35.062022403678604], [128.81585619355994, 35.06245548245641]]]}}, {"type": "Feature", "properties": {"LINK_ID": "4180065900", "ROAD_NAME": "신항북로", "ROAD_RANK": "107", "LANES": 4, "MAX_SPD": 70, "LENGTH": 302.503885554954, "count": 33}, "geometry": {"type": "MultiLineString", "coordinates": [[[128.80083975087064, 35.08605782815188], [128.79869889045125, 35.086080753122054], [128.7984126242889, 35.086099370222286], [128.79813527258725, 35.086131162718736], [128.7979172461119, 35.086171216699306], [128.79754437842377, 35.08624823229415]]]}}, {"type": "Feature", "properties": {"LINK_ID": "1410196400", "ROAD_NAME": "거가대로", "ROAD_RANK": "105", "LANES": 2, "MAX_SPD": 80, "LENGTH": 459.080683909123, "count": 2}, "geometry": {"type": "MultiLineString", "coordinates": [[[128.83936373651304, 35.0820100835499], [128.83942364195485, 35.07787378816956]]]}}, {"type": "Feature", "properties": {"LINK_ID": "4180074401", "ROAD_NAME": "신항3로", "ROAD_RANK": "107", "LANES": 3, "MAX_SPD": 70, "LENGTH": 12.000115437479, "count": 4}, "geometry": {"type": "MultiLineString", "coordinates": [[[128.8242582133646, 35.088095154832025], [128.82425715281755, 35.08798702973069]]]}}, {"type": "Feature", "properties": {"LINK_ID": "4180064300", "ROAD_NAME": "안골로108번길", "ROAD_RANK": "107", "LANES": 2, "MAX_SPD": 50, "LENGTH": 159.275922792908, "count": 15}, "geometry": {"type": "MultiLineString", "coordinates": [[[128.78420313437334, 35.08551746840068], [128.7843675876976, 35.085672004012466], [128.78452062623305, 35.08580573746961], [128.78464107920726, 35.08592014700415], [128.7847558586728, 35.086027764524474], [128.78486344545743, 35.086136562086224], [128.78498445281494, 35.086270780946776], [128.78520387150533, 35.08645544909731], [128.78530316418497, 35.08656440353268], [128.78534219001918, 35.08660319174967]]]}}, {"type": "Feature", "properties": {"LINK_ID": "4180064901", "ROAD_NAME": "신항북로", "ROAD_RANK": "107", "LANES": 4, "MAX_SPD": 70, "LENGTH": 12.000153714111, "count": 4}, "geometry": {"type": "MultiLineString", "coordinates": [[[128.8071465772491, 35.08595201308511], [128.80727812222275, 35.0859526529794]]]}}, {"type": "Feature", "properties": {"LINK_ID": "1410039306", "ROAD_NAME": "녹산산업대로", "ROAD_RANK": "104", "LANES": 3, "MAX_SPD": 70, "LENGTH": 11.739316397379, "count": 2}, "geometry": {"type": "MultiLineString", "coordinates": [[[128.83308448418734, 35.08923798126533], [128.83298209447727, 35.08930206149534]]]}}, {"type": "Feature", "properties": {"LINK_ID": "4180063402", "ROAD_NAME": "신항5로", "ROAD_RANK": "107", "LANES": 2, "MAX_SPD": 60, "LENGTH": 274.468100064069, "count": 2}, "geometry": {"type": "MultiLineString", "coordinates": [[[128.804156515588, 35.084596078305644], [128.80274981285388, 35.08459029753509], [128.80154470227006, 35.08458536116888], [128.8011481084512, 35.08457330677921]]]}}, {"type": "Feature", "properties": {"LINK_ID": "1410122705", "ROAD_NAME": "신항남로", "ROAD_RANK": "104", "LANES": 2, "MAX_SPD": 80, "LENGTH": 57.357056020531, "count": 21}, "geometry": {"type": "MultiLineString", "coordinates": [[[128.83462588004767, 35.088379657946184], [128.83460837029426, 35.08889627873938]]]}}, {"type": "Feature", "properties": {"LINK_ID": "1410120900", "ROAD_NAME": "녹산산업대로", "ROAD_RANK": "104", "LANES": 3, "MAX_SPD": 70, "LENGTH": 8.733634037282, "count": 2}, "geometry": {"type": "MultiLineString", "coordinates": [[[128.83447052464768, 35.08901400606842], [128.83437478562783, 35.0890146126214]]]}}, {"type": "Feature", "properties": {"LINK_ID": "1410705103", "ROAD_NAME": "신항로", "ROAD_RANK": "104", "LANES": 2, "MAX_SPD": 30, "LENGTH": 321.94155895266, "count": 7}, "geometry": {"type": "MultiLineString", "coordinates": [[[128.82805703384713, 35.084661011475916], [128.82553725725148, 35.08464156258731], [128.82452839522855, 35.084620190296626]]]}}, {"type": "Feature", "properties": {"LINK_ID": "1410081401", "ROAD_NAME": "녹산산단27로", "ROAD_RANK": "104", "LANES": 2, "MAX_SPD": 50, "LENGTH": 13.320149514888, "count": 1}, "geometry": {"type": "MultiLineString", "coordinates": [[[128.83276217612183, 35.097874781109255], [128.83276187171631, 35.09799480323564]]]}}, {"type": "Feature", "properties": {"LINK_ID": "4180087300", "ROAD_NAME": "안골로", "ROAD_RANK": "107", "LANES": 1, "MAX_SPD": 40, "LENGTH": 67.329868899139, "count": 1}, "geometry": {"type": "MultiLineString", "coordinates": [[[128.79664012010306, 35.09300434778024], [128.79696935998143, 35.0929229363962], [128.7973469687257, 35.09282956351877]]]}}, {"type": "Feature", "properties": {"LINK_ID": "1410039404", "ROAD_NAME": "녹산산업대로", "ROAD_RANK": "104", "LANES": 3, "MAX_SPD": 70, "LENGTH": 24.532952680039, "count": 1}, "geometry": {"type": "MultiLineString", "coordinates": [[[128.83300607882717, 35.08915115849637], [128.83303125434279, 35.089135798496706], [128.83309189804572, 35.08910038754509], [128.83315545709928, 35.089071540165904], [128.83322347878982, 35.08904500446578], [128.8332374716728, 35.08903991790719]]]}}, {"type": "Feature", "properties": {"LINK_ID": "4180140101", "ROAD_NAME": "진해대로", "ROAD_RANK": "103", "LANES": 3, "MAX_SPD": 70, "LENGTH": 11.168193443199, "count": 1}, "geometry": {"type": "MultiLineString", "coordinates": [[[128.81704535990494, 35.10243420361188], [128.81716445903044, 35.102410818003264]]]}}, {"type": "Feature", "properties": {"LINK_ID": "4180087403", "ROAD_NAME": "안골로", "ROAD_RANK": "107", "LANES": 1, "MAX_SPD": 40, "LENGTH": 161.018772235676, "count": 1}, "geometry": {"type": "MultiLineString", "coordinates": [[[128.79701063524013, 35.09303578347773], [128.7966813364331, 35.09311710088885], [128.79658245008062, 35.093145685805275], [128.79537778931615, 35.09358234643588]]]}}, {"type": "Feature", "properties": {"LINK_ID": "4180073800", "ROAD_NAME": "신항4로", "ROAD_RANK": "107", "LANES": 3, "MAX_SPD": 50, "LENGTH": 83.99720816073, "count": 21}, "geometry": {"type": "MultiLineString", "coordinates": [[[128.81821577763898, 35.08884834023003], [128.8182262970021, 35.08809152009634]]]}}, {"type": "Feature", "properties": {"LINK_ID": "1410023700", "ROAD_NAME": "녹산산단178로", "ROAD_RANK": "104", "LANES": 1, "MAX_SPD": 60, "LENGTH": 124.636433220032, "count": 1}, "geometry": {"type": "MultiLineString", "coordinates": [[[128.83940777877757, 35.08458363303799], [128.83804157368118, 35.084575364401424]]]}}, {"type": "Feature", "properties": {"LINK_ID": "4180090800", "ROAD_NAME": "용원동로", "ROAD_RANK": "107", "LANES": 1, "MAX_SPD": 50, "LENGTH": 82.51303869184, "count": 1}, "geometry": {"type": "MultiLineString", "coordinates": [[[128.81933883109167, 35.094541952499576], [128.81917314359652, 35.09408547924299], [128.81908022580242, 35.09382948586809]]]}}, {"type": "Feature", "properties": {"LINK_ID": "4180061101", "ROAD_NAME": "신항로", "ROAD_RANK": "107", "LANES": 3, "MAX_SPD": 60, "LENGTH": 12.025832661585, "count": 5}, "geometry": {"type": "MultiLineString", "coordinates": [[[128.80100895139805, 35.08310303078041], [128.8011407758381, 35.08310312040779]]]}}, {"type": "Feature", "properties": {"LINK_ID": "1411031900", "ROAD_NAME": "신항남로", "ROAD_RANK": "104", "LANES": 3, "MAX_SPD": 60, "LENGTH": 435.88791333834, "count": 42}, "geometry": {"type": "MultiLineString", "coordinates": [[[128.83140156696624, 35.067327166764834], [128.8277965271887, 35.066722866301056], [128.8273607482906, 35.06665409822723], [128.82677385839398, 35.066505198916154], [128.82673682954615, 35.06649280648944]]]}}, {"type": "Feature", "properties": {"LINK_ID": "4180067302", "ROAD_NAME": "-", "ROAD_RANK": "107", "LANES": 3, "MAX_SPD": 70, "LENGTH": 12.000052686989, "count": 3}, "geometry": {"type": "MultiLineString", "coordinates": [[[128.81434915525227, 35.085998950871556], [128.81434874800212, 35.08610707883639]]]}}, {"type": "Feature", "properties": {"LINK_ID": "1410702301", "ROAD_NAME": "신항로", "ROAD_RANK": "104", "LANES": 3, "MAX_SPD": 60, "LENGTH": 12.000091413626, "count": 15}, "geometry": {"type": "MultiLineString", "coordinates": [[[128.81834040268862, 35.08323863638847], [128.8182088615701, 35.08323831657711]]]}}, {"type": "Feature", "properties": {"LINK_ID": "1410076401", "ROAD_NAME": "녹산산업중로", "ROAD_RANK": "104", "LANES": 2, "MAX_SPD": 50, "LENGTH": 12.293090526059, "count": 4}, "geometry": {"type": "MultiLineString", "coordinates": [[[128.82968120367022, 35.09653843119529], [128.82958541589926, 35.096616353322936]]]}}, {"type": "Feature", "properties": {"LINK_ID": "1410120901", "ROAD_NAME": "녹산산업대로", "ROAD_RANK": "104", "LANES": 3, "MAX_SPD": 70, "LENGTH": 10.946483313678, "count": 1}, "geometry": {"type": "MultiLineString", "coordinates": [[[128.83437478562783, 35.0890146126214], [128.8342547856102, 35.08901471112767]]]}}, {"type": "Feature", "properties": {"LINK_ID": "1410051300", "ROAD_NAME": "녹산산단165로14번길", "ROAD_RANK": "104", "LANES": 1, "MAX_SPD": 30, "LENGTH": 113.661935772745, "count": 2}, "geometry": {"type": "MultiLineString", "coordinates": [[[128.83814517972164, 35.09002612398313], [128.83939119982855, 35.090028860277116]]]}}, {"type": "Feature", "properties": {"LINK_ID": "4180090100", "ROAD_NAME": "안골로", "ROAD_RANK": "107", "LANES": 1, "MAX_SPD": 40, "LENGTH": 261.433944947289, "count": 1}, "geometry": {"type": "MultiLineString", "coordinates": [[[128.80063845142223, 35.09378674151772], [128.80078998794278, 35.093947991457554], [128.8011409874573, 35.094709991619624], [128.80152498758076, 35.09531199100167], [128.8020854161863, 35.09578112988597]]]}}, {"type": "Feature", "properties": {"LINK_ID": "4180064401", "ROAD_NAME": "안골로108번길", "ROAD_RANK": "107", "LANES": 2, "MAX_SPD": 50, "LENGTH": 12.000833015807, "count": 1}, "geometry": {"type": "MultiLineString", "coordinates": [[[128.78410412308912, 35.08558865984196], [128.78401587224226, 35.08550846419442]]]}}, {"type": "Feature", "properties": {"LINK_ID": "4180077001", "ROAD_NAME": "신항동로", "ROAD_RANK": "107", "LANES": 3, "MAX_SPD": 50, "LENGTH": 12.000178641356, "count": 1}, "geometry": {"type": "MultiLineString", "coordinates": [[[128.81834662666623, 35.088955798250396], [128.8182150773464, 35.08895646701068]]]}}, {"type": "Feature", "properties": {"LINK_ID": "4180060903", "ROAD_NAME": "안골로108번길", "ROAD_RANK": "107", "LANES": 2, "MAX_SPD": 50, "LENGTH": 41.086573818423, "count": 12}, "geometry": {"type": "MultiLineString", "coordinates": [[[128.78370904009162, 35.08274005095827], [128.7837714492383, 35.08271844684294], [128.78409591266262, 35.08271987723907], [128.78415397168516, 35.082723171038275]]]}}, {"type": "Feature", "properties": {"LINK_ID": "1410122401", "ROAD_NAME": "신항남로", "ROAD_RANK": "104", "LANES": 2, "MAX_SPD": 80, "LENGTH": 13.431863459588, "count": 3}, "geometry": {"type": "MultiLineString", "coordinates": [[[128.83458715357906, 35.093400092527936], [128.83458694466165, 35.09352112140356]]]}}, {"type": "Feature", "properties": {"LINK_ID": "4180141900", "ROAD_NAME": "용원서로", "ROAD_RANK": "107", "LANES": 1, "MAX_SPD": 30, "LENGTH": 101.399671133898, "count": 1}, "geometry": {"type": "MultiLineString", "coordinates": [[[128.814005273951, 35.10409553440254], [128.81376648776913, 35.103203180123145]]]}}, {"type": "Feature", "properties": {"LINK_ID": "4180060901", "ROAD_NAME": "안골로108번길", "ROAD_RANK": "107", "LANES": 2, "MAX_SPD": 50, "LENGTH": 13.468654662351, "count": 6}, "geometry": {"type": "MultiLineString", "coordinates": [[[128.78727966914164, 35.083064921981126], [128.78734428679763, 35.08317404381412]]]}}, {"type": "Feature", "properties": {"LINK_ID": "1410039801", "ROAD_NAME": "녹산산업대로", "ROAD_RANK": "104", "LANES": 3, "MAX_SPD": 70, "LENGTH": 10.946455730155, "count": 5}, "geometry": {"type": "MultiLineString", "coordinates": [[[128.83560893372834, 35.08901603423517], [128.83548893422207, 35.08901584750964]]]}}, {"type": "Feature", "properties": {"LINK_ID": "1410023701", "ROAD_NAME": "녹산산단178로", "ROAD_RANK": "104", "LANES": 1, "MAX_SPD": 60, "LENGTH": 9.666519375615, "count": 1}, "geometry": {"type": "MultiLineString", "coordinates": [[[128.83804157368118, 35.084575364401424], [128.83793563144724, 35.08457707493038]]]}}, {"type": "Feature", "properties": {"LINK_ID": "1410031300", "ROAD_NAME": "녹산산단178로", "ROAD_RANK": "104", "LANES": 1, "MAX_SPD": 60, "LENGTH": 224.783576084358, "count": 1}, "geometry": {"type": "MultiLineString", "coordinates": [[[128.83689234821867, 35.08777655166381], [128.83690461771818, 35.08575114405124]]]}}, {"type": "Feature", "properties": {"LINK_ID": "4180081600", "ROAD_NAME": "신항10로", "ROAD_RANK": "107", "LANES": 4, "MAX_SPD": 80, "LENGTH": 392.272182099096, "count": 12}, "geometry": {"type": "MultiLineString", "coordinates": [[[128.7787013929024, 35.0913997008002], [128.77736043147013, 35.09137731398691], [128.7744012286935, 35.091365959933235]]]}}, {"type": "Feature", "properties": {"LINK_ID": "4180069900", "ROAD_NAME": "-", "ROAD_RANK": "107", "LANES": 3, "MAX_SPD": 70, "LENGTH": 106.871394905454, "count": 1}, "geometry": {"type": "MultiLineString", "coordinates": [[[128.81434202312954, 35.08698425324409], [128.81432049439167, 35.08794707302075]]]}}, {"type": "Feature", "properties": {"LINK_ID": "1411039000", "ROAD_NAME": "가락대로", "ROAD_RANK": "104", "LANES": 1, "MAX_SPD": 60, "LENGTH": 228.36014481568, "count": 7}, "geometry": {"type": "MultiLineString", "coordinates": [[[128.83706973641952, 35.103309505410955], [128.83712554694176, 35.103339271741646], [128.83746466737867, 35.103436163127704], [128.83754811744075, 35.10345205875887], [128.83783488240678, 35.10350193083825], [128.83783833886568, 35.10350253195594], [128.8394518829318, 35.103931699288275]]]}}, {"type": "Feature", "properties": {"LINK_ID": "1410122701", "ROAD_NAME": "신항남로", "ROAD_RANK": "104", "LANES": 3, "MAX_SPD": 60, "LENGTH": 321.47630398223, "count": 144}, "geometry": {"type": "MultiLineString", "coordinates": [[[128.83484949223097, 35.077346873126366], [128.8348350172509, 35.07814308957578], [128.83480681886758, 35.07985434135367], [128.83480596033854, 35.0802433237378]]]}}, {"type": "Feature", "properties": {"LINK_ID": "4180087304", "ROAD_NAME": "안골로", "ROAD_RANK": "107", "LANES": 1, "MAX_SPD": 40, "LENGTH": 242.831166234377, "count": 1}, "geometry": {"type": "MultiLineString", "coordinates": [[[128.7980788798643, 35.092834944720046], [128.79859198749048, 35.092940991729066], [128.79898250134278, 35.09307489351548], [128.79974398792936, 35.093335991757], [128.7997529870589, 35.093339992026486], [128.80050470697924, 35.09370749973049]]]}}, {"type": "Feature", "properties": {"LINK_ID": "1410031200", "ROAD_NAME": "녹산산단178로", "ROAD_RANK": "104", "LANES": 1, "MAX_SPD": 60, "LENGTH": 224.871734789399, "count": 1}, "geometry": {"type": "MultiLineString", "coordinates": [[[128.8370246252813, 35.085750840845435], [128.83701234980137, 35.08777704271381]]]}}, {"type": "Feature", "properties": {"LINK_ID": "4180089201", "ROAD_NAME": "남해고속도로제3지선", "ROAD_RANK": "101", "LANES": 4, "MAX_SPD": 80, "LENGTH": 12.717156211588, "count": 10}, "geometry": {"type": "MultiLineString", "coordinates": [[[128.7650673888365, 35.09418761126898], [128.76506435299876, 35.09407304644774]]]}}, {"type": "Feature", "properties": {"LINK_ID": "4180069201", "ROAD_NAME": "신항8로", "ROAD_RANK": "107", "LANES": 2, "MAX_SPD": 60, "LENGTH": 12.000411244732, "count": 1}, "geometry": {"type": "MultiLineString", "coordinates": [[[128.77439991444024, 35.08701438880623], [128.7742683611027, 35.08701448868658]]]}}, {"type": "Feature", "properties": {"LINK_ID": "4180088500", "ROAD_NAME": "신항북로", "ROAD_RANK": "107", "LANES": 4, "MAX_SPD": 80, "LENGTH": 421.199495421822, "count": 17}, "geometry": {"type": "MultiLineString", "coordinates": [[[128.76519568337304, 35.094073868748254], [128.76981324747, 35.09403811924257]]]}}, {"type": "Feature", "properties": {"LINK_ID": "4180064900", "ROAD_NAME": "신항북로", "ROAD_RANK": "107", "LANES": 4, "MAX_SPD": 70, "LENGTH": 281.665454763015, "count": 23}, "geometry": {"type": "MultiLineString", "coordinates": [[[128.80097138217744, 35.085949020947176], [128.80405904096452, 35.085950556380354]]]}}, {"type": "Feature", "properties": {"LINK_ID": "4180066300", "ROAD_NAME": "-", "ROAD_RANK": "107", "LANES": 2, "MAX_SPD": 60, "LENGTH": 201.918951199043, "count": 8}, "geometry": {"type": "MultiLineString", "coordinates": [[[128.79754437842377, 35.08624823229415], [128.7980784909232, 35.0880139054719]]]}}, {"type": "Feature", "properties": {"LINK_ID": "1410075500", "ROAD_NAME": "녹산산업북로", "ROAD_RANK": "104", "LANES": 2, "MAX_SPD": 50, "LENGTH": 230.590360619343, "count": 4}, "geometry": {"type": "MultiLineString", "coordinates": [[[128.8294884215995, 35.096539889893016], [128.82769684579716, 35.09507396856227]]]}}, {"type": "Feature", "properties": {"LINK_ID": "1410119900", "ROAD_NAME": "녹산산업대로", "ROAD_RANK": "104", "LANES": 3, "MAX_SPD": 70, "LENGTH": 80.320739234623, "count": 13}, "geometry": {"type": "MultiLineString", "coordinates": [[[128.83460837029426, 35.08889627873938], [128.83548887934703, 35.08889600955754]]]}}, {"type": "Feature", "properties": {"LINK_ID": "4180068000", "ROAD_NAME": "신항8로", "ROAD_RANK": "107", "LANES": 3, "MAX_SPD": 60, "LENGTH": 422.520998534259, "count": 2}, "geometry": {"type": "MultiLineString", "coordinates": [[[128.7698577383524, 35.086993306817924], [128.76684633375197, 35.08697612682522], [128.7652259555981, 35.08697433837256]]]}}, {"type": "Feature", "properties": {"LINK_ID": "4180132202", "ROAD_NAME": "안청남로", "ROAD_RANK": "107", "LANES": 2, "MAX_SPD": 60, "LENGTH": 10.96186648073, "count": 1}, "geometry": {"type": "MultiLineString", "coordinates": [[[128.80348898801589, 35.10127741536495], [128.8036089879462, 35.10127189048062]]]}}, {"type": "Feature", "properties": {"LINK_ID": "1410704502", "ROAD_NAME": "신항로", "ROAD_RANK": "104", "LANES": 3, "MAX_SPD": 30, "LENGTH": 11.99995531056, "count": 2}, "geometry": {"type": "MultiLineString", "coordinates": [[[128.82439968316, 35.08461863024158], [128.82440023038848, 35.084510503951535]]]}}, {"type": "Feature", "properties": {"LINK_ID": "1410040900", "ROAD_NAME": "녹산산단231로", "ROAD_RANK": "104", "LANES": 2, "MAX_SPD": 50, "LENGTH": 112.431701759348, "count": 1}, "geometry": {"type": "MultiLineString", "coordinates": [[[128.84278988090549, 35.08902102887981], [128.8427880941233, 35.090034101133945]]]}}, {"type": "Feature", "properties": {"LINK_ID": "1410705400", "ROAD_NAME": "신항로", "ROAD_RANK": "104", "LANES": 2, "MAX_SPD": 30, "LENGTH": 321.745246318026, "count": 7}, "geometry": {"type": "MultiLineString", "coordinates": [[[128.82453178487728, 35.08451209906334], [128.82553957086446, 35.08453344781036], [128.8280582673095, 35.084552888418216]]]}}, {"type": "Feature", "properties": {"LINK_ID": "4180074600", "ROAD_NAME": "신항9로", "ROAD_RANK": "107", "LANES": 2, "MAX_SPD": 60, "LENGTH": 393.630982469507, "count": 4}, "geometry": {"type": "MultiLineString", "coordinates": [[[128.77429074859717, 35.08917310100854], [128.77283148390237, 35.08917491705441], [128.76997549300307, 35.08917842004161]]]}}, {"type": "Feature", "properties": {"LINK_ID": "4180060904", "ROAD_NAME": "안골로108번길", "ROAD_RANK": "107", "LANES": 2, "MAX_SPD": 50, "LENGTH": 41.066531379851, "count": 151}, "geometry": {"type": "MultiLineString", "coordinates": [[[128.7868645377368, 35.08292180332289], [128.78727966914164, 35.083064921981126]]]}}, {"type": "Feature", "properties": {"LINK_ID": "4180088700", "ROAD_NAME": "안골로", "ROAD_RANK": "107", "LANES": 1, "MAX_SPD": 40, "LENGTH": 434.516556686426, "count": 1}, "geometry": {"type": "MultiLineString", "coordinates": [[[128.79514598725046, 35.09366599203702], [128.7948139870545, 35.0938569910656], [128.79478398778593, 35.09386499197621], [128.79477198657705, 35.09386399178187], [128.79415998723735, 35.093735990974], [128.79390098723428, 35.093735991417184], [128.79367635364167, 35.09380955178006], [128.79361698792738, 35.09382899207426], [128.79325898734862, 35.094135991663414], [128.7929499877301, 35.09452499188229], [128.79284498733813, 35.09476599063715], [128.79264598759607, 35.0949419912561], [128.79262798769082, 35.0949579918354], [128.7926069869198, 35.094964991261016], [128.79222598807706, 35.09506099133185], [128.79176398809068, 35.09509399199502], [128.7917549878136, 35.09509499200941], [128.7917279874413, 35.095087991217746], [128.7913167995363, 35.09487900019166]]]}}, {"type": "Feature", "properties": {"LINK_ID": "4180140000", "ROAD_NAME": "진해대로", "ROAD_RANK": "103", "LANES": 3, "MAX_SPD": 70, "LENGTH": 140.72134017817, "count": 2}, "geometry": {"type": "MultiLineString", "coordinates": [[[128.8170790093946, 35.10255003620481], [128.8155741844034, 35.10283004704192]]]}}, {"type": "Feature", "properties": {"LINK_ID": "4180064100", "ROAD_NAME": "신항4로", "ROAD_RANK": "107", "LANES": 3, "MAX_SPD": 60, "LENGTH": 156.460852713215, "count": 41}, "geometry": {"type": "MultiLineString", "coordinates": [[[128.8183462200525, 35.084592447735275], [128.81835643687046, 35.08600223748689]]]}}, {"type": "Feature", "properties": {"LINK_ID": "4180080901", "ROAD_NAME": "신항10로", "ROAD_RANK": "107", "LANES": 4, "MAX_SPD": 80, "LENGTH": 12.00063458045, "count": 2}, "geometry": {"type": "MultiLineString", "coordinates": [[[128.76983065974773, 35.0912809823106], [128.76996222114363, 35.0912804636249]]]}}, {"type": "Feature", "properties": {"LINK_ID": "4180121700", "ROAD_NAME": "용원로", "ROAD_RANK": "107", "LANES": 2, "MAX_SPD": 60, "LENGTH": 244.282860800359, "count": 1}, "geometry": {"type": "MultiLineString", "coordinates": [[[128.8101939190077, 35.10037268422245], [128.81116421337637, 35.10016655779295], [128.81278700251949, 35.099821797803926]]]}}, {"type": "Feature", "properties": {"LINK_ID": "1410087301", "ROAD_NAME": "녹산산업북로", "ROAD_RANK": "104", "LANES": 3, "MAX_SPD": 50, "LENGTH": 10.963462536865, "count": 1}, "geometry": {"type": "MultiLineString", "coordinates": [[[128.8356028277998, 35.09803109185583], [128.83548263346654, 35.09803018531469]]]}}, {"type": "Feature", "properties": {"LINK_ID": "1410024300", "ROAD_NAME": "거가대로", "ROAD_RANK": "104", "LANES": 1, "MAX_SPD": 50, "LENGTH": 115.586210062224, "count": 1}, "geometry": {"type": "MultiLineString", "coordinates": [[[128.83940419402094, 35.08562512814578], [128.83940777877757, 35.08458363303799]]]}}, {"type": "Feature", "properties": {"LINK_ID": "4180081200", "ROAD_NAME": "신항배후로", "ROAD_RANK": "107", "LANES": 4, "MAX_SPD": 80, "LENGTH": 298.026168744, "count": 87}, "geometry": {"type": "MultiLineString", "coordinates": [[[128.76506435299876, 35.09407304644774], [128.7650776985385, 35.09263338075935], [128.7650893432843, 35.0913876646322]]]}}, {"type": "Feature", "properties": {"LINK_ID": "4180060802", "ROAD_NAME": "안골로108번길", "ROAD_RANK": "107", "LANES": 2, "MAX_SPD": 50, "LENGTH": 299.022645879996, "count": 154}, "geometry": {"type": "MultiLineString", "coordinates": [[[128.78681446186215, 35.08302085405641], [128.78669524272436, 35.08298026566517], [128.78414470855247, 35.082831276246736], [128.7840881936154, 35.08282797431183], [128.78379767840326, 35.08282669327167], [128.78376009312197, 35.08283970423026], [128.78360305213133, 35.08289406719922], [128.783584847705, 35.082917151624876]]]}}, {"type": "Feature", "properties": {"LINK_ID": "4180061400", "ROAD_NAME": "-", "ROAD_RANK": "107", "LANES": 2, "MAX_SPD": 60, "LENGTH": 344.871596311184, "count": 61}, "geometry": {"type": "MultiLineString", "coordinates": [[[128.79738366193783, 35.086177736106634], [128.79641664680702, 35.08367329526018], [128.79630308110694, 35.0833481796509], [128.79625549532727, 35.08321195023358]]]}}, {"type": "Feature", "properties": {"LINK_ID": "4180064201", "ROAD_NAME": "신항4로", "ROAD_RANK": "107", "LANES": 3, "MAX_SPD": 60, "LENGTH": 12.000040006196, "count": 3}, "geometry": {"type": "MultiLineString", "coordinates": [[[128.81821467283618, 35.084592188267806], [128.81821404353758, 35.08448406126623]]]}}, {"type": "Feature", "properties": {"LINK_ID": "1411039401", "ROAD_NAME": "녹산산단46로", "ROAD_RANK": "104", "LANES": 1, "MAX_SPD": 60, "LENGTH": 12.133694791943, "count": 3}, "geometry": {"type": "MultiLineString", "coordinates": [[[128.82556317598792, 35.095165033445674], [128.82565628281046, 35.095243120928934]]]}}, {"type": "Feature", "properties": {"LINK_ID": "1410705301", "ROAD_NAME": "신항북로", "ROAD_RANK": "104", "LANES": 4, "MAX_SPD": 50, "LENGTH": 11.846910374069, "count": 3}, "geometry": {"type": "MultiLineString", "coordinates": [[[128.8311691030738, 35.08708312769333], [128.83125931143152, 35.087159920137374]]]}}, {"type": "Feature", "properties": {"LINK_ID": "1410023600", "ROAD_NAME": "녹산산단178로", "ROAD_RANK": "104", "LANES": 1, "MAX_SPD": 60, "LENGTH": 124.569811805041, "count": 1}, "geometry": {"type": "MultiLineString", "coordinates": [[[128.83804264955523, 35.08445536504504], [128.83940812237043, 35.0844636301001]]]}}, {"type": "Feature", "properties": {"LINK_ID": "1410095001", "ROAD_NAME": "가락대로", "ROAD_RANK": "105", "LANES": 3, "MAX_SPD": 60, "LENGTH": 21.153768643222, "count": 4}, "geometry": {"type": "MultiLineString", "coordinates": [[[128.83947705017926, 35.10170560276232], [128.8394764823712, 35.10189620950047]]]}}, {"type": "Feature", "properties": {"LINK_ID": "4180135700", "ROAD_NAME": "진해대로", "ROAD_RANK": "103", "LANES": 3, "MAX_SPD": 70, "LENGTH": 97.79957582915, "count": 3}, "geometry": {"type": "MultiLineString", "coordinates": [[[128.82347170207146, 35.10199294919899], [128.82273698790104, 35.10184999146366], [128.82242981370513, 35.10178474463907]]]}}, {"type": "Feature", "properties": {"LINK_ID": "4180066001", "ROAD_NAME": "신항북로", "ROAD_RANK": "107", "LANES": 4, "MAX_SPD": 70, "LENGTH": 12.164469386973, "count": 3}, "geometry": {"type": "MultiLineString", "coordinates": [[[128.800838035972, 35.08594970909276], [128.80097138217744, 35.085949020947176]]]}}, {"type": "Feature", "properties": {"LINK_ID": "4180089400", "ROAD_NAME": "신항7로", "ROAD_RANK": "107", "LANES": 2, "MAX_SPD": 50, "LENGTH": 305.98391180525, "count": 7}, "geometry": {"type": "MultiLineString", "coordinates": [[[128.76980294745778, 35.09690340623444], [128.76981271627062, 35.094146257695705]]]}}, {"type": "Feature", "properties": {"LINK_ID": "4180093802", "ROAD_NAME": "신항8로", "ROAD_RANK": "107", "LANES": 2, "MAX_SPD": 60, "LENGTH": 398.966620357435, "count": 5}, "geometry": {"type": "MultiLineString", "coordinates": [[[128.77430850217723, 35.097016477484274], [128.76993433375475, 35.09701168273261]]]}}, {"type": "Feature", "properties": {"LINK_ID": "4180060402", "ROAD_NAME": "신항로", "ROAD_RANK": "107", "LANES": 3, "MAX_SPD": 60, "LENGTH": 408.744842248356, "count": 327}, "geometry": {"type": "MultiLineString", "coordinates": [[[128.79175998062172, 35.08310313988482], [128.79384806101268, 35.08310186127779], [128.79624055996726, 35.08310380951644]]]}}, {"type": "Feature", "properties": {"LINK_ID": "1410075401", "ROAD_NAME": "녹산산업북로", "ROAD_RANK": "104", "LANES": 2, "MAX_SPD": 50, "LENGTH": 12.136538840708, "count": 1}, "geometry": {"type": "MultiLineString", "coordinates": [[[128.8295839196687, 35.09646382423065], [128.82968120367022, 35.09653843119529]]]}}, {"type": "Feature", "properties": {"LINK_ID": "4180062001", "ROAD_NAME": "신항로", "ROAD_RANK": "107", "LANES": 3, "MAX_SPD": 60, "LENGTH": 12.004213838358, "count": 5}, "geometry": {"type": "MultiLineString", "coordinates": [[[128.8073059400824, 35.08322058557839], [128.8071743528953, 35.08322039412438]]]}}, {"type": "Feature", "properties": {"LINK_ID": "1410040600", "ROAD_NAME": "가락대로", "ROAD_RANK": "105", "LANES": 3, "MAX_SPD": 60, "LENGTH": 112.081627783213, "count": 3}, "geometry": {"type": "MultiLineString", "coordinates": [[[128.83939119982855, 35.090028860277116], [128.83939477555919, 35.08901894430568]]]}}, {"type": "Feature", "properties": {"LINK_ID": "4180087301", "ROAD_NAME": "안골로", "ROAD_RANK": "107", "LANES": 1, "MAX_SPD": 40, "LENGTH": 15.038714114065, "count": 1}, "geometry": {"type": "MultiLineString", "coordinates": [[[128.80050470697924, 35.09370749973049], [128.80063845142223, 35.09378674151772]]]}}, {"type": "Feature", "properties": {"LINK_ID": "4180076300", "ROAD_NAME": "신항동로", "ROAD_RANK": "107", "LANES": 3, "MAX_SPD": 30, "LENGTH": 226.202607071987, "count": 5}, "geometry": {"type": "MultiLineString", "coordinates": [[[128.8143192870107, 35.08883904719783], [128.8167990193994, 35.08884496123898]]]}}, {"type": "Feature", "properties": {"LINK_ID": "1411032601", "ROAD_NAME": "신항남로", "ROAD_RANK": "104", "LANES": 3, "MAX_SPD": 10, "LENGTH": 12.000022198644, "count": 7}, "geometry": {"type": "MultiLineString", "coordinates": [[[128.83474244131108, 35.074157473947636], [128.83487396683137, 35.074157419827856]]]}}, {"type": "Feature", "properties": {"LINK_ID": "4180073701", "ROAD_NAME": "신항4로", "ROAD_RANK": "107", "LANES": 3, "MAX_SPD": 50, "LENGTH": 12.002671803192, "count": 1}, "geometry": {"type": "MultiLineString", "coordinates": [[[128.8183473456639, 35.08884764799134], [128.81834662666623, 35.088955798250396]]]}}, {"type": "Feature", "properties": {"LINK_ID": "1410039700", "ROAD_NAME": "녹산산업대로", "ROAD_RANK": "104", "LANES": 3, "MAX_SPD": 70, "LENGTH": 127.474788413335, "count": 13}, "geometry": {"type": "MultiLineString", "coordinates": [[[128.83548887934703, 35.08889600955754], [128.83560906189243, 35.08889603431358], [128.8368863095389, 35.088896949236165]]]}}, {"type": "Feature", "properties": {"LINK_ID": "1410040801", "ROAD_NAME": "녹산산업대로", "ROAD_RANK": "104", "LANES": 3, "MAX_SPD": 70, "LENGTH": 10.9464599105, "count": 2}, "geometry": {"type": "MultiLineString", "coordinates": [[[128.84278988090549, 35.08902102887981], [128.84266988148846, 35.089020955940846]]]}}, {"type": "Feature", "properties": {"LINK_ID": "1410070801", "ROAD_NAME": "녹산산업북로", "ROAD_RANK": "104", "LANES": 2, "MAX_SPD": 50, "LENGTH": 12.248594681627, "count": 1}, "geometry": {"type": "MultiLineString", "coordinates": [[[128.82769609428328, 35.09491820918508], [128.82779126566257, 35.094996071133565]]]}}, {"type": "Feature", "properties": {"LINK_ID": "4180077400", "ROAD_NAME": "신항4로", "ROAD_RANK": "107", "LANES": 3, "MAX_SPD": 50, "LENGTH": 116.004141005683, "count": 2}, "geometry": {"type": "MultiLineString", "coordinates": [[[128.81821230690986, 35.090001713001165], [128.81821588412816, 35.08983812055039], [128.8182150773464, 35.08895646701068]]]}}, {"type": "Feature", "properties": {"LINK_ID": "4180066800", "ROAD_NAME": "신항북로", "ROAD_RANK": "107", "LANES": 4, "MAX_SPD": 70, "LENGTH": 353.662248944305, "count": 39}, "geometry": {"type": "MultiLineString", "coordinates": [[[128.8182256242699, 35.086110055335254], [128.8162849914296, 35.08611198991771], [128.81434874800212, 35.08610707883639]]]}}, {"type": "Feature", "properties": {"LINK_ID": "4180101201", "ROAD_NAME": "안청로4번길", "ROAD_RANK": "107", "LANES": 1, "MAX_SPD": 30, "LENGTH": 11.85825876486, "count": 1}, "geometry": {"type": "MultiLineString", "coordinates": [[[128.80461791526747, 35.0980163710006], [128.8045166064929, 35.09794940368228]]]}}, {"type": "Feature", "properties": {"LINK_ID": "4180073500", "ROAD_NAME": "신항4로", "ROAD_RANK": "107", "LANES": 1, "MAX_SPD": 30, "LENGTH": 269.291744012964, "count": 3}, "geometry": {"type": "MultiLineString", "coordinates": [[[128.8197206780244, 35.087986880278144], [128.82267274038105, 35.087992378884984]]]}}, {"type": "Feature", "properties": {"LINK_ID": "4180061502", "ROAD_NAME": "신항로", "ROAD_RANK": "107", "LANES": 3, "MAX_SPD": 60, "LENGTH": 275.221473817545, "count": 39}, "geometry": {"type": "MultiLineString", "coordinates": [[[128.8041576851636, 35.08310773086275], [128.80570719774963, 35.08311006963998], [128.80717459143165, 35.08311226590353]]]}}, {"type": "Feature", "properties": {"LINK_ID": "1410704801", "ROAD_NAME": "신항동로", "ROAD_RANK": "104", "LANES": 3, "MAX_SPD": 50, "LENGTH": 12.24175953295, "count": 2}, "geometry": {"type": "MultiLineString", "coordinates": [[[128.8267908853966, 35.09417507320601], [128.82688395587067, 35.09425454611746]]]}}, {"type": "Feature", "properties": {"LINK_ID": "4180066201", "ROAD_NAME": "신항5로", "ROAD_RANK": "107", "LANES": 3, "MAX_SPD": 50, "LENGTH": 11.999967249138, "count": 2}, "geometry": {"type": "MultiLineString", "coordinates": [[[128.80714662287826, 35.0860601410815], [128.8071465772491, 35.08595201308511]]]}}, {"type": "Feature", "properties": {"LINK_ID": "4180061401", "ROAD_NAME": "-", "ROAD_RANK": "107", "LANES": 2, "MAX_SPD": 60, "LENGTH": 12.078417725364, "count": 8}, "geometry": {"type": "MultiLineString", "coordinates": [[[128.79625549532727, 35.08321195023358], [128.79624055996726, 35.08310380951644]]]}}, {"type": "Feature", "properties": {"LINK_ID": "4180128400", "ROAD_NAME": "용원중로37번길", "ROAD_RANK": "107", "LANES": 1, "MAX_SPD": 30, "LENGTH": 22.786897691087, "count": 1}, "geometry": {"type": "MultiLineString", "coordinates": [[[128.81627517213167, 35.10071712784769], [128.8165200248183, 35.10067631854444]]]}}, {"type": "Feature", "properties": {"LINK_ID": "1411030901", "ROAD_NAME": "신항남로", "ROAD_RANK": "104", "LANES": 3, "MAX_SPD": 60, "LENGTH": 11.094260977968, "count": 4}, "geometry": {"type": "MultiLineString", "coordinates": [[[128.83151957936678, 35.06735123160108], [128.83140156696624, 35.067327166764834]]]}}, {"type": "Feature", "properties": {"LINK_ID": "4180088601", "ROAD_NAME": "신항북로", "ROAD_RANK": "107", "LANES": 4, "MAX_SPD": 80, "LENGTH": 11.999991853334, "count": 7}, "geometry": {"type": "MultiLineString", "coordinates": [[[128.76519877103965, 35.09418197963421], [128.7650673888365, 35.09418761126898]]]}}, {"type": "Feature", "properties": {"LINK_ID": "4180082902", "ROAD_NAME": "신항8로", "ROAD_RANK": "107", "LANES": 2, "MAX_SPD": 60, "LENGTH": 265.818360855687, "count": 4}, "geometry": {"type": "MultiLineString", "coordinates": [[[128.7834831431517, 35.09575558706305], [128.78348305908304, 35.09576676967546], [128.78347838724991, 35.09638808988592], [128.78330809649668, 35.09671671264331], [128.78301613091472, 35.096943242366], [128.78266785923836, 35.09703314095266], [128.78232876432884, 35.09706463342636], [128.78184998185532, 35.09705883026966], [128.78181779734868, 35.097058440104455], [128.7817264900066, 35.09705733306005]]]}}, {"type": "Feature", "properties": {"LINK_ID": "1410122707", "ROAD_NAME": "신항남로", "ROAD_RANK": "104", "LANES": 3, "MAX_SPD": 60, "LENGTH": 321.476303982188, "count": 97}, "geometry": {"type": "MultiLineString", "coordinates": [[[128.83480596033854, 35.0802433237378], [128.83479956939635, 35.08314001484229]]]}}, {"type": "Feature", "properties": {"LINK_ID": "1411031401", "ROAD_NAME": "가덕해안로", "ROAD_RANK": "104", "LANES": 1, "MAX_SPD": 30, "LENGTH": 12.99781484197, "count": 2}, "geometry": {"type": "MultiLineString", "coordinates": [[[128.83168202407032, 35.066919245105034], [128.83163901460443, 35.0670308978495]]]}}, {"type": "Feature", "properties": {"LINK_ID": "4180079200", "ROAD_NAME": "신항동로", "ROAD_RANK": "107", "LANES": 3, "MAX_SPD": 50, "LENGTH": 135.270300184678, "count": 5}, "geometry": {"type": "MultiLineString", "coordinates": [[[128.82282580369915, 35.09094528288223], [128.82178089949954, 35.09008039474893]]]}}, {"type": "Feature", "properties": {"LINK_ID": "4180113200", "ROAD_NAME": "용원동로", "ROAD_RANK": "107", "LANES": 1, "MAX_SPD": 50, "LENGTH": 89.982342203405, "count": 1}, "geometry": {"type": "MultiLineString", "coordinates": [[[128.8213744253654, 35.0992468700159], [128.8216824496989, 35.100017134864494]]]}}, {"type": "Feature", "properties": {"LINK_ID": "4180079600", "ROAD_NAME": "신항4로", "ROAD_RANK": "107", "LANES": 3, "MAX_SPD": 50, "LENGTH": 68.852831583922, "count": 1}, "geometry": {"type": "MultiLineString", "coordinates": [[[128.8182122748253, 35.090732807693016], [128.81821227430854, 35.0907328079896], [128.81821108539233, 35.090112400632506]]]}}, {"type": "Feature", "properties": {"LINK_ID": "4180082100", "ROAD_NAME": "안골로89번길", "ROAD_RANK": "107", "LANES": 1, "MAX_SPD": 30, "LENGTH": 167.597786221191, "count": 21}, "geometry": {"type": "MultiLineString", "coordinates": [[[128.78783275402256, 35.09121075968199], [128.78887787852554, 35.09245283221392]]]}}, {"type": "Feature", "properties": {"LINK_ID": "4180142200", "ROAD_NAME": "진해대로", "ROAD_RANK": "103", "LANES": 3, "MAX_SPD": 70, "LENGTH": 302.62833003426, "count": 2}, "geometry": {"type": "MultiLineString", "coordinates": [[[128.81376648776913, 35.103203180123145], [128.8123089877585, 35.10349699199064], [128.81174398846684, 35.10362099200175], [128.81138698820072, 35.10370899108892], [128.81090598680083, 35.10386099152186], [128.81059893706907, 35.1039895428123]]]}}, {"type": "Feature", "properties": {"LINK_ID": "4180064501", "ROAD_NAME": "안골로89번길", "ROAD_RANK": "107", "LANES": 1, "MAX_SPD": 40, "LENGTH": 11.99998970213, "count": 1}, "geometry": {"type": "MultiLineString", "coordinates": [[[128.78420313437334, 35.08551746840068], [128.78410412308912, 35.08558865984196]]]}}, {"type": "Feature", "properties": {"LINK_ID": "1410705700", "ROAD_NAME": "신항로", "ROAD_RANK": "104", "LANES": 3, "MAX_SPD": 60, "LENGTH": 462.673823852781, "count": 82}, "geometry": {"type": "MultiLineString", "coordinates": [[[128.83466792332686, 35.083247948436544], [128.8307936080099, 35.08326832329798], [128.82959633060912, 35.08326521789285]]]}}, {"type": "Feature", "properties": {"LINK_ID": "4180066103", "ROAD_NAME": "신항5로", "ROAD_RANK": "107", "LANES": 3, "MAX_SPD": 50, "LENGTH": 85.195919163954, "count": 1}, "geometry": {"type": "MultiLineString", "coordinates": [[[128.80727934340638, 35.08804010315687], [128.80727339961712, 35.08880776142702]]]}}, {"type": "Feature", "properties": {"LINK_ID": "1411062801", "ROAD_NAME": "-", "ROAD_RANK": "107", "LANES": 2, "MAX_SPD": 60, "LENGTH": 68.648507135156, "count": 1}, "geometry": {"type": "MultiLineString", "coordinates": [[[128.8356028277998, 35.09803109185583], [128.83563601833796, 35.098649052852835]]]}}, {"type": "Feature", "properties": {"LINK_ID": "4180060902", "ROAD_NAME": "안골로108번길", "ROAD_RANK": "107", "LANES": 2, "MAX_SPD": 50, "LENGTH": 249.027722720322, "count": 56}, "geometry": {"type": "MultiLineString", "coordinates": [[[128.78415397168516, 35.082723171038275], [128.78670870282025, 35.08286807794103], [128.7868645377368, 35.08292180332289]]]}}, {"type": "Feature", "properties": {"LINK_ID": "1410081901", "ROAD_NAME": "녹산산업중로167번길", "ROAD_RANK": "104", "LANES": 1, "MAX_SPD": 30, "LENGTH": 13.317641959362, "count": 1}, "geometry": {"type": "MultiLineString", "coordinates": [[[128.83799889376678, 35.09803489670606], [128.83799917412549, 35.09791489737171]]]}}, {"type": "Feature", "properties": {"LINK_ID": "1410122900", "ROAD_NAME": "신항남로", "ROAD_RANK": "104", "LANES": 2, "MAX_SPD": 80, "LENGTH": 431.953364542465, "count": 117}, "geometry": {"type": "MultiLineString", "coordinates": [[[128.8346013420216, 35.09801779540208], [128.8346587189666, 35.09927454564281], [128.83480698717057, 35.10057828715639], [128.83491946764454, 35.10121737569618], [128.83502079066233, 35.10189160546881]]]}}, {"type": "Feature", "properties": {"LINK_ID": "4180121600", "ROAD_NAME": "용원로", "ROAD_RANK": "107", "LANES": 2, "MAX_SPD": 60, "LENGTH": 152.998737898243, "count": 1}, "geometry": {"type": "MultiLineString", "coordinates": [[[128.81282459938043, 35.09993690943598], [128.81120050689105, 35.10028194627704]]]}}, {"type": "Feature", "properties": {"LINK_ID": "1410702201", "ROAD_NAME": "신항4로", "ROAD_RANK": "104", "LANES": 2, "MAX_SPD": 30, "LENGTH": 12.002405389407, "count": 1}, "geometry": {"type": "MultiLineString", "coordinates": [[[128.82440023038848, 35.084510503951535], [128.82453178487728, 35.08451209906334]]]}}, {"type": "Feature", "properties": {"LINK_ID": "4180083003", "ROAD_NAME": "신항8로", "ROAD_RANK": "107", "LANES": 2, "MAX_SPD": 60, "LENGTH": 258.915003423873, "count": 3}, "geometry": {"type": "MultiLineString", "coordinates": [[[128.78335158231695, 35.09575491886905], [128.78336825864622, 35.093537425164804], [128.7833625062549, 35.093422037563315]]]}}, {"type": "Feature", "properties": {"LINK_ID": "4180061100", "ROAD_NAME": "신항로", "ROAD_RANK": "107", "LANES": 3, "MAX_SPD": 60, "LENGTH": 422.999024347672, "count": 50}, "geometry": {"type": "MultiLineString", "coordinates": [[[128.7963721268092, 35.083103851313574], [128.80100895139805, 35.08310303078041]]]}}, {"type": "Feature", "properties": {"LINK_ID": "4180130501", "ROAD_NAME": "용원남로", "ROAD_RANK": "107", "LANES": 1, "MAX_SPD": 30, "LENGTH": 13.546774295183, "count": 1}, "geometry": {"type": "MultiLineString", "coordinates": [[[128.8149186838469, 35.101086630173924], [128.8148817239478, 35.100968404632724]]]}}, {"type": "Feature", "properties": {"LINK_ID": "1410738000", "ROAD_NAME": "녹산산업대로", "ROAD_RANK": "104", "LANES": 3, "MAX_SPD": 70, "LENGTH": 91.05866777747, "count": 13}, "geometry": {"type": "MultiLineString", "coordinates": [[[128.82410066847763, 35.09649334096963], [128.82381632819533, 35.096706357290586], [128.8233890946312, 35.09706831230308]]]}}, {"type": "Feature", "properties": {"LINK_ID": "1410064600", "ROAD_NAME": "녹산산단153로", "ROAD_RANK": "104", "LANES": 1, "MAX_SPD": 30, "LENGTH": 485.44863585648, "count": 11}, "geometry": {"type": "MultiLineString", "coordinates": [[[128.83435869689083, 35.09352034280671], [128.83433728389906, 35.09789448425982]]]}}, {"type": "Feature", "properties": {"LINK_ID": "4180060800", "ROAD_NAME": "안골로108번길", "ROAD_RANK": "107", "LANES": 2, "MAX_SPD": 50, "LENGTH": 13.680340324526, "count": 9}, "geometry": {"type": "MultiLineString", "coordinates": [[[128.78695301051332, 35.08306802301789], [128.78681446186215, 35.08302085405641]]]}}, {"type": "Feature", "properties": {"LINK_ID": "1411061002", "ROAD_NAME": "진해대로", "ROAD_RANK": "103", "LANES": 3, "MAX_SPD": 70, "LENGTH": 114.917635850092, "count": 1}, "geometry": {"type": "MultiLineString", "coordinates": [[[128.83512461598917, 35.101306262577324], [128.83535798718486, 35.101294991924796], [128.83544798762856, 35.10128999172131], [128.83582598704027, 35.10130199087687], [128.83632598786446, 35.101352991419255], [128.83633898789523, 35.101354991604566], [128.8363785461843, 35.1013626506826]]]}}, {"type": "Feature", "properties": {"LINK_ID": "4180084001", "ROAD_NAME": "신항3로", "ROAD_RANK": "107", "LANES": 3, "MAX_SPD": 70, "LENGTH": 12.000356327075, "count": 2}, "geometry": {"type": "MultiLineString", "coordinates": [[[128.82282580369915, 35.09094528288223], [128.82291991218884, 35.090869724227424]]]}}, {"type": "Feature", "properties": {"LINK_ID": "4180062402", "ROAD_NAME": "신항로", "ROAD_RANK": "107", "LANES": 3, "MAX_SPD": 60, "LENGTH": 266.734998170394, "count": 46}, "geometry": {"type": "MultiLineString", "coordinates": [[[128.8152856271533, 35.083227557582184], [128.8123617471838, 35.083227587749434]]]}}, {"type": "Feature", "properties": {"LINK_ID": "1410000202", "ROAD_NAME": "낙동남로", "ROAD_RANK": "103", "LANES": 3, "MAX_SPD": 70, "LENGTH": 163.285349985466, "count": 2}, "geometry": {"type": "MultiLineString", "coordinates": [[[128.83935570402016, 35.10297890195315], [128.8390109872305, 35.10272999114485], [128.83871098692558, 35.10252299196803], [128.83847498719516, 35.1023409913711], [128.83815498771975, 35.102129991750665], [128.83802698698452, 35.10205299150541], [128.83798773387306, 35.102031495664676]]]}}, {"type": "Feature", "properties": {"LINK_ID": "1410119700", "ROAD_NAME": "녹산산업북로", "ROAD_RANK": "104", "LANES": 2, "MAX_SPD": 50, "LENGTH": 80.696053846229, "count": 5}, "geometry": {"type": "MultiLineString", "coordinates": [[[128.83459553510312, 35.09789364004269], [128.8354800354151, 35.097909872518365]]]}}, {"type": "Feature", "properties": {"LINK_ID": "4180063000", "ROAD_NAME": "안골로108번길", "ROAD_RANK": "107", "LANES": 2, "MAX_SPD": 50, "LENGTH": 287.693931821099, "count": 17}, "geometry": {"type": "MultiLineString", "coordinates": [[[128.78534219001918, 35.08660319174967], [128.78575478405423, 35.086338472877365], [128.78593997124432, 35.08620046071295], [128.78609327785466, 35.08607522145759], [128.78634721384816, 35.08585447755085], [128.78662264936182, 35.085547406457394], [128.78682638457525, 35.08523963331731], [128.78702715435585, 35.08481505035837], [128.78708883037257, 35.08453263581924], [128.78708902403335, 35.08453182974156]]]}}, {"type": "Feature", "properties": {"LINK_ID": "4180034602", "ROAD_NAME": "신항북로", "ROAD_RANK": "107", "LANES": 3, "MAX_SPD": 80, "LENGTH": 440.888986486779, "count": 86}, "geometry": {"type": "MultiLineString", "coordinates": [[[128.79326907034195, 35.08824279486615], [128.79424914755762, 35.08771828367147], [128.79601049751878, 35.08676554036146], [128.7963705987639, 35.08658335851618], [128.79666156528194, 35.086419942574075], [128.79738366193783, 35.086177736106634]]]}}, {"type": "Feature", "properties": {"LINK_ID": "4180106700", "ROAD_NAME": "용원로", "ROAD_RANK": "107", "LANES": 2, "MAX_SPD": 60, "LENGTH": 107.321157659, "count": 1}, "geometry": {"type": "MultiLineString", "coordinates": [[[128.81899387507278, 35.09859685853393], [128.82013623965443, 35.09836514038246]]]}}, {"type": "Feature", "properties": {"LINK_ID": "4180068700", "ROAD_NAME": "신항8로", "ROAD_RANK": "107", "LANES": 3, "MAX_SPD": 60, "LENGTH": 390.241332007231, "count": 6}, "geometry": {"type": "MultiLineString", "coordinates": [[[128.76999009404187, 35.08688586963058], [128.77426800304443, 35.0869063552878]]]}}, {"type": "Feature", "properties": {"LINK_ID": "4180136700", "ROAD_NAME": "진해대로", "ROAD_RANK": "103", "LANES": 3, "MAX_SPD": 70, "LENGTH": 473.123555941536, "count": 7}, "geometry": {"type": "MultiLineString", "coordinates": [[[128.81716445903044, 35.102410818003264], [128.81851398768072, 35.102133991351636], [128.8210849873264, 35.10162999212732], [128.82109498691247, 35.10162899203632], [128.82223822623047, 35.101638263458646]]]}}, {"type": "Feature", "properties": {"LINK_ID": "1411030501", "ROAD_NAME": "신항남로", "ROAD_RANK": "104", "LANES": 3, "MAX_SPD": 60, "LENGTH": 12.073794560755, "count": 4}, "geometry": {"type": "MultiLineString", "coordinates": [[[128.8346900911283, 35.06991489334677], [128.83466188986029, 35.06980860029002]]]}}, {"type": "Feature", "properties": {"LINK_ID": "1410121000", "ROAD_NAME": "녹산산업대로", "ROAD_RANK": "104", "LANES": 3, "MAX_SPD": 70, "LENGTH": 9.213541746994, "count": 3}, "geometry": {"type": "MultiLineString", "coordinates": [[[128.8343758051527, 35.088895342645074], [128.83447680533263, 35.08889592589275]]]}}, {"type": "Feature", "properties": {"LINK_ID": "1411061102", "ROAD_NAME": "진해대로", "ROAD_RANK": "103", "LANES": 3, "MAX_SPD": 70, "LENGTH": 111.027736378573, "count": 1}, "geometry": {"type": "MultiLineString", "coordinates": [[[128.83634555837577, 35.10147864186022], [128.83631598782785, 35.101472992181236], [128.83581798754435, 35.10142199104776], [128.83544098765577, 35.10140999115889], [128.83535998744995, 35.101413991708135], [128.83535098769966, 35.10141399190939], [128.83513377608514, 35.1014256977756]]]}}, {"type": "Feature", "properties": {"LINK_ID": "4180061600", "ROAD_NAME": "신항로", "ROAD_RANK": "107", "LANES": 3, "MAX_SPD": 60, "LENGTH": 275.22147669377, "count": 54}, "geometry": {"type": "MultiLineString", "coordinates": [[[128.8071743528953, 35.08322039412438], [128.8057069566019, 35.08321819775631], [128.80415744261157, 35.083215859179525]]]}}, {"type": "Feature", "properties": {"LINK_ID": "4180132700", "ROAD_NAME": "안청로", "ROAD_RANK": "107", "LANES": 2, "MAX_SPD": 60, "LENGTH": 311.399945319547, "count": 1}, "geometry": {"type": "MultiLineString", "coordinates": [[[128.80310537274005, 35.10422586822923], [128.80305590696508, 35.10232279301014], [128.8030324577157, 35.10142058248262]]]}}, {"type": "Feature", "properties": {"LINK_ID": "1410956900", "ROAD_NAME": "신항남로", "ROAD_RANK": "104", "LANES": 3, "MAX_SPD": 60, "LENGTH": 290.094853912422, "count": 40}, "geometry": {"type": "MultiLineString", "coordinates": [[[128.83471797136752, 35.07734565213906], [128.8347422602312, 35.0747317959879]]]}}, {"type": "Feature", "properties": {"LINK_ID": "4180082300", "ROAD_NAME": "신항10로", "ROAD_RANK": "107", "LANES": 4, "MAX_SPD": 60, "LENGTH": 314.421366949035, "count": 1}, "geometry": {"type": "MultiLineString", "coordinates": [[[128.7788338115941, 35.09129228354745], [128.78124678856, 35.091278592992346], [128.78137834279437, 35.09127784499691], [128.78140074863114, 35.09127771755013], [128.78220453275725, 35.09127314486631], [128.78228006710796, 35.091264976501854]]]}}, {"type": "Feature", "properties": {"LINK_ID": "1410081000", "ROAD_NAME": "녹산산업중로", "ROAD_RANK": "104", "LANES": 2, "MAX_SPD": 50, "LENGTH": 139.29512298416, "count": 1}, "geometry": {"type": "MultiLineString", "coordinates": [[[128.82958541589926, 35.096616353322936], [128.8284892920454, 35.097490303322225]]]}}, {"type": "Feature", "properties": {"LINK_ID": "1410094302", "ROAD_NAME": "송정길", "ROAD_RANK": "104", "LANES": 1, "MAX_SPD": 30, "LENGTH": 10.945142664292, "count": 1}, "geometry": {"type": "MultiLineString", "coordinates": [[[128.83936317602544, 35.099519440760446], [128.83948317618191, 35.09951969334546]]]}}, {"type": "Feature", "properties": {"LINK_ID": "4180073000", "ROAD_NAME": "신항4로", "ROAD_RANK": "107", "LANES": 1, "MAX_SPD": 30, "LENGTH": 117.085443773125, "count": 2}, "geometry": {"type": "MultiLineString", "coordinates": [[[128.8182262970021, 35.08809152009634], [128.8169429119726, 35.088075412524084]]]}}, {"type": "Feature", "properties": {"LINK_ID": "4180067900", "ROAD_NAME": "신항8로", "ROAD_RANK": "107", "LANES": 3, "MAX_SPD": 60, "LENGTH": 422.556717073776, "count": 7}, "geometry": {"type": "MultiLineString", "coordinates": [[[128.7652263802293, 35.0868662089564], [128.76684687928193, 35.08686799723352], [128.7698585484218, 35.08688517868564]]]}}, {"type": "Feature", "properties": {"LINK_ID": "1410196600", "ROAD_NAME": "거가대로", "ROAD_RANK": "105", "LANES": 2, "MAX_SPD": 60, "LENGTH": 346.777453182784, "count": 2}, "geometry": {"type": "MultiLineString", "coordinates": [[[128.8393521076662, 35.085134737169774], [128.83936373651304, 35.0820100835499]]]}}, {"type": "Feature", "properties": {"LINK_ID": "4180141800", "ROAD_NAME": "용원서로", "ROAD_RANK": "107", "LANES": 1, "MAX_SPD": 30, "LENGTH": 101.440328945337, "count": 1}, "geometry": {"type": "MultiLineString", "coordinates": [[[128.81388458593065, 35.103179020396034], [128.81412346793888, 35.10407173241403]]]}}, {"type": "Feature", "properties": {"LINK_ID": "4180073200", "ROAD_NAME": "신항4로", "ROAD_RANK": "107", "LANES": 1, "MAX_SPD": 30, "LENGTH": 112.292218558454, "count": 4}, "geometry": {"type": "MultiLineString", "coordinates": [[[128.81958882659382, 35.0880947620973], [128.81835784073905, 35.0880924698392]]]}}, {"type": "Feature", "properties": {"LINK_ID": "4180077800", "ROAD_NAME": "신항3로", "ROAD_RANK": "107", "LANES": 3, "MAX_SPD": 70, "LENGTH": 347.599519343677, "count": 28}, "geometry": {"type": "MultiLineString", "coordinates": [[[128.82291991218884, 35.090869724227424], [128.82346452265284, 35.09043103897504], [128.8236045812977, 35.09030165356827], [128.82372850254947, 35.09016800922817], [128.82384983638616, 35.09001853872493], [128.823941052173, 35.08988824400381], [128.8240373715062, 35.089715461292485], [128.8241071706334, 35.08956063413432], [128.82416108119995, 35.08940778267443], [128.82420679434256, 35.089246205531495], [128.82424136539075, 35.08905814715034], [128.82424165189815, 35.089055270137784], [128.82425243337664, 35.08894701001667], [128.82425988971804, 35.08887214078573], [128.82426621465436, 35.08859062078892], [128.8242582133646, 35.088095154832025]]]}}, {"type": "Feature", "properties": {"LINK_ID": "4180069804", "ROAD_NAME": "신항4로", "ROAD_RANK": "107", "LANES": 1, "MAX_SPD": 30, "LENGTH": 38.155754433029, "count": 2}, "geometry": {"type": "MultiLineString", "coordinates": [[[128.8147602735601, 35.086987791734025], [128.81434202312954, 35.08698425324409]]]}}, {"type": "Feature", "properties": {"LINK_ID": "4180069001", "ROAD_NAME": "신항7로", "ROAD_RANK": "107", "LANES": 2, "MAX_SPD": 50, "LENGTH": 12.000046923331, "count": 1}, "geometry": {"type": "MultiLineString", "coordinates": [[[128.7698577383524, 35.086993306817924], [128.7698585484218, 35.08688517868564]]]}}, {"type": "Feature", "properties": {"LINK_ID": "4180073201", "ROAD_NAME": "신항4로", "ROAD_RANK": "107", "LANES": 1, "MAX_SPD": 30, "LENGTH": 12.000029466184, "count": 1}, "geometry": {"type": "MultiLineString", "coordinates": [[[128.81835784073905, 35.0880924698392], [128.8182262970021, 35.08809152009634]]]}}, {"type": "Feature", "properties": {"LINK_ID": "4180065002", "ROAD_NAME": "신항북로", "ROAD_RANK": "107", "LANES": 4, "MAX_SPD": 70, "LENGTH": 281.665454765121, "count": 52}, "geometry": {"type": "MultiLineString", "coordinates": [[[128.8040589634246, 35.08605868444896], [128.8009713005598, 35.08605714914235]]]}}, {"type": "Feature", "properties": {"LINK_ID": "4180068300", "ROAD_NAME": "안골로108번길", "ROAD_RANK": "107", "LANES": 1, "MAX_SPD": 40, "LENGTH": 350.270407882079, "count": 1}, "geometry": {"type": "MultiLineString", "coordinates": [[[128.785428716357, 35.08668484643499], [128.7855177829182, 35.08676510149341], [128.7857162684944, 35.08701108512707], [128.7857862733316, 35.087134388114], [128.78585229684222, 35.087242785837795], [128.78593789817413, 35.08737069401037], [128.7860188078349, 35.08747857401803], [128.78617079847996, 35.087632499931594], [128.78751844317046, 35.088721597140925], [128.78768718718607, 35.08886121226207], [128.78790742157966, 35.089050999268615], [128.7879177367195, 35.089058971524665]]]}}, {"type": "Feature", "properties": {"LINK_ID": "4180059901", "ROAD_NAME": "신항로", "ROAD_RANK": "107", "LANES": 4, "MAX_SPD": 60, "LENGTH": 12.036882655022, "count": 33}, "geometry": {"type": "MultiLineString", "coordinates": [[[128.76989023016571, 35.08307578862432], [128.77002217710802, 35.08307563721698]]]}}, {"type": "Feature", "properties": {"LINK_ID": "4180033901", "ROAD_NAME": "-", "ROAD_RANK": "107", "LANES": 2, "MAX_SPD": 60, "LENGTH": 12.279639216464, "count": 1}, "geometry": {"type": "MultiLineString", "coordinates": [[[128.78722360986333, 35.08452974643359], [128.78708902403335, 35.08453182974156]]]}}, {"type": "Feature", "properties": {"LINK_ID": "4180079201", "ROAD_NAME": "신항동로", "ROAD_RANK": "107", "LANES": 3, "MAX_SPD": 50, "LENGTH": 11.999960964074, "count": 2}, "geometry": {"type": "MultiLineString", "coordinates": [[[128.82178089949954, 35.09008039474893], [128.8216892555488, 35.090002822168685]]]}}, {"type": "Feature", "properties": {"LINK_ID": "1410040401", "ROAD_NAME": "녹산산업대로", "ROAD_RANK": "104", "LANES": 3, "MAX_SPD": 70, "LENGTH": 10.94643719492, "count": 2}, "geometry": {"type": "MultiLineString", "coordinates": [[[128.8395147748611, 35.089019028987906], [128.83939477555919, 35.08901894430568]]]}}, {"type": "Feature", "properties": {"LINK_ID": "1410196700", "ROAD_NAME": "거가대로", "ROAD_RANK": "105", "LANES": 2, "MAX_SPD": 60, "LENGTH": 343.519131953502, "count": 1}, "geometry": {"type": "MultiLineString", "coordinates": [[[128.8395825755991, 35.08201088171241], [128.83957114047016, 35.08510617604724]]]}}, {"type": "Feature", "properties": {"LINK_ID": "1410702200", "ROAD_NAME": "신항4로", "ROAD_RANK": "104", "LANES": 2, "MAX_SPD": 30, "LENGTH": 459.762422814866, "count": 14}, "geometry": {"type": "MultiLineString", "coordinates": [[[128.81834558792804, 35.084484311724204], [128.81938739368815, 35.08449149320987], [128.81990241071642, 35.08449503960367], [128.82124277479954, 35.084499665671686], [128.8213734836973, 35.084500115975565], [128.82338536423777, 35.08450702929597]]]}}, {"type": "Feature", "properties": {"LINK_ID": "4180082800", "ROAD_NAME": "신항4로", "ROAD_RANK": "107", "LANES": 3, "MAX_SPD": 50, "LENGTH": 131.320666443337, "count": 1}, "geometry": {"type": "MultiLineString", "coordinates": [[[128.81831213810884, 35.091909431318236], [128.81828153536256, 35.091796247867585], [128.81826112740893, 35.091711488339904], [128.81823945911265, 35.091600087078156], [128.81822422685738, 35.091477611574355], [128.81821541616284, 35.09133955867789], [128.8182131693006, 35.0911997941481], [128.8182122748253, 35.090732807693016]]]}}, {"type": "Feature", "properties": {"LINK_ID": "4180068601", "ROAD_NAME": "신항3로", "ROAD_RANK": "107", "LANES": 3, "MAX_SPD": 60, "LENGTH": 11.999961265515, "count": 3}, "geometry": {"type": "MultiLineString", "coordinates": [[[128.82425302275527, 35.08612682227065], [128.82425378000767, 35.08601869680255]]]}}, {"type": "Feature", "properties": {"LINK_ID": "4180104501", "ROAD_NAME": "용원로", "ROAD_RANK": "107", "LANES": 2, "MAX_SPD": 60, "LENGTH": 6.000926220344, "count": 1}, "geometry": {"type": "MultiLineString", "coordinates": [[[128.82205292318832, 35.09797059944959], [128.8221120987286, 35.09794696649042]]]}}, {"type": "Feature", "properties": {"LINK_ID": "4180034000", "ROAD_NAME": "-", "ROAD_RANK": "107", "LANES": 2, "MAX_SPD": 60, "LENGTH": 311.436419863564, "count": 1}, "geometry": {"type": "MultiLineString", "coordinates": [[[128.7837012268169, 35.08443588092858], [128.78571325586017, 35.08443589417697], [128.78683753886864, 35.08442757341481], [128.78711510348714, 35.08442327765545]]]}}, {"type": "Feature", "properties": {"LINK_ID": "1411031801", "ROAD_NAME": "신항남로", "ROAD_RANK": "104", "LANES": 3, "MAX_SPD": 60, "LENGTH": 12.030248391404, "count": 5}, "geometry": {"type": "MultiLineString", "coordinates": [[[128.83142783760567, 35.067221217845585], [128.83155581346455, 35.06724728876483]]]}}, {"type": "Feature", "properties": {"LINK_ID": "4180060900", "ROAD_NAME": "안골로108번길", "ROAD_RANK": "107", "LANES": 2, "MAX_SPD": 50, "LENGTH": 341.002362774621, "count": 131}, "geometry": {"type": "MultiLineString", "coordinates": [[[128.78401587224226, 35.08550846419442], [128.78392018471507, 35.08542430091584], [128.7838118612819, 35.085328396269894], [128.78369637737154, 35.0851990507151], [128.78356385040811, 35.08502191708221], [128.7834651117513, 35.084839819760845], [128.78341778494314, 35.08473244603189], [128.78334285702843, 35.08449666491703], [128.78334146983647, 35.08437649661581], [128.7833342363448, 35.08333356786933], [128.78333254993, 35.08310018796998], [128.7833919371179, 35.08296298925026], [128.78351469281304, 35.08280732769639], [128.78370904009162, 35.08274005095827]]]}}, {"type": "Feature", "properties": {"LINK_ID": "4180082401", "ROAD_NAME": "신항10로", "ROAD_RANK": "107", "LANES": 4, "MAX_SPD": 60, "LENGTH": 12.000008209165, "count": 1}, "geometry": {"type": "MultiLineString", "coordinates": [[[128.77883294579743, 35.09140042061962], [128.7787013929024, 35.0913997008002]]]}}, {"type": "Feature", "properties": {"LINK_ID": "4180063500", "ROAD_NAME": "신항4로", "ROAD_RANK": "107", "LANES": 2, "MAX_SPD": 60, "LENGTH": 450.662678092949, "count": 4}, "geometry": {"type": "MultiLineString", "coordinates": [[[128.8072979875833, 35.08449158126968], [128.8077638773756, 35.084501907074475], [128.80839485743581, 35.08450361448631], [128.809300635688, 35.08450605894521], [128.80992067769606, 35.08450769364634], [128.81223779459086, 35.08448646099176]]]}}, {"type": "Feature", "properties": {"LINK_ID": "1410039301", "ROAD_NAME": "녹산산업대로", "ROAD_RANK": "104", "LANES": 3, "MAX_SPD": 70, "LENGTH": 77.893310688321, "count": 10}, "geometry": {"type": "MultiLineString", "coordinates": [[[128.8342547856102, 35.08901471112767], [128.83388637926498, 35.08901299513339], [128.83375910965506, 35.089020708967546], [128.83366746761814, 35.089031420099126], [128.8335863037824, 35.089045053912464], [128.83350687560733, 35.08906495819022], [128.83343620673983, 35.08908735876954], [128.83341432879564, 35.089094824196245]]]}}, {"type": "Feature", "properties": {"LINK_ID": "4180069300", "ROAD_NAME": "신항8로", "ROAD_RANK": "107", "LANES": 3, "MAX_SPD": 60, "LENGTH": 379.927420385111, "count": 3}, "geometry": {"type": "MultiLineString", "coordinates": [[[128.77675520728894, 35.086891624597904], [128.77679263701327, 35.08689139156607], [128.7775969920754, 35.08689606886111], [128.77842371100496, 35.086900870635695], [128.77865924687487, 35.086943947797394], [128.77888525884595, 35.087034799240165], [128.77907513979144, 35.087204280398964], [128.77984000170028, 35.08813070838799], [128.7800456124855, 35.088374688255186]]]}}, {"type": "Feature", "properties": {"LINK_ID": "4180078602", "ROAD_NAME": "용원동로", "ROAD_RANK": "107", "LANES": 1, "MAX_SPD": 60, "LENGTH": 471.144656022303, "count": 1}, "geometry": {"type": "MultiLineString", "coordinates": [[[128.80397811056906, 35.09223311595787], [128.80397827363396, 35.09221783288653], [128.80397427536332, 35.09160207003984], [128.80397427548192, 35.09110807326903], [128.80397127663775, 35.090655127378], [128.80397015747727, 35.09019741307961], [128.80417534065467, 35.09017914324157], [128.80446477855122, 35.09015610863314], [128.80475555682008, 35.0901332047839], [128.80509986058883, 35.09009539103331], [128.80549911186694, 35.09004660479504], [128.80566789526074, 35.09002041404119], [128.805786189703, 35.09000205769861], [128.80610513432026, 35.089938467359204], [128.8066162759601, 35.08983079288967]]]}}, {"type": "Feature", "properties": {"LINK_ID": "4180065301", "ROAD_NAME": "신항동로", "ROAD_RANK": "107", "LANES": 3, "MAX_SPD": 50, "LENGTH": 11.999963501342, "count": 6}, "geometry": {"type": "MultiLineString", "coordinates": [[[128.80097138217744, 35.085949020947176], [128.8009713005598, 35.08605714914235]]]}}, {"type": "Feature", "properties": {"LINK_ID": "4180060600", "ROAD_NAME": "안골로108번길", "ROAD_RANK": "107", "LANES": 2, "MAX_SPD": 60, "LENGTH": 138.894317114108, "count": 12}, "geometry": {"type": "MultiLineString", "coordinates": [[[128.78734428679763, 35.08317404381412], [128.78734074146226, 35.083334432962374], [128.78732477748332, 35.08385384731654], [128.78728806438866, 35.08426145475853], [128.78724968875648, 35.084421194502866]]]}}, {"type": "Feature", "properties": {"LINK_ID": "4180083100", "ROAD_NAME": "신항9로", "ROAD_RANK": "107", "LANES": 2, "MAX_SPD": 60, "LENGTH": 300.65218435669, "count": 14}, "geometry": {"type": "MultiLineString", "coordinates": [[[128.77883294579743, 35.09140042061962], [128.77882382886915, 35.094109519646594]]]}}, {"type": "Feature", "properties": {"LINK_ID": "1411030800", "ROAD_NAME": "신항남로", "ROAD_RANK": "104", "LANES": 3, "MAX_SPD": 60, "LENGTH": 441.373195054867, "count": 102}, "geometry": {"type": "MultiLineString", "coordinates": [[[128.83155581346455, 35.06724728876483], [128.83202303473317, 35.06735738400257], [128.83250707982234, 35.06745484303316], [128.83296635895115, 35.06760711151241], [128.8334781421867, 35.06785700692354], [128.83385135976712, 35.06809729183249], [128.8340677092472, 35.06829834117256], [128.8343786974611, 35.06865890815784], [128.83446580783257, 35.06883535489845], [128.8347885028208, 35.069779344802356]]]}}, {"type": "Feature", "properties": {"LINK_ID": "4180077300", "ROAD_NAME": "신항4로", "ROAD_RANK": "107", "LANES": 3, "MAX_SPD": 50, "LENGTH": 116.294018113546, "count": 1}, "geometry": {"type": "MultiLineString", "coordinates": [[[128.81834662666623, 35.088955798250396], [128.8183474363211, 35.08983905098739], [128.8183438376703, 35.09000365601605]]]}}, {"type": "Feature", "properties": {"LINK_ID": "4180068801", "ROAD_NAME": "신항8로", "ROAD_RANK": "107", "LANES": 3, "MAX_SPD": 60, "LENGTH": 11.999962915955, "count": 1}, "geometry": {"type": "MultiLineString", "coordinates": [[[128.76998928432636, 35.086993997308], [128.7698577383524, 35.086993306817924]]]}}, {"type": "Feature", "properties": {"LINK_ID": "4180060201", "ROAD_NAME": "신항로", "ROAD_RANK": "107", "LANES": 3, "MAX_SPD": 60, "LENGTH": 29.801637782017, "count": 5}, "geometry": {"type": "MultiLineString", "coordinates": [[[128.78695301051332, 35.08306802301789], [128.78727966914164, 35.083064921981126]]]}}, {"type": "Feature", "properties": {"LINK_ID": "4180068800", "ROAD_NAME": "신항8로", "ROAD_RANK": "107", "LANES": 3, "MAX_SPD": 60, "LENGTH": 390.347343755569, "count": 7}, "geometry": {"type": "MultiLineString", "coordinates": [[[128.7742683611027, 35.08701448868658], [128.76998928432636, 35.086993997308]]]}}, {"type": "Feature", "properties": {"LINK_ID": "1410738501", "ROAD_NAME": "녹산산업대로", "ROAD_RANK": "104", "LANES": 3, "MAX_SPD": 70, "LENGTH": 144.636301568381, "count": 6}, "geometry": {"type": "MultiLineString", "coordinates": [[[128.82678880695167, 35.09433093857321], [128.82565628281046, 35.095243120928934]]]}}, {"type": "Feature", "properties": {"LINK_ID": "4180063400", "ROAD_NAME": "신항5로", "ROAD_RANK": "107", "LANES": 2, "MAX_SPD": 60, "LENGTH": 274.468100064065, "count": 1}, "geometry": {"type": "MultiLineString", "coordinates": [[[128.80716517623742, 35.08459862315432], [128.80614065748367, 35.08460420501663], [128.80614043160512, 35.08460420387586], [128.80569556226337, 35.08460238484769], [128.80477562867569, 35.08459861734225], [128.804156515588, 35.084596078305644]]]}}, {"type": "Feature", "properties": {"LINK_ID": "1410121300", "ROAD_NAME": "녹산산업북로", "ROAD_RANK": "104", "LANES": 2, "MAX_SPD": 50, "LENGTH": 12.362492155749, "count": 4}, "geometry": {"type": "MultiLineString", "coordinates": [[[128.83447223547148, 35.098016421444726], [128.8343367029217, 35.09801543380192]]]}}, {"type": "Feature", "properties": {"LINK_ID": "1410039303", "ROAD_NAME": "녹산산업대로", "ROAD_RANK": "104", "LANES": 3, "MAX_SPD": 70, "LENGTH": 21.86550340608, "count": 3}, "geometry": {"type": "MultiLineString", "coordinates": [[[128.83329067807338, 35.089138806155816], [128.83327829370955, 35.089143307946514], [128.83321550990922, 35.08916779982182], [128.8331620103625, 35.08919208277052], [128.8331085584004, 35.08922329349775], [128.83308448418734, 35.08923798126533]]]}}, {"type": "Feature", "properties": {"LINK_ID": "4180131300", "ROAD_NAME": "용원서로39번길", "ROAD_RANK": "107", "LANES": 1, "MAX_SPD": 30, "LENGTH": 245.834276379345, "count": 1}, "geometry": {"type": "MultiLineString", "coordinates": [[[128.81057575507464, 35.101535637892205], [128.8131892511848, 35.10099382727113]]]}}, {"type": "Feature", "properties": {"LINK_ID": "4180103400", "ROAD_NAME": "안청로4번길", "ROAD_RANK": "107", "LANES": 1, "MAX_SPD": 30, "LENGTH": 36.813100467858, "count": 1}, "geometry": {"type": "MultiLineString", "coordinates": [[[128.80536114761858, 35.09848555530555], [128.80503684467584, 35.09828808716779]]]}}, {"type": "Feature", "properties": {"LINK_ID": "4180062900", "ROAD_NAME": "안골로108번길", "ROAD_RANK": "107", "LANES": 2, "MAX_SPD": 50, "LENGTH": 298.223466383535, "count": 14}, "geometry": {"type": "MultiLineString", "coordinates": [[[128.78722360986333, 35.08452974643359], [128.78715437893294, 35.0848444634559], [128.78694594855088, 35.085285245426356], [128.78673388370174, 35.085605602709364], [128.78644832060283, 35.08592396598914], [128.78618745629123, 35.086150732308816], [128.78603056257506, 35.08627890212924], [128.78583954946708, 35.08642125672184], [128.785428716357, 35.08668484643499]]]}}, {"type": "Feature", "properties": {"LINK_ID": "4180081201", "ROAD_NAME": "신항배후로", "ROAD_RANK": "107", "LANES": 4, "MAX_SPD": 80, "LENGTH": 11.918501858935, "count": 9}, "geometry": {"type": "MultiLineString", "coordinates": [[[128.7650893432843, 35.0913876646322], [128.76508990504752, 35.0912802701185]]]}}, {"type": "Feature", "properties": {"LINK_ID": "1410702300", "ROAD_NAME": "신항로", "ROAD_RANK": "104", "LANES": 3, "MAX_SPD": 60, "LENGTH": 276.076633097002, "count": 53}, "geometry": {"type": "MultiLineString", "coordinates": [[[128.82439294270378, 35.08324512401012], [128.82136667428657, 35.083241917988815]]]}}, {"type": "Feature", "properties": {"LINK_ID": "4180034600", "ROAD_NAME": "신항북로", "ROAD_RANK": "107", "LANES": 3, "MAX_SPD": 80, "LENGTH": 440.888986486805, "count": 77}, "geometry": {"type": "MultiLineString", "coordinates": [[[128.78916913899104, 35.09034600376274], [128.791990344824, 35.088927112987335], [128.79326907034195, 35.08824279486615]]]}}, {"type": "Feature", "properties": {"LINK_ID": "1410196100", "ROAD_NAME": "거가대로", "ROAD_RANK": "105", "LANES": 2, "MAX_SPD": 80, "LENGTH": 512.518698988181, "count": 88}, "geometry": {"type": "MultiLineString", "coordinates": [[[128.83319321580313, 35.064225796070716], [128.83403977663113, 35.06531757053192], [128.83528445466192, 35.06695860137802], [128.83569754516122, 35.06768590555572], [128.83595797420892, 35.06823211026863]]]}}, {"type": "Feature", "properties": {"LINK_ID": "4180062800", "ROAD_NAME": "신항4로", "ROAD_RANK": "107", "LANES": 3, "MAX_SPD": 60, "LENGTH": 138.253204816828, "count": 28}, "geometry": {"type": "MultiLineString", "coordinates": [[[128.81821404353758, 35.08448406126623], [128.8182089751342, 35.083333383273114], [128.8182088615701, 35.08323831657711]]]}}, {"type": "Feature", "properties": {"LINK_ID": "4180079301", "ROAD_NAME": "안골로", "ROAD_RANK": "107", "LANES": 1, "MAX_SPD": 30, "LENGTH": 11.806699122523, "count": 7}, "geometry": {"type": "MultiLineString", "coordinates": [[[128.7888988721419, 35.09062637763123], [128.78879136128788, 35.09068561868246]]]}}, {"type": "Feature", "properties": {"LINK_ID": "4180067700", "ROAD_NAME": "신항4로", "ROAD_RANK": "107", "LANES": 3, "MAX_SPD": 50, "LENGTH": 87.801570444629, "count": 12}, "geometry": {"type": "MultiLineString", "coordinates": [[[128.8183571730576, 35.086110372026596], [128.8183622101691, 35.08690151069985]]]}}, {"type": "Feature", "properties": {"LINK_ID": "1410705100", "ROAD_NAME": "신항로", "ROAD_RANK": "104", "LANES": 2, "MAX_SPD": 30, "LENGTH": 402.20206400082, "count": 11}, "geometry": {"type": "MultiLineString", "coordinates": [[[128.83082896519056, 35.08596690202593], [128.83083226671107, 35.08505385365208], [128.83083269714146, 35.085022540494215], [128.83083354007343, 35.084961218521], [128.83083810612203, 35.084629130814626], [128.82819176776164, 35.08466204994282], [128.82805703384713, 35.084661011475916]]]}}, {"type": "Feature", "properties": {"LINK_ID": "1410095101", "ROAD_NAME": "가락대로", "ROAD_RANK": "105", "LANES": 3, "MAX_SPD": 60, "LENGTH": 13.321512491188, "count": 3}, "geometry": {"type": "MultiLineString", "coordinates": [[[128.8393628210893, 35.09963947474542], [128.83936317602544, 35.099519440760446]]]}}, {"type": "Feature", "properties": {"LINK_ID": "1410196001", "ROAD_NAME": "거가대로", "ROAD_RANK": "105", "LANES": 2, "MAX_SPD": 80, "LENGTH": 510.358650060039, "count": 31}, "geometry": {"type": "MultiLineString", "coordinates": [[[128.83586334728136, 35.06826276614317], [128.83556552654207, 35.06764174575973], [128.8352196880691, 35.06705820433546], [128.83307479392585, 35.06429028456476]]]}}, {"type": "Feature", "properties": {"LINK_ID": "4180097502", "ROAD_NAME": "안골로", "ROAD_RANK": "107", "LANES": 2, "MAX_SPD": 30, "LENGTH": 115.809128111606, "count": 1}, "geometry": {"type": "MultiLineString", "coordinates": [[[128.805655714839, 35.09810809428365], [128.80666237082337, 35.09874406718161]]]}}, {"type": "Feature", "properties": {"LINK_ID": "4180065303", "ROAD_NAME": "신항동로", "ROAD_RANK": "107", "LANES": 3, "MAX_SPD": 50, "LENGTH": 395.309249340764, "count": 1}, "geometry": {"type": "MultiLineString", "coordinates": [[[128.80096775149158, 35.08683170745564], [128.80096418334696, 35.08761048626784], [128.80097687545236, 35.087739426043704], [128.80100024079834, 35.0878743778844], [128.80104179899215, 35.08800792568903], [128.80109804477138, 35.08813059293958], [128.8011652494029, 35.088221999470164], [128.80121551096462, 35.088290361186324], [128.80133070908929, 35.088401873048156], [128.80145616548927, 35.0885108819714], [128.80162190650893, 35.088611382957815], [128.80174870303, 35.08868104970819], [128.8019381776957, 35.0887499865102], [128.80211520460554, 35.088792851082445], [128.8023337569885, 35.08880996122837], [128.80351202933244, 35.088811485520715]]]}}, {"type": "Feature", "properties": {"LINK_ID": "1410121401", "ROAD_NAME": "녹산산업북로", "ROAD_RANK": "104", "LANES": 2, "MAX_SPD": 50, "LENGTH": 11.784188881462, "count": 3}, "geometry": {"type": "MultiLineString", "coordinates": [[[128.83446633812147, 35.09789337947665], [128.83459553510312, 35.09789364004269]]]}}, {"type": "Feature", "properties": {"LINK_ID": "4180089801", "ROAD_NAME": "신항북로", "ROAD_RANK": "107", "LANES": 4, "MAX_SPD": 80, "LENGTH": 12.000101182839, "count": 5}, "geometry": {"type": "MultiLineString", "coordinates": [[[128.77438448086417, 35.094182595986666], [128.77425292583413, 35.09418152251576]]]}}, {"type": "Feature", "properties": {"LINK_ID": "4180061800", "ROAD_NAME": "신항로", "ROAD_RANK": "107", "LANES": 3, "MAX_SPD": 60, "LENGTH": 138.945818629295, "count": 7}, "geometry": {"type": "MultiLineString", "coordinates": [[[128.80102140758768, 35.08446311853276], [128.80102065542073, 35.084358991392044], [128.8010101849134, 35.08333371332857], [128.80100898278036, 35.08321115930605]]]}}, {"type": "Feature", "properties": {"LINK_ID": "1410064900", "ROAD_NAME": "녹산산업중로", "ROAD_RANK": "104", "LANES": 2, "MAX_SPD": 50, "LENGTH": 113.748105741975, "count": 1}, "geometry": {"type": "MultiLineString", "coordinates": [[[128.83938082169652, 35.09352294753222], [128.83813379974816, 35.09352203507997]]]}}, {"type": "Feature", "properties": {"LINK_ID": "4180080600", "ROAD_NAME": "신항10로", "ROAD_RANK": "107", "LANES": 4, "MAX_SPD": 80, "LENGTH": 175.959843086292, "count": 6}, "geometry": {"type": "MultiLineString", "coordinates": [[[128.76714984408378, 35.09139900793979], [128.7670542521648, 35.09139944795855], [128.76684188827193, 35.09140042470257], [128.76656995767823, 35.09140167436899], [128.7652208960544, 35.09138849534354]]]}}, {"type": "Feature", "properties": {"LINK_ID": "4180061201", "ROAD_NAME": "신항로", "ROAD_RANK": "107", "LANES": 3, "MAX_SPD": 60, "LENGTH": 12.485692817066, "count": 11}, "geometry": {"type": "MultiLineString", "coordinates": [[[128.79639236111444, 35.083211976310714], [128.79625549532727, 35.08321195023358]]]}}, {"type": "Feature", "properties": {"LINK_ID": "1410705201", "ROAD_NAME": "신항북로", "ROAD_RANK": "104", "LANES": 4, "MAX_SPD": 50, "LENGTH": 12.000091067618, "count": 3}, "geometry": {"type": "MultiLineString", "coordinates": [[[128.82438456803223, 35.086127189067035], [128.82425302275527, 35.08612682227065]]]}}, {"type": "Feature", "properties": {"LINK_ID": "4180091402", "ROAD_NAME": "용원동로", "ROAD_RANK": "107", "LANES": 1, "MAX_SPD": 50, "LENGTH": 58.296735042555, "count": 1}, "geometry": {"type": "MultiLineString", "coordinates": [[[128.81958215467225, 35.09515377240039], [128.81938119181794, 35.09465512492944]]]}}, {"type": "Feature", "properties": {"LINK_ID": "4180063700", "ROAD_NAME": "신항5로", "ROAD_RANK": "107", "LANES": 3, "MAX_SPD": 60, "LENGTH": 150.15709734826, "count": 5}, "geometry": {"type": "MultiLineString", "coordinates": [[[128.80729671262822, 35.08459971991026], [128.80727812222275, 35.0859526529794]]]}}, {"type": "Feature", "properties": {"LINK_ID": "4180092202", "ROAD_NAME": "용원동로", "ROAD_RANK": "107", "LANES": 1, "MAX_SPD": 50, "LENGTH": 64.490846138208, "count": 2}, "geometry": {"type": "MultiLineString", "coordinates": [[[128.81997143227446, 35.09613570771978], [128.81975446513215, 35.09558264110671]]]}}, {"type": "Feature", "properties": {"LINK_ID": "4180081900", "ROAD_NAME": "신항6로", "ROAD_RANK": "107", "LANES": 3, "MAX_SPD": 60, "LENGTH": 300.588664538134, "count": 7}, "geometry": {"type": "MultiLineString", "coordinates": [[[128.7744012286935, 35.091365959933235], [128.7743857869403, 35.09407447161114]]]}}, {"type": "Feature", "properties": {"LINK_ID": "4180101400", "ROAD_NAME": "용원로102번길", "ROAD_RANK": "107", "LANES": 1, "MAX_SPD": 30, "LENGTH": 31.926540284619, "count": 1}, "geometry": {"type": "MultiLineString", "coordinates": [[[128.82013623965443, 35.09836514038246], [128.82003060455833, 35.09809087486027]]]}}, {"type": "Feature", "properties": {"LINK_ID": "4180059201", "ROAD_NAME": "신항7로", "ROAD_RANK": "107", "LANES": 2, "MAX_SPD": 50, "LENGTH": 11.99999681857, "count": 1}, "geometry": {"type": "MultiLineString", "coordinates": [[[128.76999009404187, 35.08688586963058], [128.76998928432636, 35.086993997308]]]}}, {"type": "Feature", "properties": {"LINK_ID": "1410040100", "ROAD_NAME": "녹산산업대로", "ROAD_RANK": "104", "LANES": 3, "MAX_SPD": 70, "LENGTH": 217.911721391118, "count": 12}, "geometry": {"type": "MultiLineString", "coordinates": [[[128.8370063144232, 35.08889704033501], [128.8393951488024, 35.08889894380482]]]}}, {"type": "Feature", "properties": {"LINK_ID": "4180093800", "ROAD_NAME": "신항8로", "ROAD_RANK": "107", "LANES": 2, "MAX_SPD": 60, "LENGTH": 398.966620357376, "count": 6}, "geometry": {"type": "MultiLineString", "coordinates": [[[128.7786826641499, 35.097021114316796], [128.77430850217723, 35.097016477484274]]]}}, {"type": "Feature", "properties": {"LINK_ID": "1411031001", "ROAD_NAME": "-", "ROAD_RANK": "104", "LANES": 1, "MAX_SPD": 30, "LENGTH": 12.000007258063, "count": 10}, "geometry": {"type": "MultiLineString", "coordinates": [[[128.83155581346455, 35.06724728876483], [128.83151957936678, 35.06735123160108]]]}}, {"type": "Feature", "properties": {"LINK_ID": "4180080501", "ROAD_NAME": "신항10로", "ROAD_RANK": "107", "LANES": 4, "MAX_SPD": 80, "LENGTH": 11.999968790583, "count": 14}, "geometry": {"type": "MultiLineString", "coordinates": [[[128.76508990504752, 35.0912802701185], [128.76522146083465, 35.0912803628712]]]}}, {"type": "Feature", "properties": {"LINK_ID": "4180069100", "ROAD_NAME": "신항8로", "ROAD_RANK": "107", "LANES": 3, "MAX_SPD": 60, "LENGTH": 202.891067542342, "count": 4}, "geometry": {"type": "MultiLineString", "coordinates": [[[128.77439955239154, 35.086906258708176], [128.7757229205721, 35.08689804256537], [128.77662365928788, 35.08689244321104]]]}}, {"type": "Feature", "properties": {"LINK_ID": "4180068502", "ROAD_NAME": "신항3로", "ROAD_RANK": "107", "LANES": 3, "MAX_SPD": 60, "LENGTH": 11.999995847561, "count": 1}, "geometry": {"type": "MultiLineString", "coordinates": [[[128.8243847059261, 35.08601906156046], [128.82438456803223, 35.086127189067035]]]}}, {"type": "Feature", "properties": {"LINK_ID": "4180069600", "ROAD_NAME": "신항6로", "ROAD_RANK": "107", "LANES": 3, "MAX_SPD": 60, "LENGTH": 227.56753726328, "count": 5}, "geometry": {"type": "MultiLineString", "coordinates": [[[128.77429068629235, 35.08906497152137], [128.7742683611027, 35.08701448868658]]]}}, {"type": "Feature", "properties": {"LINK_ID": "1410957206", "ROAD_NAME": "가덕해안로", "ROAD_RANK": "104", "LANES": 1, "MAX_SPD": 20, "LENGTH": 361.483786755709, "count": 1}, "geometry": {"type": "MultiLineString", "coordinates": [[[128.81854843984982, 35.06006382155757], [128.81855063288526, 35.06006382156949], [128.81943861075044, 35.060112578709344], [128.8196202870622, 35.06012255339201], [128.8202136786651, 35.06023197423022], [128.8212445238711, 35.060449878704], [128.82165280254557, 35.06059447667564], [128.8223185883969, 35.0609127119714]]]}}, {"type": "Feature", "properties": {"LINK_ID": "1410737301", "ROAD_NAME": "녹산산단17로", "ROAD_RANK": "104", "LANES": 1, "MAX_SPD": 30, "LENGTH": 11.999874570077, "count": 2}, "geometry": {"type": "MultiLineString", "coordinates": [[[128.82328520512186, 35.09715319136339], [128.82319310410324, 35.097075980209894]]]}}, {"type": "Feature", "properties": {"LINK_ID": "1411030401", "ROAD_NAME": "신항남로", "ROAD_RANK": "104", "LANES": 3, "MAX_SPD": 60, "LENGTH": 12.010484873843, "count": 14}, "geometry": {"type": "MultiLineString", "coordinates": [[[128.83487396683137, 35.074157419827856], [128.8348739777396, 35.07426564168189]]]}}, {"type": "Feature", "properties": {"LINK_ID": "1410122801", "ROAD_NAME": "신항남로", "ROAD_RANK": "104", "LANES": 2, "MAX_SPD": 80, "LENGTH": 13.665863297212, "count": 5}, "geometry": {"type": "MultiLineString", "coordinates": [[[128.83447223547148, 35.098016421444726], [128.83446633812147, 35.09789337947665]]]}}, {"type": "Feature", "properties": {"LINK_ID": "4180065901", "ROAD_NAME": "신항북로", "ROAD_RANK": "107", "LANES": 4, "MAX_SPD": 70, "LENGTH": 12.037172906464, "count": 3}, "geometry": {"type": "MultiLineString", "coordinates": [[[128.79754437842377, 35.08624823229415], [128.79741922138248, 35.08628259451258]]]}}, {"type": "Feature", "properties": {"LINK_ID": "4180061501", "ROAD_NAME": "신항로", "ROAD_RANK": "107", "LANES": 3, "MAX_SPD": 60, "LENGTH": 12.003265917137, "count": 4}, "geometry": {"type": "MultiLineString", "coordinates": [[[128.80717459143165, 35.08311226590353], [128.80730616805283, 35.08311245792876]]]}}, {"type": "Feature", "properties": {"LINK_ID": "4180070900", "ROAD_NAME": "신항4로", "ROAD_RANK": "107", "LANES": 3, "MAX_SPD": 50, "LENGTH": 108.173014107454, "count": 11}, "geometry": {"type": "MultiLineString", "coordinates": [[[128.81836235895875, 35.08700963838597], [128.8183587866896, 35.087984343334185]]]}}, {"type": "Feature", "properties": {"LINK_ID": "4180068701", "ROAD_NAME": "신항8로", "ROAD_RANK": "107", "LANES": 3, "MAX_SPD": 60, "LENGTH": 12.000062748987, "count": 2}, "geometry": {"type": "MultiLineString", "coordinates": [[[128.77426800304443, 35.0869063552878], [128.77439955239154, 35.086906258708176]]]}}, {"type": "Feature", "properties": {"LINK_ID": "4180093700", "ROAD_NAME": "신항8로", "ROAD_RANK": "107", "LANES": 2, "MAX_SPD": 60, "LENGTH": 398.966620167409, "count": 6}, "geometry": {"type": "MultiLineString", "coordinates": [[[128.76993451211914, 35.09690355319049], [128.77430867476033, 35.096908348045496]]]}}, {"type": "Feature", "properties": {"LINK_ID": "4180070400", "ROAD_NAME": "신항4로", "ROAD_RANK": "107", "LANES": 1, "MAX_SPD": 30, "LENGTH": 113.263518688016, "count": 4}, "geometry": {"type": "MultiLineString", "coordinates": [[[128.81960396829516, 35.08700535133696], [128.81836235895875, 35.08700963838597]]]}}, {"type": "Feature", "properties": {"LINK_ID": "4180062200", "ROAD_NAME": "신항5로", "ROAD_RANK": "107", "LANES": 3, "MAX_SPD": 60, "LENGTH": 140.961796987457, "count": 12}, "geometry": {"type": "MultiLineString", "coordinates": [[[128.80716645032152, 35.08449048612431], [128.80717774962176, 35.08333370816658], [128.8071743528953, 35.08322039412438]]]}}, {"type": "Feature", "properties": {"LINK_ID": "4180065000", "ROAD_NAME": "신항북로", "ROAD_RANK": "107", "LANES": 4, "MAX_SPD": 70, "LENGTH": 281.665454765121, "count": 54}, "geometry": {"type": "MultiLineString", "coordinates": [[[128.80714662287826, 35.0860601410815], [128.8040589634246, 35.08605868444896]]]}}, {"type": "Feature", "properties": {"LINK_ID": "4180124900", "ROAD_NAME": "용재로", "ROAD_RANK": "107", "LANES": 2, "MAX_SPD": 60, "LENGTH": 132.784383470051, "count": 1}, "geometry": {"type": "MultiLineString", "coordinates": [[[128.81952221843503, 35.10045135982952], [128.82093969896957, 35.10017848566238]]]}}, {"type": "Feature", "properties": {"LINK_ID": "4180080400", "ROAD_NAME": "신항2로", "ROAD_RANK": "107", "LANES": 2, "MAX_SPD": 60, "LENGTH": 85.937721105134, "count": 2}, "geometry": {"type": "MultiLineString", "coordinates": [[[128.82649015925242, 35.090842403007514], [128.82716546112857, 35.09030246336302]]]}}, {"type": "Feature", "properties": {"LINK_ID": "4180071400", "ROAD_NAME": "신항3로", "ROAD_RANK": "107", "LANES": 3, "MAX_SPD": 70, "LENGTH": 108.358140219128, "count": 16}, "geometry": {"type": "MultiLineString", "coordinates": [[[128.82425715281755, 35.08798702973069], [128.82425373389952, 35.08701065844507]]]}}, {"type": "Feature", "properties": {"LINK_ID": "4180090000", "ROAD_NAME": "신항북로", "ROAD_RANK": "107", "LANES": 3, "MAX_SPD": 80, "LENGTH": 338.389140999205, "count": 44}, "geometry": {"type": "MultiLineString", "coordinates": [[[128.77882382886915, 35.094109519646594], [128.78119207575776, 35.09408982430662], [128.78132414507178, 35.09408621447301], [128.78148714745706, 35.09407562684177], [128.7816290426312, 35.094061892148936], [128.78179322600877, 35.09404340016789], [128.78195575404692, 35.094021604092966], [128.78213171599234, 35.09399409662573], [128.78232538596313, 35.09395856000864], [128.7825145415498, 35.093919532357475]]]}}, {"type": "Feature", "properties": {"LINK_ID": "4180061900", "ROAD_NAME": "신항로", "ROAD_RANK": "107", "LANES": 3, "MAX_SPD": 60, "LENGTH": 449.209379255572, "count": 38}, "geometry": {"type": "MultiLineString", "coordinates": [[[128.80730616805283, 35.08311245792876], [128.81223027844328, 35.083119372949675]]]}}, {"type": "Feature", "properties": {"LINK_ID": "4180100300", "ROAD_NAME": "남해고속도로제3지선", "ROAD_RANK": "101", "LANES": 2, "MAX_SPD": 100, "LENGTH": 645.973680101119, "count": 110}, "geometry": {"type": "MultiLineString", "coordinates": [[[128.7653447178033, 35.098404747171784], [128.7653840450615, 35.098845412618935], [128.7654317674907, 35.09934322428398], [128.76549387306662, 35.0998973059902], [128.76556207127655, 35.10046008397208], [128.76562313353102, 35.10092034452758], [128.76569931031133, 35.101394903512514], [128.76577764702125, 35.101879361501716], [128.76586941999406, 35.10240791599063], [128.76596883689072, 35.10292753240709], [128.76607324007762, 35.103418564069166], [128.76616872704602, 35.10381878683112], [128.76626302787383, 35.104171321087236]]]}}, {"type": "Feature", "properties": {"LINK_ID": "4180060002", "ROAD_NAME": "신항6로", "ROAD_RANK": "107", "LANES": 3, "MAX_SPD": 60, "LENGTH": 12.000002866489, "count": 2}, "geometry": {"type": "MultiLineString", "coordinates": [[[128.7744147298505, 35.08310457613809], [128.77441696474386, 35.08321269020167]]]}}, {"type": "Feature", "properties": {"LINK_ID": "4180081700", "ROAD_NAME": "신항7로", "ROAD_RANK": "107", "LANES": 2, "MAX_SPD": 50, "LENGTH": 294.04579684741, "count": 4}, "geometry": {"type": "MultiLineString", "coordinates": [[[128.76996153866563, 35.09138859899683], [128.76994480975463, 35.094038152599765]]]}}, {"type": "Feature", "properties": {"LINK_ID": "4180058100", "ROAD_NAME": "신항남로", "ROAD_RANK": "107", "LANES": 2, "MAX_SPD": 80, "LENGTH": 482.101432168903, "count": 1}, "geometry": {"type": "MultiLineString", "coordinates": [[[128.8363570976351, 35.105226390180555], [128.83656014130756, 35.10559233098503], [128.83695128139254, 35.10609911563118], [128.83742925022915, 35.106565396116736], [128.8378155791982, 35.10687574019854], [128.8382111623208, 35.10712347440738], [128.83874164919567, 35.10739969082842], [128.83928654992852, 35.10756045031916], [128.83993484218274, 35.10773013854962], [128.84032395240436, 35.10780494447362]]]}}, {"type": "Feature", "properties": {"LINK_ID": "4180067701", "ROAD_NAME": "신항4로", "ROAD_RANK": "107", "LANES": 3, "MAX_SPD": 50, "LENGTH": 11.999991544941, "count": 1}, "geometry": {"type": "MultiLineString", "coordinates": [[[128.8183622101691, 35.08690151069985], [128.81836235895875, 35.08700963838597]]]}}, {"type": "Feature", "properties": {"LINK_ID": "4180081101", "ROAD_NAME": "신항배후로", "ROAD_RANK": "107", "LANES": 4, "MAX_SPD": 80, "LENGTH": 12.001203795069, "count": 4}, "geometry": {"type": "MultiLineString", "coordinates": [[[128.76519568337304, 35.094073868748254], [128.76519877103965, 35.09418197963421]]]}}, {"type": "Feature", "properties": {"LINK_ID": "4180062301", "ROAD_NAME": "신항로", "ROAD_RANK": "107", "LANES": 3, "MAX_SPD": 60, "LENGTH": 11.960937348126, "count": 4}, "geometry": {"type": "MultiLineString", "coordinates": [[[128.81820946646636, 35.083130189088614], [128.81834057821555, 35.08313050841346]]]}}, {"type": "Feature", "properties": {"LINK_ID": "1410000102", "ROAD_NAME": "낙동남로", "ROAD_RANK": "103", "LANES": 3, "MAX_SPD": 70, "LENGTH": 153.800672829992, "count": 8}, "geometry": {"type": "MultiLineString", "coordinates": [[[128.83806436883037, 35.101936980776415], [128.83808098808476, 35.10194599110134], [128.83821598820896, 35.10202699104642], [128.83821898847134, 35.10202899128832], [128.8382229871582, 35.102031991149474], [128.83854498771714, 35.10224299088203], [128.83877998719484, 35.102424991201964], [128.83907998731613, 35.102631991117725], [128.83935338464929, 35.10282886723722]]]}}, {"type": "Feature", "properties": {"LINK_ID": "4180085600", "ROAD_NAME": "신항2로", "ROAD_RANK": "107", "LANES": 2, "MAX_SPD": 60, "LENGTH": 340.915810843711, "count": 1}, "geometry": {"type": "MultiLineString", "coordinates": [[[128.82463842365294, 35.09247358535599], [128.82382346493304, 35.09312226860925], [128.82370300507205, 35.0931734260738], [128.82357273240598, 35.09317484707436], [128.8234682124693, 35.09312302074736], [128.82192427064143, 35.09181760182965]]]}}, {"type": "Feature", "properties": {"LINK_ID": "4180094300", "ROAD_NAME": "용원남로27번길", "ROAD_RANK": "107", "LANES": 1, "MAX_SPD": 30, "LENGTH": 112.353608370107, "count": 1}, "geometry": {"type": "MultiLineString", "coordinates": [[[128.8182418263889, 35.09643676493806], [128.81797537003771, 35.09650902450573], [128.817414987272, 35.09666099086719], [128.81734764228983, 35.09695256602456]]]}}, {"type": "Feature", "properties": {"LINK_ID": "4180121602", "ROAD_NAME": "용원로", "ROAD_RANK": "107", "LANES": 2, "MAX_SPD": 60, "LENGTH": 91.40670374971, "count": 1}, "geometry": {"type": "MultiLineString", "coordinates": [[[128.81120050689105, 35.10028194627704], [128.810230211256, 35.10048807294422]]]}}, {"type": "Feature", "properties": {"LINK_ID": "1410123002", "ROAD_NAME": "신항남로", "ROAD_RANK": "104", "LANES": 3, "MAX_SPD": 60, "LENGTH": 321.476305417165, "count": 238}, "geometry": {"type": "MultiLineString", "coordinates": [[[128.8346680296262, 35.083139818736214], [128.83467442568158, 35.08024312748307]]]}}, {"type": "Feature", "properties": {"LINK_ID": "1410030100", "ROAD_NAME": "녹산산단232로", "ROAD_RANK": "104", "LANES": 2, "MAX_SPD": 60, "LENGTH": 108.996094400801, "count": 1}, "geometry": {"type": "MultiLineString", "coordinates": [[[128.8382093878386, 35.08562785644125], [128.83869626087395, 35.0856267461068], [128.83940419402094, 35.08562512814578]]]}}, {"type": "Feature", "properties": {"LINK_ID": "4180060701", "ROAD_NAME": "안골로108번길", "ROAD_RANK": "107", "LANES": 2, "MAX_SPD": 60, "LENGTH": 26.436636831259, "count": 35}, "geometry": {"type": "MultiLineString", "coordinates": [[[128.78721273148213, 35.08317369430533], [128.78695301051332, 35.08306802301789]]]}}, {"type": "Feature", "properties": {"LINK_ID": "1411031200", "ROAD_NAME": "-", "ROAD_RANK": "104", "LANES": 1, "MAX_SPD": 30, "LENGTH": 118.056940023523, "count": 2}, "geometry": {"type": "MultiLineString", "coordinates": [[[128.83292788871609, 35.06693774844087], [128.83163901460443, 35.0670308978495]]]}}, {"type": "Feature", "properties": {"LINK_ID": "1410123003", "ROAD_NAME": "신항남로", "ROAD_RANK": "104", "LANES": 2, "MAX_SPD": 80, "LENGTH": 12.00027747536, "count": 18}, "geometry": {"type": "MultiLineString", "coordinates": [[[128.83466792332686, 35.083247948436544], [128.8346680296262, 35.083139818736214]]]}}, {"type": "Feature", "properties": {"LINK_ID": "4180059501", "ROAD_NAME": "신항로", "ROAD_RANK": "107", "LANES": 2, "MAX_SPD": 60, "LENGTH": 12.001726644492, "count": 8}, "geometry": {"type": "MultiLineString", "coordinates": [[[128.77441696474386, 35.08321269020167], [128.77428548300477, 35.08320892026618]]]}}, {"type": "Feature", "properties": {"LINK_ID": "4180089200", "ROAD_NAME": "남해고속도로제3지선", "ROAD_RANK": "101", "LANES": 4, "MAX_SPD": 80, "LENGTH": 468.933819114357, "count": 91}, "geometry": {"type": "MultiLineString", "coordinates": [[[128.7652133742367, 35.09841075286088], [128.76519030920844, 35.097912113479396], [128.7650953129387, 35.09582476049405], [128.76508964210876, 35.095700618486326], [128.76508181185125, 35.095410380961816], [128.76508358789397, 35.09509941960233], [128.76508384431983, 35.09444694199342], [128.7650673888365, 35.09418761126898]]]}}, {"type": "Feature", "properties": {"LINK_ID": "4180062600", "ROAD_NAME": "-", "ROAD_RANK": "107", "LANES": 3, "MAX_SPD": 60, "LENGTH": 139.731919012808, "count": 4}, "geometry": {"type": "MultiLineString", "coordinates": [[[128.81223779459086, 35.08448646099176], [128.81223616881425, 35.08333455821468], [128.8122300569758, 35.083227500321534]]]}}, {"type": "Feature", "properties": {"LINK_ID": "4180073801", "ROAD_NAME": "신항4로", "ROAD_RANK": "107", "LANES": 3, "MAX_SPD": 50, "LENGTH": 12.00039192149, "count": 5}, "geometry": {"type": "MultiLineString", "coordinates": [[[128.8182262970021, 35.08809152009634], [128.8182272412012, 35.087983391531495]]]}}, {"type": "Feature", "properties": {"LINK_ID": "4180056200", "ROAD_NAME": "신항10로", "ROAD_RANK": "107", "LANES": 1, "MAX_SPD": 40, "LENGTH": 132.506964030991, "count": 2}, "geometry": {"type": "MultiLineString", "coordinates": [[[128.78124807685398, 35.09258070941076], [128.7812476982552, 35.09138671983136]]]}}, {"type": "Feature", "properties": {"LINK_ID": "4180062000", "ROAD_NAME": "신항로", "ROAD_RANK": "107", "LANES": 3, "MAX_SPD": 60, "LENGTH": 449.209379255574, "count": 49}, "geometry": {"type": "MultiLineString", "coordinates": [[[128.8122300569758, 35.083227500321534], [128.8073059400824, 35.08322058557839]]]}}, {"type": "Feature", "properties": {"LINK_ID": "4180075601", "ROAD_NAME": "안골로108번길", "ROAD_RANK": "107", "LANES": 1, "MAX_SPD": 30, "LENGTH": 12.696909836353, "count": 1}, "geometry": {"type": "MultiLineString", "coordinates": [[[128.78792228969178, 35.089221616728025], [128.787827632914, 35.089137735790885]]]}}, {"type": "Feature", "properties": {"LINK_ID": "4180060700", "ROAD_NAME": "안골로108번길", "ROAD_RANK": "107", "LANES": 2, "MAX_SPD": 60, "LENGTH": 139.196963996839, "count": 26}, "geometry": {"type": "MultiLineString", "coordinates": [[[128.78711510348714, 35.08442327765545], [128.78715746865862, 35.08424693549336], [128.7871933571197, 35.08384848672892], [128.78720922979934, 35.083332085605655], [128.78721273148213, 35.08317369430533]]]}}, {"type": "Feature", "properties": {"LINK_ID": "4180066102", "ROAD_NAME": "신항5로", "ROAD_RANK": "107", "LANES": 3, "MAX_SPD": 50, "LENGTH": 110.969478435887, "count": 2}, "geometry": {"type": "MultiLineString", "coordinates": [[[128.8072870856342, 35.08704021196354], [128.80728340786152, 35.0875151822196], [128.80727934340638, 35.08804010315687]]]}}, {"type": "Feature", "properties": {"LINK_ID": "4180070300", "ROAD_NAME": "신항4로", "ROAD_RANK": "107", "LANES": 1, "MAX_SPD": 30, "LENGTH": 113.226756351377, "count": 2}, "geometry": {"type": "MultiLineString", "coordinates": [[[128.8183622101691, 35.08690151069985], [128.819603414872, 35.086897224840584]]]}}, {"type": "Feature", "properties": {"LINK_ID": "1410000103", "ROAD_NAME": "낙동남로", "ROAD_RANK": "103", "LANES": 3, "MAX_SPD": 70, "LENGTH": 14.590647979572, "count": 1}, "geometry": {"type": "MultiLineString", "coordinates": [[[128.83935338464929, 35.10282886723722], [128.83947309212803, 35.10291608137816]]]}}, {"type": "Feature", "properties": {"LINK_ID": "1410705402", "ROAD_NAME": "신항로", "ROAD_RANK": "104", "LANES": 2, "MAX_SPD": 30, "LENGTH": 321.745246318011, "count": 8}, "geometry": {"type": "MultiLineString", "coordinates": [[[128.8280582673095, 35.084552888418216], [128.82819139019966, 35.08455391447256], [128.83097116652823, 35.08451933424854], [128.83096531808823, 35.0849447511591], [128.83096423181541, 35.08502376216851]]]}}, {"type": "Feature", "properties": {"LINK_ID": "4180143500", "ROAD_NAME": "남해고속도로제3지선", "ROAD_RANK": "101", "LANES": 2, "MAX_SPD": 100, "LENGTH": 47.413585557551, "count": 2}, "geometry": {"type": "MultiLineString", "coordinates": [[[128.76626143973598, 35.10461117006767], [128.766220878863, 35.10448775716559], [128.76613514604514, 35.104196765721056]]]}}, {"type": "Feature", "properties": {"LINK_ID": "4180071000", "ROAD_NAME": "신항4로", "ROAD_RANK": "107", "LANES": 3, "MAX_SPD": 50, "LENGTH": 108.063337136673, "count": 23}, "geometry": {"type": "MultiLineString", "coordinates": [[[128.8182272412012, 35.087983391531495], [128.81823081083735, 35.087009674794466]]]}}, {"type": "Feature", "properties": {"LINK_ID": "1410063403", "ROAD_NAME": "녹산산업대로", "ROAD_RANK": "104", "LANES": 3, "MAX_SPD": 70, "LENGTH": 12.132672225262, "count": 4}, "geometry": {"type": "MultiLineString", "coordinates": [[[128.82688395587067, 35.09425454611746], [128.82678880695167, 35.09433093857321]]]}}, {"type": "Feature", "properties": {"LINK_ID": "4180058600", "ROAD_NAME": "신항남로", "ROAD_RANK": "107", "LANES": 2, "MAX_SPD": 80, "LENGTH": 50.267756014215, "count": 41}, "geometry": {"type": "MultiLineString", "coordinates": [[[128.83502079066233, 35.10189160546881], [128.8351684562523, 35.10232798718038]]]}}, {"type": "Feature", "properties": {"LINK_ID": "4180066400", "ROAD_NAME": "-", "ROAD_RANK": "107", "LANES": 2, "MAX_SPD": 60, "LENGTH": 220.944567433723, "count": 4}, "geometry": {"type": "MultiLineString", "coordinates": [[[128.7980036577664, 35.088214637213966], [128.79795082840425, 35.08803999692446], [128.79741922138248, 35.08628259451258]]]}}, {"type": "Feature", "properties": {"LINK_ID": "1410704900", "ROAD_NAME": "-", "ROAD_RANK": "104", "LANES": 2, "MAX_SPD": 30, "LENGTH": 487.456554947485, "count": 1}, "geometry": {"type": "MultiLineString", "coordinates": [[[128.8297332920597, 35.08807913890981], [128.82939811906053, 35.08808130993244], [128.82723178592033, 35.08809531960841], [128.82521924067993, 35.088103077136864], [128.8251211246192, 35.08810218467404], [128.8243897787756, 35.08809552985405]]]}}, {"type": "Feature", "properties": {"LINK_ID": "4180035200", "ROAD_NAME": "-", "ROAD_RANK": "107", "LANES": 1, "MAX_SPD": 50, "LENGTH": 106.018598579363, "count": 1}, "geometry": {"type": "MultiLineString", "coordinates": [[[128.8224804601514, 35.09895307548492], [128.8213744253654, 35.0992468700159]]]}}, {"type": "Feature", "properties": {"LINK_ID": "1411060800", "ROAD_NAME": "만금로", "ROAD_RANK": "104", "LANES": 2, "MAX_SPD": 40, "LENGTH": 183.787503580665, "count": 36}, "geometry": {"type": "MultiLineString", "coordinates": [[[128.8230926225452, 35.10053066784988], [128.82254501642802, 35.09909692739159], [128.8224804601514, 35.09895307548492]]]}}, {"type": "Feature", "properties": {"LINK_ID": "1411038900", "ROAD_NAME": "녹산산단46로", "ROAD_RANK": "104", "LANES": 1, "MAX_SPD": 60, "LENGTH": 388.020106925448, "count": 4}, "geometry": {"type": "MultiLineString", "coordinates": [[[128.8329006090874, 35.08921717566618], [128.83230091724676, 35.08871390030536], [128.83225934566235, 35.08870598247284], [128.8322257962222, 35.08872387396499], [128.8298574019951, 35.09062912996755]]]}}, {"type": "Feature", "properties": {"LINK_ID": "1410064500", "ROAD_NAME": "녹산산업중로", "ROAD_RANK": "104", "LANES": 2, "MAX_SPD": 50, "LENGTH": 243.262139709137, "count": 1}, "geometry": {"type": "MultiLineString", "coordinates": [[[128.83202877618388, 35.09445714112383], [128.8330019872628, 35.09365799118367], [128.833009987827, 35.09365199159219], [128.83302398774427, 35.093646991742226], [128.8335139882487, 35.09348199127754], [128.833799987765, 35.093420991195806], [128.83381498744285, 35.09341799214122], [128.83423921860026, 35.09340214846756]]]}}, {"type": "Feature", "properties": {"LINK_ID": "4180034700", "ROAD_NAME": "신항로", "ROAD_RANK": "107", "LANES": 4, "MAX_SPD": 60, "LENGTH": 203.05972558842, "count": 525}, "geometry": {"type": "MultiLineString", "coordinates": [[[128.79624055996726, 35.08310380951644], [128.79625958591197, 35.08230620137951], [128.79632955052048, 35.082128968155025], [128.79646050204934, 35.08201257193602], [128.7966292264385, 35.081946959185366], [128.79679351574356, 35.08191957948835], [128.79727507399437, 35.08191958256784]]]}}, {"type": "Feature", "properties": {"LINK_ID": "4180066700", "ROAD_NAME": "신항북로", "ROAD_RANK": "107", "LANES": 4, "MAX_SPD": 70, "LENGTH": 353.558333660114, "count": 25}, "geometry": {"type": "MultiLineString", "coordinates": [[[128.81434915525227, 35.085998950871556], [128.8162851142817, 35.086003862012454], [128.81822488726934, 35.0860019280925]]]}}, {"type": "Feature", "properties": {"LINK_ID": "1410000802", "ROAD_NAME": "가락대로", "ROAD_RANK": "105", "LANES": 4, "MAX_SPD": 60, "LENGTH": 116.293918438489, "count": 3}, "geometry": {"type": "MultiLineString", "coordinates": [[[128.8394940911818, 35.10509019016393], [128.83942698740216, 35.104618991084564], [128.8394309867561, 35.10427399161135], [128.8394561695898, 35.10404648813913]]]}}, {"type": "Feature", "properties": {"LINK_ID": "4180082200", "ROAD_NAME": "안골로89번길", "ROAD_RANK": "107", "LANES": 1, "MAX_SPD": 30, "LENGTH": 167.394053968312, "count": 10}, "geometry": {"type": "MultiLineString", "coordinates": [[[128.7887712482646, 35.09251344533217], [128.7877273933358, 35.09127288266348]]]}}, {"type": "Feature", "properties": {"LINK_ID": "4180088802", "ROAD_NAME": "안골로", "ROAD_RANK": "107", "LANES": 1, "MAX_SPD": 30, "LENGTH": 142.295308133722, "count": 1}, "geometry": {"type": "MultiLineString", "coordinates": [[[128.79362426438104, 35.09370216282208], [128.79388098750954, 35.09361799165264], [128.79415998727274, 35.09361799083217], [128.79416998736932, 35.093616991163536], [128.79418198744102, 35.093617991435075], [128.79477398687226, 35.09374199127056], [128.79507810627146, 35.09356653831613]]]}}, {"type": "Feature", "properties": {"LINK_ID": "4180118300", "ROAD_NAME": "용원로", "ROAD_RANK": "107", "LANES": 2, "MAX_SPD": 60, "LENGTH": 144.743940909339, "count": 1}, "geometry": {"type": "MultiLineString", "coordinates": [[[128.8129046342051, 35.099797280993975], [128.813773635954, 35.09962048989732], [128.81389298886583, 35.09959691672192], [128.81444679054957, 35.099489623215675]]]}}, {"type": "Feature", "properties": {"LINK_ID": "4180072602", "ROAD_NAME": "-", "ROAD_RANK": "107", "LANES": 3, "MAX_SPD": 70, "LENGTH": 12.005198237853, "count": 1}, "geometry": {"type": "MultiLineString", "coordinates": [[[128.81418773722748, 35.08805581353647], [128.81418891123243, 35.08794764301948]]]}}, {"type": "Feature", "properties": {"LINK_ID": "4180064200", "ROAD_NAME": "신항4로", "ROAD_RANK": "107", "LANES": 3, "MAX_SPD": 60, "LENGTH": 156.45530296627, "count": 31}, "geometry": {"type": "MultiLineString", "coordinates": [[[128.81822488726934, 35.0860019280925], [128.81821467283618, 35.084592188267806]]]}}, {"type": "Feature", "properties": {"LINK_ID": "1410704800", "ROAD_NAME": "신항동로", "ROAD_RANK": "104", "LANES": 3, "MAX_SPD": 50, "LENGTH": 272.323443308599, "count": 48}, "geometry": {"type": "MultiLineString", "coordinates": [[[128.82473282956863, 35.09239827539449], [128.8249966567328, 35.09262581226992], [128.82605269348025, 35.093501959490865], [128.8267908853966, 35.09417507320601]]]}}, {"type": "Feature", "properties": {"LINK_ID": "4180079101", "ROAD_NAME": "신항동로", "ROAD_RANK": "107", "LANES": 3, "MAX_SPD": 50, "LENGTH": 11.999996802553, "count": 3}, "geometry": {"type": "MultiLineString", "coordinates": [[[128.82291991218884, 35.090869724227424], [128.82301198525667, 35.090946953905544]]]}}, {"type": "Feature", "properties": {"LINK_ID": "4180086703", "ROAD_NAME": "안골로220번길", "ROAD_RANK": "107", "LANES": 1, "MAX_SPD": 30, "LENGTH": 320.784630141006, "count": 1}, "geometry": {"type": "MultiLineString", "coordinates": [[[128.79771939611325, 35.09243121844482], [128.7982113224603, 35.092501592200016], [128.79830498681764, 35.09251499134754], [128.79831698789457, 35.092516991548194], [128.79931598827753, 35.0929189915389], [128.79953398710316, 35.09299999129061], [128.79993398767957, 35.09308699217667], [128.7999439868193, 35.09309199145292], [128.79995098706613, 35.09309699109997], [128.80059198773927, 35.093591991483315], [128.80060698665474, 35.09360899184504], [128.80061398794965, 35.093629991650324], [128.80063845142223, 35.09378674151772]]]}}, {"type": "Feature", "properties": {"LINK_ID": "4180136601", "ROAD_NAME": "진해대로", "ROAD_RANK": "103", "LANES": 3, "MAX_SPD": 70, "LENGTH": 11.109482245304, "count": 1}, "geometry": {"type": "MultiLineString", "coordinates": [[[128.8171975354725, 35.10252695621392], [128.8170790093946, 35.10255003620481]]]}}, {"type": "Feature", "properties": {"LINK_ID": "1410021503", "ROAD_NAME": "녹산산단262로60번길", "ROAD_RANK": "104", "LANES": 1, "MAX_SPD": 30, "LENGTH": 251.189844017237, "count": 1}, "geometry": {"type": "MultiLineString", "coordinates": [[[128.8432495047721, 35.083710946428695], [128.84049604851472, 35.083705163003934]]]}}, {"type": "Feature", "properties": {"LINK_ID": "1410074000", "ROAD_NAME": "녹산산업중로", "ROAD_RANK": "104", "LANES": 2, "MAX_SPD": 50, "LENGTH": 159.088703337849, "count": 1}, "geometry": {"type": "MultiLineString", "coordinates": [[[128.83202805614306, 35.094612149074266], [128.8307944026533, 35.0956254740762]]]}}, {"type": "Feature", "properties": {"LINK_ID": "1410704901", "ROAD_NAME": "-", "ROAD_RANK": "104", "LANES": 2, "MAX_SPD": 30, "LENGTH": 12.001642378345, "count": 1}, "geometry": {"type": "MultiLineString", "coordinates": [[[128.8243897787756, 35.08809552985405], [128.8242582133646, 35.088095154832025]]]}}, {"type": "Feature", "properties": {"LINK_ID": "4180089001", "ROAD_NAME": "신항북로", "ROAD_RANK": "107", "LANES": 4, "MAX_SPD": 80, "LENGTH": 12.00008964352, "count": 1}, "geometry": {"type": "MultiLineString", "coordinates": [[[128.76994427780832, 35.09414628330616], [128.76981271627062, 35.094146257695705]]]}}, {"type": "Feature", "properties": {"LINK_ID": "4180069802", "ROAD_NAME": "신항4로", "ROAD_RANK": "107", "LANES": 1, "MAX_SPD": 30, "LENGTH": 74.10411379528, "count": 2}, "geometry": {"type": "MultiLineString", "coordinates": [[[128.81599748451023, 35.086998250352956], [128.81518518050441, 35.08699138506044]]]}}, {"type": "Feature", "properties": {"LINK_ID": "1410076500", "ROAD_NAME": "녹산산업중로", "ROAD_RANK": "104", "LANES": 2, "MAX_SPD": 50, "LENGTH": 131.828514952349, "count": 1}, "geometry": {"type": "MultiLineString", "coordinates": [[[128.8295839196687, 35.09646382423065], [128.83060601437043, 35.09562398494334]]]}}, {"type": "Feature", "properties": {"LINK_ID": "1410094300", "ROAD_NAME": "송정길", "ROAD_RANK": "104", "LANES": 1, "MAX_SPD": 30, "LENGTH": 336.293609262638, "count": 7}, "geometry": {"type": "MultiLineString", "coordinates": [[[128.83948317618191, 35.09951969334546], [128.84179563869725, 35.09950822121993], [128.84264598819078, 35.09950399153927], [128.84264686529914, 35.0990731895731]]]}}, {"type": "Feature", "properties": {"LINK_ID": "4180060300", "ROAD_NAME": "신항로", "ROAD_RANK": "107", "LANES": 3, "MAX_SPD": 60, "LENGTH": 24.8208972399, "count": 6}, "geometry": {"type": "MultiLineString", "coordinates": [[[128.78721273148213, 35.08317369430533], [128.78694066686563, 35.08317627695408]]]}}, {"type": "Feature", "properties": {"LINK_ID": "4180070101", "ROAD_NAME": "신항4로", "ROAD_RANK": "107", "LANES": 1, "MAX_SPD": 30, "LENGTH": 12.000136706514, "count": 1}, "geometry": {"type": "MultiLineString", "coordinates": [[[128.81823066210197, 35.08690154605133], [128.8183622101691, 35.08690151069985]]]}}, {"type": "Feature", "properties": {"LINK_ID": "4180076800", "ROAD_NAME": "신항동로", "ROAD_RANK": "107", "LANES": 3, "MAX_SPD": 50, "LENGTH": 129.208205956261, "count": 6}, "geometry": {"type": "MultiLineString", "coordinates": [[[128.8182150773464, 35.08895646701068], [128.81693019312786, 35.08895340242919], [128.81679863928403, 35.08895308909364]]]}}, {"type": "Feature", "properties": {"LINK_ID": "4180070000", "ROAD_NAME": "-", "ROAD_RANK": "107", "LANES": 3, "MAX_SPD": 70, "LENGTH": 107.155224400837, "count": 6}, "geometry": {"type": "MultiLineString", "coordinates": [[[128.81418891123243, 35.08794764301948], [128.81421049899635, 35.086982266162664]]]}}, {"type": "Feature", "properties": {"LINK_ID": "1410736201", "ROAD_NAME": "녹산산업대로", "ROAD_RANK": "104", "LANES": 2, "MAX_SPD": 70, "LENGTH": 13.062601520645, "count": 4}, "geometry": {"type": "MultiLineString", "coordinates": [[[128.82319310410324, 35.097075980209894], [128.82329468843392, 35.096993014222726]]]}}, {"type": "Feature", "properties": {"LINK_ID": "1410039701", "ROAD_NAME": "녹산산업대로", "ROAD_RANK": "104", "LANES": 3, "MAX_SPD": 70, "LENGTH": 10.946953031516, "count": 1}, "geometry": {"type": "MultiLineString", "coordinates": [[[128.8368863095389, 35.088896949236165], [128.8370063144232, 35.08889704033501]]]}}, {"type": "Feature", "properties": {"LINK_ID": "4180083800", "ROAD_NAME": "신항동로", "ROAD_RANK": "107", "LANES": 3, "MAX_SPD": 50, "LENGTH": 212.872968459066, "count": 10}, "geometry": {"type": "MultiLineString", "coordinates": [[[128.82454640982286, 35.09239630450428], [128.8242181972041, 35.09212777315953], [128.8229178794011, 35.0910225117911]]]}}, {"type": "Feature", "properties": {"LINK_ID": "4180131800", "ROAD_NAME": "안청남로", "ROAD_RANK": "107", "LANES": 2, "MAX_SPD": 60, "LENGTH": 139.749552096247, "count": 1}, "geometry": {"type": "MultiLineString", "coordinates": [[[128.8036089879462, 35.10127189048062], [128.80513992714563, 35.10121999400853]]]}}, {"type": "Feature", "properties": {"LINK_ID": "1410956800", "ROAD_NAME": "신항남로", "ROAD_RANK": "104", "LANES": 3, "MAX_SPD": 60, "LENGTH": 290.182494592093, "count": 129}, "geometry": {"type": "MultiLineString", "coordinates": [[[128.83487378439702, 35.074732227406315], [128.83484949223097, 35.077346873126366]]]}}, {"type": "Feature", "properties": {"LINK_ID": "1410077100", "ROAD_NAME": "가락대로", "ROAD_RANK": "105", "LANES": 3, "MAX_SPD": 60, "LENGTH": 247.492949126875, "count": 3}, "geometry": {"type": "MultiLineString", "coordinates": [[[128.83936816360506, 35.09791690457639], [128.83937480570134, 35.09568685926385]]]}}, {"type": "Feature", "properties": {"LINK_ID": "4180074700", "ROAD_NAME": "신항7로", "ROAD_RANK": "107", "LANES": 2, "MAX_SPD": 50, "LENGTH": 233.283388586385, "count": 3}, "geometry": {"type": "MultiLineString", "coordinates": [[[128.76997549300307, 35.08917842004161], [128.76996222114363, 35.0912804636249]]]}}, {"type": "Feature", "properties": {"LINK_ID": "1410121101", "ROAD_NAME": "녹산산업중로", "ROAD_RANK": "104", "LANES": 2, "MAX_SPD": 50, "LENGTH": 12.589359108427, "count": 10}, "geometry": {"type": "MultiLineString", "coordinates": [[[128.83444913620787, 35.09340011747714], [128.83458715357906, 35.093400092527936]]]}}, {"type": "Feature", "properties": {"LINK_ID": "4180141301", "ROAD_NAME": "진해대로", "ROAD_RANK": "103", "LANES": 3, "MAX_SPD": 70, "LENGTH": 11.423725657715, "count": 1}, "geometry": {"type": "MultiLineString", "coordinates": [[[128.8154203546414, 35.10273780008771], [128.81554218739663, 35.10271390718463]]]}}, {"type": "Feature", "properties": {"LINK_ID": "4180063301", "ROAD_NAME": "신항5로", "ROAD_RANK": "107", "LANES": 2, "MAX_SPD": 60, "LENGTH": 12.000069811818, "count": 1}, "geometry": {"type": "MultiLineString", "coordinates": [[[128.80716645032152, 35.08449048612431], [128.8072979875833, 35.08449158126968]]]}}, {"type": "Feature", "properties": {"LINK_ID": "4180059300", "ROAD_NAME": "신항7로", "ROAD_RANK": "107", "LANES": 2, "MAX_SPD": 50, "LENGTH": 410.768002238129, "count": 14}, "geometry": {"type": "MultiLineString", "coordinates": [[[128.7698585484218, 35.08688517868564], [128.76986459690926, 35.086186864185024], [128.76988332264787, 35.08402530405889], [128.76988932103328, 35.083332873763275], [128.76989061133395, 35.0831839176528]]]}}, {"type": "Feature", "properties": {"LINK_ID": "4180067002", "ROAD_NAME": "-", "ROAD_RANK": "107", "LANES": 2, "MAX_SPD": 50, "LENGTH": 83.733095822247, "count": 1}, "geometry": {"type": "MultiLineString", "coordinates": [[[128.81272584540562, 35.08686533432092], [128.8127186697229, 35.08611086589848]]]}}, {"type": "Feature", "properties": {"LINK_ID": "1411061004", "ROAD_NAME": "진해대로", "ROAD_RANK": "103", "LANES": 3, "MAX_SPD": 70, "LENGTH": 353.189024362969, "count": 3}, "geometry": {"type": "MultiLineString", "coordinates": [[[128.82764019561213, 35.10224697860968], [128.8285919871843, 35.10229199207736], [128.82859298727598, 35.10229199140796], [128.82859398738776, 35.10229199163944], [128.82859498749957, 35.10229199187093], [128.82859598761135, 35.10229199210239], [128.8290789871888, 35.102338991081616], [128.83035698776973, 35.10246399128963], [128.83120998736754, 35.10238999154727], [128.83149215008643, 35.10236385321533]]]}}, {"type": "Feature", "properties": {"LINK_ID": "4180124001", "ROAD_NAME": "용재로", "ROAD_RANK": "107", "LANES": 2, "MAX_SPD": 60, "LENGTH": 11.153803032875, "count": 1}, "geometry": {"type": "MultiLineString", "coordinates": [[[128.8217279415291, 35.100128864489356], [128.82161245748665, 35.10016192534364]]]}}, {"type": "Feature", "properties": {"LINK_ID": "1410040601", "ROAD_NAME": "가락대로", "ROAD_RANK": "105", "LANES": 3, "MAX_SPD": 60, "LENGTH": 13.317778575639, "count": 2}, "geometry": {"type": "MultiLineString", "coordinates": [[[128.83939477555919, 35.08901894430568], [128.8393951488024, 35.08889894380482]]]}}, {"type": "Feature", "properties": {"LINK_ID": "4180035803", "ROAD_NAME": "안골로298번길", "ROAD_RANK": "107", "LANES": 1, "MAX_SPD": 60, "LENGTH": 328.066990045892, "count": 1}, "geometry": {"type": "MultiLineString", "coordinates": [[[128.80579306532184, 35.097428287592635], [128.80567985003762, 35.097390549655145], [128.80515807792543, 35.09729944461574], [128.80501419651395, 35.097264564495774], [128.80483976148975, 35.09720194641449], [128.8047151791419, 35.09711889333885], [128.80460763368927, 35.09701134826725], [128.8044897366486, 35.09684541959849], [128.8044406228378, 35.096739006057106], [128.80421172288172, 35.09646593469884], [128.80396910182318, 35.09627992633018], [128.8030518194633, 35.09569163256132]]]}}, {"type": "Feature", "properties": {"LINK_ID": "1410196500", "ROAD_NAME": "거가대로", "ROAD_RANK": "105", "LANES": 2, "MAX_SPD": 80, "LENGTH": 458.945025909236, "count": 1}, "geometry": {"type": "MultiLineString", "coordinates": [[[128.8385167400544, 35.07390465992229], [128.8389706921739, 35.074676358481604], [128.83926149221267, 35.075233225661435], [128.83945398719516, 35.07582683181604], [128.83958153041223, 35.076502014993466], [128.83961978828904, 35.07702457601961], [128.83961343650395, 35.07787559369202]]]}}, {"type": "Feature", "properties": {"LINK_ID": "4180087100", "ROAD_NAME": "안골로220번길", "ROAD_RANK": "107", "LANES": 1, "MAX_SPD": 30, "LENGTH": 128.765544894004, "count": 1}, "geometry": {"type": "MultiLineString", "coordinates": [[[128.7964414061211, 35.0928181907299], [128.79636898743124, 35.09282799129178], [128.79610598768454, 35.092952991569746], [128.79589198700123, 35.093010991549654], [128.7957719871109, 35.0930779914443], [128.79554598764605, 35.09330699090521], [128.79532498729614, 35.093471991597234], [128.7953209654488, 35.09347644436229]]]}}, {"type": "Feature", "properties": {"LINK_ID": "4180100400", "ROAD_NAME": "남해고속도로제3지선", "ROAD_RANK": "101", "LANES": 2, "MAX_SPD": 100, "LENGTH": 648.157179487497, "count": 82}, "geometry": {"type": "MultiLineString", "coordinates": [[[128.76613514604514, 35.104196765721056], [128.76613498225888, 35.10419621096751], [128.76603989812145, 35.10384080099798], [128.76594386198352, 35.103438274494145], [128.76583903355427, 35.10294523737878], [128.76573929740636, 35.10242395102551], [128.76564730363233, 35.10189412080923], [128.76556886771812, 35.10140904503084], [128.76549249783218, 35.10093327752374], [128.7654312096131, 35.100471302453826], [128.76536290183188, 35.099907622956806], [128.765300673379, 35.09935242995085], [128.76525285551392, 35.09885361384842], [128.76521341828436, 35.09841170590324], [128.7652133742367, 35.09841075286088]]]}}, {"type": "Feature", "properties": {"LINK_ID": "4180065702", "ROAD_NAME": "신항북로", "ROAD_RANK": "107", "LANES": 4, "MAX_SPD": 70, "LENGTH": 316.496286948488, "count": 30}, "geometry": {"type": "MultiLineString", "coordinates": [[[128.81074737698836, 35.08598461474812], [128.8127201390955, 35.08600274521006], [128.81284973879, 35.08600313444914], [128.8142167129008, 35.08599898573479]]]}}, {"type": "Feature", "properties": {"LINK_ID": "4180084000", "ROAD_NAME": "신항3로", "ROAD_RANK": "107", "LANES": 3, "MAX_SPD": 70, "LENGTH": 114.475640760563, "count": 2}, "geometry": {"type": "MultiLineString", "coordinates": [[[128.82192667009252, 35.09166488808514], [128.82232930465227, 35.09134264919079], [128.82282580369915, 35.09094528288223]]]}}, {"type": "Feature", "properties": {"LINK_ID": "1410086401", "ROAD_NAME": "녹산산업북로", "ROAD_RANK": "104", "LANES": 2, "MAX_SPD": 50, "LENGTH": 10.945184846533, "count": 2}, "geometry": {"type": "MultiLineString", "coordinates": [[[128.83421728559782, 35.09789418282612], [128.83433728389906, 35.09789448425982]]]}}, {"type": "Feature", "properties": {"LINK_ID": "4180083500", "ROAD_NAME": "신항2로", "ROAD_RANK": "107", "LANES": 2, "MAX_SPD": 60, "LENGTH": 135.468236390111, "count": 1}, "geometry": {"type": "MultiLineString", "coordinates": [[[128.82088625133093, 35.09079384550156], [128.82192667009252, 35.09166488808514]]]}}, {"type": "Feature", "properties": {"LINK_ID": "1410122702", "ROAD_NAME": "신항남로", "ROAD_RANK": "104", "LANES": 2, "MAX_SPD": 80, "LENGTH": 340.831755690505, "count": 66}, "geometry": {"type": "MultiLineString", "coordinates": [[[128.83479946289725, 35.08324792923161], [128.8347994813296, 35.08333290999696], [128.83480582940052, 35.08374200784427], [128.83479682611264, 35.084211200174316], [128.83480082127676, 35.0847933502096], [128.8348088363794, 35.08521414931466], [128.8347797885665, 35.086212832464525], [128.83477379230703, 35.08631847515712]]]}}, {"type": "Feature", "properties": {"LINK_ID": "4180061300", "ROAD_NAME": "-", "ROAD_RANK": "107", "LANES": 2, "MAX_SPD": 60, "LENGTH": 340.984279716028, "count": 155}, "geometry": {"type": "MultiLineString", "coordinates": [[[128.79639236111444, 35.083211976310714], [128.79642951464282, 35.08331833863357], [128.79654257773655, 35.083642012406166], [128.79750869257848, 35.08614411334973]]]}}, {"type": "Feature", "properties": {"LINK_ID": "4180059701", "ROAD_NAME": "신항로", "ROAD_RANK": "107", "LANES": 3, "MAX_SPD": 60, "LENGTH": 425.868588496503, "count": 42}, "geometry": {"type": "MultiLineString", "coordinates": [[[128.78227266253595, 35.08318318380333], [128.77982159087136, 35.08317632076676], [128.77760438267532, 35.08316812715596]]]}}, {"type": "Feature", "properties": {"LINK_ID": "4180093701", "ROAD_NAME": "신항8로", "ROAD_RANK": "107", "LANES": 2, "MAX_SPD": 60, "LENGTH": 12.000116062655, "count": 1}, "geometry": {"type": "MultiLineString", "coordinates": [[[128.77868283095592, 35.09691298498197], [128.77881439261415, 35.0969138486062]]]}}, {"type": "Feature", "properties": {"LINK_ID": "4180065400", "ROAD_NAME": "신항동로", "ROAD_RANK": "107", "LANES": 3, "MAX_SPD": 50, "LENGTH": 330.945962035822, "count": 3}, "geometry": {"type": "MultiLineString", "coordinates": [[[128.80713982174876, 35.088915875063606], [128.80457940795833, 35.08892098452052], [128.80351182306654, 35.088919613334134]]]}}, {"type": "Feature", "properties": {"LINK_ID": "1410021400", "ROAD_NAME": "녹산산단262로60번길", "ROAD_RANK": "104", "LANES": 1, "MAX_SPD": 30, "LENGTH": 88.143220967744, "count": 1}, "geometry": {"type": "MultiLineString", "coordinates": [[[128.83953022881272, 35.08358311952285], [128.84049642350897, 35.08358516328967]]]}}, {"type": "Feature", "properties": {"LINK_ID": "1410737900", "ROAD_NAME": "녹산산업대로", "ROAD_RANK": "104", "LANES": 2, "MAX_SPD": 70, "LENGTH": 221.483386609621, "count": 41}, "geometry": {"type": "MultiLineString", "coordinates": [[[128.8237248084529, 35.09662875053557], [128.82401202548508, 35.09641346031942], [128.8241041553523, 35.09634177769413], [128.82546926940168, 35.09524077346308]]]}}, {"type": "Feature", "properties": {"LINK_ID": "1411030400", "ROAD_NAME": "신항남로", "ROAD_RANK": "104", "LANES": 3, "MAX_SPD": 60, "LENGTH": 472.731191032658, "count": 136}, "geometry": {"type": "MultiLineString", "coordinates": [[[128.83482030744324, 35.06989971244042], [128.83484829050033, 35.07006195259245], [128.83487189971845, 35.07076124160375], [128.83487396683137, 35.074157419827856]]]}}, {"type": "Feature", "properties": {"LINK_ID": "1410094200", "ROAD_NAME": "송정길", "ROAD_RANK": "104", "LANES": 1, "MAX_SPD": 30, "LENGTH": 146.850705848133, "count": 1}, "geometry": {"type": "MultiLineString", "coordinates": [[[128.84276687726373, 35.09907335456103], [128.84276598743418, 35.09956399190885], [128.84275798776497, 35.09959399133052], [128.84273598797188, 35.09961599178584], [128.84270598824892, 35.09962399101133], [128.84179651352352, 35.099628432590684]]]}}, {"type": "Feature", "properties": {"LINK_ID": "4180084200", "ROAD_NAME": "신항2로", "ROAD_RANK": "107", "LANES": 2, "MAX_SPD": 60, "LENGTH": 223.325613710012, "count": 1}, "geometry": {"type": "MultiLineString", "coordinates": [[[128.8246408277066, 35.092320986634036], [128.82639577401585, 35.090917868148246]]]}}, {"type": "Feature", "properties": {"LINK_ID": "1410055200", "ROAD_NAME": "녹산산업대로", "ROAD_RANK": "104", "LANES": 3, "MAX_SPD": 70, "LENGTH": 198.692318467864, "count": 10}, "geometry": {"type": "MultiLineString", "coordinates": [[[128.8310748275613, 35.090876543111506], [128.83020141407087, 35.09158025077724], [128.8295193053393, 35.09212981201394]]]}}, {"type": "Feature", "properties": {"LINK_ID": "1410001001", "ROAD_NAME": "낙동남로", "ROAD_RANK": "103", "LANES": 3, "MAX_SPD": 70, "LENGTH": 15.88858027083, "count": 1}, "geometry": {"type": "MultiLineString", "coordinates": [[[128.83948634838325, 35.10307360681051], [128.83935570402016, 35.10297890195315]]]}}, {"type": "Feature", "properties": {"LINK_ID": "4180072302", "ROAD_NAME": "신항4로", "ROAD_RANK": "107", "LANES": 1, "MAX_SPD": 30, "LENGTH": 12.003332562628, "count": 1}, "geometry": {"type": "MultiLineString", "coordinates": [[[128.81418891123243, 35.08794764301948], [128.81432049439167, 35.08794707302075]]]}}, {"type": "Feature", "properties": {"LINK_ID": "4180079900", "ROAD_NAME": "안골로", "ROAD_RANK": "107", "LANES": 1, "MAX_SPD": 30, "LENGTH": 44.132120701969, "count": 14}, "geometry": {"type": "MultiLineString", "coordinates": [[[128.78879136128788, 35.09068561868246], [128.78838968625024, 35.090907286956515]]]}}, {"type": "Feature", "properties": {"LINK_ID": "4180082905", "ROAD_NAME": "신항8로", "ROAD_RANK": "107", "LANES": 2, "MAX_SPD": 60, "LENGTH": 265.818360855726, "count": 3}, "geometry": {"type": "MultiLineString", "coordinates": [[[128.7817264900066, 35.09705733306005], [128.7788124480486, 35.097021965950894]]]}}, {"type": "Feature", "properties": {"LINK_ID": "4180069700", "ROAD_NAME": "신항4로", "ROAD_RANK": "107", "LANES": 1, "MAX_SPD": 30, "LENGTH": 226.740269033295, "count": 1}, "geometry": {"type": "MultiLineString", "coordinates": [[[128.81434359345093, 35.08687613302194], [128.8147616271489, 35.08687966958803], [128.81518653353447, 35.08688326281838], [128.81599883647203, 35.086890127927255], [128.81648626258874, 35.08689424475195], [128.8168290396261, 35.086897138688656]]]}}, {"type": "Feature", "properties": {"LINK_ID": "4180092100", "ROAD_NAME": "용원동로", "ROAD_RANK": "107", "LANES": 1, "MAX_SPD": 50, "LENGTH": 98.483708125761, "count": 2}, "geometry": {"type": "MultiLineString", "coordinates": [[[128.81987155373724, 35.09555161336473], [128.82008852096334, 35.09610467982154], [128.82020288479228, 35.09639619880583]]]}}, {"type": "Feature", "properties": {"LINK_ID": "4180083402", "ROAD_NAME": "신항북로", "ROAD_RANK": "107", "LANES": 3, "MAX_SPD": 80, "LENGTH": 285.011147899692, "count": 74}, "geometry": {"type": "MultiLineString", "coordinates": [[[128.78521960552902, 35.09279492963356], [128.7876493777263, 35.09118026930239]]]}}, {"type": "Feature", "properties": {"LINK_ID": "1410738001", "ROAD_NAME": "녹산산업대로", "ROAD_RANK": "104", "LANES": 3, "MAX_SPD": 70, "LENGTH": 13.361393146312, "count": 2}, "geometry": {"type": "MultiLineString", "coordinates": [[[128.8233890946312, 35.09706831230308], [128.82328520512186, 35.09715319136339]]]}}, {"type": "Feature", "properties": {"LINK_ID": "4180073700", "ROAD_NAME": "신항4로", "ROAD_RANK": "107", "LANES": 3, "MAX_SPD": 50, "LENGTH": 83.814972111671, "count": 7}, "geometry": {"type": "MultiLineString", "coordinates": [[[128.81835784073905, 35.0880924698392], [128.8183473456639, 35.08884764799134]]]}}, {"type": "Feature", "properties": {"LINK_ID": "4180038300", "ROAD_NAME": "신항2로", "ROAD_RANK": "107", "LANES": 1, "MAX_SPD": 40, "LENGTH": 127.519486063765, "count": 2}, "geometry": {"type": "MultiLineString", "coordinates": [[[128.82438354492893, 35.088955831753], [128.82544122068708, 35.08894390884069], [128.82565939962882, 35.08898027291181], [128.82575981381953, 35.08903047941741]]]}}, {"type": "Feature", "properties": {"LINK_ID": "4180066301", "ROAD_NAME": "-", "ROAD_RANK": "107", "LANES": 2, "MAX_SPD": 60, "LENGTH": 19.971561590642, "count": 1}, "geometry": {"type": "MultiLineString", "coordinates": [[[128.7980784909232, 35.0880139054719], [128.79813132068935, 35.088188545898554]]]}}, {"type": "Feature", "properties": {"LINK_ID": "1411101704", "ROAD_NAME": "신항남로", "ROAD_RANK": "104", "LANES": 3, "MAX_SPD": 60, "LENGTH": 181.568354334441, "count": 51}, "geometry": {"type": "MultiLineString", "coordinates": [[[128.8212029682837, 35.063407202983655], [128.82179551572622, 35.06361987087762], [128.82257927750646, 35.06390116019983], [128.82281100703685, 35.06403187005586], [128.8229621702806, 35.064148254245985]]]}}, {"type": "Feature", "properties": {"LINK_ID": "1410087800", "ROAD_NAME": "가락대로", "ROAD_RANK": "105", "LANES": 3, "MAX_SPD": 60, "LENGTH": 164.543453354853, "count": 7}, "geometry": {"type": "MultiLineString", "coordinates": [[[128.83948779935878, 35.09803706879724], [128.83948317618191, 35.09951969334546]]]}}, {"type": "Feature", "properties": {"LINK_ID": "4180067501", "ROAD_NAME": "신항북로", "ROAD_RANK": "107", "LANES": 4, "MAX_SPD": 70, "LENGTH": 11.94360634126, "count": 3}, "geometry": {"type": "MultiLineString", "coordinates": [[[128.82425378000767, 35.08601869680255], [128.8243847059261, 35.08601906156046]]]}}, {"type": "Feature", "properties": {"LINK_ID": "1410064800", "ROAD_NAME": "녹산산업중로", "ROAD_RANK": "104", "LANES": 2, "MAX_SPD": 50, "LENGTH": 113.745127455389, "count": 1}, "geometry": {"type": "MultiLineString", "coordinates": [[[128.83813417849194, 35.093402035517734], [128.83938116596102, 35.09340294796693]]]}}, {"type": "Feature", "properties": {"LINK_ID": "4180075200", "ROAD_NAME": "신항6로", "ROAD_RANK": "107", "LANES": 3, "MAX_SPD": 60, "LENGTH": 231.376427767193, "count": 3}, "geometry": {"type": "MultiLineString", "coordinates": [[[128.7742705020028, 35.09125791996279], [128.77429074859717, 35.08917310100854]]]}}, {"type": "Feature", "properties": {"LINK_ID": "1410000801", "ROAD_NAME": "가락대로", "ROAD_RANK": "105", "LANES": 3, "MAX_SPD": 60, "LENGTH": 106.10554020967, "count": 7}, "geometry": {"type": "MultiLineString", "coordinates": [[[128.8394518829318, 35.103931699288275], [128.83935570402016, 35.10297890195315]]]}}, {"type": "Feature", "properties": {"LINK_ID": "1410097700", "ROAD_NAME": "낙동남로", "ROAD_RANK": "103", "LANES": 2, "MAX_SPD": 40, "LENGTH": 180.357654203048, "count": 6}, "geometry": {"type": "MultiLineString", "coordinates": [[[128.83756367852789, 35.10169486789041], [128.83863798697797, 35.10194999095708], [128.83881298729705, 35.10196699140956], [128.83892798728246, 35.10197199125866], [128.839022987138, 35.10196199193017], [128.83912598745704, 35.1019309909981], [128.83920098785626, 35.10188499157657], [128.83927798710968, 35.101803992135466], [128.83935705005356, 35.101705376335374]]]}}, {"type": "Feature", "properties": {"LINK_ID": "4180114200", "ROAD_NAME": "안골로", "ROAD_RANK": "107", "LANES": 2, "MAX_SPD": 30, "LENGTH": 178.946684478132, "count": 1}, "geometry": {"type": "MultiLineString", "coordinates": [[[128.80796613949119, 35.09951331387602], [128.8095154933626, 35.10050254521082]]]}}, {"type": "Feature", "properties": {"LINK_ID": "1410040800", "ROAD_NAME": "녹산산업대로", "ROAD_RANK": "104", "LANES": 3, "MAX_SPD": 70, "LENGTH": 290.807810905566, "count": 4}, "geometry": {"type": "MultiLineString", "coordinates": [[[128.84597782904422, 35.08902295700341], [128.84278988090549, 35.08902102887981]]]}}, {"type": "Feature", "properties": {"LINK_ID": "4180090202", "ROAD_NAME": "안골로", "ROAD_RANK": "107", "LANES": 1, "MAX_SPD": 30, "LENGTH": 12.759677525161, "count": 1}, "geometry": {"type": "MultiLineString", "coordinates": [[[128.80199950391682, 35.09586634461668], [128.8019995082257, 35.09586371497631], [128.80202451701683, 35.09582206063214], [128.80204946189787, 35.09579708750014], [128.8020854161863, 35.09578112988597]]]}}, {"type": "Feature", "properties": {"LINK_ID": "4180034800", "ROAD_NAME": "신항로", "ROAD_RANK": "107", "LANES": 4, "MAX_SPD": 60, "LENGTH": 184.027383083663, "count": 18}, "geometry": {"type": "MultiLineString", "coordinates": [[[128.79727507382094, 35.08202771179123], [128.7968067149036, 35.08202770865641], [128.7966710285945, 35.082050321500205], [128.79653977869654, 35.08210136050875], [128.79644574724225, 35.08218494065497], [128.79639071972247, 35.082324338403296], [128.7963721268092, 35.083103851313574]]]}}, {"type": "Feature", "properties": {"LINK_ID": "1410705200", "ROAD_NAME": "신항북로", "ROAD_RANK": "104", "LANES": 4, "MAX_SPD": 50, "LENGTH": 318.336767188685, "count": 5}, "geometry": {"type": "MultiLineString", "coordinates": [[[128.83107369310557, 35.08715756692433], [128.8306295962488, 35.08677298673656], [128.83045326410502, 35.08664708597834], [128.83030509026275, 35.086554454367956], [128.8301263822201, 35.08646339655004], [128.82987355358756, 35.08636344124823], [128.82965376196222, 35.08628821715058], [128.8294729973734, 35.08623721678113], [128.8292713446773, 35.08619098423713], [128.8290380308998, 35.08615615537517], [128.82878210856924, 35.08613684086749], [128.8285299536066, 35.086130690696194], [128.82798087468328, 35.086130235034126]]]}}, {"type": "Feature", "properties": {"LINK_ID": "1410737400", "ROAD_NAME": "녹산산업대로", "ROAD_RANK": "104", "LANES": 2, "MAX_SPD": 70, "LENGTH": 56.333011955131, "count": 24}, "geometry": {"type": "MultiLineString", "coordinates": [[[128.82329468843392, 35.096993014222726], [128.8237248084529, 35.09662875053557]]]}}, {"type": "Feature", "properties": {"LINK_ID": "1411060600", "ROAD_NAME": "만금로", "ROAD_RANK": "104", "LANES": 2, "MAX_SPD": 40, "LENGTH": 91.776118927078, "count": 24}, "geometry": {"type": "MultiLineString", "coordinates": [[[128.8224349165418, 35.098851538254365], [128.82208703188851, 35.098075575816885]]]}}, {"type": "Feature", "properties": {"LINK_ID": "4180076700", "ROAD_NAME": "신항동로", "ROAD_RANK": "107", "LANES": 3, "MAX_SPD": 50, "LENGTH": 117.236936853916, "count": 3}, "geometry": {"type": "MultiLineString", "coordinates": [[[128.81693057570234, 35.08884527517413], [128.81821577763898, 35.08884834023003]]]}}, {"type": "Feature", "properties": {"LINK_ID": "4180067500", "ROAD_NAME": "신항북로", "ROAD_RANK": "107", "LANES": 4, "MAX_SPD": 70, "LENGTH": 268.991019619619, "count": 45}, "geometry": {"type": "MultiLineString", "coordinates": [[[128.81835643687046, 35.08600223748689], [128.81933336926545, 35.08600786253323], [128.82026530388723, 35.0860098628057], [128.82099019610345, 35.08601286185417], [128.82130510392193, 35.08601269092596]]]}}, {"type": "Feature", "properties": {"LINK_ID": "4180078700", "ROAD_NAME": "안골로108번길", "ROAD_RANK": "107", "LANES": 1, "MAX_SPD": 30, "LENGTH": 165.406014331411, "count": 24}, "geometry": {"type": "MultiLineString", "coordinates": [[[128.7892504833052, 35.09043185853491], [128.78971598836876, 35.090917991836065], [128.7901218209681, 35.09119316609427], [128.79053417547854, 35.09147275915614]]]}}, {"type": "Feature", "properties": {"LINK_ID": "4180059001", "ROAD_NAME": "신항로", "ROAD_RANK": "107", "LANES": 2, "MAX_SPD": 60, "LENGTH": 10.778881059649, "count": 3}, "geometry": {"type": "MultiLineString", "coordinates": [[[128.7742966452159, 35.08310118119532], [128.7744147298505, 35.08310457613809]]]}}, {"type": "Feature", "properties": {"LINK_ID": "4180126300", "ROAD_NAME": "용원남로", "ROAD_RANK": "107", "LANES": 1, "MAX_SPD": 30, "LENGTH": 50.847288587718, "count": 1}, "geometry": {"type": "MultiLineString", "coordinates": [[[128.8148817239478, 35.100968404632724], [128.81475171039156, 35.100522871157]]]}}, {"type": "Feature", "properties": {"LINK_ID": "4180089701", "ROAD_NAME": "신항북로", "ROAD_RANK": "107", "LANES": 4, "MAX_SPD": 80, "LENGTH": 12.000103155078, "count": 2}, "geometry": {"type": "MultiLineString", "coordinates": [[[128.7786922676646, 35.09410953489061], [128.77882382886915, 35.094109519646594]]]}}, {"type": "Feature", "properties": {"LINK_ID": "4180081400", "ROAD_NAME": "신항10로", "ROAD_RANK": "107", "LANES": 4, "MAX_SPD": 80, "LENGTH": 392.978167222854, "count": 6}, "geometry": {"type": "MultiLineString", "coordinates": [[[128.77426967106598, 35.09136605569532], [128.76996153866563, 35.09138859899683]]]}}, {"type": "Feature", "properties": {"LINK_ID": "1411061005", "ROAD_NAME": "진해대로", "ROAD_RANK": "103", "LANES": 3, "MAX_SPD": 70, "LENGTH": 353.189024362893, "count": 57}, "geometry": {"type": "MultiLineString", "coordinates": [[[128.83149215008643, 35.10236385321533], [128.83163098780204, 35.10235099164444], [128.83187798849704, 35.1022959923065], [128.8320359875532, 35.10224199087036], [128.83286598764147, 35.10196099191659], [128.8338329871632, 35.101622991164945], [128.834168987195, 35.101530991374354], [128.8346639872407, 35.10135899149472], [128.83467698749936, 35.10135699138195], [128.83499398769678, 35.10131399187246], [128.83500598784127, 35.10131199154582], [128.83512461598917, 35.101306262577324]]]}}, {"type": "Feature", "properties": {"LINK_ID": "4180093702", "ROAD_NAME": "신항8로", "ROAD_RANK": "107", "LANES": 2, "MAX_SPD": 60, "LENGTH": 398.966620547399, "count": 8}, "geometry": {"type": "MultiLineString", "coordinates": [[[128.77430867476033, 35.096908348045496], [128.77868283095592, 35.09691298498197]]]}}, {"type": "Feature", "properties": {"LINK_ID": "1410704700", "ROAD_NAME": "신항동로", "ROAD_RANK": "104", "LANES": 3, "MAX_SPD": 50, "LENGTH": 272.368459330651, "count": 12}, "geometry": {"type": "MultiLineString", "coordinates": [[[128.82669686521103, 35.094250644036094], [128.82595892646432, 35.09357780322617], [128.82490230093404, 35.092701166591375], [128.82463842365294, 35.09247358535599]]]}}, {"type": "Feature", "properties": {"LINK_ID": "1411039100", "ROAD_NAME": "가락대로", "ROAD_RANK": "104", "LANES": 1, "MAX_SPD": 60, "LENGTH": 158.345340983408, "count": 7}, "geometry": {"type": "MultiLineString", "coordinates": [[[128.8394561695898, 35.10404648813913], [128.83780436759312, 35.10360714582729]]]}}, {"type": "Feature", "properties": {"LINK_ID": "1410000701", "ROAD_NAME": "가락대로", "ROAD_RANK": "105", "LANES": 3, "MAX_SPD": 60, "LENGTH": 98.423796991843, "count": 6}, "geometry": {"type": "MultiLineString", "coordinates": [[[128.83948634838325, 35.10307360681051], [128.83957473656005, 35.10395748040776]]]}}, {"type": "Feature", "properties": {"LINK_ID": "4180088901", "ROAD_NAME": "신항북로", "ROAD_RANK": "107", "LANES": 4, "MAX_SPD": 80, "LENGTH": 12.000101280366, "count": 1}, "geometry": {"type": "MultiLineString", "coordinates": [[[128.77425423208177, 35.094073398240674], [128.7743857869403, 35.09407447161114]]]}}, {"type": "Feature", "properties": {"LINK_ID": "4180074502", "ROAD_NAME": "신항9로", "ROAD_RANK": "107", "LANES": 2, "MAX_SPD": 60, "LENGTH": 12.000000398119, "count": 1}, "geometry": {"type": "MultiLineString", "coordinates": [[[128.77429068629235, 35.08906497152137], [128.77442223545617, 35.0890642389761]]]}}, {"type": "Feature", "properties": {"LINK_ID": "4180079800", "ROAD_NAME": "-", "ROAD_RANK": "107", "LANES": 1, "MAX_SPD": 60, "LENGTH": 113.858521840131, "count": 1}, "geometry": {"type": "MultiLineString", "coordinates": [[[128.82079341300064, 35.09071722426751], [128.8216892555488, 35.090002822168685]]]}}, {"type": "Feature", "properties": {"LINK_ID": "1411062701", "ROAD_NAME": "-", "ROAD_RANK": "107", "LANES": 2, "MAX_SPD": 60, "LENGTH": 68.626043557386, "count": 2}, "geometry": {"type": "MultiLineString", "coordinates": [[[128.83550709707046, 35.09864821873832], [128.83548263346654, 35.09803018531469]]]}}, {"type": "Feature", "properties": {"LINK_ID": "4180061801", "ROAD_NAME": "신항로", "ROAD_RANK": "107", "LANES": 3, "MAX_SPD": 60, "LENGTH": 11.999993012348, "count": 4}, "geometry": {"type": "MultiLineString", "coordinates": [[[128.80100898278036, 35.08321115930605], [128.80100895139805, 35.08310303078041]]]}}, {"type": "Feature", "properties": {"LINK_ID": "4180068201", "ROAD_NAME": "신항배후로", "ROAD_RANK": "107", "LANES": 4, "MAX_SPD": 80, "LENGTH": 12.056677942587, "count": 7}, "geometry": {"type": "MultiLineString", "coordinates": [[[128.7650944071408, 35.0869742454201], [128.76509483324892, 35.08686560532296]]]}}, {"type": "Feature", "properties": {"LINK_ID": "4180067400", "ROAD_NAME": "-", "ROAD_RANK": "107", "LANES": 3, "MAX_SPD": 70, "LENGTH": 85.280696771109, "count": 9}, "geometry": {"type": "MultiLineString", "coordinates": [[[128.81421204859842, 35.08687553734516], [128.8142171995014, 35.0861071130333]]]}}, {"type": "Feature", "properties": {"LINK_ID": "1411061003", "ROAD_NAME": "진해대로", "ROAD_RANK": "103", "LANES": 3, "MAX_SPD": 70, "LENGTH": 114.662245429059, "count": 2}, "geometry": {"type": "MultiLineString", "coordinates": [[[128.8363785461843, 35.1013626506826], [128.8368399875088, 35.10145199157412], [128.837095987826, 35.101518990803726], [128.83737898833658, 35.10162099141664], [128.83756367852789, 35.10169486789041]]]}}, {"type": "Feature", "properties": {"LINK_ID": "1410702401", "ROAD_NAME": "신항로", "ROAD_RANK": "104", "LANES": 3, "MAX_SPD": 60, "LENGTH": 12.071640090338, "count": 11}, "geometry": {"type": "MultiLineString", "coordinates": [[[128.82439311023774, 35.08313699632329], [128.82452543455466, 35.08313746048331]]]}}, {"type": "Feature", "properties": {"LINK_ID": "4180066204", "ROAD_NAME": "신항5로", "ROAD_RANK": "107", "LANES": 3, "MAX_SPD": 50, "LENGTH": 82.811442048286, "count": 9}, "geometry": {"type": "MultiLineString", "coordinates": [[[128.80715734745056, 35.08680627593233], [128.80715741144806, 35.086798012735095], [128.80714662287826, 35.0860601410815]]]}}, {"type": "Feature", "properties": {"LINK_ID": "4180084300", "ROAD_NAME": "안골로108번길", "ROAD_RANK": "107", "LANES": 1, "MAX_SPD": 30, "LENGTH": 42.278887031336, "count": 1}, "geometry": {"type": "MultiLineString", "coordinates": [[[128.7906493817381, 35.09155808444148], [128.79097842688336, 35.09182639413914]]]}}, {"type": "Feature", "properties": {"LINK_ID": "1411032400", "ROAD_NAME": "신항남로", "ROAD_RANK": "104", "LANES": 3, "MAX_SPD": 60, "LENGTH": 51.781790226878, "count": 74}, "geometry": {"type": "MultiLineString", "coordinates": [[[128.8348739777396, 35.07426564168189], [128.83487378439702, 35.074732227406315]]]}}, {"type": "Feature", "properties": {"LINK_ID": "4180094401", "ROAD_NAME": "용원남로27번길", "ROAD_RANK": "107", "LANES": 1, "MAX_SPD": 30, "LENGTH": 13.228295942531, "count": 1}, "geometry": {"type": "MultiLineString", "coordinates": [[[128.81725586535927, 35.097093297054336], [128.81721976776285, 35.09697785274234]]]}}, {"type": "Feature", "properties": {"LINK_ID": "4180073100", "ROAD_NAME": "신항4로", "ROAD_RANK": "107", "LANES": 1, "MAX_SPD": 30, "LENGTH": 112.233187726897, "count": 3}, "geometry": {"type": "MultiLineString", "coordinates": [[[128.8183587866896, 35.087984343334185], [128.8195891238007, 35.08798663521737]]]}}, {"type": "Feature", "properties": {"LINK_ID": "1411061103", "ROAD_NAME": "진해대로", "ROAD_RANK": "103", "LANES": 3, "MAX_SPD": 70, "LENGTH": 354.948206252813, "count": 11}, "geometry": {"type": "MultiLineString", "coordinates": [[[128.82763262438567, 35.10235509257082], [128.82557998703862, 35.10225799123901], [128.82557798681364, 35.10225799072625], [128.825075987011, 35.10221599161389], [128.8250709872152, 35.10221499175654], [128.82434598829258, 35.10211099148528], [128.82434298797915, 35.10211099158633], [128.82376175304648, 35.102056532360805]]]}}, {"type": "Feature", "properties": {"LINK_ID": "4180059601", "ROAD_NAME": "신항로", "ROAD_RANK": "107", "LANES": 3, "MAX_SPD": 60, "LENGTH": 425.689662090936, "count": 189}, "geometry": {"type": "MultiLineString", "coordinates": [[[128.7822731089775, 35.08307505535483], [128.785898683795, 35.08308511597899], [128.7864294389481, 35.08308174177616], [128.78693846079216, 35.08306816113817], [128.7869391460364, 35.08306815461671]]]}}, {"type": "Feature", "properties": {"LINK_ID": "4180056700", "ROAD_NAME": "안골로318번길", "ROAD_RANK": "107", "LANES": 1, "MAX_SPD": 60, "LENGTH": 253.496770537303, "count": 2}, "geometry": {"type": "MultiLineString", "coordinates": [[[128.80302521849006, 35.09553748406079], [128.80316212675584, 35.09545323638511], [128.80330561523243, 35.09544128027901], [128.80418965778162, 35.095979388158106], [128.80435507716209, 35.09608966709278], [128.80451918935026, 35.09621590644747], [128.80452092310531, 35.09621724009352], [128.80502093598227, 35.09665891352788], [128.80515907926483, 35.09676574403828]]]}}, {"type": "Feature", "properties": {"LINK_ID": "1410058600", "ROAD_NAME": "녹산산단153로", "ROAD_RANK": "104", "LANES": 1, "MAX_SPD": 30, "LENGTH": 126.081219447938, "count": 5}, "geometry": {"type": "MultiLineString", "coordinates": [[[128.83436374863055, 35.092263982537155], [128.83435922990418, 35.09340004268887]]]}}, {"type": "Feature", "properties": {"LINK_ID": "4180066601", "ROAD_NAME": "신항북로", "ROAD_RANK": "107", "LANES": 4, "MAX_SPD": 70, "LENGTH": 12.00083614052, "count": 4}, "geometry": {"type": "MultiLineString", "coordinates": [[[128.81285022358415, 35.086111261402664], [128.8127186697229, 35.08611086589848]]]}}, {"type": "Feature", "properties": {"LINK_ID": "4180076301", "ROAD_NAME": "신항동로", "ROAD_RANK": "107", "LANES": 3, "MAX_SPD": 30, "LENGTH": 12.000646642272, "count": 1}, "geometry": {"type": "MultiLineString", "coordinates": [[[128.8167990193994, 35.08884496123898], [128.81693057570234, 35.08884527517413]]]}}, {"type": "Feature", "properties": {"LINK_ID": "1410122301", "ROAD_NAME": "신항남로", "ROAD_RANK": "104", "LANES": 2, "MAX_SPD": 80, "LENGTH": 13.789014629299, "count": 2}, "geometry": {"type": "MultiLineString", "coordinates": [[[128.83459553510312, 35.09789364004269], [128.8346013420216, 35.09801779540208]]]}}, {"type": "Feature", "properties": {"LINK_ID": "1411101803", "ROAD_NAME": "신항남로", "ROAD_RANK": "104", "LANES": 3, "MAX_SPD": 60, "LENGTH": 484.806112905037, "count": 37}, "geometry": {"type": "MultiLineString", "coordinates": [[[128.81579408891892, 35.0626996667716], [128.81291784528048, 35.06220558631415], [128.8105934294769, 35.06180624406662]]]}}, {"type": "Feature", "properties": {"LINK_ID": "1410121200", "ROAD_NAME": "녹산산업중로", "ROAD_RANK": "104", "LANES": 2, "MAX_SPD": 50, "LENGTH": 8.229089419251, "count": 4}, "geometry": {"type": "MultiLineString", "coordinates": [[[128.8344489103707, 35.09352087398604], [128.83435869689083, 35.09352034280671]]]}}, {"type": "Feature", "properties": {"LINK_ID": "1410030902", "ROAD_NAME": "녹산산단178로", "ROAD_RANK": "104", "LANES": 2, "MAX_SPD": 60, "LENGTH": 12.258413481488, "count": 1}, "geometry": {"type": "MultiLineString", "coordinates": [[[128.83692759046696, 35.08563108321822], [128.83706196616654, 35.08563074398485]]]}}, {"type": "Feature", "properties": {"LINK_ID": "4180035600", "ROAD_NAME": "안골로318번길", "ROAD_RANK": "107", "LANES": 1, "MAX_SPD": 60, "LENGTH": 394.79865750418, "count": 1}, "geometry": {"type": "MultiLineString", "coordinates": [[[128.80700391660295, 35.09855294919082], [128.80859334725176, 35.099535217243435], [128.80873410909834, 35.09922868532805], [128.80856794272557, 35.09910406199444], [128.80831268878958, 35.09892579074293], [128.80806864107763, 35.098828171865776], [128.80778601332094, 35.09869970613276], [128.807610739847, 35.09857386905005], [128.8075165974451, 35.09844834670421], [128.8074254819901, 35.098300827330654], [128.80737268050373, 35.098165051280695]]]}}, {"type": "Feature", "properties": {"LINK_ID": "4180140100", "ROAD_NAME": "진해대로", "ROAD_RANK": "103", "LANES": 3, "MAX_SPD": 70, "LENGTH": 140.567003970919, "count": 7}, "geometry": {"type": "MultiLineString", "coordinates": [[[128.81554218739663, 35.10271390718463], [128.81704535990494, 35.10243420361188]]]}}, {"type": "Feature", "properties": {"LINK_ID": "4180034500", "ROAD_NAME": "신항북로", "ROAD_RANK": "107", "LANES": 3, "MAX_SPD": 80, "LENGTH": 437.209330484624, "count": 10}, "geometry": {"type": "MultiLineString", "coordinates": [[[128.79741922138248, 35.08628259451258], [128.79672422256462, 35.08651571021859], [128.7964422214465, 35.08667409082188], [128.79608114731232, 35.08685676584313], [128.79432119412255, 35.087808754115564], [128.79334084754942, 35.08833340964656]]]}}, {"type": "Feature", "properties": {"LINK_ID": "1410075301", "ROAD_NAME": "녹산산단17로14번길", "ROAD_RANK": "104", "LANES": 1, "MAX_SPD": 30, "LENGTH": 12.201849147201, "count": 1}, "geometry": {"type": "MultiLineString", "coordinates": [[[128.82760177610677, 35.09499617647137], [128.82769609428328, 35.09491820918508]]]}}, {"type": "Feature", "properties": {"LINK_ID": "1411101706", "ROAD_NAME": "신항남로", "ROAD_RANK": "104", "LANES": 3, "MAX_SPD": 60, "LENGTH": 376.540501622675, "count": 52}, "geometry": {"type": "MultiLineString", "coordinates": [[[128.81585619355994, 35.06245548245641], [128.81597666160977, 35.06247624049999], [128.81985247574087, 35.06311487052576], [128.81990137449185, 35.06312538542452]]]}}, {"type": "Feature", "properties": {"LINK_ID": "4180063900", "ROAD_NAME": "신항4로", "ROAD_RANK": "107", "LANES": 2, "MAX_SPD": 60, "LENGTH": 266.59528705732, "count": 1}, "geometry": {"type": "MultiLineString", "coordinates": [[[128.81236933806727, 35.084486463654926], [128.81312396909846, 35.084493429104505], [128.8141234982947, 35.08449414762914], [128.81503027874692, 35.08449479234783], [128.81529063648938, 35.084492863118044], [128.8152916728328, 35.08449286000998]]]}}, {"type": "Feature", "properties": {"LINK_ID": "1410087200", "ROAD_NAME": "녹산산업북로", "ROAD_RANK": "104", "LANES": 3, "MAX_SPD": 50, "LENGTH": 218.827793016156, "count": 2}, "geometry": {"type": "MultiLineString", "coordinates": [[[128.835600035279, 35.09791108757296], [128.83799917412549, 35.09791489737171]]]}}, {"type": "Feature", "properties": {"LINK_ID": "4180035100", "ROAD_NAME": "-", "ROAD_RANK": "107", "LANES": 1, "MAX_SPD": 50, "LENGTH": 105.590666224798, "count": 1}, "geometry": {"type": "MultiLineString", "coordinates": [[[128.82133334761866, 35.09914414722771], [128.8224349165418, 35.098851538254365]]]}}, {"type": "Feature", "properties": {"LINK_ID": "1410120001", "ROAD_NAME": "녹산산업대로", "ROAD_RANK": "104", "LANES": 3, "MAX_SPD": 70, "LENGTH": 12.04992230583, "count": 7}, "geometry": {"type": "MultiLineString", "coordinates": [[[128.8346026206518, 35.089013727148966], [128.83447052464768, 35.08901400606842]]]}}, {"type": "Feature", "properties": {"LINK_ID": "4180083400", "ROAD_NAME": "신항북로", "ROAD_RANK": "107", "LANES": 3, "MAX_SPD": 80, "LENGTH": 278.880181863123, "count": 73}, "geometry": {"type": "MultiLineString", "coordinates": [[[128.7825145415498, 35.093919532357475], [128.7826825956141, 35.093883104744485], [128.78283687976798, 35.09384686501493], [128.7829989062862, 35.093805039896466], [128.78316373156292, 35.09375745424744], [128.78333493848774, 35.093703735411594], [128.78350332589426, 35.09364779305532], [128.7836415111655, 35.093598853066716], [128.78378933888214, 35.09354216112189], [128.7839435552066, 35.093480111851065], [128.78409063322906, 35.09341796828155], [128.78424319410593, 35.09334900811109], [128.7843974326319, 35.09327472658417], [128.78456213046576, 35.09319174641207], [128.78470954054856, 35.09311736495348], [128.7848432610126, 35.09304501256688], [128.78521960552902, 35.09279492963356]]]}}, {"type": "Feature", "properties": {"LINK_ID": "1410040500", "ROAD_NAME": "가락대로", "ROAD_RANK": "105", "LANES": 3, "MAX_SPD": 60, "LENGTH": 112.096421030871, "count": 3}, "geometry": {"type": "MultiLineString", "coordinates": [[[128.8395147748611, 35.089019028987906], [128.8395111991387, 35.090029078209966]]]}}, {"type": "Feature", "properties": {"LINK_ID": "1410065400", "ROAD_NAME": "가락대로", "ROAD_RANK": "105", "LANES": 3, "MAX_SPD": 60, "LENGTH": 226.855114256292, "count": 3}, "geometry": {"type": "MultiLineString", "coordinates": [[[128.83950082111983, 35.093523034969564], [128.83949515303198, 35.095567123670556]]]}}, {"type": "Feature", "properties": {"LINK_ID": "4180087400", "ROAD_NAME": "안골로", "ROAD_RANK": "107", "LANES": 1, "MAX_SPD": 40, "LENGTH": 345.322448394988, "count": 1}, "geometry": {"type": "MultiLineString", "coordinates": [[[128.80052803216577, 35.09385230953234], [128.7997039878496, 35.09344899182102], [128.79892746229518, 35.09318337575967], [128.79855798717543, 35.09305699179258], [128.7980435278108, 35.092950264330845], [128.7979409873629, 35.09292899144649], [128.79768761646815, 35.09292999343172], [128.79743498734732, 35.092930991956116], [128.7973882981596, 35.09294252169064], [128.79701063524013, 35.09303578347773]]]}}, {"type": "Feature", "properties": {"LINK_ID": "1411061104", "ROAD_NAME": "진해대로", "ROAD_RANK": "103", "LANES": 3, "MAX_SPD": 70, "LENGTH": 355.264066108545, "count": 1}, "geometry": {"type": "MultiLineString", "coordinates": [[[128.83150709967668, 35.102471501960125], [128.83122498705373, 35.102497991345864], [128.83122398694042, 35.102497991136175], [128.8303639870092, 35.10257299161592], [128.83035898755276, 35.10257299141636], [128.83035398809625, 35.10257299121658], [128.83034898754354, 35.10257299103317], [128.82906298728167, 35.10244699128938], [128.82858198725623, 35.10239999092767], [128.82763262438567, 35.10235509257082]]]}}, {"type": "Feature", "properties": {"LINK_ID": "4180062300", "ROAD_NAME": "신항로", "ROAD_RANK": "107", "LANES": 3, "MAX_SPD": 60, "LENGTH": 266.734995256093, "count": 35}, "geometry": {"type": "MultiLineString", "coordinates": [[[128.81236174750123, 35.08311945901778], [128.81528562357792, 35.083119429604814]]]}}, {"type": "Feature", "properties": {"LINK_ID": "4180066701", "ROAD_NAME": "신항북로", "ROAD_RANK": "107", "LANES": 4, "MAX_SPD": 70, "LENGTH": 12.000456924337, "count": 3}, "geometry": {"type": "MultiLineString", "coordinates": [[[128.81822488726934, 35.0860019280925], [128.81835643687046, 35.08600223748689]]]}}, {"type": "Feature", "properties": {"LINK_ID": "4180091300", "ROAD_NAME": "용원동로", "ROAD_RANK": "107", "LANES": 1, "MAX_SPD": 50, "LENGTH": 95.299901317189, "count": 2}, "geometry": {"type": "MultiLineString", "coordinates": [[[128.81949819484964, 35.09462353928016], [128.81969906054113, 35.09512194584719], [128.8198267177091, 35.09543869709779]]]}}, {"type": "Feature", "properties": {"LINK_ID": "1410040301", "ROAD_NAME": "녹산산업대로", "ROAD_RANK": "104", "LANES": 3, "MAX_SPD": 70, "LENGTH": 10.946485150403, "count": 1}, "geometry": {"type": "MultiLineString", "coordinates": [[[128.84267014852955, 35.08890095449712], [128.84279014804736, 35.088901027435135]]]}}, {"type": "Feature", "properties": {"LINK_ID": "4180077700", "ROAD_NAME": "신항3로", "ROAD_RANK": "107", "LANES": 3, "MAX_SPD": 70, "LENGTH": 249.537945334245, "count": 12}, "geometry": {"type": "MultiLineString", "coordinates": [[[128.82437276270704, 35.08906409121892], [128.8243721094115, 35.08907065030453], [128.82433609522525, 35.08926656018391], [128.82428841255552, 35.08943510095182], [128.82423218694618, 35.089594517499656], [128.82415901643833, 35.08975682506759], [128.8240581110315, 35.089937834669506], [128.8239616852675, 35.09007557168875], [128.82383563678653, 35.09023084946355], [128.82370618206218, 35.09037046118677], [128.8235598138195, 35.090505676052835], [128.82301198525667, 35.090946953905544]]]}}, {"type": "Feature", "properties": {"LINK_ID": "4180094400", "ROAD_NAME": "용원남로27번길", "ROAD_RANK": "107", "LANES": 1, "MAX_SPD": 30, "LENGTH": 105.179150291768, "count": 1}, "geometry": {"type": "MultiLineString", "coordinates": [[[128.81721976776285, 35.09697785274234], [128.81730698734182, 35.09659899166783], [128.8173129874374, 35.09658199132444], [128.8173349879342, 35.0965599917693], [128.8173489868741, 35.0965539915757], [128.8179302248904, 35.09639650848114]]]}}, {"type": "Feature", "properties": {"LINK_ID": "4180147700", "ROAD_NAME": "용원북로11번길", "ROAD_RANK": "107", "LANES": 1, "MAX_SPD": 30, "LENGTH": 189.029237007182, "count": 1}, "geometry": {"type": "MultiLineString", "coordinates": [[[128.8116017316769, 35.10454468588295], [128.81125616872336, 35.10456713522716], [128.81124298778346, 35.104567991501376], [128.8108799871339, 35.10459099133505], [128.8108759876843, 35.104590991613044], [128.8108459874815, 35.10458299097632], [128.81082898665971, 35.104567991038216], [128.81072598761824, 35.10448599096711], [128.81069198689548, 35.10444299102363], [128.81066098781358, 35.10435399150837], [128.8106559868974, 35.10434699078751], [128.8106479878562, 35.10431699170969], [128.81065598763794, 35.10428699063393], [128.810677987572, 35.10426499226238], [128.8106809875865, 35.10426299180752], [128.81083398715595, 35.10415899126702], [128.8110709872113, 35.10404199161792], [128.81140120536864, 35.103901973304396]]]}}, {"type": "Feature", "properties": {"LINK_ID": "4180072500", "ROAD_NAME": "-", "ROAD_RANK": "107", "LANES": 3, "MAX_SPD": 70, "LENGTH": 86.991428899162, "count": 5}, "geometry": {"type": "MultiLineString", "coordinates": [[[128.81431928619796, 35.08805519665506], [128.8143192870107, 35.08883904719783]]]}}, {"type": "Feature", "properties": {"LINK_ID": "4180093501", "ROAD_NAME": "신항8로", "ROAD_RANK": "107", "LANES": 2, "MAX_SPD": 60, "LENGTH": 11.999981035305, "count": 1}, "geometry": {"type": "MultiLineString", "coordinates": [[[128.76980294745778, 35.09690340623444], [128.76993451211914, 35.09690355319049]]]}}, {"type": "Feature", "properties": {"LINK_ID": "1410736701", "ROAD_NAME": "만금로", "ROAD_RANK": "104", "LANES": 2, "MAX_SPD": 60, "LENGTH": 347.7877989757, "count": 34}, "geometry": {"type": "MultiLineString", "coordinates": [[[128.8225611311562, 35.099403405766644], [128.82253693624665, 35.09933625693272], [128.8224592518325, 35.09900158893281], [128.82242914516473, 35.098789504952755], [128.82244397759038, 35.09851322235998], [128.82250976998145, 35.098117332344195], [128.82260340953002, 35.09783733230354], [128.82270900437024, 35.09757650325442], [128.82279569878258, 35.09744551134427], [128.822878335923, 35.09735294323274], [128.8237248084529, 35.09662875053557]]]}}, {"type": "Feature", "properties": {"LINK_ID": "1410082001", "ROAD_NAME": "녹산산단165로", "ROAD_RANK": "104", "LANES": 1, "MAX_SPD": 60, "LENGTH": 13.320589980749, "count": 1}, "geometry": {"type": "MultiLineString", "coordinates": [[[128.835600035279, 35.09791108757296], [128.8356028277998, 35.09803109185583]]]}}, {"type": "Feature", "properties": {"LINK_ID": "4180070601", "ROAD_NAME": "신항4로", "ROAD_RANK": "107", "LANES": 1, "MAX_SPD": 30, "LENGTH": 12.000043250827, "count": 1}, "geometry": {"type": "MultiLineString", "coordinates": [[[128.8243852802838, 35.087010347245084], [128.82425373389952, 35.08701065844507]]]}}, {"type": "Feature", "properties": {"LINK_ID": "4180059800", "ROAD_NAME": "신항로", "ROAD_RANK": "107", "LANES": 4, "MAX_SPD": 60, "LENGTH": 423.279075110233, "count": 27}, "geometry": {"type": "MultiLineString", "coordinates": [[[128.76989061133395, 35.0831839176528], [128.76525067832335, 35.0831948815964]]]}}, {"type": "Feature", "properties": {"LINK_ID": "4180138903", "ROAD_NAME": "안골로", "ROAD_RANK": "107", "LANES": 2, "MAX_SPD": 50, "LENGTH": 62.873721165557, "count": 1}, "geometry": {"type": "MultiLineString", "coordinates": [[[128.81015442564208, 35.10306134541448], [128.80998428065632, 35.102512338433606]]]}}, {"type": "Feature", "properties": {"LINK_ID": "1410704601", "ROAD_NAME": "신항로", "ROAD_RANK": "104", "LANES": 3, "MAX_SPD": 30, "LENGTH": 12.00000418477, "count": 3}, "geometry": {"type": "MultiLineString", "coordinates": [[[128.82452543455466, 35.08313746048331], [128.82452448350094, 35.08324558534142]]]}}, {"type": "Feature", "properties": {"LINK_ID": "4180066401", "ROAD_NAME": "-", "ROAD_RANK": "107", "LANES": 2, "MAX_SPD": 60, "LENGTH": 12.080717378748, "count": 3}, "geometry": {"type": "MultiLineString", "coordinates": [[[128.79741922138248, 35.08628259451258], [128.79738366193783, 35.086177736106634]]]}}, {"type": "Feature", "properties": {"LINK_ID": "4180135601", "ROAD_NAME": "진해대로", "ROAD_RANK": "103", "LANES": 3, "MAX_SPD": 70, "LENGTH": 13.636328514656, "count": 1}, "geometry": {"type": "MultiLineString", "coordinates": [[[128.8235051660906, 35.1018767907628], [128.82365001375055, 35.10190724062848]]]}}, {"type": "Feature", "properties": {"LINK_ID": "1411060301", "ROAD_NAME": "신항2로", "ROAD_RANK": "107", "LANES": 2, "MAX_SPD": 30, "LENGTH": 12.000026122915, "count": 1}, "geometry": {"type": "MultiLineString", "coordinates": [[[128.83107369310557, 35.08715756692433], [128.8311691030738, 35.08708312769333]]]}}, {"type": "Feature", "properties": {"LINK_ID": "4180068101", "ROAD_NAME": "신항배후로", "ROAD_RANK": "107", "LANES": 4, "MAX_SPD": 80, "LENGTH": 12.000399776872, "count": 3}, "geometry": {"type": "MultiLineString", "coordinates": [[[128.76522146083465, 35.0912803628712], [128.7652208960544, 35.09138849534354]]]}}, {"type": "Feature", "properties": {"LINK_ID": "1411039501", "ROAD_NAME": "녹산산단46로", "ROAD_RANK": "104", "LANES": 1, "MAX_SPD": 60, "LENGTH": 12.125359583945, "count": 2}, "geometry": {"type": "MultiLineString", "coordinates": [[[128.82556231226596, 35.09531880737714], [128.82546926940168, 35.09524077346308]]]}}, {"type": "Feature", "properties": {"LINK_ID": "4180063600", "ROAD_NAME": "신항4로", "ROAD_RANK": "107", "LANES": 2, "MAX_SPD": 60, "LENGTH": 450.912282592168, "count": 3}, "geometry": {"type": "MultiLineString", "coordinates": [[[128.81223926246577, 35.08459458185511], [128.80992119983523, 35.084615823785235], [128.8093002053102, 35.08461418709369], [128.80839070672886, 35.08461173235868], [128.8077618880107, 35.084610030559], [128.80729671262822, 35.08459971991026]]]}}, {"type": "Feature", "properties": {"LINK_ID": "4180080800", "ROAD_NAME": "안골로", "ROAD_RANK": "107", "LANES": 1, "MAX_SPD": 30, "LENGTH": 49.08908368502, "count": 3}, "geometry": {"type": "MultiLineString", "coordinates": [[[128.78775331262165, 35.09111642285739], [128.78820208523416, 35.09087229769365]]]}}, {"type": "Feature", "properties": {"LINK_ID": "4180083900", "ROAD_NAME": "신항3로", "ROAD_RANK": "107", "LANES": 3, "MAX_SPD": 70, "LENGTH": 63.251509124864, "count": 3}, "geometry": {"type": "MultiLineString", "coordinates": [[[128.8229178794011, 35.0910225117911], [128.8224210810144, 35.091420118319874]]]}}, {"type": "Feature", "properties": {"LINK_ID": "4180069800", "ROAD_NAME": "신항4로", "ROAD_RANK": "107", "LANES": 1, "MAX_SPD": 30, "LENGTH": 75.73711307602, "count": 2}, "geometry": {"type": "MultiLineString", "coordinates": [[[128.81682768878392, 35.08700526130223], [128.8164849112679, 35.08700236728784], [128.81599748451023, 35.086998250352956]]]}}, {"type": "Feature", "properties": {"LINK_ID": "4180096100", "ROAD_NAME": "용원남로", "ROAD_RANK": "107", "LANES": 1, "MAX_SPD": 30, "LENGTH": 32.28624399081, "count": 1}, "geometry": {"type": "MultiLineString", "coordinates": [[[128.8184494210731, 35.09673885901607], [128.81879464811084, 35.09667459590394]]]}}, {"type": "Feature", "properties": {"LINK_ID": "1410120000", "ROAD_NAME": "녹산산업대로", "ROAD_RANK": "104", "LANES": 3, "MAX_SPD": 70, "LENGTH": 80.850451566872, "count": 15}, "geometry": {"type": "MultiLineString", "coordinates": [[[128.83548893422207, 35.08901584750964], [128.8346026206518, 35.089013727148966]]]}}, {"type": "Feature", "properties": {"LINK_ID": "4180072901", "ROAD_NAME": "신항4로", "ROAD_RANK": "107", "LANES": 1, "MAX_SPD": 30, "LENGTH": 12.000207091444, "count": 3}, "geometry": {"type": "MultiLineString", "coordinates": [[[128.8182272412012, 35.087983391531495], [128.8183587866896, 35.087984343334185]]]}}, {"type": "Feature", "properties": {"LINK_ID": "4180068900", "ROAD_NAME": "신항7로", "ROAD_RANK": "107", "LANES": 2, "MAX_SPD": 50, "LENGTH": 230.425432999057, "count": 3}, "geometry": {"type": "MultiLineString", "coordinates": [[[128.76998928432636, 35.086993997308], [128.76998380558672, 35.08786185260876], [128.769977341079, 35.08888572218042], [128.7699761758491, 35.08907028945741]]]}}, {"type": "Feature", "properties": {"LINK_ID": "4180073600", "ROAD_NAME": "신항4로", "ROAD_RANK": "107", "LANES": 1, "MAX_SPD": 30, "LENGTH": 269.291743203984, "count": 2}, "geometry": {"type": "MultiLineString", "coordinates": [[[128.82267244423642, 35.08810050602018], [128.8197203779888, 35.088095007688885]]]}}, {"type": "Feature", "properties": {"LINK_ID": "4180061701", "ROAD_NAME": "신항로", "ROAD_RANK": "107", "LANES": 3, "MAX_SPD": 60, "LENGTH": 12.000034223668, "count": 8}, "geometry": {"type": "MultiLineString", "coordinates": [[[128.8011407758381, 35.08310312040779], [128.80114052930003, 35.08321124911268]]]}}, {"type": "Feature", "properties": {"LINK_ID": "1410119800", "ROAD_NAME": "녹산산업북로", "ROAD_RANK": "104", "LANES": 2, "MAX_SPD": 50, "LENGTH": 80.394899543289, "count": 8}, "geometry": {"type": "MultiLineString", "coordinates": [[[128.83548263346654, 35.09803018531469], [128.8346013420216, 35.09801779540208]]]}}, {"type": "Feature", "properties": {"LINK_ID": "1410702402", "ROAD_NAME": "신항로", "ROAD_RANK": "104", "LANES": 3, "MAX_SPD": 60, "LENGTH": 276.076633212852, "count": 57}, "geometry": {"type": "MultiLineString", "coordinates": [[[128.82136684581573, 35.083133790157746], [128.82439311023774, 35.08313699632329]]]}}, {"type": "Feature", "properties": {"LINK_ID": "4180090702", "ROAD_NAME": "용원동로", "ROAD_RANK": "107", "LANES": 1, "MAX_SPD": 50, "LENGTH": 52.556057117323, "count": 1}, "geometry": {"type": "MultiLineString", "coordinates": [[[128.81928932341086, 35.09405699259975], [128.81945404009005, 35.09451079285583]]]}}, {"type": "Feature", "properties": {"LINK_ID": "1410034600", "ROAD_NAME": "녹산산단178로", "ROAD_RANK": "104", "LANES": 1, "MAX_SPD": 30, "LENGTH": 97.683779278863, "count": 1}, "geometry": {"type": "MultiLineString", "coordinates": [[[128.83701234980137, 35.08777704271381], [128.83808318353266, 35.087777942194975]]]}}, {"type": "Feature", "properties": {"LINK_ID": "1410063505", "ROAD_NAME": "녹산산업대로", "ROAD_RANK": "104", "LANES": 3, "MAX_SPD": 70, "LENGTH": 359.497705782739, "count": 2}, "geometry": {"type": "MultiLineString", "coordinates": [[[128.83010788301686, 35.09150182954285], [128.83098101039695, 35.090797926402], [128.83107369557428, 35.09072221963237], [128.83278046127393, 35.089299147598254], [128.83282950780955, 35.08926425638177], [128.83288221385882, 35.08922910523749], [128.8329006090874, 35.08921717566618]]]}}, {"type": "Feature", "properties": {"LINK_ID": "4180105500", "ROAD_NAME": "용원로", "ROAD_RANK": "107", "LANES": 2, "MAX_SPD": 60, "LENGTH": 54.506726306354, "count": 1}, "geometry": {"type": "MultiLineString", "coordinates": [[[128.8202562383747, 35.098341910095954], [128.8208393389066, 35.098234387931726]]]}}, {"type": "Feature", "properties": {"LINK_ID": "1411038801", "ROAD_NAME": "녹산산단46로", "ROAD_RANK": "104", "LANES": 1, "MAX_SPD": 60, "LENGTH": 11.999949386623, "count": 1}, "geometry": {"type": "MultiLineString", "coordinates": [[[128.83300607882717, 35.08915115849637], [128.83308448418734, 35.08923798126533]]]}}, {"type": "Feature", "properties": {"LINK_ID": "4180074902", "ROAD_NAME": "신항9로", "ROAD_RANK": "107", "LANES": 2, "MAX_SPD": 60, "LENGTH": 297.233103142747, "count": 10}, "geometry": {"type": "MultiLineString", "coordinates": [[[128.77750553482844, 35.08908993632203], [128.77762368909842, 35.08910441443532], [128.7779759638852, 35.08924254957351], [128.77829189915388, 35.0895623623275], [128.77878162111412, 35.090236441244826], [128.7788516080973, 35.09049944059416], [128.77883822223006, 35.090939598918624], [128.7788338115941, 35.09129228354745]]]}}, {"type": "Feature", "properties": {"LINK_ID": "4180080700", "ROAD_NAME": "안골로", "ROAD_RANK": "107", "LANES": 1, "MAX_SPD": 30, "LENGTH": 49.115716150609, "count": 13}, "geometry": {"type": "MultiLineString", "coordinates": [[[128.78828176995174, 35.09096650126159], [128.78783275402256, 35.09121075968199]]]}}, {"type": "Feature", "properties": {"LINK_ID": "1411101809", "ROAD_NAME": "신항남로", "ROAD_RANK": "104", "LANES": 3, "MAX_SPD": 60, "LENGTH": 484.806112905072, "count": 31}, "geometry": {"type": "MultiLineString", "coordinates": [[[128.8105934294769, 35.06180624406662], [128.80994170160628, 35.06169426631586], [128.80961942068427, 35.06163889164309], [128.80750272783652, 35.0612785264717], [128.80691521917132, 35.061226251587684], [128.80626393006634, 35.061208688512174], [128.80584009828303, 35.06119725730935], [128.80536280515946, 35.061179854577766], [128.80535097384958, 35.06117899613183]]]}}, {"type": "Feature", "properties": {"LINK_ID": "4180080200", "ROAD_NAME": "안골로", "ROAD_RANK": "107", "LANES": 1, "MAX_SPD": 30, "LENGTH": 166.40107347838, "count": 12}, "geometry": {"type": "MultiLineString", "coordinates": [[[128.78932431961022, 35.09219691476053], [128.789009756515, 35.09182567350203], [128.78876170393582, 35.091532923605406], [128.78828176995174, 35.09096650126159]]]}}, {"type": "Feature", "properties": {"LINK_ID": "4180092700", "ROAD_NAME": "안골로", "ROAD_RANK": "107", "LANES": 2, "MAX_SPD": 30, "LENGTH": 262.546192954443, "count": 2}, "geometry": {"type": "MultiLineString", "coordinates": [[[128.80229060891023, 35.09593391625476], [128.8045443932575, 35.097405487786205]]]}}, {"type": "Feature", "properties": {"LINK_ID": "1410702100", "ROAD_NAME": "신항4로", "ROAD_RANK": "104", "LANES": 2, "MAX_SPD": 30, "LENGTH": 276.118186798924, "count": 19}, "geometry": {"type": "MultiLineString", "coordinates": [[[128.82439968316, 35.08461863024158], [128.8233848156719, 35.08461515554603], [128.821372932483, 35.08460824214628]]]}}, {"type": "Feature", "properties": {"LINK_ID": "1410705900", "ROAD_NAME": "신항북로", "ROAD_RANK": "104", "LANES": 4, "MAX_SPD": 50, "LENGTH": 275.508747817953, "count": 3}, "geometry": {"type": "MultiLineString", "coordinates": [[[128.8332374716728, 35.08903991790719], [128.8327399040087, 35.08856348635984], [128.83267617968303, 35.08851085468117], [128.83126337923852, 35.087318338771325], [128.8311650674608, 35.08723535641844]]]}}, {"type": "Feature", "properties": {"LINK_ID": "1410063502", "ROAD_NAME": "녹산산업대로", "ROAD_RANK": "104", "LANES": 3, "MAX_SPD": 70, "LENGTH": 359.497705782733, "count": 10}, "geometry": {"type": "MultiLineString", "coordinates": [[[128.82729375639957, 35.093769685649136], [128.8278566648303, 35.09331585709189], [128.82795209243866, 35.09323928584562], [128.829330086249, 35.092128846047466], [128.82942595045742, 35.09205158154595], [128.83010788301686, 35.09150182954285]]]}}, {"type": "Feature", "properties": {"LINK_ID": "4180089900", "ROAD_NAME": "신항북로", "ROAD_RANK": "107", "LANES": 3, "MAX_SPD": 80, "LENGTH": 341.373445078017, "count": 52}, "geometry": {"type": "MultiLineString", "coordinates": [[[128.78254657268593, 35.09402440851296], [128.78235573921125, 35.09406378178819], [128.78215834585686, 35.094100000449544], [128.78197864309698, 35.094128093771246], [128.78181275291405, 35.094150341246554], [128.7816456684721, 35.094169158881044], [128.7815000287458, 35.09418325594633], [128.78133151739112, 35.09419420123116], [128.78119492969455, 35.094197935149445], [128.77882346503637, 35.0942176580295]]]}}, {"type": "Feature", "properties": {"LINK_ID": "4180062601", "ROAD_NAME": "-", "ROAD_RANK": "107", "LANES": 3, "MAX_SPD": 60, "LENGTH": 11.999931510369, "count": 2}, "geometry": {"type": "MultiLineString", "coordinates": [[[128.8122300569758, 35.083227500321534], [128.81223027844328, 35.083119372949675]]]}}, {"type": "Feature", "properties": {"LINK_ID": "4180083700", "ROAD_NAME": "신항동로", "ROAD_RANK": "107", "LANES": 3, "MAX_SPD": 50, "LENGTH": 212.912023517802, "count": 50}, "geometry": {"type": "MultiLineString", "coordinates": [[[128.82301198525667, 35.090946953905544], [128.82431189602642, 35.09205186869795], [128.8246408277066, 35.092320986634036]]]}}, {"type": "Feature", "properties": {"LINK_ID": "1411031102", "ROAD_NAME": "-", "ROAD_RANK": "104", "LANES": 1, "MAX_SPD": 30, "LENGTH": 12.000053947862, "count": 4}, "geometry": {"type": "MultiLineString", "coordinates": [[[128.83140156696624, 35.067327166764834], [128.83142783760567, 35.067221217845585]]]}}, {"type": "Feature", "properties": {"LINK_ID": "1410737000", "ROAD_NAME": "-", "ROAD_RANK": "104", "LANES": 2, "MAX_SPD": 80, "LENGTH": 388.167608678103, "count": 40}, "geometry": {"type": "MultiLineString", "coordinates": [[[128.82266950592975, 35.09906204416048], [128.82279424145705, 35.09919636663402], [128.8228952753523, 35.09936555218343], [128.82367403725615, 35.1012273059115], [128.82382976101235, 35.101659083926066], [128.82391125014132, 35.10200914121286], [128.82391104901325, 35.102212726297914], [128.82387586820303, 35.10237127788807]]]}}, {"type": "Feature", "properties": {"LINK_ID": "1410059201", "ROAD_NAME": "녹산산업중로168번길", "ROAD_RANK": "104", "LANES": 1, "MAX_SPD": 30, "LENGTH": 13.317678768637, "count": 1}, "geometry": {"type": "MultiLineString", "coordinates": [[[128.83813417849194, 35.093402035517734], [128.83813379974816, 35.09352203507997]]]}}, {"type": "Feature", "properties": {"LINK_ID": "4180071100", "ROAD_NAME": "신항4로", "ROAD_RANK": "107", "LANES": 1, "MAX_SPD": 30, "LENGTH": 108.95511748906, "count": 2}, "geometry": {"type": "MultiLineString", "coordinates": [[[128.81973552795475, 35.087005200028585], [128.8197206780244, 35.087986880278144]]]}}, {"type": "Feature", "properties": {"LINK_ID": "4180060000", "ROAD_NAME": "신항6로", "ROAD_RANK": "107", "LANES": 3, "MAX_SPD": 60, "LENGTH": 409.924706221575, "count": 23}, "geometry": {"type": "MultiLineString", "coordinates": [[[128.77441696474386, 35.08321269020167], [128.77440922413857, 35.083334641631865], [128.77441037906604, 35.08428897404913], [128.77439955239154, 35.086906258708176]]]}}, {"type": "Feature", "properties": {"LINK_ID": "1410087900", "ROAD_NAME": "가락대로", "ROAD_RANK": "105", "LANES": 3, "MAX_SPD": 60, "LENGTH": 164.533727820841, "count": 9}, "geometry": {"type": "MultiLineString", "coordinates": [[[128.83936317602544, 35.099519440760446], [128.83936779773728, 35.09803690377489]]]}}, {"type": "Feature", "properties": {"LINK_ID": "1410737800", "ROAD_NAME": "녹산산업중로", "ROAD_RANK": "104", "LANES": 2, "MAX_SPD": 50, "LENGTH": 123.618403082713, "count": 3}, "geometry": {"type": "MultiLineString", "coordinates": [[[128.82455244964694, 35.100283394358236], [128.82325385754487, 35.10060236824642]]]}}, {"type": "Feature", "properties": {"LINK_ID": "1410705902", "ROAD_NAME": "신항북로", "ROAD_RANK": "104", "LANES": 4, "MAX_SPD": 50, "LENGTH": 12.000389378829, "count": 2}, "geometry": {"type": "MultiLineString", "coordinates": [[[128.8311650674608, 35.08723535641844], [128.83107369310557, 35.08715756692433]]]}}, {"type": "Feature", "properties": {"LINK_ID": "4180059400", "ROAD_NAME": "신항로", "ROAD_RANK": "107", "LANES": 2, "MAX_SPD": 60, "LENGTH": 290.81654636216, "count": 172}, "geometry": {"type": "MultiLineString", "coordinates": [[[128.7744147298505, 35.08310457613809], [128.7776021631968, 35.08306001257276]]]}}, {"type": "Feature", "properties": {"LINK_ID": "1410122601", "ROAD_NAME": "신항남로", "ROAD_RANK": "104", "LANES": 2, "MAX_SPD": 80, "LENGTH": 13.117109959613, "count": 8}, "geometry": {"type": "MultiLineString", "coordinates": [[[128.83447052464768, 35.08901400606842], [128.83447680533263, 35.08889592589275]]]}}, {"type": "Feature", "properties": {"LINK_ID": "1410039500", "ROAD_NAME": "녹산산단153로", "ROAD_RANK": "104", "LANES": 1, "MAX_SPD": 30, "LENGTH": 347.294568906471, "count": 9}, "geometry": {"type": "MultiLineString", "coordinates": [[[128.83437478562783, 35.0890146126214], [128.83436419056864, 35.09214393070016]]]}}, {"type": "Feature", "properties": {"LINK_ID": "1410040400", "ROAD_NAME": "녹산산업대로", "ROAD_RANK": "104", "LANES": 3, "MAX_SPD": 70, "LENGTH": 287.811626373151, "count": 14}, "geometry": {"type": "MultiLineString", "coordinates": [[[128.84266988148846, 35.089020955940846], [128.8395147748611, 35.089019028987906]]]}}, {"type": "Feature", "properties": {"LINK_ID": "4180075500", "ROAD_NAME": "안골로108번길", "ROAD_RANK": "107", "LANES": 1, "MAX_SPD": 30, "LENGTH": 168.416409070522, "count": 2}, "geometry": {"type": "MultiLineString", "coordinates": [[[128.7880249669825, 35.08915497794468], [128.78916913899104, 35.09034600376274]]]}}, {"type": "Feature", "properties": {"LINK_ID": "1410031003", "ROAD_NAME": "-", "ROAD_RANK": "104", "LANES": 1, "MAX_SPD": 30, "LENGTH": 144.789560206066, "count": 1}, "geometry": {"type": "MultiLineString", "coordinates": [[[128.83820742977457, 35.086473449987814], [128.83820318214882, 35.08777808401399]]]}}, {"type": "Feature", "properties": {"LINK_ID": "4180069500", "ROAD_NAME": "신항6로", "ROAD_RANK": "107", "LANES": 3, "MAX_SPD": 60, "LENGTH": 227.49733566198, "count": 8}, "geometry": {"type": "MultiLineString", "coordinates": [[[128.77439991444024, 35.08701438880623], [128.77442223545617, 35.0890642389761]]]}}, {"type": "Feature", "properties": {"LINK_ID": "4180150400", "ROAD_NAME": "안청로", "ROAD_RANK": "107", "LANES": 2, "MAX_SPD": 60, "LENGTH": 133.604347932373, "count": 1}, "geometry": {"type": "MultiLineString", "coordinates": [[[128.8032314908393, 35.104343682972114], [128.80331698759406, 35.10551499217711], [128.80333342774264, 35.10554228217411]]]}}, {"type": "Feature", "properties": {"LINK_ID": "4180080000", "ROAD_NAME": "안골로", "ROAD_RANK": "107", "LANES": 1, "MAX_SPD": 30, "LENGTH": 44.342149324519, "count": 1}, "geometry": {"type": "MultiLineString", "coordinates": [[[128.78831006959737, 35.09081321649827], [128.78871365586866, 35.09059049337584]]]}}, {"type": "Feature", "properties": {"LINK_ID": "4180151400", "ROAD_NAME": "남영로", "ROAD_RANK": "107", "LANES": 1, "MAX_SPD": 60, "LENGTH": 421.751710802485, "count": 18}, "geometry": {"type": "MultiLineString", "coordinates": [[[128.76262780669109, 35.105111759227476], [128.7626783487265, 35.105143215769196], [128.76272000315714, 35.105164042817016], [128.7627580441055, 35.10517672218556], [128.7631362389971, 35.105225523215104], [128.76322922733664, 35.10523327367312], [128.76339372002874, 35.1052254406963], [128.7636597946677, 35.105177067667675], [128.7637345227106, 35.105155717138096], [128.76418739371042, 35.10488645485296], [128.7653007144552, 35.10412759221694], [128.7655966058013, 35.10396464366022], [128.76583004320105, 35.103886835231044], [128.7660256151066, 35.10383468524506], [128.76627610804175, 35.1038083206268], [128.76664646648865, 35.103833863498465], [128.7666814543386, 35.103837114103776]]]}}, {"type": "Feature", "properties": {"LINK_ID": "1410076100", "ROAD_NAME": "가락대로", "ROAD_RANK": "104", "LANES": 2, "MAX_SPD": 60, "LENGTH": 113.838685884638, "count": 1}, "geometry": {"type": "MultiLineString", "coordinates": [[[128.83937480570134, 35.09568685926385], [128.83812676168515, 35.09568412261176]]]}}, {"type": "Feature", "properties": {"LINK_ID": "4180064601", "ROAD_NAME": "안골로89번길", "ROAD_RANK": "107", "LANES": 1, "MAX_SPD": 40, "LENGTH": 12.00000042918, "count": 1}, "geometry": {"type": "MultiLineString", "coordinates": [[[128.78401587224226, 35.08550846419442], [128.78411198192958, 35.0854346348918]]]}}, {"type": "Feature", "properties": {"LINK_ID": "4180062801", "ROAD_NAME": "신항4로", "ROAD_RANK": "107", "LANES": 3, "MAX_SPD": 60, "LENGTH": 12.000081032251, "count": 5}, "geometry": {"type": "MultiLineString", "coordinates": [[[128.8182088615701, 35.08323831657711], [128.81820946646636, 35.083130189088614]]]}}, {"type": "Feature", "properties": {"LINK_ID": "4180129300", "ROAD_NAME": "용원중로37번길", "ROAD_RANK": "107", "LANES": 1, "MAX_SPD": 30, "LENGTH": 30.956857826258, "count": 1}, "geometry": {"type": "MultiLineString", "coordinates": [[[128.81576032458574, 35.10092798832584], [128.81542873612867, 35.10098754237556]]]}}, {"type": "Feature", "properties": {"LINK_ID": "4180069601", "ROAD_NAME": "신항6로", "ROAD_RANK": "107", "LANES": 3, "MAX_SPD": 60, "LENGTH": 12.000467567562, "count": 1}, "geometry": {"type": "MultiLineString", "coordinates": [[[128.7742683611027, 35.08701448868658], [128.77426800304443, 35.0869063552878]]]}}, {"type": "Feature", "properties": {"LINK_ID": "4180079300", "ROAD_NAME": "안골로", "ROAD_RANK": "107", "LANES": 1, "MAX_SPD": 30, "LENGTH": 26.8372828329, "count": 11}, "geometry": {"type": "MultiLineString", "coordinates": [[[128.78914333164377, 35.0904918196166], [128.7888988721419, 35.09062637763123]]]}}, {"type": "Feature", "properties": {"LINK_ID": "4180086400", "ROAD_NAME": "용원동로", "ROAD_RANK": "107", "LANES": 2, "MAX_SPD": 50, "LENGTH": 176.578554239471, "count": 2}, "geometry": {"type": "MultiLineString", "coordinates": [[[128.81895981716067, 35.0935522486718], [128.81891130394268, 35.093433825656064], [128.81868509918587, 35.09288164695286], [128.81856504772512, 35.09258859109258], [128.8185541219684, 35.092561920270875], [128.81845248762588, 35.09232474573267], [128.81844342491033, 35.09230359770552], [128.81837389775762, 35.09212393006845], [128.81834908677538, 35.092042736674195]]]}}, {"type": "Feature", "properties": {"LINK_ID": "4180064400", "ROAD_NAME": "안골로108번길", "ROAD_RANK": "107", "LANES": 2, "MAX_SPD": 50, "LENGTH": 158.943847127626, "count": 2}, "geometry": {"type": "MultiLineString", "coordinates": [[[128.78524081855556, 35.08667210326415], [128.78519977645917, 35.08663131147391], [128.78510374803304, 35.08652593810323], [128.7848840914881, 35.08634107050001], [128.7847595090338, 35.086202886530806], [128.7846553259428, 35.08609753009951], [128.78454188515062, 35.08599116800618], [128.78442294025413, 35.08587819074615], [128.78427014201324, 35.085744666318085], [128.78410412308912, 35.08558865984196]]]}}, {"type": "Feature", "properties": {"LINK_ID": "4180084601", "ROAD_NAME": "안골로", "ROAD_RANK": "107", "LANES": 1, "MAX_SPD": 30, "LENGTH": 12.503235186338, "count": 1}, "geometry": {"type": "MultiLineString", "coordinates": [[[128.79044694907472, 35.091559667437195], [128.79053417547854, 35.09147275915614]]]}}, {"type": "Feature", "properties": {"LINK_ID": "4180074200", "ROAD_NAME": "-", "ROAD_RANK": "107", "LANES": 1, "MAX_SPD": 30, "LENGTH": 230.775134288269, "count": 3}, "geometry": {"type": "MultiLineString", "coordinates": [[[128.82178332624832, 35.08992722110547], [128.8222923973482, 35.089515020112415], [128.82251252341376, 35.089258312739574], [128.8226248065565, 35.089036639034745], [128.8226664133448, 35.08870066980032], [128.82267244423642, 35.08810050602018]]]}}, {"type": "Feature", "properties": {"LINK_ID": "1411101701", "ROAD_NAME": "신항남로", "ROAD_RANK": "104", "LANES": 3, "MAX_SPD": 60, "LENGTH": 345.061654652281, "count": 48}, "geometry": {"type": "MultiLineString", "coordinates": [[[128.8025624899439, 35.06046716656972], [128.80501349312217, 35.06093565792795], [128.8053798471828, 35.060983248170146], [128.8055903936917, 35.06101059812084], [128.8062714288108, 35.06101275590162]]]}}, {"type": "Feature", "properties": {"LINK_ID": "1410095000", "ROAD_NAME": "가락대로", "ROAD_RANK": "105", "LANES": 3, "MAX_SPD": 60, "LENGTH": 229.276162396728, "count": 9}, "geometry": {"type": "MultiLineString", "coordinates": [[[128.83948282134816, 35.09963970114201], [128.83947705017926, 35.10170560276232]]]}}, {"type": "Feature", "properties": {"LINK_ID": "4180078900", "ROAD_NAME": "신항2로", "ROAD_RANK": "107", "LANES": 2, "MAX_SPD": 60, "LENGTH": 252.837567171915, "count": 1}, "geometry": {"type": "MultiLineString", "coordinates": [[[128.8183438376703, 35.09000365601605], [128.81851215190662, 35.089992276642725], [128.81946593516142, 35.08998644386664], [128.81963931517348, 35.089996423207694], [128.81977859419936, 35.09002646338834], [128.8199182434413, 35.09007251693843], [128.82004449345308, 35.090128647919585], [128.82014617615533, 35.090190825308454], [128.82079341300064, 35.09071722426751]]]}}, {"type": "Feature", "properties": {"LINK_ID": "1410087300", "ROAD_NAME": "녹산산업북로", "ROAD_RANK": "104", "LANES": 3, "MAX_SPD": 50, "LENGTH": 218.547192319164, "count": 9}, "geometry": {"type": "MultiLineString", "coordinates": [[[128.83799889376678, 35.09803489670606], [128.8356028277998, 35.09803109185583]]]}}, {"type": "Feature", "properties": {"LINK_ID": "4180094500", "ROAD_NAME": "용원동로", "ROAD_RANK": "107", "LANES": 1, "MAX_SPD": 50, "LENGTH": 101.9294468266, "count": 1}, "geometry": {"type": "MultiLineString", "coordinates": [[[128.82024767126367, 35.09650810318022], [128.82034929551915, 35.09675146788436], [128.82061043094748, 35.09737681452613]]]}}, {"type": "Feature", "properties": {"LINK_ID": "1410122800", "ROAD_NAME": "신항남로", "ROAD_RANK": "104", "LANES": 2, "MAX_SPD": 80, "LENGTH": 434.22781222253, "count": 126}, "geometry": {"type": "MultiLineString", "coordinates": [[[128.83492106573794, 35.101906834904625], [128.83475329897485, 35.10103665174221], [128.83467079689865, 35.10056664046775], [128.83452329343783, 35.09930911208381], [128.83447223547148, 35.098016421444726]]]}}, {"type": "Feature", "properties": {"LINK_ID": "4180082904", "ROAD_NAME": "신항8로", "ROAD_RANK": "107", "LANES": 2, "MAX_SPD": 60, "LENGTH": 259.480696963479, "count": 2}, "geometry": {"type": "MultiLineString", "coordinates": [[[128.78349395441919, 35.09341761070669], [128.78349983387182, 35.093535544276705], [128.7834831431517, 35.09575558706305]]]}}, {"type": "Feature", "properties": {"LINK_ID": "4180079701", "ROAD_NAME": "-", "ROAD_RANK": "107", "LANES": 1, "MAX_SPD": 60, "LENGTH": 11.999989813626, "count": 1}, "geometry": {"type": "MultiLineString", "coordinates": [[[128.82088625133093, 35.09079384550156], [128.8207923766205, 35.09086959569717]]]}}, {"type": "Feature", "properties": {"LINK_ID": "4180135600", "ROAD_NAME": "진해대로", "ROAD_RANK": "103", "LANES": 3, "MAX_SPD": 70, "LENGTH": 106.349316319639, "count": 6}, "geometry": {"type": "MultiLineString", "coordinates": [[[128.82237247290595, 35.10164946715388], [128.82276098806256, 35.10173199074302], [128.8235051660906, 35.1018767907628]]]}}, {"type": "Feature", "properties": {"LINK_ID": "1410704600", "ROAD_NAME": "신항로", "ROAD_RANK": "104", "LANES": 3, "MAX_SPD": 30, "LENGTH": 140.55930800797, "count": 25}, "geometry": {"type": "MultiLineString", "coordinates": [[[128.82452448350094, 35.08324558534142], [128.8245245348634, 35.08333310927718], [128.82453178487728, 35.08451209906334]]]}}, {"type": "Feature", "properties": {"LINK_ID": "1410098200", "ROAD_NAME": "낙동남로", "ROAD_RANK": "103", "LANES": 1, "MAX_SPD": 30, "LENGTH": 468.624613358266, "count": 8}, "geometry": {"type": "MultiLineString", "coordinates": [[[128.83947602995954, 35.1020468316337], [128.83967598753694, 35.10242199149261], [128.83985298722882, 35.10269899146081], [128.84000598727638, 35.10285499142714], [128.84022998665623, 35.103027991440236], [128.84150098724413, 35.10400399160128], [128.84249398719197, 35.104750991486256], [128.84279598802644, 35.104908991461436], [128.84296262697376, 35.10507742298323]]]}}, {"type": "Feature", "properties": {"LINK_ID": "1410122101", "ROAD_NAME": "녹산산업중로", "ROAD_RANK": "104", "LANES": 2, "MAX_SPD": 50, "LENGTH": 12.590913498964, "count": 9}, "geometry": {"type": "MultiLineString", "coordinates": [[[128.83458694466165, 35.09352112140356], [128.8344489103707, 35.09352087398604]]]}}, {"type": "Feature", "properties": {"LINK_ID": "1410122704", "ROAD_NAME": "신항남로", "ROAD_RANK": "104", "LANES": 3, "MAX_SPD": 60, "LENGTH": 11.976382796552, "count": 9}, "geometry": {"type": "MultiLineString", "coordinates": [[[128.83479956939635, 35.08314001484229], [128.83479946289725, 35.08324792923161]]]}}, {"type": "Feature", "properties": {"LINK_ID": "4180067601", "ROAD_NAME": "신항북로", "ROAD_RANK": "107", "LANES": 4, "MAX_SPD": 70, "LENGTH": 12.000369222091, "count": 8}, "geometry": {"type": "MultiLineString", "coordinates": [[[128.8183571730576, 35.086110372026596], [128.8182256242699, 35.086110055335254]]]}}, {"type": "Feature", "properties": {"LINK_ID": "4180062100", "ROAD_NAME": "신항5로", "ROAD_RANK": "107", "LANES": 3, "MAX_SPD": 60, "LENGTH": 141.062062590501, "count": 6}, "geometry": {"type": "MultiLineString", "coordinates": [[[128.8073059400824, 35.08322058557839], [128.80730930379255, 35.08333281044275], [128.8072979875833, 35.08449158126968]]]}}, {"type": "Feature", "properties": {"LINK_ID": "1410705302", "ROAD_NAME": "신항북로", "ROAD_RANK": "104", "LANES": 4, "MAX_SPD": 50, "LENGTH": 328.068117798648, "count": 35}, "geometry": {"type": "MultiLineString", "coordinates": [[[128.8279810078539, 35.08602210704067], [128.82853197131467, 35.086022564188426], [128.82879008151167, 35.08602886063831], [128.82905583057757, 35.086048917266474], [128.82930083106214, 35.086085490231], [128.82951205466014, 35.086133916034825], [128.8297004453827, 35.08618706869788], [128.82992738287328, 35.08626473798343], [128.8301897232194, 35.08636845543291], [128.8303797298224, 35.08646526894077], [128.83053629980392, 35.08656315031489], [128.83072064504987, 35.08669477160459], [128.8311691030738, 35.08708312769333]]]}}, {"type": "Feature", "properties": {"LINK_ID": "1410957319", "ROAD_NAME": "가덕해안로", "ROAD_RANK": "104", "LANES": 1, "MAX_SPD": 20, "LENGTH": 387.79779688063, "count": 2}, "geometry": {"type": "MultiLineString", "coordinates": [[[128.82406429820395, 35.06405692713115], [128.82403356429558, 35.063920328755025], [128.82390911279975, 35.06348889360921], [128.82369737086185, 35.06281629403681], [128.82368161722619, 35.062777435298095], [128.8234495883856, 35.06220509606969], [128.82326702240834, 35.06190487617019], [128.82279784666684, 35.061402780356595], [128.82249304270005, 35.06113455585223], [128.82225117450412, 35.06100555936437]]]}}, {"type": "Feature", "properties": {"LINK_ID": "4180068500", "ROAD_NAME": "신항3로", "ROAD_RANK": "107", "LANES": 3, "MAX_SPD": 60, "LENGTH": 86.041127983615, "count": 14}, "geometry": {"type": "MultiLineString", "coordinates": [[[128.82438456803223, 35.086127189067035], [128.82438505807943, 35.08690247398899]]]}}, {"type": "Feature", "properties": {"LINK_ID": "4180080300", "ROAD_NAME": "신항2로", "ROAD_RANK": "107", "LANES": 2, "MAX_SPD": 60, "LENGTH": 321.23976692946, "count": 9}, "geometry": {"type": "MultiLineString", "coordinates": [[[128.82725718919227, 35.09037996831094], [128.82658188732813, 35.09091990846112], [128.826487502119, 35.09099537367171], [128.82473282956863, 35.09239827539449]]]}}, {"type": "Feature", "properties": {"LINK_ID": "4180060805", "ROAD_NAME": "안골로108번길", "ROAD_RANK": "107", "LANES": 2, "MAX_SPD": 50, "LENGTH": 299.022645880119, "count": 32}, "geometry": {"type": "MultiLineString", "coordinates": [[[128.783584847705, 35.082917151624876], [128.7835107011166, 35.08301117428137], [128.78346422656458, 35.08311854011057], [128.7834657766538, 35.083332951291084], [128.7834730106553, 35.084375675419544], [128.78347424066294, 35.084482270929094], [128.783543527383, 35.08470029707583], [128.78358718206587, 35.08479934071744], [128.78368045865776, 35.08497136424117], [128.7838056105882, 35.08513863965819], [128.78391342351844, 35.08525939399485], [128.78401644117062, 35.08535060015906], [128.78411198192958, 35.0854346348918]]]}}, {"type": "Feature", "properties": {"LINK_ID": "4180083600", "ROAD_NAME": "신항2로", "ROAD_RANK": "107", "LANES": 2, "MAX_SPD": 60, "LENGTH": 135.468236390067, "count": 1}, "geometry": {"type": "MultiLineString", "coordinates": [[[128.82183279531202, 35.09174063916374], [128.8207923766205, 35.09086959569717]]]}}, {"type": "Feature", "properties": {"LINK_ID": "4180062102", "ROAD_NAME": "신항5로", "ROAD_RANK": "107", "LANES": 3, "MAX_SPD": 60, "LENGTH": 11.999941425498, "count": 3}, "geometry": {"type": "MultiLineString", "coordinates": [[[128.80730616805283, 35.08311245792876], [128.8073059400824, 35.08322058557839]]]}}, {"type": "Feature", "properties": {"LINK_ID": "1410705101", "ROAD_NAME": "신항로", "ROAD_RANK": "104", "LANES": 2, "MAX_SPD": 30, "LENGTH": 11.743060015695, "count": 1}, "geometry": {"type": "MultiLineString", "coordinates": [[[128.82452839522855, 35.084620190296626], [128.82439968316, 35.08461863024158]]]}}, {"type": "Feature", "properties": {"LINK_ID": "4180063001", "ROAD_NAME": "안골로108번길", "ROAD_RANK": "107", "LANES": 2, "MAX_SPD": 50, "LENGTH": 12.279607327702, "count": 2}, "geometry": {"type": "MultiLineString", "coordinates": [[[128.78708902403335, 35.08453182974156], [128.78711510348714, 35.08442327765545]]]}}, {"type": "Feature", "properties": {"LINK_ID": "4180058300", "ROAD_NAME": "신항남로", "ROAD_RANK": "107", "LANES": 2, "MAX_SPD": 80, "LENGTH": 339.603741223648, "count": 66}, "geometry": {"type": "MultiLineString", "coordinates": [[[128.8351684562523, 35.10232798718038], [128.83569251702517, 35.10368325976709], [128.8360645485908, 35.10463241748609], [128.8363570976351, 35.105226390180555]]]}}, {"type": "Feature", "properties": {"LINK_ID": "4180060400", "ROAD_NAME": "신항로", "ROAD_RANK": "107", "LANES": 3, "MAX_SPD": 60, "LENGTH": 408.744842248305, "count": 288}, "geometry": {"type": "MultiLineString", "coordinates": [[[128.78727966914164, 35.083064921981126], [128.78727994975858, 35.08306491964649], [128.7881329397082, 35.083077865568264], [128.79175026667957, 35.083103145748936], [128.79175998062172, 35.08310313988482]]]}}, {"type": "Feature", "properties": {"LINK_ID": "4180103100", "ROAD_NAME": "용원로90번길", "ROAD_RANK": "107", "LANES": 1, "MAX_SPD": 30, "LENGTH": 73.493714352904, "count": 1}, "geometry": {"type": "MultiLineString", "coordinates": [[[128.8188136894398, 35.09795140349249], [128.81899387507278, 35.09859685853393]]]}}, {"type": "Feature", "properties": {"LINK_ID": "1410705703", "ROAD_NAME": "신항로", "ROAD_RANK": "104", "LANES": 3, "MAX_SPD": 60, "LENGTH": 462.69441056833, "count": 82}, "geometry": {"type": "MultiLineString", "coordinates": [[[128.82959633060912, 35.08326521789285], [128.82644571102895, 35.08325698953401], [128.82452448350094, 35.08324558534142]]]}}, {"type": "Feature", "properties": {"LINK_ID": "4180073901", "ROAD_NAME": "신항4로", "ROAD_RANK": "107", "LANES": 1, "MAX_SPD": 30, "LENGTH": 12.000208389833, "count": 1}, "geometry": {"type": "MultiLineString", "coordinates": [[[128.82425715281755, 35.08798702973069], [128.82438870241108, 35.08798738623805]]]}}]}